# MagicaVoxel @ Ephtracy

# material
mtllib lavaj.mtl
usemtl palette

# normals
vn -1 0 0
vn 1 0 0
vn 0 0 1
vn 0 0 -1
vn 0 -1 0
vn 0 1 0

# texcoords
vt 0.146484 0.5
vt 0.208984 0.5
vt 0.373047 0.5
vt 0.427734 0.5
vt 0.494141 0.5

# verts
v -63 0 40
v -63 0 38
v -63 0 34
v -63 0 28
v -63 0 15
v -63 0 12
v -63 0 8
v -63 0 3
v -63 0 1
v -63 0 -1
v -63 0 -3
v -63 0 -8
v -63 0 -12
v -63 0 -15
v -63 0 -28
v -63 0 -34
v -63 0 -38
v -63 0 -40
v -63 1 40
v -63 1 38
v -63 1 34
v -63 1 28
v -63 1 15
v -63 1 12
v -63 1 8
v -63 1 3
v -63 1 1
v -63 1 -1
v -63 1 -3
v -63 1 -8
v -63 1 -12
v -63 1 -15
v -63 1 -28
v -63 1 -34
v -63 1 -38
v -63 1 -40
v 63 0 40
v 63 0 38
v 63 0 34
v 63 0 28
v 63 0 15
v 63 0 12
v 63 0 8
v 63 0 3
v 63 0 1
v 63 0 -1
v 63 0 -3
v 63 0 -8
v 63 0 -12
v 63 0 -15
v 63 0 -28
v 63 0 -34
v 63 0 -38
v 63 0 -40
v 63 1 40
v 63 1 38
v 63 1 34
v 63 1 28
v 63 1 15
v 63 1 12
v 63 1 8
v 63 1 3
v 63 1 1
v 63 1 -1
v 63 1 -3
v 63 1 -8
v 63 1 -12
v 63 1 -15
v 63 1 -28
v 63 1 -34
v 63 1 -38
v 63 1 -40
v -63 0 40
v -63 1 40
v -62 0 40
v -62 1 40
v -61 0 40
v -61 1 40
v -59 0 40
v -59 1 40
v -58 0 40
v -58 1 40
v -56 0 40
v -56 1 40
v -48 0 40
v -48 1 40
v -35 0 40
v -35 1 40
v -33 0 40
v -33 1 40
v -31 0 40
v -31 1 40
v -24 0 40
v -24 1 40
v -22 0 40
v -22 1 40
v -20 0 40
v -20 1 40
v -14 0 40
v -14 1 40
v -12 0 40
v -12 1 40
v -7 0 40
v -7 1 40
v -1 0 40
v -1 1 40
v 1 0 40
v 1 1 40
v 7 0 40
v 7 1 40
v 12 0 40
v 12 1 40
v 14 0 40
v 14 1 40
v 20 0 40
v 20 1 40
v 22 0 40
v 22 1 40
v 24 0 40
v 24 1 40
v 31 0 40
v 31 1 40
v 33 0 40
v 33 1 40
v 35 0 40
v 35 1 40
v 48 0 40
v 48 1 40
v 56 0 40
v 56 1 40
v 58 0 40
v 58 1 40
v 59 0 40
v 59 1 40
v 61 0 40
v 61 1 40
v 62 0 40
v 62 1 40
v 63 0 40
v 63 1 40
v -63 0 -40
v -63 1 -40
v -62 0 -40
v -62 1 -40
v -61 0 -40
v -61 1 -40
v -59 0 -40
v -59 1 -40
v -58 0 -40
v -58 1 -40
v -56 0 -40
v -56 1 -40
v -48 0 -40
v -48 1 -40
v -35 0 -40
v -35 1 -40
v -33 0 -40
v -33 1 -40
v -31 0 -40
v -31 1 -40
v -24 0 -40
v -24 1 -40
v -22 0 -40
v -22 1 -40
v -20 0 -40
v -20 1 -40
v -14 0 -40
v -14 1 -40
v -12 0 -40
v -12 1 -40
v -7 0 -40
v -7 1 -40
v -1 0 -40
v -1 1 -40
v 1 0 -40
v 1 1 -40
v 7 0 -40
v 7 1 -40
v 12 0 -40
v 12 1 -40
v 14 0 -40
v 14 1 -40
v 20 0 -40
v 20 1 -40
v 22 0 -40
v 22 1 -40
v 24 0 -40
v 24 1 -40
v 31 0 -40
v 31 1 -40
v 33 0 -40
v 33 1 -40
v 35 0 -40
v 35 1 -40
v 48 0 -40
v 48 1 -40
v 56 0 -40
v 56 1 -40
v 58 0 -40
v 58 1 -40
v 59 0 -40
v 59 1 -40
v 61 0 -40
v 61 1 -40
v 62 0 -40
v 62 1 -40
v 63 0 -40
v 63 1 -40
v -63 0 40
v -62 0 40
v -61 0 40
v -59 0 40
v -58 0 40
v -56 0 40
v -48 0 40
v -35 0 40
v -33 0 40
v -31 0 40
v -24 0 40
v -22 0 40
v -20 0 40
v -14 0 40
v -12 0 40
v -7 0 40
v -1 0 40
v 1 0 40
v 7 0 40
v 12 0 40
v 14 0 40
v 20 0 40
v 22 0 40
v 24 0 40
v 31 0 40
v 33 0 40
v 35 0 40
v 48 0 40
v 56 0 40
v 58 0 40
v 59 0 40
v 61 0 40
v 62 0 40
v 63 0 40
v -62 0 39
v -61 0 39
v -60 0 39
v -59 0 39
v -58 0 39
v -56 0 39
v -54 0 39
v -48 0 39
v -46 0 39
v -43 0 39
v -42 0 39
v -40 0 39
v -39 0 39
v -35 0 39
v -33 0 39
v -32 0 39
v -31 0 39
v -24 0 39
v -22 0 39
v -21 0 39
v -15 0 39
v -14 0 39
v -13 0 39
v -12 0 39
v -11 0 39
v -8 0 39
v -7 0 39
v -2 0 39
v -1 0 39
v 1 0 39
v 2 0 39
v 7 0 39
v 8 0 39
v 11 0 39
v 12 0 39
v 13 0 39
v 14 0 39
v 15 0 39
v 21 0 39
v 22 0 39
v 24 0 39
v 31 0 39
v 32 0 39
v 33 0 39
v 35 0 39
v 39 0 39
v 40 0 39
v 42 0 39
v 43 0 39
v 46 0 39
v 48 0 39
v 54 0 39
v 56 0 39
v 58 0 39
v 59 0 39
v 60 0 39
v 61 0 39
v 62 0 39
v -63 0 38
v -62 0 38
v -61 0 38
v -60 0 38
v -59 0 38
v -58 0 38
v -54 0 38
v -53 0 38
v -48 0 38
v -46 0 38
v -44 0 38
v -43 0 38
v -42 0 38
v -41 0 38
v -40 0 38
v -39 0 38
v -32 0 38
v -27 0 38
v -25 0 38
v -24 0 38
v -22 0 38
v -21 0 38
v -20 0 38
v -16 0 38
v -15 0 38
v -13 0 38
v -11 0 38
v -10 0 38
v -9 0 38
v -8 0 38
v -5 0 38
v -2 0 38
v 2 0 38
v 5 0 38
v 8 0 38
v 9 0 38
v 10 0 38
v 11 0 38
v 13 0 38
v 15 0 38
v 16 0 38
v 20 0 38
v 21 0 38
v 22 0 38
v 24 0 38
v 25 0 38
v 27 0 38
v 32 0 38
v 39 0 38
v 40 0 38
v 41 0 38
v 42 0 38
v 43 0 38
v 44 0 38
v 46 0 38
v 48 0 38
v 53 0 38
v 54 0 38
v 58 0 38
v 59 0 38
v 60 0 38
v 61 0 38
v 62 0 38
v 63 0 38
v -62 0 37
v -61 0 37
v -60 0 37
v -58 0 37
v -57 0 37
v -53 0 37
v -52 0 37
v -49 0 37
v -48 0 37
v -44 0 37
v -41 0 37
v -40 0 37
v -39 0 37
v -38 0 37
v -28 0 37
v -27 0 37
v -25 0 37
v -24 0 37
v -23 0 37
v -21 0 37
v -20 0 37
v -19 0 37
v -16 0 37
v -14 0 37
v -12 0 37
v -11 0 37
v -10 0 37
v -9 0 37
v -6 0 37
v -5 0 37
v 5 0 37
v 6 0 37
v 9 0 37
v 10 0 37
v 11 0 37
v 12 0 37
v 14 0 37
v 16 0 37
v 19 0 37
v 20 0 37
v 21 0 37
v 23 0 37
v 24 0 37
v 25 0 37
v 27 0 37
v 28 0 37
v 38 0 37
v 39 0 37
v 40 0 37
v 41 0 37
v 44 0 37
v 48 0 37
v 49 0 37
v 52 0 37
v 53 0 37
v 57 0 37
v 58 0 37
v 60 0 37
v 61 0 37
v 62 0 37
v -57 0 36
v -56 0 36
v -52 0 36
v -49 0 36
v -38 0 36
v -28 0 36
v -23 0 36
v -22 0 36
v -21 0 36
v -20 0 36
v -19 0 36
v -15 0 36
v -14 0 36
v -12 0 36
v -11 0 36
v -10 0 36
v -9 0 36
v -8 0 36
v -7 0 36
v -6 0 36
v 6 0 36
v 7 0 36
v 8 0 36
v 9 0 36
v 10 0 36
v 11 0 36
v 12 0 36
v 14 0 36
v 15 0 36
v 19 0 36
v 20 0 36
v 21 0 36
v 22 0 36
v 23 0 36
v 28 0 36
v 38 0 36
v 49 0 36
v 52 0 36
v 56 0 36
v 57 0 36
v -62 0 35
v -61 0 35
v -56 0 35
v -55 0 35
v -43 0 35
v -42 0 35
v -41 0 35
v -21 0 35
v -20 0 35
v -14 0 35
v -11 0 35
v -10 0 35
v -9 0 35
v -8 0 35
v -7 0 35
v -6 0 35
v 6 0 35
v 7 0 35
v 8 0 35
v 9 0 35
v 10 0 35
v 11 0 35
v 14 0 35
v 20 0 35
v 21 0 35
v 41 0 35
v 42 0 35
v 43 0 35
v 55 0 35
v 56 0 35
v 61 0 35
v 62 0 35
v -63 0 34
v -62 0 34
v -55 0 34
v -54 0 34
v -45 0 34
v -43 0 34
v -42 0 34
v -41 0 34
v -40 0 34
v -39 0 34
v -26 0 34
v -24 0 34
v -12 0 34
v -10 0 34
v -9 0 34
v -8 0 34
v -7 0 34
v -6 0 34
v 6 0 34
v 7 0 34
v 8 0 34
v 9 0 34
v 10 0 34
v 12 0 34
v 24 0 34
v 26 0 34
v 39 0 34
v 40 0 34
v 41 0 34
v 42 0 34
v 43 0 34
v 45 0 34
v 54 0 34
v 55 0 34
v 62 0 34
v 63 0 34
v -50 0 33
v -45 0 33
v -44 0 33
v -43 0 33
v -40 0 33
v -39 0 33
v -38 0 33
v -29 0 33
v -26 0 33
v -25 0 33
v -13 0 33
v -12 0 33
v -10 0 33
v -9 0 33
v -8 0 33
v -6 0 33
v -4 0 33
v 4 0 33
v 6 0 33
v 8 0 33
v 9 0 33
v 10 0 33
v 12 0 33
v 13 0 33
v 25 0 33
v 26 0 33
v 29 0 33
v 38 0 33
v 39 0 33
v 40 0 33
v 43 0 33
v 44 0 33
v 45 0 33
v 50 0 33
v -62 0 32
v -61 0 32
v -51 0 32
v -50 0 32
v -44 0 32
v -42 0 32
v -29 0 32
v -28 0 32
v -8 0 32
v -7 0 32
v -6 0 32
v -5 0 32
v -4 0 32
v 4 0 32
v 5 0 32
v 6 0 32
v 7 0 32
v 8 0 32
v 28 0 32
v 29 0 32
v 42 0 32
v 44 0 32
v 50 0 32
v 51 0 32
v 61 0 32
v 62 0 32
v -55 0 31
v -54 0 31
v -45 0 31
v -44 0 31
v -43 0 31
v -41 0 31
v -40 0 31
v -38 0 31
v -28 0 31
v -27 0 31
v -25 0 31
v -24 0 31
v -19 0 31
v -13 0 31
v -11 0 31
v -10 0 31
v -7 0 31
v -6 0 31
v -3 0 31
v 3 0 31
v 6 0 31
v 7 0 31
v 10 0 31
v 11 0 31
v 13 0 31
v 19 0 31
v 24 0 31
v 25 0 31
v 27 0 31
v 28 0 31
v 38 0 31
v 40 0 31
v 41 0 31
v 43 0 31
v 44 0 31
v 45 0 31
v 54 0 31
v 55 0 31
v -61 0 30
v -60 0 30
v -56 0 30
v -55 0 30
v -52 0 30
v -51 0 30
v -45 0 30
v -44 0 30
v -40 0 30
v -39 0 30
v -27 0 30
v -26 0 30
v -24 0 30
v -23 0 30
v -22 0 30
v -21 0 30
v -20 0 30
v -19 0 30
v -11 0 30
v -9 0 30
v -6 0 30
v -5 0 30
v -4 0 30
v -3 0 30
v 3 0 30
v 4 0 30
v 5 0 30
v 6 0 30
v 9 0 30
v 11 0 30
v 19 0 30
v 20 0 30
v 21 0 30
v 22 0 30
v 23 0 30
v 24 0 30
v 26 0 30
v 27 0 30
v 39 0 30
v 40 0 30
v 44 0 30
v 45 0 30
v 51 0 30
v 52 0 30
v 55 0 30
v 56 0 30
v 60 0 30
v 61 0 30
v -61 0 29
v -60 0 29
v -57 0 29
v -44 0 29
v -43 0 29
v -42 0 29
v -41 0 29
v -39 0 29
v -38 0 29
v -37 0 29
v -20 0 29
v -16 0 29
v -9 0 29
v -8 0 29
v 8 0 29
v 9 0 29
v 16 0 29
v 20 0 29
v 37 0 29
v 38 0 29
v 39 0 29
v 41 0 29
v 42 0 29
v 43 0 29
v 44 0 29
v 57 0 29
v 60 0 29
v 61 0 29
v -63 0 28
v -61 0 28
v -59 0 28
v -58 0 28
v -57 0 28
v -56 0 28
v -53 0 28
v -52 0 28
v -46 0 28
v -45 0 28
v -44 0 28
v -43 0 28
v -39 0 28
v -38 0 28
v -37 0 28
v -35 0 28
v -26 0 28
v -25 0 28
v -23 0 28
v -21 0 28
v -20 0 28
v -16 0 28
v -14 0 28
v -8 0 28
v -7 0 28
v -6 0 28
v -5 0 28
v -4 0 28
v 4 0 28
v 5 0 28
v 6 0 28
v 7 0 28
v 8 0 28
v 14 0 28
v 16 0 28
v 20 0 28
v 21 0 28
v 23 0 28
v 25 0 28
v 26 0 28
v 35 0 28
v 37 0 28
v 38 0 28
v 39 0 28
v 43 0 28
v 44 0 28
v 45 0 28
v 46 0 28
v 52 0 28
v 53 0 28
v 56 0 28
v 57 0 28
v 58 0 28
v 59 0 28
v 61 0 28
v 63 0 28
v -59 0 27
v -58 0 27
v -57 0 27
v -56 0 27
v -55 0 27
v -47 0 27
v -46 0 27
v -45 0 27
v -44 0 27
v -38 0 27
v -36 0 27
v -35 0 27
v -34 0 27
v -27 0 27
v -25 0 27
v -23 0 27
v -21 0 27
v -20 0 27
v -14 0 27
v -11 0 27
v -3 0 27
v 3 0 27
v 11 0 27
v 14 0 27
v 20 0 27
v 21 0 27
v 23 0 27
v 25 0 27
v 27 0 27
v 34 0 27
v 35 0 27
v 36 0 27
v 38 0 27
v 44 0 27
v 45 0 27
v 46 0 27
v 47 0 27
v 55 0 27
v 56 0 27
v 57 0 27
v 58 0 27
v 59 0 27
v -58 0 26
v -57 0 26
v -56 0 26
v -55 0 26
v -54 0 26
v -53 0 26
v -52 0 26
v -48 0 26
v -47 0 26
v -46 0 26
v -45 0 26
v -36 0 26
v -35 0 26
v -33 0 26
v -27 0 26
v -26 0 26
v -23 0 26
v -20 0 26
v -19 0 26
v -11 0 26
v -10 0 26
v -8 0 26
v -7 0 26
v -5 0 26
v -3 0 26
v 3 0 26
v 5 0 26
v 7 0 26
v 8 0 26
v 10 0 26
v 11 0 26
v 19 0 26
v 20 0 26
v 23 0 26
v 26 0 26
v 27 0 26
v 33 0 26
v 35 0 26
v 36 0 26
v 45 0 26
v 46 0 26
v 47 0 26
v 48 0 26
v 52 0 26
v 53 0 26
v 54 0 26
v 55 0 26
v 56 0 26
v 57 0 26
v 58 0 26
v -57 0 25
v -56 0 25
v -55 0 25
v -54 0 25
v -53 0 25
v -52 0 25
v -50 0 25
v -49 0 25
v -48 0 25
v -47 0 25
v -46 0 25
v -39 0 25
v -38 0 25
v -32 0 25
v -28 0 25
v -27 0 25
v -26 0 25
v -25 0 25
v -22 0 25
v -21 0 25
v -20 0 25
v -10 0 25
v -9 0 25
v -8 0 25
v -7 0 25
v -6 0 25
v -5 0 25
v 5 0 25
v 6 0 25
v 7 0 25
v 8 0 25
v 9 0 25
v 10 0 25
v 20 0 25
v 21 0 25
v 22 0 25
v 25 0 25
v 26 0 25
v 27 0 25
v 28 0 25
v 32 0 25
v 38 0 25
v 39 0 25
v 46 0 25
v 47 0 25
v 48 0 25
v 49 0 25
v 50 0 25
v 52 0 25
v 53 0 25
v 54 0 25
v 55 0 25
v 56 0 25
v 57 0 25
v -56 0 24
v -55 0 24
v -54 0 24
v -53 0 24
v -51 0 24
v -50 0 24
v -49 0 24
v -48 0 24
v -47 0 24
v -35 0 24
v -34 0 24
v -33 0 24
v -32 0 24
v -28 0 24
v -27 0 24
v -25 0 24
v -24 0 24
v -22 0 24
v -21 0 24
v -20 0 24
v -19 0 24
v -18 0 24
v -10 0 24
v -9 0 24
v -2 0 24
v 2 0 24
v 9 0 24
v 10 0 24
v 18 0 24
v 19 0 24
v 20 0 24
v 21 0 24
v 22 0 24
v 24 0 24
v 25 0 24
v 27 0 24
v 28 0 24
v 32 0 24
v 33 0 24
v 34 0 24
v 35 0 24
v 47 0 24
v 48 0 24
v 49 0 24
v 50 0 24
v 51 0 24
v 53 0 24
v 54 0 24
v 55 0 24
v 56 0 24
v -53 0 23
v -52 0 23
v -51 0 23
v -50 0 23
v -48 0 23
v -43 0 23
v -42 0 23
v -38 0 23
v -37 0 23
v -36 0 23
v -35 0 23
v -34 0 23
v -33 0 23
v -28 0 23
v -27 0 23
v -22 0 23
v -21 0 23
v -20 0 23
v -19 0 23
v -18 0 23
v -15 0 23
v -12 0 23
v -10 0 23
v -8 0 23
v -7 0 23
v -4 0 23
v -2 0 23
v 2 0 23
v 4 0 23
v 7 0 23
v 8 0 23
v 10 0 23
v 12 0 23
v 15 0 23
v 18 0 23
v 19 0 23
v 20 0 23
v 21 0 23
v 22 0 23
v 27 0 23
v 28 0 23
v 33 0 23
v 34 0 23
v 35 0 23
v 36 0 23
v 37 0 23
v 38 0 23
v 42 0 23
v 43 0 23
v 48 0 23
v 50 0 23
v 51 0 23
v 52 0 23
v 53 0 23
v -54 0 22
v -52 0 22
v -44 0 22
v -43 0 22
v -41 0 22
v -40 0 22
v -37 0 22
v -36 0 22
v -35 0 22
v -31 0 22
v -28 0 22
v -25 0 22
v -24 0 22
v -21 0 22
v -20 0 22
v -19 0 22
v -18 0 22
v -16 0 22
v -15 0 22
v -12 0 22
v -11 0 22
v -9 0 22
v -5 0 22
v -4 0 22
v 4 0 22
v 5 0 22
v 9 0 22
v 11 0 22
v 12 0 22
v 15 0 22
v 16 0 22
v 18 0 22
v 19 0 22
v 20 0 22
v 21 0 22
v 24 0 22
v 25 0 22
v 28 0 22
v 31 0 22
v 35 0 22
v 36 0 22
v 37 0 22
v 40 0 22
v 41 0 22
v 43 0 22
v 44 0 22
v 52 0 22
v 54 0 22
v -54 0 21
v -53 0 21
v -52 0 21
v -51 0 21
v -45 0 21
v -44 0 21
v -42 0 21
v -41 0 21
v -40 0 21
v -38 0 21
v -36 0 21
v -34 0 21
v -31 0 21
v -20 0 21
v -19 0 21
v -16 0 21
v -12 0 21
v -11 0 21
v -9 0 21
v -8 0 21
v -6 0 21
v -5 0 21
v 5 0 21
v 6 0 21
v 8 0 21
v 9 0 21
v 11 0 21
v 12 0 21
v 16 0 21
v 19 0 21
v 20 0 21
v 31 0 21
v 34 0 21
v 36 0 21
v 38 0 21
v 40 0 21
v 41 0 21
v 42 0 21
v 44 0 21
v 45 0 21
v 51 0 21
v 52 0 21
v 53 0 21
v 54 0 21
v -46 0 20
v -45 0 20
v -38 0 20
v -37 0 20
v -36 0 20
v -8 0 20
v -7 0 20
v -5 0 20
v -4 0 20
v 4 0 20
v 5 0 20
v 7 0 20
v 8 0 20
v 36 0 20
v 37 0 20
v 38 0 20
v 45 0 20
v 46 0 20
v -59 0 19
v -58 0 19
v -50 0 19
v -49 0 19
v -46 0 19
v -43 0 19
v -42 0 19
v -38 0 19
v -37 0 19
v -36 0 19
v -35 0 19
v -7 0 19
v -6 0 19
v -5 0 19
v -4 0 19
v 4 0 19
v 5 0 19
v 6 0 19
v 7 0 19
v 35 0 19
v 36 0 19
v 37 0 19
v 38 0 19
v 42 0 19
v 43 0 19
v 46 0 19
v 49 0 19
v 50 0 19
v 58 0 19
v 59 0 19
v -60 0 18
v -59 0 18
v -51 0 18
v -50 0 18
v -44 0 18
v -43 0 18
v -39 0 18
v -38 0 18
v -37 0 18
v -36 0 18
v -33 0 18
v -29 0 18
v -25 0 18
v -24 0 18
v -20 0 18
v -19 0 18
v -18 0 18
v -10 0 18
v -9 0 18
v -6 0 18
v -5 0 18
v -4 0 18
v -3 0 18
v -2 0 18
v 2 0 18
v 3 0 18
v 4 0 18
v 5 0 18
v 6 0 18
v 9 0 18
v 10 0 18
v 18 0 18
v 19 0 18
v 20 0 18
v 24 0 18
v 25 0 18
v 29 0 18
v 33 0 18
v 36 0 18
v 37 0 18
v 38 0 18
v 39 0 18
v 43 0 18
v 44 0 18
v 50 0 18
v 51 0 18
v 59 0 18
v 60 0 18
v -53 0 17
v -51 0 17
v -46 0 17
v -44 0 17
v -40 0 17
v -39 0 17
v -38 0 17
v -36 0 17
v -35 0 17
v -34 0 17
v -33 0 17
v -29 0 17
v -28 0 17
v -19 0 17
v -18 0 17
v -8 0 17
v -7 0 17
v -5 0 17
v -4 0 17
v -3 0 17
v -2 0 17
v 2 0 17
v 3 0 17
v 4 0 17
v 5 0 17
v 7 0 17
v 8 0 17
v 18 0 17
v 19 0 17
v 28 0 17
v 29 0 17
v 33 0 17
v 34 0 17
v 35 0 17
v 36 0 17
v 38 0 17
v 39 0 17
v 40 0 17
v 44 0 17
v 46 0 17
v 51 0 17
v 53 0 17
v -61 0 16
v -60 0 16
v -49 0 16
v -47 0 16
v -46 0 16
v -41 0 16
v -40 0 16
v -39 0 16
v -28 0 16
v -27 0 16
v -24 0 16
v -23 0 16
v -21 0 16
v -20 0 16
v -11 0 16
v -10 0 16
v -4 0 16
v -3 0 16
v -2 0 16
v -1 0 16
v 1 0 16
v 2 0 16
v 3 0 16
v 4 0 16
v 10 0 16
v 11 0 16
v 20 0 16
v 21 0 16
v 23 0 16
v 24 0 16
v 27 0 16
v 28 0 16
v 39 0 16
v 40 0 16
v 41 0 16
v 46 0 16
v 47 0 16
v 49 0 16
v 60 0 16
v 61 0 16
v -63 0 15
v -61 0 15
v -52 0 15
v -50 0 15
v -47 0 15
v -46 0 15
v -41 0 15
v -40 0 15
v -37 0 15
v -36 0 15
v -27 0 15
v -26 0 15
v -23 0 15
v -22 0 15
v -21 0 15
v -20 0 15
v -19 0 15
v -18 0 15
v -13 0 15
v -11 0 15
v -9 0 15
v -8 0 15
v -3 0 15
v -2 0 15
v -1 0 15
v 1 0 15
v 2 0 15
v 3 0 15
v 8 0 15
v 9 0 15
v 11 0 15
v 13 0 15
v 18 0 15
v 19 0 15
v 20 0 15
v 21 0 15
v 22 0 15
v 23 0 15
v 26 0 15
v 27 0 15
v 36 0 15
v 37 0 15
v 40 0 15
v 41 0 15
v 46 0 15
v 47 0 15
v 50 0 15
v 52 0 15
v 61 0 15
v 63 0 15
v -58 0 14
v -57 0 14
v -50 0 14
v -49 0 14
v -47 0 14
v -46 0 14
v -45 0 14
v -44 0 14
v -41 0 14
v -40 0 14
v -38 0 14
v -37 0 14
v -36 0 14
v -35 0 14
v -26 0 14
v -24 0 14
v -23 0 14
v -22 0 14
v -21 0 14
v -20 0 14
v -18 0 14
v -13 0 14
v -2 0 14
v 2 0 14
v 13 0 14
v 18 0 14
v 20 0 14
v 21 0 14
v 22 0 14
v 23 0 14
v 24 0 14
v 26 0 14
v 35 0 14
v 36 0 14
v 37 0 14
v 38 0 14
v 40 0 14
v 41 0 14
v 44 0 14
v 45 0 14
v 46 0 14
v 47 0 14
v 49 0 14
v 50 0 14
v 57 0 14
v 58 0 14
v -61 0 13
v -58 0 13
v -57 0 13
v -56 0 13
v -52 0 13
v -51 0 13
v -50 0 13
v -48 0 13
v -47 0 13
v -45 0 13
v -44 0 13
v -40 0 13
v -38 0 13
v -36 0 13
v -35 0 13
v -34 0 13
v -27 0 13
v -24 0 13
v -23 0 13
v -22 0 13
v -21 0 13
v -1 0 13
v 1 0 13
v 21 0 13
v 22 0 13
v 23 0 13
v 24 0 13
v 27 0 13
v 34 0 13
v 35 0 13
v 36 0 13
v 38 0 13
v 40 0 13
v 44 0 13
v 45 0 13
v 47 0 13
v 48 0 13
v 50 0 13
v 51 0 13
v 52 0 13
v 56 0 13
v 57 0 13
v 58 0 13
v 61 0 13
v -63 0 12
v -61 0 12
v -56 0 12
v -55 0 12
v -34 0 12
v -31 0 12
v -27 0 12
v -25 0 12
v -24 0 12
v -23 0 12
v -22 0 12
v -9 0 12
v -7 0 12
v -2 0 12
v -1 0 12
v 1 0 12
v 2 0 12
v 7 0 12
v 9 0 12
v 22 0 12
v 23 0 12
v 24 0 12
v 25 0 12
v 27 0 12
v 31 0 12
v 34 0 12
v 55 0 12
v 56 0 12
v 61 0 12
v 63 0 12
v -55 0 11
v -53 0 11
v -51 0 11
v -50 0 11
v -49 0 11
v -48 0 11
v -38 0 11
v -37 0 11
v -33 0 11
v -31 0 11
v -30 0 11
v -25 0 11
v -24 0 11
v -23 0 11
v -21 0 11
v -20 0 11
v -16 0 11
v -12 0 11
v -11 0 11
v -4 0 11
v -3 0 11
v 3 0 11
v 4 0 11
v 11 0 11
v 12 0 11
v 16 0 11
v 20 0 11
v 21 0 11
v 23 0 11
v 24 0 11
v 25 0 11
v 30 0 11
v 31 0 11
v 33 0 11
v 37 0 11
v 38 0 11
v 48 0 11
v 49 0 11
v 50 0 11
v 51 0 11
v 53 0 11
v 55 0 11
v -57 0 10
v -53 0 10
v -50 0 10
v -49 0 10
v -48 0 10
v -46 0 10
v -38 0 10
v -36 0 10
v -34 0 10
v -33 0 10
v -30 0 10
v -28 0 10
v -25 0 10
v -24 0 10
v -23 0 10
v -22 0 10
v -20 0 10
v -19 0 10
v -13 0 10
v -12 0 10
v -7 0 10
v -6 0 10
v -3 0 10
v -2 0 10
v 2 0 10
v 3 0 10
v 6 0 10
v 7 0 10
v 12 0 10
v 13 0 10
v 19 0 10
v 20 0 10
v 22 0 10
v 23 0 10
v 24 0 10
v 25 0 10
v 28 0 10
v 30 0 10
v 33 0 10
v 34 0 10
v 36 0 10
v 38 0 10
v 46 0 10
v 48 0 10
v 49 0 10
v 50 0 10
v 53 0 10
v 57 0 10
v -60 0 9
v -59 0 9
v -57 0 9
v -56 0 9
v -55 0 9
v -53 0 9
v -52 0 9
v -51 0 9
v -50 0 9
v -46 0 9
v -42 0 9
v -35 0 9
v -34 0 9
v -33 0 9
v -19 0 9
v -18 0 9
v -14 0 9
v -13 0 9
v -11 0 9
v -10 0 9
v -6 0 9
v -4 0 9
v 4 0 9
v 6 0 9
v 10 0 9
v 11 0 9
v 13 0 9
v 14 0 9
v 18 0 9
v 19 0 9
v 33 0 9
v 34 0 9
v 35 0 9
v 42 0 9
v 46 0 9
v 50 0 9
v 51 0 9
v 52 0 9
v 53 0 9
v 55 0 9
v 56 0 9
v 57 0 9
v 59 0 9
v 60 0 9
v -63 0 8
v -62 0 8
v -60 0 8
v -59 0 8
v -58 0 8
v -56 0 8
v -55 0 8
v -54 0 8
v -53 0 8
v -52 0 8
v -51 0 8
v -42 0 8
v -40 0 8
v -36 0 8
v -35 0 8
v -33 0 8
v -32 0 8
v -22 0 8
v -21 0 8
v -20 0 8
v -18 0 8
v -17 0 8
v -16 0 8
v -10 0 8
v -8 0 8
v -7 0 8
v -6 0 8
v -5 0 8
v -3 0 8
v 3 0 8
v 5 0 8
v 6 0 8
v 7 0 8
v 8 0 8
v 10 0 8
v 16 0 8
v 17 0 8
v 18 0 8
v 20 0 8
v 21 0 8
v 22 0 8
v 32 0 8
v 33 0 8
v 35 0 8
v 36 0 8
v 40 0 8
v 42 0 8
v 51 0 8
v 52 0 8
v 53 0 8
v 54 0 8
v 55 0 8
v 56 0 8
v 58 0 8
v 59 0 8
v 60 0 8
v 62 0 8
v 63 0 8
v -61 0 7
v -60 0 7
v -58 0 7
v -52 0 7
v -51 0 7
v -50 0 7
v -49 0 7
v -48 0 7
v -46 0 7
v -43 0 7
v -40 0 7
v -38 0 7
v -37 0 7
v -36 0 7
v -34 0 7
v -33 0 7
v -32 0 7
v -31 0 7
v -28 0 7
v -27 0 7
v -23 0 7
v -22 0 7
v -18 0 7
v -17 0 7
v -16 0 7
v -14 0 7
v -8 0 7
v -7 0 7
v -6 0 7
v -5 0 7
v 5 0 7
v 6 0 7
v 7 0 7
v 8 0 7
v 14 0 7
v 16 0 7
v 17 0 7
v 18 0 7
v 22 0 7
v 23 0 7
v 27 0 7
v 28 0 7
v 31 0 7
v 32 0 7
v 33 0 7
v 34 0 7
v 36 0 7
v 37 0 7
v 38 0 7
v 40 0 7
v 43 0 7
v 46 0 7
v 48 0 7
v 49 0 7
v 50 0 7
v 51 0 7
v 52 0 7
v 58 0 7
v 60 0 7
v 61 0 7
v -50 0 6
v -49 0 6
v -48 0 6
v -47 0 6
v -46 0 6
v -43 0 6
v -41 0 6
v -37 0 6
v -36 0 6
v -31 0 6
v -30 0 6
v -27 0 6
v -25 0 6
v -21 0 6
v -20 0 6
v -18 0 6
v -17 0 6
v -16 0 6
v -15 0 6
v -14 0 6
v -9 0 6
v -8 0 6
v -7 0 6
v -6 0 6
v 6 0 6
v 7 0 6
v 8 0 6
v 9 0 6
v 14 0 6
v 15 0 6
v 16 0 6
v 17 0 6
v 18 0 6
v 20 0 6
v 21 0 6
v 25 0 6
v 27 0 6
v 30 0 6
v 31 0 6
v 36 0 6
v 37 0 6
v 41 0 6
v 43 0 6
v 46 0 6
v 47 0 6
v 48 0 6
v 49 0 6
v 50 0 6
v -61 0 5
v -60 0 5
v -51 0 5
v -50 0 5
v -41 0 5
v -40 0 5
v -30 0 5
v -29 0 5
v -24 0 5
v -23 0 5
v -21 0 5
v -20 0 5
v -19 0 5
v -18 0 5
v -17 0 5
v -16 0 5
v -15 0 5
v -13 0 5
v -10 0 5
v -9 0 5
v -8 0 5
v -7 0 5
v -6 0 5
v -3 0 5
v 3 0 5
v 6 0 5
v 7 0 5
v 8 0 5
v 9 0 5
v 10 0 5
v 13 0 5
v 15 0 5
v 16 0 5
v 17 0 5
v 18 0 5
v 19 0 5
v 20 0 5
v 21 0 5
v 23 0 5
v 24 0 5
v 29 0 5
v 30 0 5
v 40 0 5
v 41 0 5
v 50 0 5
v 51 0 5
v 60 0 5
v 61 0 5
v -50 0 4
v -49 0 4
v -47 0 4
v -46 0 4
v -40 0 4
v -39 0 4
v -29 0 4
v -28 0 4
v -22 0 4
v -21 0 4
v -20 0 4
v -19 0 4
v -18 0 4
v -13 0 4
v -12 0 4
v -11 0 4
v -10 0 4
v -9 0 4
v -4 0 4
v -3 0 4
v -1 0 4
v 1 0 4
v 3 0 4
v 4 0 4
v 9 0 4
v 10 0 4
v 11 0 4
v 12 0 4
v 13 0 4
v 18 0 4
v 19 0 4
v 20 0 4
v 21 0 4
v 22 0 4
v 28 0 4
v 29 0 4
v 39 0 4
v 40 0 4
v 46 0 4
v 47 0 4
v 49 0 4
v 50 0 4
v -63 0 3
v -62 0 3
v -54 0 3
v -53 0 3
v -51 0 3
v -50 0 3
v -48 0 3
v -46 0 3
v -45 0 3
v -39 0 3
v -38 0 3
v -37 0 3
v -36 0 3
v -34 0 3
v -33 0 3
v -28 0 3
v -27 0 3
v -22 0 3
v -21 0 3
v -20 0 3
v -19 0 3
v -15 0 3
v -14 0 3
v -5 0 3
v -4 0 3
v -2 0 3
v -1 0 3
v 1 0 3
v 2 0 3
v 4 0 3
v 5 0 3
v 14 0 3
v 15 0 3
v 19 0 3
v 20 0 3
v 21 0 3
v 22 0 3
v 27 0 3
v 28 0 3
v 33 0 3
v 34 0 3
v 36 0 3
v 37 0 3
v 38 0 3
v 39 0 3
v 45 0 3
v 46 0 3
v 48 0 3
v 50 0 3
v 51 0 3
v 53 0 3
v 54 0 3
v 62 0 3
v 63 0 3
v -62 0 2
v -61 0 2
v -54 0 2
v -48 0 2
v -47 0 2
v -45 0 2
v -43 0 2
v -42 0 2
v -41 0 2
v -39 0 2
v -37 0 2
v -36 0 2
v -34 0 2
v -29 0 2
v -27 0 2
v -24 0 2
v -23 0 2
v -22 0 2
v -21 0 2
v -20 0 2
v -14 0 2
v -12 0 2
v -11 0 2
v -10 0 2
v -9 0 2
v -8 0 2
v -7 0 2
v -5 0 2
v 5 0 2
v 7 0 2
v 8 0 2
v 9 0 2
v 10 0 2
v 11 0 2
v 12 0 2
v 14 0 2
v 20 0 2
v 21 0 2
v 22 0 2
v 23 0 2
v 24 0 2
v 27 0 2
v 29 0 2
v 34 0 2
v 36 0 2
v 37 0 2
v 39 0 2
v 41 0 2
v 42 0 2
v 43 0 2
v 45 0 2
v 47 0 2
v 48 0 2
v 54 0 2
v 61 0 2
v 62 0 2
v -63 0 1
v -62 0 1
v -61 0 1
v -54 0 1
v -53 0 1
v -52 0 1
v -51 0 1
v -46 0 1
v -44 0 1
v -42 0 1
v -41 0 1
v -39 0 1
v -37 0 1
v -34 0 1
v -33 0 1
v -29 0 1
v -25 0 1
v -24 0 1
v -23 0 1
v -22 0 1
v -21 0 1
v -17 0 1
v -16 0 1
v -9 0 1
v -7 0 1
v -3 0 1
v -2 0 1
v 2 0 1
v 3 0 1
v 7 0 1
v 9 0 1
v 16 0 1
v 17 0 1
v 21 0 1
v 22 0 1
v 23 0 1
v 24 0 1
v 25 0 1
v 29 0 1
v 33 0 1
v 34 0 1
v 37 0 1
v 39 0 1
v 41 0 1
v 42 0 1
v 44 0 1
v 46 0 1
v 51 0 1
v 52 0 1
v 53 0 1
v 54 0 1
v 61 0 1
v 62 0 1
v 63 0 1
v -63 0 -1
v -62 0 -1
v -61 0 -1
v -54 0 -1
v -53 0 -1
v -52 0 -1
v -51 0 -1
v -46 0 -1
v -44 0 -1
v -42 0 -1
v -41 0 -1
v -39 0 -1
v -37 0 -1
v -34 0 -1
v -33 0 -1
v -29 0 -1
v -25 0 -1
v -24 0 -1
v -23 0 -1
v -22 0 -1
v -21 0 -1
v -17 0 -1
v -16 0 -1
v -9 0 -1
v -7 0 -1
v -3 0 -1
v -2 0 -1
v 2 0 -1
v 3 0 -1
v 7 0 -1
v 9 0 -1
v 16 0 -1
v 17 0 -1
v 21 0 -1
v 22 0 -1
v 23 0 -1
v 24 0 -1
v 25 0 -1
v 29 0 -1
v 33 0 -1
v 34 0 -1
v 37 0 -1
v 39 0 -1
v 41 0 -1
v 42 0 -1
v 44 0 -1
v 46 0 -1
v 51 0 -1
v 52 0 -1
v 53 0 -1
v 54 0 -1
v 61 0 -1
v 62 0 -1
v 63 0 -1
v -62 0 -2
v -61 0 -2
v -54 0 -2
v -48 0 -2
v -47 0 -2
v -45 0 -2
v -43 0 -2
v -42 0 -2
v -41 0 -2
v -39 0 -2
v -37 0 -2
v -36 0 -2
v -34 0 -2
v -29 0 -2
v -27 0 -2
v -24 0 -2
v -23 0 -2
v -22 0 -2
v -21 0 -2
v -20 0 -2
v -14 0 -2
v -12 0 -2
v -11 0 -2
v -10 0 -2
v -9 0 -2
v -8 0 -2
v -7 0 -2
v -5 0 -2
v 5 0 -2
v 7 0 -2
v 8 0 -2
v 9 0 -2
v 10 0 -2
v 11 0 -2
v 12 0 -2
v 14 0 -2
v 20 0 -2
v 21 0 -2
v 22 0 -2
v 23 0 -2
v 24 0 -2
v 27 0 -2
v 29 0 -2
v 34 0 -2
v 36 0 -2
v 37 0 -2
v 39 0 -2
v 41 0 -2
v 42 0 -2
v 43 0 -2
v 45 0 -2
v 47 0 -2
v 48 0 -2
v 54 0 -2
v 61 0 -2
v 62 0 -2
v -63 0 -3
v -62 0 -3
v -54 0 -3
v -53 0 -3
v -51 0 -3
v -50 0 -3
v -48 0 -3
v -46 0 -3
v -45 0 -3
v -39 0 -3
v -38 0 -3
v -37 0 -3
v -36 0 -3
v -34 0 -3
v -33 0 -3
v -28 0 -3
v -27 0 -3
v -22 0 -3
v -21 0 -3
v -20 0 -3
v -19 0 -3
v -15 0 -3
v -14 0 -3
v -5 0 -3
v -4 0 -3
v -2 0 -3
v -1 0 -3
v 1 0 -3
v 2 0 -3
v 4 0 -3
v 5 0 -3
v 14 0 -3
v 15 0 -3
v 19 0 -3
v 20 0 -3
v 21 0 -3
v 22 0 -3
v 27 0 -3
v 28 0 -3
v 33 0 -3
v 34 0 -3
v 36 0 -3
v 37 0 -3
v 38 0 -3
v 39 0 -3
v 45 0 -3
v 46 0 -3
v 48 0 -3
v 50 0 -3
v 51 0 -3
v 53 0 -3
v 54 0 -3
v 62 0 -3
v 63 0 -3
v -50 0 -4
v -49 0 -4
v -47 0 -4
v -46 0 -4
v -40 0 -4
v -39 0 -4
v -29 0 -4
v -28 0 -4
v -22 0 -4
v -21 0 -4
v -20 0 -4
v -19 0 -4
v -18 0 -4
v -13 0 -4
v -12 0 -4
v -11 0 -4
v -10 0 -4
v -9 0 -4
v -4 0 -4
v -3 0 -4
v -1 0 -4
v 1 0 -4
v 3 0 -4
v 4 0 -4
v 9 0 -4
v 10 0 -4
v 11 0 -4
v 12 0 -4
v 13 0 -4
v 18 0 -4
v 19 0 -4
v 20 0 -4
v 21 0 -4
v 22 0 -4
v 28 0 -4
v 29 0 -4
v 39 0 -4
v 40 0 -4
v 46 0 -4
v 47 0 -4
v 49 0 -4
v 50 0 -4
v -61 0 -5
v -60 0 -5
v -51 0 -5
v -50 0 -5
v -41 0 -5
v -40 0 -5
v -30 0 -5
v -29 0 -5
v -24 0 -5
v -23 0 -5
v -21 0 -5
v -20 0 -5
v -19 0 -5
v -18 0 -5
v -17 0 -5
v -16 0 -5
v -15 0 -5
v -13 0 -5
v -10 0 -5
v -9 0 -5
v -8 0 -5
v -7 0 -5
v -6 0 -5
v -3 0 -5
v 3 0 -5
v 6 0 -5
v 7 0 -5
v 8 0 -5
v 9 0 -5
v 10 0 -5
v 13 0 -5
v 15 0 -5
v 16 0 -5
v 17 0 -5
v 18 0 -5
v 19 0 -5
v 20 0 -5
v 21 0 -5
v 23 0 -5
v 24 0 -5
v 29 0 -5
v 30 0 -5
v 40 0 -5
v 41 0 -5
v 50 0 -5
v 51 0 -5
v 60 0 -5
v 61 0 -5
v -50 0 -6
v -49 0 -6
v -48 0 -6
v -47 0 -6
v -46 0 -6
v -43 0 -6
v -41 0 -6
v -37 0 -6
v -36 0 -6
v -31 0 -6
v -30 0 -6
v -27 0 -6
v -25 0 -6
v -21 0 -6
v -20 0 -6
v -18 0 -6
v -17 0 -6
v -16 0 -6
v -15 0 -6
v -14 0 -6
v -9 0 -6
v -8 0 -6
v -7 0 -6
v -6 0 -6
v 6 0 -6
v 7 0 -6
v 8 0 -6
v 9 0 -6
v 14 0 -6
v 15 0 -6
v 16 0 -6
v 17 0 -6
v 18 0 -6
v 20 0 -6
v 21 0 -6
v 25 0 -6
v 27 0 -6
v 30 0 -6
v 31 0 -6
v 36 0 -6
v 37 0 -6
v 41 0 -6
v 43 0 -6
v 46 0 -6
v 47 0 -6
v 48 0 -6
v 49 0 -6
v 50 0 -6
v -61 0 -7
v -60 0 -7
v -58 0 -7
v -52 0 -7
v -51 0 -7
v -50 0 -7
v -49 0 -7
v -48 0 -7
v -46 0 -7
v -43 0 -7
v -40 0 -7
v -38 0 -7
v -37 0 -7
v -36 0 -7
v -34 0 -7
v -33 0 -7
v -32 0 -7
v -31 0 -7
v -28 0 -7
v -27 0 -7
v -23 0 -7
v -22 0 -7
v -18 0 -7
v -17 0 -7
v -16 0 -7
v -14 0 -7
v -8 0 -7
v -7 0 -7
v -6 0 -7
v -5 0 -7
v 5 0 -7
v 6 0 -7
v 7 0 -7
v 8 0 -7
v 14 0 -7
v 16 0 -7
v 17 0 -7
v 18 0 -7
v 22 0 -7
v 23 0 -7
v 27 0 -7
v 28 0 -7
v 31 0 -7
v 32 0 -7
v 33 0 -7
v 34 0 -7
v 36 0 -7
v 37 0 -7
v 38 0 -7
v 40 0 -7
v 43 0 -7
v 46 0 -7
v 48 0 -7
v 49 0 -7
v 50 0 -7
v 51 0 -7
v 52 0 -7
v 58 0 -7
v 60 0 -7
v 61 0 -7
v -63 0 -8
v -62 0 -8
v -60 0 -8
v -59 0 -8
v -58 0 -8
v -56 0 -8
v -55 0 -8
v -54 0 -8
v -53 0 -8
v -52 0 -8
v -51 0 -8
v -42 0 -8
v -40 0 -8
v -36 0 -8
v -35 0 -8
v -33 0 -8
v -32 0 -8
v -22 0 -8
v -21 0 -8
v -20 0 -8
v -18 0 -8
v -17 0 -8
v -16 0 -8
v -10 0 -8
v -8 0 -8
v -7 0 -8
v -6 0 -8
v -5 0 -8
v -3 0 -8
v 3 0 -8
v 5 0 -8
v 6 0 -8
v 7 0 -8
v 8 0 -8
v 10 0 -8
v 16 0 -8
v 17 0 -8
v 18 0 -8
v 20 0 -8
v 21 0 -8
v 22 0 -8
v 32 0 -8
v 33 0 -8
v 35 0 -8
v 36 0 -8
v 40 0 -8
v 42 0 -8
v 51 0 -8
v 52 0 -8
v 53 0 -8
v 54 0 -8
v 55 0 -8
v 56 0 -8
v 58 0 -8
v 59 0 -8
v 60 0 -8
v 62 0 -8
v 63 0 -8
v -60 0 -9
v -59 0 -9
v -57 0 -9
v -56 0 -9
v -55 0 -9
v -53 0 -9
v -52 0 -9
v -51 0 -9
v -50 0 -9
v -46 0 -9
v -42 0 -9
v -35 0 -9
v -34 0 -9
v -33 0 -9
v -19 0 -9
v -18 0 -9
v -14 0 -9
v -13 0 -9
v -11 0 -9
v -10 0 -9
v -6 0 -9
v -4 0 -9
v 4 0 -9
v 6 0 -9
v 10 0 -9
v 11 0 -9
v 13 0 -9
v 14 0 -9
v 18 0 -9
v 19 0 -9
v 33 0 -9
v 34 0 -9
v 35 0 -9
v 42 0 -9
v 46 0 -9
v 50 0 -9
v 51 0 -9
v 52 0 -9
v 53 0 -9
v 55 0 -9
v 56 0 -9
v 57 0 -9
v 59 0 -9
v 60 0 -9
v -57 0 -10
v -53 0 -10
v -50 0 -10
v -49 0 -10
v -48 0 -10
v -46 0 -10
v -38 0 -10
v -36 0 -10
v -34 0 -10
v -33 0 -10
v -30 0 -10
v -28 0 -10
v -25 0 -10
v -24 0 -10
v -23 0 -10
v -22 0 -10
v -20 0 -10
v -19 0 -10
v -13 0 -10
v -12 0 -10
v -7 0 -10
v -6 0 -10
v -3 0 -10
v -2 0 -10
v 2 0 -10
v 3 0 -10
v 6 0 -10
v 7 0 -10
v 12 0 -10
v 13 0 -10
v 19 0 -10
v 20 0 -10
v 22 0 -10
v 23 0 -10
v 24 0 -10
v 25 0 -10
v 28 0 -10
v 30 0 -10
v 33 0 -10
v 34 0 -10
v 36 0 -10
v 38 0 -10
v 46 0 -10
v 48 0 -10
v 49 0 -10
v 50 0 -10
v 53 0 -10
v 57 0 -10
v -55 0 -11
v -53 0 -11
v -51 0 -11
v -50 0 -11
v -49 0 -11
v -48 0 -11
v -38 0 -11
v -37 0 -11
v -33 0 -11
v -31 0 -11
v -30 0 -11
v -25 0 -11
v -24 0 -11
v -23 0 -11
v -21 0 -11
v -20 0 -11
v -16 0 -11
v -12 0 -11
v -11 0 -11
v -4 0 -11
v -3 0 -11
v 3 0 -11
v 4 0 -11
v 11 0 -11
v 12 0 -11
v 16 0 -11
v 20 0 -11
v 21 0 -11
v 23 0 -11
v 24 0 -11
v 25 0 -11
v 30 0 -11
v 31 0 -11
v 33 0 -11
v 37 0 -11
v 38 0 -11
v 48 0 -11
v 49 0 -11
v 50 0 -11
v 51 0 -11
v 53 0 -11
v 55 0 -11
v -63 0 -12
v -61 0 -12
v -56 0 -12
v -55 0 -12
v -34 0 -12
v -31 0 -12
v -27 0 -12
v -25 0 -12
v -24 0 -12
v -23 0 -12
v -22 0 -12
v -9 0 -12
v -7 0 -12
v -2 0 -12
v -1 0 -12
v 1 0 -12
v 2 0 -12
v 7 0 -12
v 9 0 -12
v 22 0 -12
v 23 0 -12
v 24 0 -12
v 25 0 -12
v 27 0 -12
v 31 0 -12
v 34 0 -12
v 55 0 -12
v 56 0 -12
v 61 0 -12
v 63 0 -12
v -61 0 -13
v -58 0 -13
v -57 0 -13
v -56 0 -13
v -52 0 -13
v -51 0 -13
v -50 0 -13
v -48 0 -13
v -47 0 -13
v -45 0 -13
v -44 0 -13
v -40 0 -13
v -38 0 -13
v -36 0 -13
v -35 0 -13
v -34 0 -13
v -27 0 -13
v -24 0 -13
v -23 0 -13
v -22 0 -13
v -21 0 -13
v -1 0 -13
v 1 0 -13
v 21 0 -13
v 22 0 -13
v 23 0 -13
v 24 0 -13
v 27 0 -13
v 34 0 -13
v 35 0 -13
v 36 0 -13
v 38 0 -13
v 40 0 -13
v 44 0 -13
v 45 0 -13
v 47 0 -13
v 48 0 -13
v 50 0 -13
v 51 0 -13
v 52 0 -13
v 56 0 -13
v 57 0 -13
v 58 0 -13
v 61 0 -13
v -58 0 -14
v -57 0 -14
v -50 0 -14
v -49 0 -14
v -47 0 -14
v -46 0 -14
v -45 0 -14
v -44 0 -14
v -41 0 -14
v -40 0 -14
v -38 0 -14
v -37 0 -14
v -36 0 -14
v -35 0 -14
v -26 0 -14
v -24 0 -14
v -23 0 -14
v -22 0 -14
v -21 0 -14
v -20 0 -14
v -18 0 -14
v -13 0 -14
v -2 0 -14
v 2 0 -14
v 13 0 -14
v 18 0 -14
v 20 0 -14
v 21 0 -14
v 22 0 -14
v 23 0 -14
v 24 0 -14
v 26 0 -14
v 35 0 -14
v 36 0 -14
v 37 0 -14
v 38 0 -14
v 40 0 -14
v 41 0 -14
v 44 0 -14
v 45 0 -14
v 46 0 -14
v 47 0 -14
v 49 0 -14
v 50 0 -14
v 57 0 -14
v 58 0 -14
v -63 0 -15
v -61 0 -15
v -52 0 -15
v -50 0 -15
v -47 0 -15
v -46 0 -15
v -41 0 -15
v -40 0 -15
v -37 0 -15
v -36 0 -15
v -27 0 -15
v -26 0 -15
v -23 0 -15
v -22 0 -15
v -21 0 -15
v -20 0 -15
v -19 0 -15
v -18 0 -15
v -13 0 -15
v -11 0 -15
v -9 0 -15
v -8 0 -15
v -3 0 -15
v -2 0 -15
v -1 0 -15
v 1 0 -15
v 2 0 -15
v 3 0 -15
v 8 0 -15
v 9 0 -15
v 11 0 -15
v 13 0 -15
v 18 0 -15
v 19 0 -15
v 20 0 -15
v 21 0 -15
v 22 0 -15
v 23 0 -15
v 26 0 -15
v 27 0 -15
v 36 0 -15
v 37 0 -15
v 40 0 -15
v 41 0 -15
v 46 0 -15
v 47 0 -15
v 50 0 -15
v 52 0 -15
v 61 0 -15
v 63 0 -15
v -61 0 -16
v -60 0 -16
v -49 0 -16
v -47 0 -16
v -46 0 -16
v -41 0 -16
v -40 0 -16
v -39 0 -16
v -28 0 -16
v -27 0 -16
v -24 0 -16
v -23 0 -16
v -21 0 -16
v -20 0 -16
v -11 0 -16
v -10 0 -16
v -4 0 -16
v -3 0 -16
v -2 0 -16
v -1 0 -16
v 1 0 -16
v 2 0 -16
v 3 0 -16
v 4 0 -16
v 10 0 -16
v 11 0 -16
v 20 0 -16
v 21 0 -16
v 23 0 -16
v 24 0 -16
v 27 0 -16
v 28 0 -16
v 39 0 -16
v 40 0 -16
v 41 0 -16
v 46 0 -16
v 47 0 -16
v 49 0 -16
v 60 0 -16
v 61 0 -16
v -53 0 -17
v -51 0 -17
v -46 0 -17
v -44 0 -17
v -40 0 -17
v -39 0 -17
v -38 0 -17
v -36 0 -17
v -35 0 -17
v -34 0 -17
v -33 0 -17
v -29 0 -17
v -28 0 -17
v -19 0 -17
v -18 0 -17
v -8 0 -17
v -7 0 -17
v -5 0 -17
v -4 0 -17
v -3 0 -17
v -2 0 -17
v 2 0 -17
v 3 0 -17
v 4 0 -17
v 5 0 -17
v 7 0 -17
v 8 0 -17
v 18 0 -17
v 19 0 -17
v 28 0 -17
v 29 0 -17
v 33 0 -17
v 34 0 -17
v 35 0 -17
v 36 0 -17
v 38 0 -17
v 39 0 -17
v 40 0 -17
v 44 0 -17
v 46 0 -17
v 51 0 -17
v 53 0 -17
v -60 0 -18
v -59 0 -18
v -51 0 -18
v -50 0 -18
v -44 0 -18
v -43 0 -18
v -39 0 -18
v -38 0 -18
v -37 0 -18
v -36 0 -18
v -33 0 -18
v -29 0 -18
v -25 0 -18
v -24 0 -18
v -20 0 -18
v -19 0 -18
v -18 0 -18
v -10 0 -18
v -9 0 -18
v -6 0 -18
v -5 0 -18
v -4 0 -18
v -3 0 -18
v -2 0 -18
v 2 0 -18
v 3 0 -18
v 4 0 -18
v 5 0 -18
v 6 0 -18
v 9 0 -18
v 10 0 -18
v 18 0 -18
v 19 0 -18
v 20 0 -18
v 24 0 -18
v 25 0 -18
v 29 0 -18
v 33 0 -18
v 36 0 -18
v 37 0 -18
v 38 0 -18
v 39 0 -18
v 43 0 -18
v 44 0 -18
v 50 0 -18
v 51 0 -18
v 59 0 -18
v 60 0 -18
v -59 0 -19
v -58 0 -19
v -50 0 -19
v -49 0 -19
v -46 0 -19
v -43 0 -19
v -42 0 -19
v -38 0 -19
v -37 0 -19
v -36 0 -19
v -35 0 -19
v -7 0 -19
v -6 0 -19
v -5 0 -19
v -4 0 -19
v 4 0 -19
v 5 0 -19
v 6 0 -19
v 7 0 -19
v 35 0 -19
v 36 0 -19
v 37 0 -19
v 38 0 -19
v 42 0 -19
v 43 0 -19
v 46 0 -19
v 49 0 -19
v 50 0 -19
v 58 0 -19
v 59 0 -19
v -46 0 -20
v -45 0 -20
v -38 0 -20
v -37 0 -20
v -36 0 -20
v -8 0 -20
v -7 0 -20
v -5 0 -20
v -4 0 -20
v 4 0 -20
v 5 0 -20
v 7 0 -20
v 8 0 -20
v 36 0 -20
v 37 0 -20
v 38 0 -20
v 45 0 -20
v 46 0 -20
v -54 0 -21
v -53 0 -21
v -52 0 -21
v -51 0 -21
v -45 0 -21
v -44 0 -21
v -42 0 -21
v -41 0 -21
v -40 0 -21
v -38 0 -21
v -36 0 -21
v -34 0 -21
v -31 0 -21
v -20 0 -21
v -19 0 -21
v -16 0 -21
v -12 0 -21
v -11 0 -21
v -9 0 -21
v -8 0 -21
v -6 0 -21
v -5 0 -21
v 5 0 -21
v 6 0 -21
v 8 0 -21
v 9 0 -21
v 11 0 -21
v 12 0 -21
v 16 0 -21
v 19 0 -21
v 20 0 -21
v 31 0 -21
v 34 0 -21
v 36 0 -21
v 38 0 -21
v 40 0 -21
v 41 0 -21
v 42 0 -21
v 44 0 -21
v 45 0 -21
v 51 0 -21
v 52 0 -21
v 53 0 -21
v 54 0 -21
v -54 0 -22
v -52 0 -22
v -44 0 -22
v -43 0 -22
v -41 0 -22
v -40 0 -22
v -37 0 -22
v -36 0 -22
v -35 0 -22
v -31 0 -22
v -28 0 -22
v -25 0 -22
v -24 0 -22
v -21 0 -22
v -20 0 -22
v -19 0 -22
v -18 0 -22
v -16 0 -22
v -15 0 -22
v -12 0 -22
v -11 0 -22
v -9 0 -22
v -5 0 -22
v -4 0 -22
v 4 0 -22
v 5 0 -22
v 9 0 -22
v 11 0 -22
v 12 0 -22
v 15 0 -22
v 16 0 -22
v 18 0 -22
v 19 0 -22
v 20 0 -22
v 21 0 -22
v 24 0 -22
v 25 0 -22
v 28 0 -22
v 31 0 -22
v 35 0 -22
v 36 0 -22
v 37 0 -22
v 40 0 -22
v 41 0 -22
v 43 0 -22
v 44 0 -22
v 52 0 -22
v 54 0 -22
v -53 0 -23
v -52 0 -23
v -51 0 -23
v -50 0 -23
v -48 0 -23
v -43 0 -23
v -42 0 -23
v -38 0 -23
v -37 0 -23
v -36 0 -23
v -35 0 -23
v -34 0 -23
v -33 0 -23
v -28 0 -23
v -27 0 -23
v -22 0 -23
v -21 0 -23
v -20 0 -23
v -19 0 -23
v -18 0 -23
v -15 0 -23
v -12 0 -23
v -10 0 -23
v -8 0 -23
v -7 0 -23
v -4 0 -23
v -2 0 -23
v 2 0 -23
v 4 0 -23
v 7 0 -23
v 8 0 -23
v 10 0 -23
v 12 0 -23
v 15 0 -23
v 18 0 -23
v 19 0 -23
v 20 0 -23
v 21 0 -23
v 22 0 -23
v 27 0 -23
v 28 0 -23
v 33 0 -23
v 34 0 -23
v 35 0 -23
v 36 0 -23
v 37 0 -23
v 38 0 -23
v 42 0 -23
v 43 0 -23
v 48 0 -23
v 50 0 -23
v 51 0 -23
v 52 0 -23
v 53 0 -23
v -56 0 -24
v -55 0 -24
v -54 0 -24
v -53 0 -24
v -51 0 -24
v -50 0 -24
v -49 0 -24
v -48 0 -24
v -47 0 -24
v -35 0 -24
v -34 0 -24
v -33 0 -24
v -32 0 -24
v -28 0 -24
v -27 0 -24
v -25 0 -24
v -24 0 -24
v -22 0 -24
v -21 0 -24
v -20 0 -24
v -19 0 -24
v -18 0 -24
v -10 0 -24
v -9 0 -24
v -2 0 -24
v 2 0 -24
v 9 0 -24
v 10 0 -24
v 18 0 -24
v 19 0 -24
v 20 0 -24
v 21 0 -24
v 22 0 -24
v 24 0 -24
v 25 0 -24
v 27 0 -24
v 28 0 -24
v 32 0 -24
v 33 0 -24
v 34 0 -24
v 35 0 -24
v 47 0 -24
v 48 0 -24
v 49 0 -24
v 50 0 -24
v 51 0 -24
v 53 0 -24
v 54 0 -24
v 55 0 -24
v 56 0 -24
v -57 0 -25
v -56 0 -25
v -55 0 -25
v -54 0 -25
v -53 0 -25
v -52 0 -25
v -50 0 -25
v -49 0 -25
v -48 0 -25
v -47 0 -25
v -46 0 -25
v -39 0 -25
v -38 0 -25
v -32 0 -25
v -28 0 -25
v -27 0 -25
v -26 0 -25
v -25 0 -25
v -22 0 -25
v -21 0 -25
v -20 0 -25
v -10 0 -25
v -9 0 -25
v -8 0 -25
v -7 0 -25
v -6 0 -25
v -5 0 -25
v 5 0 -25
v 6 0 -25
v 7 0 -25
v 8 0 -25
v 9 0 -25
v 10 0 -25
v 20 0 -25
v 21 0 -25
v 22 0 -25
v 25 0 -25
v 26 0 -25
v 27 0 -25
v 28 0 -25
v 32 0 -25
v 38 0 -25
v 39 0 -25
v 46 0 -25
v 47 0 -25
v 48 0 -25
v 49 0 -25
v 50 0 -25
v 52 0 -25
v 53 0 -25
v 54 0 -25
v 55 0 -25
v 56 0 -25
v 57 0 -25
v -58 0 -26
v -57 0 -26
v -56 0 -26
v -55 0 -26
v -54 0 -26
v -53 0 -26
v -52 0 -26
v -48 0 -26
v -47 0 -26
v -46 0 -26
v -45 0 -26
v -36 0 -26
v -35 0 -26
v -33 0 -26
v -27 0 -26
v -26 0 -26
v -23 0 -26
v -20 0 -26
v -19 0 -26
v -11 0 -26
v -10 0 -26
v -8 0 -26
v -7 0 -26
v -5 0 -26
v -3 0 -26
v 3 0 -26
v 5 0 -26
v 7 0 -26
v 8 0 -26
v 10 0 -26
v 11 0 -26
v 19 0 -26
v 20 0 -26
v 23 0 -26
v 26 0 -26
v 27 0 -26
v 33 0 -26
v 35 0 -26
v 36 0 -26
v 45 0 -26
v 46 0 -26
v 47 0 -26
v 48 0 -26
v 52 0 -26
v 53 0 -26
v 54 0 -26
v 55 0 -26
v 56 0 -26
v 57 0 -26
v 58 0 -26
v -59 0 -27
v -58 0 -27
v -57 0 -27
v -56 0 -27
v -55 0 -27
v -47 0 -27
v -46 0 -27
v -45 0 -27
v -44 0 -27
v -38 0 -27
v -36 0 -27
v -35 0 -27
v -34 0 -27
v -27 0 -27
v -25 0 -27
v -23 0 -27
v -21 0 -27
v -20 0 -27
v -14 0 -27
v -11 0 -27
v -3 0 -27
v 3 0 -27
v 11 0 -27
v 14 0 -27
v 20 0 -27
v 21 0 -27
v 23 0 -27
v 25 0 -27
v 27 0 -27
v 34 0 -27
v 35 0 -27
v 36 0 -27
v 38 0 -27
v 44 0 -27
v 45 0 -27
v 46 0 -27
v 47 0 -27
v 55 0 -27
v 56 0 -27
v 57 0 -27
v 58 0 -27
v 59 0 -27
v -63 0 -28
v -61 0 -28
v -59 0 -28
v -58 0 -28
v -57 0 -28
v -56 0 -28
v -53 0 -28
v -52 0 -28
v -46 0 -28
v -45 0 -28
v -44 0 -28
v -43 0 -28
v -39 0 -28
v -38 0 -28
v -37 0 -28
v -35 0 -28
v -26 0 -28
v -25 0 -28
v -23 0 -28
v -21 0 -28
v -20 0 -28
v -16 0 -28
v -14 0 -28
v -8 0 -28
v -7 0 -28
v -6 0 -28
v -5 0 -28
v -4 0 -28
v 4 0 -28
v 5 0 -28
v 6 0 -28
v 7 0 -28
v 8 0 -28
v 14 0 -28
v 16 0 -28
v 20 0 -28
v 21 0 -28
v 23 0 -28
v 25 0 -28
v 26 0 -28
v 35 0 -28
v 37 0 -28
v 38 0 -28
v 39 0 -28
v 43 0 -28
v 44 0 -28
v 45 0 -28
v 46 0 -28
v 52 0 -28
v 53 0 -28
v 56 0 -28
v 57 0 -28
v 58 0 -28
v 59 0 -28
v 61 0 -28
v 63 0 -28
v -61 0 -29
v -60 0 -29
v -57 0 -29
v -44 0 -29
v -43 0 -29
v -42 0 -29
v -41 0 -29
v -39 0 -29
v -38 0 -29
v -37 0 -29
v -20 0 -29
v -16 0 -29
v -9 0 -29
v -8 0 -29
v 8 0 -29
v 9 0 -29
v 16 0 -29
v 20 0 -29
v 37 0 -29
v 38 0 -29
v 39 0 -29
v 41 0 -29
v 42 0 -29
v 43 0 -29
v 44 0 -29
v 57 0 -29
v 60 0 -29
v 61 0 -29
v -61 0 -30
v -60 0 -30
v -56 0 -30
v -55 0 -30
v -52 0 -30
v -51 0 -30
v -45 0 -30
v -44 0 -30
v -40 0 -30
v -39 0 -30
v -27 0 -30
v -26 0 -30
v -24 0 -30
v -23 0 -30
v -22 0 -30
v -21 0 -30
v -20 0 -30
v -19 0 -30
v -11 0 -30
v -9 0 -30
v -6 0 -30
v -5 0 -30
v -4 0 -30
v -3 0 -30
v 3 0 -30
v 4 0 -30
v 5 0 -30
v 6 0 -30
v 9 0 -30
v 11 0 -30
v 19 0 -30
v 20 0 -30
v 21 0 -30
v 22 0 -30
v 23 0 -30
v 24 0 -30
v 26 0 -30
v 27 0 -30
v 39 0 -30
v 40 0 -30
v 44 0 -30
v 45 0 -30
v 51 0 -30
v 52 0 -30
v 55 0 -30
v 56 0 -30
v 60 0 -30
v 61 0 -30
v -55 0 -31
v -54 0 -31
v -45 0 -31
v -44 0 -31
v -43 0 -31
v -41 0 -31
v -40 0 -31
v -38 0 -31
v -28 0 -31
v -27 0 -31
v -25 0 -31
v -24 0 -31
v -19 0 -31
v -13 0 -31
v -11 0 -31
v -10 0 -31
v -7 0 -31
v -6 0 -31
v -3 0 -31
v 3 0 -31
v 6 0 -31
v 7 0 -31
v 10 0 -31
v 11 0 -31
v 13 0 -31
v 19 0 -31
v 24 0 -31
v 25 0 -31
v 27 0 -31
v 28 0 -31
v 38 0 -31
v 40 0 -31
v 41 0 -31
v 43 0 -31
v 44 0 -31
v 45 0 -31
v 54 0 -31
v 55 0 -31
v -62 0 -32
v -61 0 -32
v -51 0 -32
v -50 0 -32
v -44 0 -32
v -42 0 -32
v -29 0 -32
v -28 0 -32
v -8 0 -32
v -7 0 -32
v -6 0 -32
v -5 0 -32
v -4 0 -32
v 4 0 -32
v 5 0 -32
v 6 0 -32
v 7 0 -32
v 8 0 -32
v 28 0 -32
v 29 0 -32
v 42 0 -32
v 44 0 -32
v 50 0 -32
v 51 0 -32
v 61 0 -32
v 62 0 -32
v -50 0 -33
v -45 0 -33
v -44 0 -33
v -43 0 -33
v -40 0 -33
v -39 0 -33
v -38 0 -33
v -29 0 -33
v -26 0 -33
v -25 0 -33
v -13 0 -33
v -12 0 -33
v -10 0 -33
v -9 0 -33
v -8 0 -33
v -6 0 -33
v -4 0 -33
v 4 0 -33
v 6 0 -33
v 8 0 -33
v 9 0 -33
v 10 0 -33
v 12 0 -33
v 13 0 -33
v 25 0 -33
v 26 0 -33
v 29 0 -33
v 38 0 -33
v 39 0 -33
v 40 0 -33
v 43 0 -33
v 44 0 -33
v 45 0 -33
v 50 0 -33
v -63 0 -34
v -62 0 -34
v -55 0 -34
v -54 0 -34
v -45 0 -34
v -43 0 -34
v -42 0 -34
v -41 0 -34
v -40 0 -34
v -39 0 -34
v -26 0 -34
v -24 0 -34
v -12 0 -34
v -10 0 -34
v -9 0 -34
v -8 0 -34
v -7 0 -34
v -6 0 -34
v 6 0 -34
v 7 0 -34
v 8 0 -34
v 9 0 -34
v 10 0 -34
v 12 0 -34
v 24 0 -34
v 26 0 -34
v 39 0 -34
v 40 0 -34
v 41 0 -34
v 42 0 -34
v 43 0 -34
v 45 0 -34
v 54 0 -34
v 55 0 -34
v 62 0 -34
v 63 0 -34
v -62 0 -35
v -61 0 -35
v -56 0 -35
v -55 0 -35
v -43 0 -35
v -42 0 -35
v -41 0 -35
v -21 0 -35
v -20 0 -35
v -14 0 -35
v -11 0 -35
v -10 0 -35
v -9 0 -35
v -8 0 -35
v -7 0 -35
v -6 0 -35
v 6 0 -35
v 7 0 -35
v 8 0 -35
v 9 0 -35
v 10 0 -35
v 11 0 -35
v 14 0 -35
v 20 0 -35
v 21 0 -35
v 41 0 -35
v 42 0 -35
v 43 0 -35
v 55 0 -35
v 56 0 -35
v 61 0 -35
v 62 0 -35
v -57 0 -36
v -56 0 -36
v -52 0 -36
v -49 0 -36
v -38 0 -36
v -28 0 -36
v -23 0 -36
v -22 0 -36
v -21 0 -36
v -20 0 -36
v -19 0 -36
v -15 0 -36
v -14 0 -36
v -12 0 -36
v -11 0 -36
v -10 0 -36
v -9 0 -36
v -8 0 -36
v -7 0 -36
v -6 0 -36
v 6 0 -36
v 7 0 -36
v 8 0 -36
v 9 0 -36
v 10 0 -36
v 11 0 -36
v 12 0 -36
v 14 0 -36
v 15 0 -36
v 19 0 -36
v 20 0 -36
v 21 0 -36
v 22 0 -36
v 23 0 -36
v 28 0 -36
v 38 0 -36
v 49 0 -36
v 52 0 -36
v 56 0 -36
v 57 0 -36
v -62 0 -37
v -61 0 -37
v -60 0 -37
v -58 0 -37
v -57 0 -37
v -53 0 -37
v -52 0 -37
v -49 0 -37
v -48 0 -37
v -44 0 -37
v -41 0 -37
v -40 0 -37
v -39 0 -37
v -38 0 -37
v -28 0 -37
v -27 0 -37
v -25 0 -37
v -24 0 -37
v -23 0 -37
v -21 0 -37
v -20 0 -37
v -19 0 -37
v -16 0 -37
v -14 0 -37
v -12 0 -37
v -11 0 -37
v -10 0 -37
v -9 0 -37
v -6 0 -37
v -5 0 -37
v 5 0 -37
v 6 0 -37
v 9 0 -37
v 10 0 -37
v 11 0 -37
v 12 0 -37
v 14 0 -37
v 16 0 -37
v 19 0 -37
v 20 0 -37
v 21 0 -37
v 23 0 -37
v 24 0 -37
v 25 0 -37
v 27 0 -37
v 28 0 -37
v 38 0 -37
v 39 0 -37
v 40 0 -37
v 41 0 -37
v 44 0 -37
v 48 0 -37
v 49 0 -37
v 52 0 -37
v 53 0 -37
v 57 0 -37
v 58 0 -37
v 60 0 -37
v 61 0 -37
v 62 0 -37
v -63 0 -38
v -62 0 -38
v -61 0 -38
v -60 0 -38
v -59 0 -38
v -58 0 -38
v -54 0 -38
v -53 0 -38
v -48 0 -38
v -46 0 -38
v -44 0 -38
v -43 0 -38
v -42 0 -38
v -41 0 -38
v -40 0 -38
v -39 0 -38
v -32 0 -38
v -27 0 -38
v -25 0 -38
v -24 0 -38
v -22 0 -38
v -21 0 -38
v -20 0 -38
v -16 0 -38
v -15 0 -38
v -13 0 -38
v -11 0 -38
v -10 0 -38
v -9 0 -38
v -8 0 -38
v -5 0 -38
v -2 0 -38
v 2 0 -38
v 5 0 -38
v 8 0 -38
v 9 0 -38
v 10 0 -38
v 11 0 -38
v 13 0 -38
v 15 0 -38
v 16 0 -38
v 20 0 -38
v 21 0 -38
v 22 0 -38
v 24 0 -38
v 25 0 -38
v 27 0 -38
v 32 0 -38
v 39 0 -38
v 40 0 -38
v 41 0 -38
v 42 0 -38
v 43 0 -38
v 44 0 -38
v 46 0 -38
v 48 0 -38
v 53 0 -38
v 54 0 -38
v 58 0 -38
v 59 0 -38
v 60 0 -38
v 61 0 -38
v 62 0 -38
v 63 0 -38
v -62 0 -39
v -61 0 -39
v -60 0 -39
v -59 0 -39
v -58 0 -39
v -56 0 -39
v -54 0 -39
v -48 0 -39
v -46 0 -39
v -43 0 -39
v -42 0 -39
v -40 0 -39
v -39 0 -39
v -35 0 -39
v -33 0 -39
v -32 0 -39
v -31 0 -39
v -24 0 -39
v -22 0 -39
v -21 0 -39
v -15 0 -39
v -14 0 -39
v -13 0 -39
v -12 0 -39
v -11 0 -39
v -8 0 -39
v -7 0 -39
v -2 0 -39
v -1 0 -39
v 1 0 -39
v 2 0 -39
v 7 0 -39
v 8 0 -39
v 11 0 -39
v 12 0 -39
v 13 0 -39
v 14 0 -39
v 15 0 -39
v 21 0 -39
v 22 0 -39
v 24 0 -39
v 31 0 -39
v 32 0 -39
v 33 0 -39
v 35 0 -39
v 39 0 -39
v 40 0 -39
v 42 0 -39
v 43 0 -39
v 46 0 -39
v 48 0 -39
v 54 0 -39
v 56 0 -39
v 58 0 -39
v 59 0 -39
v 60 0 -39
v 61 0 -39
v 62 0 -39
v -63 0 -40
v -62 0 -40
v -61 0 -40
v -59 0 -40
v -58 0 -40
v -56 0 -40
v -48 0 -40
v -35 0 -40
v -33 0 -40
v -31 0 -40
v -24 0 -40
v -22 0 -40
v -20 0 -40
v -14 0 -40
v -12 0 -40
v -7 0 -40
v -1 0 -40
v 1 0 -40
v 7 0 -40
v 12 0 -40
v 14 0 -40
v 20 0 -40
v 22 0 -40
v 24 0 -40
v 31 0 -40
v 33 0 -40
v 35 0 -40
v 48 0 -40
v 56 0 -40
v 58 0 -40
v 59 0 -40
v 61 0 -40
v 62 0 -40
v 63 0 -40
v -63 1 40
v -62 1 40
v -61 1 40
v -59 1 40
v -58 1 40
v -56 1 40
v -48 1 40
v -35 1 40
v -33 1 40
v -31 1 40
v -24 1 40
v -22 1 40
v -20 1 40
v -14 1 40
v -12 1 40
v -7 1 40
v -1 1 40
v 1 1 40
v 7 1 40
v 12 1 40
v 14 1 40
v 20 1 40
v 22 1 40
v 24 1 40
v 31 1 40
v 33 1 40
v 35 1 40
v 48 1 40
v 56 1 40
v 58 1 40
v 59 1 40
v 61 1 40
v 62 1 40
v 63 1 40
v -62 1 39
v -61 1 39
v -60 1 39
v -59 1 39
v -58 1 39
v -56 1 39
v -54 1 39
v -48 1 39
v -46 1 39
v -43 1 39
v -42 1 39
v -40 1 39
v -39 1 39
v -35 1 39
v -33 1 39
v -32 1 39
v -31 1 39
v -24 1 39
v -22 1 39
v -21 1 39
v -15 1 39
v -14 1 39
v -13 1 39
v -12 1 39
v -11 1 39
v -8 1 39
v -7 1 39
v -2 1 39
v -1 1 39
v 1 1 39
v 2 1 39
v 7 1 39
v 8 1 39
v 11 1 39
v 12 1 39
v 13 1 39
v 14 1 39
v 15 1 39
v 21 1 39
v 22 1 39
v 24 1 39
v 31 1 39
v 32 1 39
v 33 1 39
v 35 1 39
v 39 1 39
v 40 1 39
v 42 1 39
v 43 1 39
v 46 1 39
v 48 1 39
v 54 1 39
v 56 1 39
v 58 1 39
v 59 1 39
v 60 1 39
v 61 1 39
v 62 1 39
v -63 1 38
v -62 1 38
v -61 1 38
v -60 1 38
v -59 1 38
v -58 1 38
v -54 1 38
v -53 1 38
v -48 1 38
v -46 1 38
v -44 1 38
v -43 1 38
v -42 1 38
v -41 1 38
v -40 1 38
v -39 1 38
v -32 1 38
v -27 1 38
v -25 1 38
v -24 1 38
v -22 1 38
v -21 1 38
v -20 1 38
v -16 1 38
v -15 1 38
v -13 1 38
v -11 1 38
v -10 1 38
v -9 1 38
v -8 1 38
v -5 1 38
v -2 1 38
v 2 1 38
v 5 1 38
v 8 1 38
v 9 1 38
v 10 1 38
v 11 1 38
v 13 1 38
v 15 1 38
v 16 1 38
v 20 1 38
v 21 1 38
v 22 1 38
v 24 1 38
v 25 1 38
v 27 1 38
v 32 1 38
v 39 1 38
v 40 1 38
v 41 1 38
v 42 1 38
v 43 1 38
v 44 1 38
v 46 1 38
v 48 1 38
v 53 1 38
v 54 1 38
v 58 1 38
v 59 1 38
v 60 1 38
v 61 1 38
v 62 1 38
v 63 1 38
v -62 1 37
v -61 1 37
v -60 1 37
v -58 1 37
v -57 1 37
v -53 1 37
v -52 1 37
v -49 1 37
v -48 1 37
v -44 1 37
v -41 1 37
v -40 1 37
v -39 1 37
v -38 1 37
v -28 1 37
v -27 1 37
v -25 1 37
v -24 1 37
v -23 1 37
v -21 1 37
v -20 1 37
v -19 1 37
v -16 1 37
v -14 1 37
v -12 1 37
v -11 1 37
v -10 1 37
v -9 1 37
v -6 1 37
v -5 1 37
v 5 1 37
v 6 1 37
v 9 1 37
v 10 1 37
v 11 1 37
v 12 1 37
v 14 1 37
v 16 1 37
v 19 1 37
v 20 1 37
v 21 1 37
v 23 1 37
v 24 1 37
v 25 1 37
v 27 1 37
v 28 1 37
v 38 1 37
v 39 1 37
v 40 1 37
v 41 1 37
v 44 1 37
v 48 1 37
v 49 1 37
v 52 1 37
v 53 1 37
v 57 1 37
v 58 1 37
v 60 1 37
v 61 1 37
v 62 1 37
v -57 1 36
v -56 1 36
v -52 1 36
v -49 1 36
v -38 1 36
v -28 1 36
v -23 1 36
v -22 1 36
v -21 1 36
v -20 1 36
v -19 1 36
v -15 1 36
v -14 1 36
v -12 1 36
v -11 1 36
v -10 1 36
v -9 1 36
v -8 1 36
v -7 1 36
v -6 1 36
v 6 1 36
v 7 1 36
v 8 1 36
v 9 1 36
v 10 1 36
v 11 1 36
v 12 1 36
v 14 1 36
v 15 1 36
v 19 1 36
v 20 1 36
v 21 1 36
v 22 1 36
v 23 1 36
v 28 1 36
v 38 1 36
v 49 1 36
v 52 1 36
v 56 1 36
v 57 1 36
v -62 1 35
v -61 1 35
v -56 1 35
v -55 1 35
v -43 1 35
v -42 1 35
v -41 1 35
v -21 1 35
v -20 1 35
v -14 1 35
v -11 1 35
v -10 1 35
v -9 1 35
v -8 1 35
v -7 1 35
v -6 1 35
v 6 1 35
v 7 1 35
v 8 1 35
v 9 1 35
v 10 1 35
v 11 1 35
v 14 1 35
v 20 1 35
v 21 1 35
v 41 1 35
v 42 1 35
v 43 1 35
v 55 1 35
v 56 1 35
v 61 1 35
v 62 1 35
v -63 1 34
v -62 1 34
v -55 1 34
v -54 1 34
v -45 1 34
v -43 1 34
v -42 1 34
v -41 1 34
v -40 1 34
v -39 1 34
v -26 1 34
v -24 1 34
v -12 1 34
v -10 1 34
v -9 1 34
v -8 1 34
v -7 1 34
v -6 1 34
v 6 1 34
v 7 1 34
v 8 1 34
v 9 1 34
v 10 1 34
v 12 1 34
v 24 1 34
v 26 1 34
v 39 1 34
v 40 1 34
v 41 1 34
v 42 1 34
v 43 1 34
v 45 1 34
v 54 1 34
v 55 1 34
v 62 1 34
v 63 1 34
v -50 1 33
v -45 1 33
v -44 1 33
v -43 1 33
v -40 1 33
v -39 1 33
v -38 1 33
v -29 1 33
v -26 1 33
v -25 1 33
v -13 1 33
v -12 1 33
v -10 1 33
v -9 1 33
v -8 1 33
v -6 1 33
v -4 1 33
v 4 1 33
v 6 1 33
v 8 1 33
v 9 1 33
v 10 1 33
v 12 1 33
v 13 1 33
v 25 1 33
v 26 1 33
v 29 1 33
v 38 1 33
v 39 1 33
v 40 1 33
v 43 1 33
v 44 1 33
v 45 1 33
v 50 1 33
v -62 1 32
v -61 1 32
v -51 1 32
v -50 1 32
v -44 1 32
v -42 1 32
v -29 1 32
v -28 1 32
v -8 1 32
v -7 1 32
v -6 1 32
v -5 1 32
v -4 1 32
v 4 1 32
v 5 1 32
v 6 1 32
v 7 1 32
v 8 1 32
v 28 1 32
v 29 1 32
v 42 1 32
v 44 1 32
v 50 1 32
v 51 1 32
v 61 1 32
v 62 1 32
v -55 1 31
v -54 1 31
v -45 1 31
v -44 1 31
v -43 1 31
v -41 1 31
v -40 1 31
v -38 1 31
v -28 1 31
v -27 1 31
v -25 1 31
v -24 1 31
v -19 1 31
v -13 1 31
v -11 1 31
v -10 1 31
v -7 1 31
v -6 1 31
v -3 1 31
v 3 1 31
v 6 1 31
v 7 1 31
v 10 1 31
v 11 1 31
v 13 1 31
v 19 1 31
v 24 1 31
v 25 1 31
v 27 1 31
v 28 1 31
v 38 1 31
v 40 1 31
v 41 1 31
v 43 1 31
v 44 1 31
v 45 1 31
v 54 1 31
v 55 1 31
v -61 1 30
v -60 1 30
v -56 1 30
v -55 1 30
v -52 1 30
v -51 1 30
v -45 1 30
v -44 1 30
v -40 1 30
v -39 1 30
v -27 1 30
v -26 1 30
v -24 1 30
v -23 1 30
v -22 1 30
v -21 1 30
v -20 1 30
v -19 1 30
v -11 1 30
v -9 1 30
v -6 1 30
v -5 1 30
v -4 1 30
v -3 1 30
v 3 1 30
v 4 1 30
v 5 1 30
v 6 1 30
v 9 1 30
v 11 1 30
v 19 1 30
v 20 1 30
v 21 1 30
v 22 1 30
v 23 1 30
v 24 1 30
v 26 1 30
v 27 1 30
v 39 1 30
v 40 1 30
v 44 1 30
v 45 1 30
v 51 1 30
v 52 1 30
v 55 1 30
v 56 1 30
v 60 1 30
v 61 1 30
v -61 1 29
v -60 1 29
v -57 1 29
v -44 1 29
v -43 1 29
v -42 1 29
v -41 1 29
v -39 1 29
v -38 1 29
v -37 1 29
v -20 1 29
v -16 1 29
v -9 1 29
v -8 1 29
v 8 1 29
v 9 1 29
v 16 1 29
v 20 1 29
v 37 1 29
v 38 1 29
v 39 1 29
v 41 1 29
v 42 1 29
v 43 1 29
v 44 1 29
v 57 1 29
v 60 1 29
v 61 1 29
v -63 1 28
v -61 1 28
v -59 1 28
v -58 1 28
v -57 1 28
v -56 1 28
v -53 1 28
v -52 1 28
v -46 1 28
v -45 1 28
v -44 1 28
v -43 1 28
v -39 1 28
v -38 1 28
v -37 1 28
v -35 1 28
v -26 1 28
v -25 1 28
v -23 1 28
v -21 1 28
v -20 1 28
v -16 1 28
v -14 1 28
v -8 1 28
v -7 1 28
v -6 1 28
v -5 1 28
v -4 1 28
v 4 1 28
v 5 1 28
v 6 1 28
v 7 1 28
v 8 1 28
v 14 1 28
v 16 1 28
v 20 1 28
v 21 1 28
v 23 1 28
v 25 1 28
v 26 1 28
v 35 1 28
v 37 1 28
v 38 1 28
v 39 1 28
v 43 1 28
v 44 1 28
v 45 1 28
v 46 1 28
v 52 1 28
v 53 1 28
v 56 1 28
v 57 1 28
v 58 1 28
v 59 1 28
v 61 1 28
v 63 1 28
v -59 1 27
v -58 1 27
v -57 1 27
v -56 1 27
v -55 1 27
v -47 1 27
v -46 1 27
v -45 1 27
v -44 1 27
v -38 1 27
v -36 1 27
v -35 1 27
v -34 1 27
v -27 1 27
v -25 1 27
v -23 1 27
v -21 1 27
v -20 1 27
v -14 1 27
v -11 1 27
v -3 1 27
v 3 1 27
v 11 1 27
v 14 1 27
v 20 1 27
v 21 1 27
v 23 1 27
v 25 1 27
v 27 1 27
v 34 1 27
v 35 1 27
v 36 1 27
v 38 1 27
v 44 1 27
v 45 1 27
v 46 1 27
v 47 1 27
v 55 1 27
v 56 1 27
v 57 1 27
v 58 1 27
v 59 1 27
v -58 1 26
v -57 1 26
v -56 1 26
v -55 1 26
v -54 1 26
v -53 1 26
v -52 1 26
v -48 1 26
v -47 1 26
v -46 1 26
v -45 1 26
v -36 1 26
v -35 1 26
v -33 1 26
v -27 1 26
v -26 1 26
v -23 1 26
v -20 1 26
v -19 1 26
v -11 1 26
v -10 1 26
v -8 1 26
v -7 1 26
v -5 1 26
v -3 1 26
v 3 1 26
v 5 1 26
v 7 1 26
v 8 1 26
v 10 1 26
v 11 1 26
v 19 1 26
v 20 1 26
v 23 1 26
v 26 1 26
v 27 1 26
v 33 1 26
v 35 1 26
v 36 1 26
v 45 1 26
v 46 1 26
v 47 1 26
v 48 1 26
v 52 1 26
v 53 1 26
v 54 1 26
v 55 1 26
v 56 1 26
v 57 1 26
v 58 1 26
v -57 1 25
v -56 1 25
v -55 1 25
v -54 1 25
v -53 1 25
v -52 1 25
v -50 1 25
v -49 1 25
v -48 1 25
v -47 1 25
v -46 1 25
v -39 1 25
v -38 1 25
v -32 1 25
v -28 1 25
v -27 1 25
v -26 1 25
v -25 1 25
v -22 1 25
v -21 1 25
v -20 1 25
v -10 1 25
v -9 1 25
v -8 1 25
v -7 1 25
v -6 1 25
v -5 1 25
v 5 1 25
v 6 1 25
v 7 1 25
v 8 1 25
v 9 1 25
v 10 1 25
v 20 1 25
v 21 1 25
v 22 1 25
v 25 1 25
v 26 1 25
v 27 1 25
v 28 1 25
v 32 1 25
v 38 1 25
v 39 1 25
v 46 1 25
v 47 1 25
v 48 1 25
v 49 1 25
v 50 1 25
v 52 1 25
v 53 1 25
v 54 1 25
v 55 1 25
v 56 1 25
v 57 1 25
v -56 1 24
v -55 1 24
v -54 1 24
v -53 1 24
v -51 1 24
v -50 1 24
v -49 1 24
v -48 1 24
v -47 1 24
v -35 1 24
v -34 1 24
v -33 1 24
v -32 1 24
v -28 1 24
v -27 1 24
v -25 1 24
v -24 1 24
v -22 1 24
v -21 1 24
v -20 1 24
v -19 1 24
v -18 1 24
v -10 1 24
v -9 1 24
v -2 1 24
v 2 1 24
v 9 1 24
v 10 1 24
v 18 1 24
v 19 1 24
v 20 1 24
v 21 1 24
v 22 1 24
v 24 1 24
v 25 1 24
v 27 1 24
v 28 1 24
v 32 1 24
v 33 1 24
v 34 1 24
v 35 1 24
v 47 1 24
v 48 1 24
v 49 1 24
v 50 1 24
v 51 1 24
v 53 1 24
v 54 1 24
v 55 1 24
v 56 1 24
v -53 1 23
v -52 1 23
v -51 1 23
v -50 1 23
v -48 1 23
v -43 1 23
v -42 1 23
v -38 1 23
v -37 1 23
v -36 1 23
v -35 1 23
v -34 1 23
v -33 1 23
v -28 1 23
v -27 1 23
v -22 1 23
v -21 1 23
v -20 1 23
v -19 1 23
v -18 1 23
v -15 1 23
v -12 1 23
v -10 1 23
v -8 1 23
v -7 1 23
v -4 1 23
v -2 1 23
v 2 1 23
v 4 1 23
v 7 1 23
v 8 1 23
v 10 1 23
v 12 1 23
v 15 1 23
v 18 1 23
v 19 1 23
v 20 1 23
v 21 1 23
v 22 1 23
v 27 1 23
v 28 1 23
v 33 1 23
v 34 1 23
v 35 1 23
v 36 1 23
v 37 1 23
v 38 1 23
v 42 1 23
v 43 1 23
v 48 1 23
v 50 1 23
v 51 1 23
v 52 1 23
v 53 1 23
v -54 1 22
v -52 1 22
v -44 1 22
v -43 1 22
v -41 1 22
v -40 1 22
v -37 1 22
v -36 1 22
v -35 1 22
v -31 1 22
v -28 1 22
v -25 1 22
v -24 1 22
v -21 1 22
v -20 1 22
v -19 1 22
v -18 1 22
v -16 1 22
v -15 1 22
v -12 1 22
v -11 1 22
v -9 1 22
v -5 1 22
v -4 1 22
v 4 1 22
v 5 1 22
v 9 1 22
v 11 1 22
v 12 1 22
v 15 1 22
v 16 1 22
v 18 1 22
v 19 1 22
v 20 1 22
v 21 1 22
v 24 1 22
v 25 1 22
v 28 1 22
v 31 1 22
v 35 1 22
v 36 1 22
v 37 1 22
v 40 1 22
v 41 1 22
v 43 1 22
v 44 1 22
v 52 1 22
v 54 1 22
v -54 1 21
v -53 1 21
v -52 1 21
v -51 1 21
v -45 1 21
v -44 1 21
v -42 1 21
v -41 1 21
v -40 1 21
v -38 1 21
v -36 1 21
v -34 1 21
v -31 1 21
v -20 1 21
v -19 1 21
v -16 1 21
v -12 1 21
v -11 1 21
v -9 1 21
v -8 1 21
v -6 1 21
v -5 1 21
v 5 1 21
v 6 1 21
v 8 1 21
v 9 1 21
v 11 1 21
v 12 1 21
v 16 1 21
v 19 1 21
v 20 1 21
v 31 1 21
v 34 1 21
v 36 1 21
v 38 1 21
v 40 1 21
v 41 1 21
v 42 1 21
v 44 1 21
v 45 1 21
v 51 1 21
v 52 1 21
v 53 1 21
v 54 1 21
v -46 1 20
v -45 1 20
v -38 1 20
v -37 1 20
v -36 1 20
v -8 1 20
v -7 1 20
v -5 1 20
v -4 1 20
v 4 1 20
v 5 1 20
v 7 1 20
v 8 1 20
v 36 1 20
v 37 1 20
v 38 1 20
v 45 1 20
v 46 1 20
v -59 1 19
v -58 1 19
v -50 1 19
v -49 1 19
v -46 1 19
v -43 1 19
v -42 1 19
v -38 1 19
v -37 1 19
v -36 1 19
v -35 1 19
v -7 1 19
v -6 1 19
v -5 1 19
v -4 1 19
v 4 1 19
v 5 1 19
v 6 1 19
v 7 1 19
v 35 1 19
v 36 1 19
v 37 1 19
v 38 1 19
v 42 1 19
v 43 1 19
v 46 1 19
v 49 1 19
v 50 1 19
v 58 1 19
v 59 1 19
v -60 1 18
v -59 1 18
v -51 1 18
v -50 1 18
v -44 1 18
v -43 1 18
v -39 1 18
v -38 1 18
v -37 1 18
v -36 1 18
v -33 1 18
v -29 1 18
v -25 1 18
v -24 1 18
v -20 1 18
v -19 1 18
v -18 1 18
v -10 1 18
v -9 1 18
v -6 1 18
v -5 1 18
v -4 1 18
v -3 1 18
v -2 1 18
v 2 1 18
v 3 1 18
v 4 1 18
v 5 1 18
v 6 1 18
v 9 1 18
v 10 1 18
v 18 1 18
v 19 1 18
v 20 1 18
v 24 1 18
v 25 1 18
v 29 1 18
v 33 1 18
v 36 1 18
v 37 1 18
v 38 1 18
v 39 1 18
v 43 1 18
v 44 1 18
v 50 1 18
v 51 1 18
v 59 1 18
v 60 1 18
v -53 1 17
v -51 1 17
v -46 1 17
v -44 1 17
v -40 1 17
v -39 1 17
v -38 1 17
v -36 1 17
v -35 1 17
v -34 1 17
v -33 1 17
v -29 1 17
v -28 1 17
v -19 1 17
v -18 1 17
v -8 1 17
v -7 1 17
v -5 1 17
v -4 1 17
v -3 1 17
v -2 1 17
v 2 1 17
v 3 1 17
v 4 1 17
v 5 1 17
v 7 1 17
v 8 1 17
v 18 1 17
v 19 1 17
v 28 1 17
v 29 1 17
v 33 1 17
v 34 1 17
v 35 1 17
v 36 1 17
v 38 1 17
v 39 1 17
v 40 1 17
v 44 1 17
v 46 1 17
v 51 1 17
v 53 1 17
v -61 1 16
v -60 1 16
v -49 1 16
v -47 1 16
v -46 1 16
v -41 1 16
v -40 1 16
v -39 1 16
v -28 1 16
v -27 1 16
v -24 1 16
v -23 1 16
v -21 1 16
v -20 1 16
v -11 1 16
v -10 1 16
v -4 1 16
v -3 1 16
v -2 1 16
v -1 1 16
v 1 1 16
v 2 1 16
v 3 1 16
v 4 1 16
v 10 1 16
v 11 1 16
v 20 1 16
v 21 1 16
v 23 1 16
v 24 1 16
v 27 1 16
v 28 1 16
v 39 1 16
v 40 1 16
v 41 1 16
v 46 1 16
v 47 1 16
v 49 1 16
v 60 1 16
v 61 1 16
v -63 1 15
v -61 1 15
v -52 1 15
v -50 1 15
v -47 1 15
v -46 1 15
v -41 1 15
v -40 1 15
v -37 1 15
v -36 1 15
v -27 1 15
v -26 1 15
v -23 1 15
v -22 1 15
v -21 1 15
v -20 1 15
v -19 1 15
v -18 1 15
v -13 1 15
v -11 1 15
v -9 1 15
v -8 1 15
v -3 1 15
v -2 1 15
v -1 1 15
v 1 1 15
v 2 1 15
v 3 1 15
v 8 1 15
v 9 1 15
v 11 1 15
v 13 1 15
v 18 1 15
v 19 1 15
v 20 1 15
v 21 1 15
v 22 1 15
v 23 1 15
v 26 1 15
v 27 1 15
v 36 1 15
v 37 1 15
v 40 1 15
v 41 1 15
v 46 1 15
v 47 1 15
v 50 1 15
v 52 1 15
v 61 1 15
v 63 1 15
v -58 1 14
v -57 1 14
v -50 1 14
v -49 1 14
v -47 1 14
v -46 1 14
v -45 1 14
v -44 1 14
v -41 1 14
v -40 1 14
v -38 1 14
v -37 1 14
v -36 1 14
v -35 1 14
v -26 1 14
v -24 1 14
v -23 1 14
v -22 1 14
v -21 1 14
v -20 1 14
v -18 1 14
v -13 1 14
v -2 1 14
v 2 1 14
v 13 1 14
v 18 1 14
v 20 1 14
v 21 1 14
v 22 1 14
v 23 1 14
v 24 1 14
v 26 1 14
v 35 1 14
v 36 1 14
v 37 1 14
v 38 1 14
v 40 1 14
v 41 1 14
v 44 1 14
v 45 1 14
v 46 1 14
v 47 1 14
v 49 1 14
v 50 1 14
v 57 1 14
v 58 1 14
v -61 1 13
v -58 1 13
v -57 1 13
v -56 1 13
v -52 1 13
v -51 1 13
v -50 1 13
v -48 1 13
v -47 1 13
v -45 1 13
v -44 1 13
v -40 1 13
v -38 1 13
v -36 1 13
v -35 1 13
v -34 1 13
v -27 1 13
v -24 1 13
v -23 1 13
v -22 1 13
v -21 1 13
v -1 1 13
v 1 1 13
v 21 1 13
v 22 1 13
v 23 1 13
v 24 1 13
v 27 1 13
v 34 1 13
v 35 1 13
v 36 1 13
v 38 1 13
v 40 1 13
v 44 1 13
v 45 1 13
v 47 1 13
v 48 1 13
v 50 1 13
v 51 1 13
v 52 1 13
v 56 1 13
v 57 1 13
v 58 1 13
v 61 1 13
v -63 1 12
v -61 1 12
v -56 1 12
v -55 1 12
v -34 1 12
v -31 1 12
v -27 1 12
v -25 1 12
v -24 1 12
v -23 1 12
v -22 1 12
v -9 1 12
v -7 1 12
v -2 1 12
v -1 1 12
v 1 1 12
v 2 1 12
v 7 1 12
v 9 1 12
v 22 1 12
v 23 1 12
v 24 1 12
v 25 1 12
v 27 1 12
v 31 1 12
v 34 1 12
v 55 1 12
v 56 1 12
v 61 1 12
v 63 1 12
v -55 1 11
v -53 1 11
v -51 1 11
v -50 1 11
v -49 1 11
v -48 1 11
v -38 1 11
v -37 1 11
v -33 1 11
v -31 1 11
v -30 1 11
v -25 1 11
v -24 1 11
v -23 1 11
v -21 1 11
v -20 1 11
v -16 1 11
v -12 1 11
v -11 1 11
v -4 1 11
v -3 1 11
v 3 1 11
v 4 1 11
v 11 1 11
v 12 1 11
v 16 1 11
v 20 1 11
v 21 1 11
v 23 1 11
v 24 1 11
v 25 1 11
v 30 1 11
v 31 1 11
v 33 1 11
v 37 1 11
v 38 1 11
v 48 1 11
v 49 1 11
v 50 1 11
v 51 1 11
v 53 1 11
v 55 1 11
v -57 1 10
v -53 1 10
v -50 1 10
v -49 1 10
v -48 1 10
v -46 1 10
v -38 1 10
v -36 1 10
v -34 1 10
v -33 1 10
v -30 1 10
v -28 1 10
v -25 1 10
v -24 1 10
v -23 1 10
v -22 1 10
v -20 1 10
v -19 1 10
v -13 1 10
v -12 1 10
v -7 1 10
v -6 1 10
v -3 1 10
v -2 1 10
v 2 1 10
v 3 1 10
v 6 1 10
v 7 1 10
v 12 1 10
v 13 1 10
v 19 1 10
v 20 1 10
v 22 1 10
v 23 1 10
v 24 1 10
v 25 1 10
v 28 1 10
v 30 1 10
v 33 1 10
v 34 1 10
v 36 1 10
v 38 1 10
v 46 1 10
v 48 1 10
v 49 1 10
v 50 1 10
v 53 1 10
v 57 1 10
v -60 1 9
v -59 1 9
v -57 1 9
v -56 1 9
v -55 1 9
v -53 1 9
v -52 1 9
v -51 1 9
v -50 1 9
v -46 1 9
v -42 1 9
v -35 1 9
v -34 1 9
v -33 1 9
v -19 1 9
v -18 1 9
v -14 1 9
v -13 1 9
v -11 1 9
v -10 1 9
v -6 1 9
v -4 1 9
v 4 1 9
v 6 1 9
v 10 1 9
v 11 1 9
v 13 1 9
v 14 1 9
v 18 1 9
v 19 1 9
v 33 1 9
v 34 1 9
v 35 1 9
v 42 1 9
v 46 1 9
v 50 1 9
v 51 1 9
v 52 1 9
v 53 1 9
v 55 1 9
v 56 1 9
v 57 1 9
v 59 1 9
v 60 1 9
v -63 1 8
v -62 1 8
v -60 1 8
v -59 1 8
v -58 1 8
v -56 1 8
v -55 1 8
v -54 1 8
v -53 1 8
v -52 1 8
v -51 1 8
v -42 1 8
v -40 1 8
v -36 1 8
v -35 1 8
v -33 1 8
v -32 1 8
v -22 1 8
v -21 1 8
v -20 1 8
v -18 1 8
v -17 1 8
v -16 1 8
v -10 1 8
v -8 1 8
v -7 1 8
v -6 1 8
v -5 1 8
v -3 1 8
v 3 1 8
v 5 1 8
v 6 1 8
v 7 1 8
v 8 1 8
v 10 1 8
v 16 1 8
v 17 1 8
v 18 1 8
v 20 1 8
v 21 1 8
v 22 1 8
v 32 1 8
v 33 1 8
v 35 1 8
v 36 1 8
v 40 1 8
v 42 1 8
v 51 1 8
v 52 1 8
v 53 1 8
v 54 1 8
v 55 1 8
v 56 1 8
v 58 1 8
v 59 1 8
v 60 1 8
v 62 1 8
v 63 1 8
v -61 1 7
v -60 1 7
v -58 1 7
v -52 1 7
v -51 1 7
v -50 1 7
v -49 1 7
v -48 1 7
v -46 1 7
v -43 1 7
v -40 1 7
v -38 1 7
v -37 1 7
v -36 1 7
v -34 1 7
v -33 1 7
v -32 1 7
v -31 1 7
v -28 1 7
v -27 1 7
v -23 1 7
v -22 1 7
v -18 1 7
v -17 1 7
v -16 1 7
v -14 1 7
v -8 1 7
v -7 1 7
v -6 1 7
v -5 1 7
v 5 1 7
v 6 1 7
v 7 1 7
v 8 1 7
v 14 1 7
v 16 1 7
v 17 1 7
v 18 1 7
v 22 1 7
v 23 1 7
v 27 1 7
v 28 1 7
v 31 1 7
v 32 1 7
v 33 1 7
v 34 1 7
v 36 1 7
v 37 1 7
v 38 1 7
v 40 1 7
v 43 1 7
v 46 1 7
v 48 1 7
v 49 1 7
v 50 1 7
v 51 1 7
v 52 1 7
v 58 1 7
v 60 1 7
v 61 1 7
v -50 1 6
v -49 1 6
v -48 1 6
v -47 1 6
v -46 1 6
v -43 1 6
v -41 1 6
v -37 1 6
v -36 1 6
v -31 1 6
v -30 1 6
v -27 1 6
v -25 1 6
v -21 1 6
v -20 1 6
v -18 1 6
v -17 1 6
v -16 1 6
v -15 1 6
v -14 1 6
v -9 1 6
v -8 1 6
v -7 1 6
v -6 1 6
v 6 1 6
v 7 1 6
v 8 1 6
v 9 1 6
v 14 1 6
v 15 1 6
v 16 1 6
v 17 1 6
v 18 1 6
v 20 1 6
v 21 1 6
v 25 1 6
v 27 1 6
v 30 1 6
v 31 1 6
v 36 1 6
v 37 1 6
v 41 1 6
v 43 1 6
v 46 1 6
v 47 1 6
v 48 1 6
v 49 1 6
v 50 1 6
v -61 1 5
v -60 1 5
v -51 1 5
v -50 1 5
v -41 1 5
v -40 1 5
v -30 1 5
v -29 1 5
v -24 1 5
v -23 1 5
v -21 1 5
v -20 1 5
v -19 1 5
v -18 1 5
v -17 1 5
v -16 1 5
v -15 1 5
v -13 1 5
v -10 1 5
v -9 1 5
v -8 1 5
v -7 1 5
v -6 1 5
v -3 1 5
v 3 1 5
v 6 1 5
v 7 1 5
v 8 1 5
v 9 1 5
v 10 1 5
v 13 1 5
v 15 1 5
v 16 1 5
v 17 1 5
v 18 1 5
v 19 1 5
v 20 1 5
v 21 1 5
v 23 1 5
v 24 1 5
v 29 1 5
v 30 1 5
v 40 1 5
v 41 1 5
v 50 1 5
v 51 1 5
v 60 1 5
v 61 1 5
v -50 1 4
v -49 1 4
v -47 1 4
v -46 1 4
v -40 1 4
v -39 1 4
v -29 1 4
v -28 1 4
v -22 1 4
v -21 1 4
v -20 1 4
v -19 1 4
v -18 1 4
v -13 1 4
v -12 1 4
v -11 1 4
v -10 1 4
v -9 1 4
v -4 1 4
v -3 1 4
v -1 1 4
v 1 1 4
v 3 1 4
v 4 1 4
v 9 1 4
v 10 1 4
v 11 1 4
v 12 1 4
v 13 1 4
v 18 1 4
v 19 1 4
v 20 1 4
v 21 1 4
v 22 1 4
v 28 1 4
v 29 1 4
v 39 1 4
v 40 1 4
v 46 1 4
v 47 1 4
v 49 1 4
v 50 1 4
v -63 1 3
v -62 1 3
v -54 1 3
v -53 1 3
v -51 1 3
v -50 1 3
v -48 1 3
v -46 1 3
v -45 1 3
v -39 1 3
v -38 1 3
v -37 1 3
v -36 1 3
v -34 1 3
v -33 1 3
v -28 1 3
v -27 1 3
v -22 1 3
v -21 1 3
v -20 1 3
v -19 1 3
v -15 1 3
v -14 1 3
v -5 1 3
v -4 1 3
v -2 1 3
v -1 1 3
v 1 1 3
v 2 1 3
v 4 1 3
v 5 1 3
v 14 1 3
v 15 1 3
v 19 1 3
v 20 1 3
v 21 1 3
v 22 1 3
v 27 1 3
v 28 1 3
v 33 1 3
v 34 1 3
v 36 1 3
v 37 1 3
v 38 1 3
v 39 1 3
v 45 1 3
v 46 1 3
v 48 1 3
v 50 1 3
v 51 1 3
v 53 1 3
v 54 1 3
v 62 1 3
v 63 1 3
v -62 1 2
v -61 1 2
v -54 1 2
v -48 1 2
v -47 1 2
v -45 1 2
v -43 1 2
v -42 1 2
v -41 1 2
v -39 1 2
v -37 1 2
v -36 1 2
v -34 1 2
v -29 1 2
v -27 1 2
v -24 1 2
v -23 1 2
v -22 1 2
v -21 1 2
v -20 1 2
v -14 1 2
v -12 1 2
v -11 1 2
v -10 1 2
v -9 1 2
v -8 1 2
v -7 1 2
v -5 1 2
v 5 1 2
v 7 1 2
v 8 1 2
v 9 1 2
v 10 1 2
v 11 1 2
v 12 1 2
v 14 1 2
v 20 1 2
v 21 1 2
v 22 1 2
v 23 1 2
v 24 1 2
v 27 1 2
v 29 1 2
v 34 1 2
v 36 1 2
v 37 1 2
v 39 1 2
v 41 1 2
v 42 1 2
v 43 1 2
v 45 1 2
v 47 1 2
v 48 1 2
v 54 1 2
v 61 1 2
v 62 1 2
v -63 1 1
v -62 1 1
v -61 1 1
v -54 1 1
v -53 1 1
v -52 1 1
v -51 1 1
v -46 1 1
v -44 1 1
v -42 1 1
v -41 1 1
v -39 1 1
v -37 1 1
v -34 1 1
v -33 1 1
v -29 1 1
v -25 1 1
v -24 1 1
v -23 1 1
v -22 1 1
v -21 1 1
v -17 1 1
v -16 1 1
v -9 1 1
v -7 1 1
v -3 1 1
v -2 1 1
v 2 1 1
v 3 1 1
v 7 1 1
v 9 1 1
v 16 1 1
v 17 1 1
v 21 1 1
v 22 1 1
v 23 1 1
v 24 1 1
v 25 1 1
v 29 1 1
v 33 1 1
v 34 1 1
v 37 1 1
v 39 1 1
v 41 1 1
v 42 1 1
v 44 1 1
v 46 1 1
v 51 1 1
v 52 1 1
v 53 1 1
v 54 1 1
v 61 1 1
v 62 1 1
v 63 1 1
v -63 1 -1
v -62 1 -1
v -61 1 -1
v -54 1 -1
v -53 1 -1
v -52 1 -1
v -51 1 -1
v -46 1 -1
v -44 1 -1
v -42 1 -1
v -41 1 -1
v -39 1 -1
v -37 1 -1
v -34 1 -1
v -33 1 -1
v -29 1 -1
v -25 1 -1
v -24 1 -1
v -23 1 -1
v -22 1 -1
v -21 1 -1
v -17 1 -1
v -16 1 -1
v -9 1 -1
v -7 1 -1
v -3 1 -1
v -2 1 -1
v 2 1 -1
v 3 1 -1
v 7 1 -1
v 9 1 -1
v 16 1 -1
v 17 1 -1
v 21 1 -1
v 22 1 -1
v 23 1 -1
v 24 1 -1
v 25 1 -1
v 29 1 -1
v 33 1 -1
v 34 1 -1
v 37 1 -1
v 39 1 -1
v 41 1 -1
v 42 1 -1
v 44 1 -1
v 46 1 -1
v 51 1 -1
v 52 1 -1
v 53 1 -1
v 54 1 -1
v 61 1 -1
v 62 1 -1
v 63 1 -1
v -62 1 -2
v -61 1 -2
v -54 1 -2
v -48 1 -2
v -47 1 -2
v -45 1 -2
v -43 1 -2
v -42 1 -2
v -41 1 -2
v -39 1 -2
v -37 1 -2
v -36 1 -2
v -34 1 -2
v -29 1 -2
v -27 1 -2
v -24 1 -2
v -23 1 -2
v -22 1 -2
v -21 1 -2
v -20 1 -2
v -14 1 -2
v -12 1 -2
v -11 1 -2
v -10 1 -2
v -9 1 -2
v -8 1 -2
v -7 1 -2
v -5 1 -2
v 5 1 -2
v 7 1 -2
v 8 1 -2
v 9 1 -2
v 10 1 -2
v 11 1 -2
v 12 1 -2
v 14 1 -2
v 20 1 -2
v 21 1 -2
v 22 1 -2
v 23 1 -2
v 24 1 -2
v 27 1 -2
v 29 1 -2
v 34 1 -2
v 36 1 -2
v 37 1 -2
v 39 1 -2
v 41 1 -2
v 42 1 -2
v 43 1 -2
v 45 1 -2
v 47 1 -2
v 48 1 -2
v 54 1 -2
v 61 1 -2
v 62 1 -2
v -63 1 -3
v -62 1 -3
v -54 1 -3
v -53 1 -3
v -51 1 -3
v -50 1 -3
v -48 1 -3
v -46 1 -3
v -45 1 -3
v -39 1 -3
v -38 1 -3
v -37 1 -3
v -36 1 -3
v -34 1 -3
v -33 1 -3
v -28 1 -3
v -27 1 -3
v -22 1 -3
v -21 1 -3
v -20 1 -3
v -19 1 -3
v -15 1 -3
v -14 1 -3
v -5 1 -3
v -4 1 -3
v -2 1 -3
v -1 1 -3
v 1 1 -3
v 2 1 -3
v 4 1 -3
v 5 1 -3
v 14 1 -3
v 15 1 -3
v 19 1 -3
v 20 1 -3
v 21 1 -3
v 22 1 -3
v 27 1 -3
v 28 1 -3
v 33 1 -3
v 34 1 -3
v 36 1 -3
v 37 1 -3
v 38 1 -3
v 39 1 -3
v 45 1 -3
v 46 1 -3
v 48 1 -3
v 50 1 -3
v 51 1 -3
v 53 1 -3
v 54 1 -3
v 62 1 -3
v 63 1 -3
v -50 1 -4
v -49 1 -4
v -47 1 -4
v -46 1 -4
v -40 1 -4
v -39 1 -4
v -29 1 -4
v -28 1 -4
v -22 1 -4
v -21 1 -4
v -20 1 -4
v -19 1 -4
v -18 1 -4
v -13 1 -4
v -12 1 -4
v -11 1 -4
v -10 1 -4
v -9 1 -4
v -4 1 -4
v -3 1 -4
v -1 1 -4
v 1 1 -4
v 3 1 -4
v 4 1 -4
v 9 1 -4
v 10 1 -4
v 11 1 -4
v 12 1 -4
v 13 1 -4
v 18 1 -4
v 19 1 -4
v 20 1 -4
v 21 1 -4
v 22 1 -4
v 28 1 -4
v 29 1 -4
v 39 1 -4
v 40 1 -4
v 46 1 -4
v 47 1 -4
v 49 1 -4
v 50 1 -4
v -61 1 -5
v -60 1 -5
v -51 1 -5
v -50 1 -5
v -41 1 -5
v -40 1 -5
v -30 1 -5
v -29 1 -5
v -24 1 -5
v -23 1 -5
v -21 1 -5
v -20 1 -5
v -19 1 -5
v -18 1 -5
v -17 1 -5
v -16 1 -5
v -15 1 -5
v -13 1 -5
v -10 1 -5
v -9 1 -5
v -8 1 -5
v -7 1 -5
v -6 1 -5
v -3 1 -5
v 3 1 -5
v 6 1 -5
v 7 1 -5
v 8 1 -5
v 9 1 -5
v 10 1 -5
v 13 1 -5
v 15 1 -5
v 16 1 -5
v 17 1 -5
v 18 1 -5
v 19 1 -5
v 20 1 -5
v 21 1 -5
v 23 1 -5
v 24 1 -5
v 29 1 -5
v 30 1 -5
v 40 1 -5
v 41 1 -5
v 50 1 -5
v 51 1 -5
v 60 1 -5
v 61 1 -5
v -50 1 -6
v -49 1 -6
v -48 1 -6
v -47 1 -6
v -46 1 -6
v -43 1 -6
v -41 1 -6
v -37 1 -6
v -36 1 -6
v -31 1 -6
v -30 1 -6
v -27 1 -6
v -25 1 -6
v -21 1 -6
v -20 1 -6
v -18 1 -6
v -17 1 -6
v -16 1 -6
v -15 1 -6
v -14 1 -6
v -9 1 -6
v -8 1 -6
v -7 1 -6
v -6 1 -6
v 6 1 -6
v 7 1 -6
v 8 1 -6
v 9 1 -6
v 14 1 -6
v 15 1 -6
v 16 1 -6
v 17 1 -6
v 18 1 -6
v 20 1 -6
v 21 1 -6
v 25 1 -6
v 27 1 -6
v 30 1 -6
v 31 1 -6
v 36 1 -6
v 37 1 -6
v 41 1 -6
v 43 1 -6
v 46 1 -6
v 47 1 -6
v 48 1 -6
v 49 1 -6
v 50 1 -6
v -61 1 -7
v -60 1 -7
v -58 1 -7
v -52 1 -7
v -51 1 -7
v -50 1 -7
v -49 1 -7
v -48 1 -7
v -46 1 -7
v -43 1 -7
v -40 1 -7
v -38 1 -7
v -37 1 -7
v -36 1 -7
v -34 1 -7
v -33 1 -7
v -32 1 -7
v -31 1 -7
v -28 1 -7
v -27 1 -7
v -23 1 -7
v -22 1 -7
v -18 1 -7
v -17 1 -7
v -16 1 -7
v -14 1 -7
v -8 1 -7
v -7 1 -7
v -6 1 -7
v -5 1 -7
v 5 1 -7
v 6 1 -7
v 7 1 -7
v 8 1 -7
v 14 1 -7
v 16 1 -7
v 17 1 -7
v 18 1 -7
v 22 1 -7
v 23 1 -7
v 27 1 -7
v 28 1 -7
v 31 1 -7
v 32 1 -7
v 33 1 -7
v 34 1 -7
v 36 1 -7
v 37 1 -7
v 38 1 -7
v 40 1 -7
v 43 1 -7
v 46 1 -7
v 48 1 -7
v 49 1 -7
v 50 1 -7
v 51 1 -7
v 52 1 -7
v 58 1 -7
v 60 1 -7
v 61 1 -7
v -63 1 -8
v -62 1 -8
v -60 1 -8
v -59 1 -8
v -58 1 -8
v -56 1 -8
v -55 1 -8
v -54 1 -8
v -53 1 -8
v -52 1 -8
v -51 1 -8
v -42 1 -8
v -40 1 -8
v -36 1 -8
v -35 1 -8
v -33 1 -8
v -32 1 -8
v -22 1 -8
v -21 1 -8
v -20 1 -8
v -18 1 -8
v -17 1 -8
v -16 1 -8
v -10 1 -8
v -8 1 -8
v -7 1 -8
v -6 1 -8
v -5 1 -8
v -3 1 -8
v 3 1 -8
v 5 1 -8
v 6 1 -8
v 7 1 -8
v 8 1 -8
v 10 1 -8
v 16 1 -8
v 17 1 -8
v 18 1 -8
v 20 1 -8
v 21 1 -8
v 22 1 -8
v 32 1 -8
v 33 1 -8
v 35 1 -8
v 36 1 -8
v 40 1 -8
v 42 1 -8
v 51 1 -8
v 52 1 -8
v 53 1 -8
v 54 1 -8
v 55 1 -8
v 56 1 -8
v 58 1 -8
v 59 1 -8
v 60 1 -8
v 62 1 -8
v 63 1 -8
v -60 1 -9
v -59 1 -9
v -57 1 -9
v -56 1 -9
v -55 1 -9
v -53 1 -9
v -52 1 -9
v -51 1 -9
v -50 1 -9
v -46 1 -9
v -42 1 -9
v -35 1 -9
v -34 1 -9
v -33 1 -9
v -19 1 -9
v -18 1 -9
v -14 1 -9
v -13 1 -9
v -11 1 -9
v -10 1 -9
v -6 1 -9
v -4 1 -9
v 4 1 -9
v 6 1 -9
v 10 1 -9
v 11 1 -9
v 13 1 -9
v 14 1 -9
v 18 1 -9
v 19 1 -9
v 33 1 -9
v 34 1 -9
v 35 1 -9
v 42 1 -9
v 46 1 -9
v 50 1 -9
v 51 1 -9
v 52 1 -9
v 53 1 -9
v 55 1 -9
v 56 1 -9
v 57 1 -9
v 59 1 -9
v 60 1 -9
v -57 1 -10
v -53 1 -10
v -50 1 -10
v -49 1 -10
v -48 1 -10
v -46 1 -10
v -38 1 -10
v -36 1 -10
v -34 1 -10
v -33 1 -10
v -30 1 -10
v -28 1 -10
v -25 1 -10
v -24 1 -10
v -23 1 -10
v -22 1 -10
v -20 1 -10
v -19 1 -10
v -13 1 -10
v -12 1 -10
v -7 1 -10
v -6 1 -10
v -3 1 -10
v -2 1 -10
v 2 1 -10
v 3 1 -10
v 6 1 -10
v 7 1 -10
v 12 1 -10
v 13 1 -10
v 19 1 -10
v 20 1 -10
v 22 1 -10
v 23 1 -10
v 24 1 -10
v 25 1 -10
v 28 1 -10
v 30 1 -10
v 33 1 -10
v 34 1 -10
v 36 1 -10
v 38 1 -10
v 46 1 -10
v 48 1 -10
v 49 1 -10
v 50 1 -10
v 53 1 -10
v 57 1 -10
v -55 1 -11
v -53 1 -11
v -51 1 -11
v -50 1 -11
v -49 1 -11
v -48 1 -11
v -38 1 -11
v -37 1 -11
v -33 1 -11
v -31 1 -11
v -30 1 -11
v -25 1 -11
v -24 1 -11
v -23 1 -11
v -21 1 -11
v -20 1 -11
v -16 1 -11
v -12 1 -11
v -11 1 -11
v -4 1 -11
v -3 1 -11
v 3 1 -11
v 4 1 -11
v 11 1 -11
v 12 1 -11
v 16 1 -11
v 20 1 -11
v 21 1 -11
v 23 1 -11
v 24 1 -11
v 25 1 -11
v 30 1 -11
v 31 1 -11
v 33 1 -11
v 37 1 -11
v 38 1 -11
v 48 1 -11
v 49 1 -11
v 50 1 -11
v 51 1 -11
v 53 1 -11
v 55 1 -11
v -63 1 -12
v -61 1 -12
v -56 1 -12
v -55 1 -12
v -34 1 -12
v -31 1 -12
v -27 1 -12
v -25 1 -12
v -24 1 -12
v -23 1 -12
v -22 1 -12
v -9 1 -12
v -7 1 -12
v -2 1 -12
v -1 1 -12
v 1 1 -12
v 2 1 -12
v 7 1 -12
v 9 1 -12
v 22 1 -12
v 23 1 -12
v 24 1 -12
v 25 1 -12
v 27 1 -12
v 31 1 -12
v 34 1 -12
v 55 1 -12
v 56 1 -12
v 61 1 -12
v 63 1 -12
v -61 1 -13
v -58 1 -13
v -57 1 -13
v -56 1 -13
v -52 1 -13
v -51 1 -13
v -50 1 -13
v -48 1 -13
v -47 1 -13
v -45 1 -13
v -44 1 -13
v -40 1 -13
v -38 1 -13
v -36 1 -13
v -35 1 -13
v -34 1 -13
v -27 1 -13
v -24 1 -13
v -23 1 -13
v -22 1 -13
v -21 1 -13
v -1 1 -13
v 1 1 -13
v 21 1 -13
v 22 1 -13
v 23 1 -13
v 24 1 -13
v 27 1 -13
v 34 1 -13
v 35 1 -13
v 36 1 -13
v 38 1 -13
v 40 1 -13
v 44 1 -13
v 45 1 -13
v 47 1 -13
v 48 1 -13
v 50 1 -13
v 51 1 -13
v 52 1 -13
v 56 1 -13
v 57 1 -13
v 58 1 -13
v 61 1 -13
v -58 1 -14
v -57 1 -14
v -50 1 -14
v -49 1 -14
v -47 1 -14
v -46 1 -14
v -45 1 -14
v -44 1 -14
v -41 1 -14
v -40 1 -14
v -38 1 -14
v -37 1 -14
v -36 1 -14
v -35 1 -14
v -26 1 -14
v -24 1 -14
v -23 1 -14
v -22 1 -14
v -21 1 -14
v -20 1 -14
v -18 1 -14
v -13 1 -14
v -2 1 -14
v 2 1 -14
v 13 1 -14
v 18 1 -14
v 20 1 -14
v 21 1 -14
v 22 1 -14
v 23 1 -14
v 24 1 -14
v 26 1 -14
v 35 1 -14
v 36 1 -14
v 37 1 -14
v 38 1 -14
v 40 1 -14
v 41 1 -14
v 44 1 -14
v 45 1 -14
v 46 1 -14
v 47 1 -14
v 49 1 -14
v 50 1 -14
v 57 1 -14
v 58 1 -14
v -63 1 -15
v -61 1 -15
v -52 1 -15
v -50 1 -15
v -47 1 -15
v -46 1 -15
v -41 1 -15
v -40 1 -15
v -37 1 -15
v -36 1 -15
v -27 1 -15
v -26 1 -15
v -23 1 -15
v -22 1 -15
v -21 1 -15
v -20 1 -15
v -19 1 -15
v -18 1 -15
v -13 1 -15
v -11 1 -15
v -9 1 -15
v -8 1 -15
v -3 1 -15
v -2 1 -15
v -1 1 -15
v 1 1 -15
v 2 1 -15
v 3 1 -15
v 8 1 -15
v 9 1 -15
v 11 1 -15
v 13 1 -15
v 18 1 -15
v 19 1 -15
v 20 1 -15
v 21 1 -15
v 22 1 -15
v 23 1 -15
v 26 1 -15
v 27 1 -15
v 36 1 -15
v 37 1 -15
v 40 1 -15
v 41 1 -15
v 46 1 -15
v 47 1 -15
v 50 1 -15
v 52 1 -15
v 61 1 -15
v 63 1 -15
v -61 1 -16
v -60 1 -16
v -49 1 -16
v -47 1 -16
v -46 1 -16
v -41 1 -16
v -40 1 -16
v -39 1 -16
v -28 1 -16
v -27 1 -16
v -24 1 -16
v -23 1 -16
v -21 1 -16
v -20 1 -16
v -11 1 -16
v -10 1 -16
v -4 1 -16
v -3 1 -16
v -2 1 -16
v -1 1 -16
v 1 1 -16
v 2 1 -16
v 3 1 -16
v 4 1 -16
v 10 1 -16
v 11 1 -16
v 20 1 -16
v 21 1 -16
v 23 1 -16
v 24 1 -16
v 27 1 -16
v 28 1 -16
v 39 1 -16
v 40 1 -16
v 41 1 -16
v 46 1 -16
v 47 1 -16
v 49 1 -16
v 60 1 -16
v 61 1 -16
v -53 1 -17
v -51 1 -17
v -46 1 -17
v -44 1 -17
v -40 1 -17
v -39 1 -17
v -38 1 -17
v -36 1 -17
v -35 1 -17
v -34 1 -17
v -33 1 -17
v -29 1 -17
v -28 1 -17
v -19 1 -17
v -18 1 -17
v -8 1 -17
v -7 1 -17
v -5 1 -17
v -4 1 -17
v -3 1 -17
v -2 1 -17
v 2 1 -17
v 3 1 -17
v 4 1 -17
v 5 1 -17
v 7 1 -17
v 8 1 -17
v 18 1 -17
v 19 1 -17
v 28 1 -17
v 29 1 -17
v 33 1 -17
v 34 1 -17
v 35 1 -17
v 36 1 -17
v 38 1 -17
v 39 1 -17
v 40 1 -17
v 44 1 -17
v 46 1 -17
v 51 1 -17
v 53 1 -17
v -60 1 -18
v -59 1 -18
v -51 1 -18
v -50 1 -18
v -44 1 -18
v -43 1 -18
v -39 1 -18
v -38 1 -18
v -37 1 -18
v -36 1 -18
v -33 1 -18
v -29 1 -18
v -25 1 -18
v -24 1 -18
v -20 1 -18
v -19 1 -18
v -18 1 -18
v -10 1 -18
v -9 1 -18
v -6 1 -18
v -5 1 -18
v -4 1 -18
v -3 1 -18
v -2 1 -18
v 2 1 -18
v 3 1 -18
v 4 1 -18
v 5 1 -18
v 6 1 -18
v 9 1 -18
v 10 1 -18
v 18 1 -18
v 19 1 -18
v 20 1 -18
v 24 1 -18
v 25 1 -18
v 29 1 -18
v 33 1 -18
v 36 1 -18
v 37 1 -18
v 38 1 -18
v 39 1 -18
v 43 1 -18
v 44 1 -18
v 50 1 -18
v 51 1 -18
v 59 1 -18
v 60 1 -18
v -59 1 -19
v -58 1 -19
v -50 1 -19
v -49 1 -19
v -46 1 -19
v -43 1 -19
v -42 1 -19
v -38 1 -19
v -37 1 -19
v -36 1 -19
v -35 1 -19
v -7 1 -19
v -6 1 -19
v -5 1 -19
v -4 1 -19
v 4 1 -19
v 5 1 -19
v 6 1 -19
v 7 1 -19
v 35 1 -19
v 36 1 -19
v 37 1 -19
v 38 1 -19
v 42 1 -19
v 43 1 -19
v 46 1 -19
v 49 1 -19
v 50 1 -19
v 58 1 -19
v 59 1 -19
v -46 1 -20
v -45 1 -20
v -38 1 -20
v -37 1 -20
v -36 1 -20
v -8 1 -20
v -7 1 -20
v -5 1 -20
v -4 1 -20
v 4 1 -20
v 5 1 -20
v 7 1 -20
v 8 1 -20
v 36 1 -20
v 37 1 -20
v 38 1 -20
v 45 1 -20
v 46 1 -20
v -54 1 -21
v -53 1 -21
v -52 1 -21
v -51 1 -21
v -45 1 -21
v -44 1 -21
v -42 1 -21
v -41 1 -21
v -40 1 -21
v -38 1 -21
v -36 1 -21
v -34 1 -21
v -31 1 -21
v -20 1 -21
v -19 1 -21
v -16 1 -21
v -12 1 -21
v -11 1 -21
v -9 1 -21
v -8 1 -21
v -6 1 -21
v -5 1 -21
v 5 1 -21
v 6 1 -21
v 8 1 -21
v 9 1 -21
v 11 1 -21
v 12 1 -21
v 16 1 -21
v 19 1 -21
v 20 1 -21
v 31 1 -21
v 34 1 -21
v 36 1 -21
v 38 1 -21
v 40 1 -21
v 41 1 -21
v 42 1 -21
v 44 1 -21
v 45 1 -21
v 51 1 -21
v 52 1 -21
v 53 1 -21
v 54 1 -21
v -54 1 -22
v -52 1 -22
v -44 1 -22
v -43 1 -22
v -41 1 -22
v -40 1 -22
v -37 1 -22
v -36 1 -22
v -35 1 -22
v -31 1 -22
v -28 1 -22
v -25 1 -22
v -24 1 -22
v -21 1 -22
v -20 1 -22
v -19 1 -22
v -18 1 -22
v -16 1 -22
v -15 1 -22
v -12 1 -22
v -11 1 -22
v -9 1 -22
v -5 1 -22
v -4 1 -22
v 4 1 -22
v 5 1 -22
v 9 1 -22
v 11 1 -22
v 12 1 -22
v 15 1 -22
v 16 1 -22
v 18 1 -22
v 19 1 -22
v 20 1 -22
v 21 1 -22
v 24 1 -22
v 25 1 -22
v 28 1 -22
v 31 1 -22
v 35 1 -22
v 36 1 -22
v 37 1 -22
v 40 1 -22
v 41 1 -22
v 43 1 -22
v 44 1 -22
v 52 1 -22
v 54 1 -22
v -53 1 -23
v -52 1 -23
v -51 1 -23
v -50 1 -23
v -48 1 -23
v -43 1 -23
v -42 1 -23
v -38 1 -23
v -37 1 -23
v -36 1 -23
v -35 1 -23
v -34 1 -23
v -33 1 -23
v -28 1 -23
v -27 1 -23
v -22 1 -23
v -21 1 -23
v -20 1 -23
v -19 1 -23
v -18 1 -23
v -15 1 -23
v -12 1 -23
v -10 1 -23
v -8 1 -23
v -7 1 -23
v -4 1 -23
v -2 1 -23
v 2 1 -23
v 4 1 -23
v 7 1 -23
v 8 1 -23
v 10 1 -23
v 12 1 -23
v 15 1 -23
v 18 1 -23
v 19 1 -23
v 20 1 -23
v 21 1 -23
v 22 1 -23
v 27 1 -23
v 28 1 -23
v 33 1 -23
v 34 1 -23
v 35 1 -23
v 36 1 -23
v 37 1 -23
v 38 1 -23
v 42 1 -23
v 43 1 -23
v 48 1 -23
v 50 1 -23
v 51 1 -23
v 52 1 -23
v 53 1 -23
v -56 1 -24
v -55 1 -24
v -54 1 -24
v -53 1 -24
v -51 1 -24
v -50 1 -24
v -49 1 -24
v -48 1 -24
v -47 1 -24
v -35 1 -24
v -34 1 -24
v -33 1 -24
v -32 1 -24
v -28 1 -24
v -27 1 -24
v -25 1 -24
v -24 1 -24
v -22 1 -24
v -21 1 -24
v -20 1 -24
v -19 1 -24
v -18 1 -24
v -10 1 -24
v -9 1 -24
v -2 1 -24
v 2 1 -24
v 9 1 -24
v 10 1 -24
v 18 1 -24
v 19 1 -24
v 20 1 -24
v 21 1 -24
v 22 1 -24
v 24 1 -24
v 25 1 -24
v 27 1 -24
v 28 1 -24
v 32 1 -24
v 33 1 -24
v 34 1 -24
v 35 1 -24
v 47 1 -24
v 48 1 -24
v 49 1 -24
v 50 1 -24
v 51 1 -24
v 53 1 -24
v 54 1 -24
v 55 1 -24
v 56 1 -24
v -57 1 -25
v -56 1 -25
v -55 1 -25
v -54 1 -25
v -53 1 -25
v -52 1 -25
v -50 1 -25
v -49 1 -25
v -48 1 -25
v -47 1 -25
v -46 1 -25
v -39 1 -25
v -38 1 -25
v -32 1 -25
v -28 1 -25
v -27 1 -25
v -26 1 -25
v -25 1 -25
v -22 1 -25
v -21 1 -25
v -20 1 -25
v -10 1 -25
v -9 1 -25
v -8 1 -25
v -7 1 -25
v -6 1 -25
v -5 1 -25
v 5 1 -25
v 6 1 -25
v 7 1 -25
v 8 1 -25
v 9 1 -25
v 10 1 -25
v 20 1 -25
v 21 1 -25
v 22 1 -25
v 25 1 -25
v 26 1 -25
v 27 1 -25
v 28 1 -25
v 32 1 -25
v 38 1 -25
v 39 1 -25
v 46 1 -25
v 47 1 -25
v 48 1 -25
v 49 1 -25
v 50 1 -25
v 52 1 -25
v 53 1 -25
v 54 1 -25
v 55 1 -25
v 56 1 -25
v 57 1 -25
v -58 1 -26
v -57 1 -26
v -56 1 -26
v -55 1 -26
v -54 1 -26
v -53 1 -26
v -52 1 -26
v -48 1 -26
v -47 1 -26
v -46 1 -26
v -45 1 -26
v -36 1 -26
v -35 1 -26
v -33 1 -26
v -27 1 -26
v -26 1 -26
v -23 1 -26
v -20 1 -26
v -19 1 -26
v -11 1 -26
v -10 1 -26
v -8 1 -26
v -7 1 -26
v -5 1 -26
v -3 1 -26
v 3 1 -26
v 5 1 -26
v 7 1 -26
v 8 1 -26
v 10 1 -26
v 11 1 -26
v 19 1 -26
v 20 1 -26
v 23 1 -26
v 26 1 -26
v 27 1 -26
v 33 1 -26
v 35 1 -26
v 36 1 -26
v 45 1 -26
v 46 1 -26
v 47 1 -26
v 48 1 -26
v 52 1 -26
v 53 1 -26
v 54 1 -26
v 55 1 -26
v 56 1 -26
v 57 1 -26
v 58 1 -26
v -59 1 -27
v -58 1 -27
v -57 1 -27
v -56 1 -27
v -55 1 -27
v -47 1 -27
v -46 1 -27
v -45 1 -27
v -44 1 -27
v -38 1 -27
v -36 1 -27
v -35 1 -27
v -34 1 -27
v -27 1 -27
v -25 1 -27
v -23 1 -27
v -21 1 -27
v -20 1 -27
v -14 1 -27
v -11 1 -27
v -3 1 -27
v 3 1 -27
v 11 1 -27
v 14 1 -27
v 20 1 -27
v 21 1 -27
v 23 1 -27
v 25 1 -27
v 27 1 -27
v 34 1 -27
v 35 1 -27
v 36 1 -27
v 38 1 -27
v 44 1 -27
v 45 1 -27
v 46 1 -27
v 47 1 -27
v 55 1 -27
v 56 1 -27
v 57 1 -27
v 58 1 -27
v 59 1 -27
v -63 1 -28
v -61 1 -28
v -59 1 -28
v -58 1 -28
v -57 1 -28
v -56 1 -28
v -53 1 -28
v -52 1 -28
v -46 1 -28
v -45 1 -28
v -44 1 -28
v -43 1 -28
v -39 1 -28
v -38 1 -28
v -37 1 -28
v -35 1 -28
v -26 1 -28
v -25 1 -28
v -23 1 -28
v -21 1 -28
v -20 1 -28
v -16 1 -28
v -14 1 -28
v -8 1 -28
v -7 1 -28
v -6 1 -28
v -5 1 -28
v -4 1 -28
v 4 1 -28
v 5 1 -28
v 6 1 -28
v 7 1 -28
v 8 1 -28
v 14 1 -28
v 16 1 -28
v 20 1 -28
v 21 1 -28
v 23 1 -28
v 25 1 -28
v 26 1 -28
v 35 1 -28
v 37 1 -28
v 38 1 -28
v 39 1 -28
v 43 1 -28
v 44 1 -28
v 45 1 -28
v 46 1 -28
v 52 1 -28
v 53 1 -28
v 56 1 -28
v 57 1 -28
v 58 1 -28
v 59 1 -28
v 61 1 -28
v 63 1 -28
v -61 1 -29
v -60 1 -29
v -57 1 -29
v -44 1 -29
v -43 1 -29
v -42 1 -29
v -41 1 -29
v -39 1 -29
v -38 1 -29
v -37 1 -29
v -20 1 -29
v -16 1 -29
v -9 1 -29
v -8 1 -29
v 8 1 -29
v 9 1 -29
v 16 1 -29
v 20 1 -29
v 37 1 -29
v 38 1 -29
v 39 1 -29
v 41 1 -29
v 42 1 -29
v 43 1 -29
v 44 1 -29
v 57 1 -29
v 60 1 -29
v 61 1 -29
v -61 1 -30
v -60 1 -30
v -56 1 -30
v -55 1 -30
v -52 1 -30
v -51 1 -30
v -45 1 -30
v -44 1 -30
v -40 1 -30
v -39 1 -30
v -27 1 -30
v -26 1 -30
v -24 1 -30
v -23 1 -30
v -22 1 -30
v -21 1 -30
v -20 1 -30
v -19 1 -30
v -11 1 -30
v -9 1 -30
v -6 1 -30
v -5 1 -30
v -4 1 -30
v -3 1 -30
v 3 1 -30
v 4 1 -30
v 5 1 -30
v 6 1 -30
v 9 1 -30
v 11 1 -30
v 19 1 -30
v 20 1 -30
v 21 1 -30
v 22 1 -30
v 23 1 -30
v 24 1 -30
v 26 1 -30
v 27 1 -30
v 39 1 -30
v 40 1 -30
v 44 1 -30
v 45 1 -30
v 51 1 -30
v 52 1 -30
v 55 1 -30
v 56 1 -30
v 60 1 -30
v 61 1 -30
v -55 1 -31
v -54 1 -31
v -45 1 -31
v -44 1 -31
v -43 1 -31
v -41 1 -31
v -40 1 -31
v -38 1 -31
v -28 1 -31
v -27 1 -31
v -25 1 -31
v -24 1 -31
v -19 1 -31
v -13 1 -31
v -11 1 -31
v -10 1 -31
v -7 1 -31
v -6 1 -31
v -3 1 -31
v 3 1 -31
v 6 1 -31
v 7 1 -31
v 10 1 -31
v 11 1 -31
v 13 1 -31
v 19 1 -31
v 24 1 -31
v 25 1 -31
v 27 1 -31
v 28 1 -31
v 38 1 -31
v 40 1 -31
v 41 1 -31
v 43 1 -31
v 44 1 -31
v 45 1 -31
v 54 1 -31
v 55 1 -31
v -62 1 -32
v -61 1 -32
v -51 1 -32
v -50 1 -32
v -44 1 -32
v -42 1 -32
v -29 1 -32
v -28 1 -32
v -8 1 -32
v -7 1 -32
v -6 1 -32
v -5 1 -32
v -4 1 -32
v 4 1 -32
v 5 1 -32
v 6 1 -32
v 7 1 -32
v 8 1 -32
v 28 1 -32
v 29 1 -32
v 42 1 -32
v 44 1 -32
v 50 1 -32
v 51 1 -32
v 61 1 -32
v 62 1 -32
v -50 1 -33
v -45 1 -33
v -44 1 -33
v -43 1 -33
v -40 1 -33
v -39 1 -33
v -38 1 -33
v -29 1 -33
v -26 1 -33
v -25 1 -33
v -13 1 -33
v -12 1 -33
v -10 1 -33
v -9 1 -33
v -8 1 -33
v -6 1 -33
v -4 1 -33
v 4 1 -33
v 6 1 -33
v 8 1 -33
v 9 1 -33
v 10 1 -33
v 12 1 -33
v 13 1 -33
v 25 1 -33
v 26 1 -33
v 29 1 -33
v 38 1 -33
v 39 1 -33
v 40 1 -33
v 43 1 -33
v 44 1 -33
v 45 1 -33
v 50 1 -33
v -63 1 -34
v -62 1 -34
v -55 1 -34
v -54 1 -34
v -45 1 -34
v -43 1 -34
v -42 1 -34
v -41 1 -34
v -40 1 -34
v -39 1 -34
v -26 1 -34
v -24 1 -34
v -12 1 -34
v -10 1 -34
v -9 1 -34
v -8 1 -34
v -7 1 -34
v -6 1 -34
v 6 1 -34
v 7 1 -34
v 8 1 -34
v 9 1 -34
v 10 1 -34
v 12 1 -34
v 24 1 -34
v 26 1 -34
v 39 1 -34
v 40 1 -34
v 41 1 -34
v 42 1 -34
v 43 1 -34
v 45 1 -34
v 54 1 -34
v 55 1 -34
v 62 1 -34
v 63 1 -34
v -62 1 -35
v -61 1 -35
v -56 1 -35
v -55 1 -35
v -43 1 -35
v -42 1 -35
v -41 1 -35
v -21 1 -35
v -20 1 -35
v -14 1 -35
v -11 1 -35
v -10 1 -35
v -9 1 -35
v -8 1 -35
v -7 1 -35
v -6 1 -35
v 6 1 -35
v 7 1 -35
v 8 1 -35
v 9 1 -35
v 10 1 -35
v 11 1 -35
v 14 1 -35
v 20 1 -35
v 21 1 -35
v 41 1 -35
v 42 1 -35
v 43 1 -35
v 55 1 -35
v 56 1 -35
v 61 1 -35
v 62 1 -35
v -57 1 -36
v -56 1 -36
v -52 1 -36
v -49 1 -36
v -38 1 -36
v -28 1 -36
v -23 1 -36
v -22 1 -36
v -21 1 -36
v -20 1 -36
v -19 1 -36
v -15 1 -36
v -14 1 -36
v -12 1 -36
v -11 1 -36
v -10 1 -36
v -9 1 -36
v -8 1 -36
v -7 1 -36
v -6 1 -36
v 6 1 -36
v 7 1 -36
v 8 1 -36
v 9 1 -36
v 10 1 -36
v 11 1 -36
v 12 1 -36
v 14 1 -36
v 15 1 -36
v 19 1 -36
v 20 1 -36
v 21 1 -36
v 22 1 -36
v 23 1 -36
v 28 1 -36
v 38 1 -36
v 49 1 -36
v 52 1 -36
v 56 1 -36
v 57 1 -36
v -62 1 -37
v -61 1 -37
v -60 1 -37
v -58 1 -37
v -57 1 -37
v -53 1 -37
v -52 1 -37
v -49 1 -37
v -48 1 -37
v -44 1 -37
v -41 1 -37
v -40 1 -37
v -39 1 -37
v -38 1 -37
v -28 1 -37
v -27 1 -37
v -25 1 -37
v -24 1 -37
v -23 1 -37
v -21 1 -37
v -20 1 -37
v -19 1 -37
v -16 1 -37
v -14 1 -37
v -12 1 -37
v -11 1 -37
v -10 1 -37
v -9 1 -37
v -6 1 -37
v -5 1 -37
v 5 1 -37
v 6 1 -37
v 9 1 -37
v 10 1 -37
v 11 1 -37
v 12 1 -37
v 14 1 -37
v 16 1 -37
v 19 1 -37
v 20 1 -37
v 21 1 -37
v 23 1 -37
v 24 1 -37
v 25 1 -37
v 27 1 -37
v 28 1 -37
v 38 1 -37
v 39 1 -37
v 40 1 -37
v 41 1 -37
v 44 1 -37
v 48 1 -37
v 49 1 -37
v 52 1 -37
v 53 1 -37
v 57 1 -37
v 58 1 -37
v 60 1 -37
v 61 1 -37
v 62 1 -37
v -63 1 -38
v -62 1 -38
v -61 1 -38
v -60 1 -38
v -59 1 -38
v -58 1 -38
v -54 1 -38
v -53 1 -38
v -48 1 -38
v -46 1 -38
v -44 1 -38
v -43 1 -38
v -42 1 -38
v -41 1 -38
v -40 1 -38
v -39 1 -38
v -32 1 -38
v -27 1 -38
v -25 1 -38
v -24 1 -38
v -22 1 -38
v -21 1 -38
v -20 1 -38
v -16 1 -38
v -15 1 -38
v -13 1 -38
v -11 1 -38
v -10 1 -38
v -9 1 -38
v -8 1 -38
v -5 1 -38
v -2 1 -38
v 2 1 -38
v 5 1 -38
v 8 1 -38
v 9 1 -38
v 10 1 -38
v 11 1 -38
v 13 1 -38
v 15 1 -38
v 16 1 -38
v 20 1 -38
v 21 1 -38
v 22 1 -38
v 24 1 -38
v 25 1 -38
v 27 1 -38
v 32 1 -38
v 39 1 -38
v 40 1 -38
v 41 1 -38
v 42 1 -38
v 43 1 -38
v 44 1 -38
v 46 1 -38
v 48 1 -38
v 53 1 -38
v 54 1 -38
v 58 1 -38
v 59 1 -38
v 60 1 -38
v 61 1 -38
v 62 1 -38
v 63 1 -38
v -62 1 -39
v -61 1 -39
v -60 1 -39
v -59 1 -39
v -58 1 -39
v -56 1 -39
v -54 1 -39
v -48 1 -39
v -46 1 -39
v -43 1 -39
v -42 1 -39
v -40 1 -39
v -39 1 -39
v -35 1 -39
v -33 1 -39
v -32 1 -39
v -31 1 -39
v -24 1 -39
v -22 1 -39
v -21 1 -39
v -15 1 -39
v -14 1 -39
v -13 1 -39
v -12 1 -39
v -11 1 -39
v -8 1 -39
v -7 1 -39
v -2 1 -39
v -1 1 -39
v 1 1 -39
v 2 1 -39
v 7 1 -39
v 8 1 -39
v 11 1 -39
v 12 1 -39
v 13 1 -39
v 14 1 -39
v 15 1 -39
v 21 1 -39
v 22 1 -39
v 24 1 -39
v 31 1 -39
v 32 1 -39
v 33 1 -39
v 35 1 -39
v 39 1 -39
v 40 1 -39
v 42 1 -39
v 43 1 -39
v 46 1 -39
v 48 1 -39
v 54 1 -39
v 56 1 -39
v 58 1 -39
v 59 1 -39
v 60 1 -39
v 61 1 -39
v 62 1 -39
v -63 1 -40
v -62 1 -40
v -61 1 -40
v -59 1 -40
v -58 1 -40
v -56 1 -40
v -48 1 -40
v -35 1 -40
v -33 1 -40
v -31 1 -40
v -24 1 -40
v -22 1 -40
v -20 1 -40
v -14 1 -40
v -12 1 -40
v -7 1 -40
v -1 1 -40
v 1 1 -40
v 7 1 -40
v 12 1 -40
v 14 1 -40
v 20 1 -40
v 22 1 -40
v 24 1 -40
v 31 1 -40
v 33 1 -40
v 35 1 -40
v 48 1 -40
v 56 1 -40
v 58 1 -40
v 59 1 -40
v 61 1 -40
v 62 1 -40
v 63 1 -40

# faces
f 19/2/1 2/2/1 1/2/1
f 20/5/1 3/5/1 2/5/1
f 20/2/1 2/2/1 19/2/1
f 21/3/1 4/3/1 3/3/1
f 21/5/1 3/5/1 20/5/1
f 22/2/1 5/2/1 4/2/1
f 22/3/1 4/3/1 21/3/1
f 23/1/1 6/1/1 5/1/1
f 23/2/1 5/2/1 22/2/1
f 24/2/1 7/2/1 6/2/1
f 24/1/1 6/1/1 23/1/1
f 25/3/1 8/3/1 7/3/1
f 25/2/1 7/2/1 24/2/1
f 26/5/1 9/5/1 8/5/1
f 26/3/1 8/3/1 25/3/1
f 27/3/1 10/3/1 9/3/1
f 27/5/1 9/5/1 26/5/1
f 28/5/1 11/5/1 10/5/1
f 28/3/1 10/3/1 27/3/1
f 29/3/1 12/3/1 11/3/1
f 29/5/1 11/5/1 28/5/1
f 30/2/1 13/2/1 12/2/1
f 30/3/1 12/3/1 29/3/1
f 31/1/1 14/1/1 13/1/1
f 31/2/1 13/2/1 30/2/1
f 32/2/1 15/2/1 14/2/1
f 32/1/1 14/1/1 31/1/1
f 33/3/1 16/3/1 15/3/1
f 33/2/1 15/2/1 32/2/1
f 34/5/1 17/5/1 16/5/1
f 34/3/1 16/3/1 33/3/1
f 35/2/1 18/2/1 17/2/1
f 35/5/1 17/5/1 34/5/1
f 36/2/1 18/2/1 35/2/1
f 37/2/2 38/2/2 55/2/2
f 38/5/2 39/5/2 56/5/2
f 55/2/2 38/2/2 56/2/2
f 39/3/2 40/3/2 57/3/2
f 56/5/2 39/5/2 57/5/2
f 40/2/2 41/2/2 58/2/2
f 57/3/2 40/3/2 58/3/2
f 41/1/2 42/1/2 59/1/2
f 58/2/2 41/2/2 59/2/2
f 42/2/2 43/2/2 60/2/2
f 59/1/2 42/1/2 60/1/2
f 43/3/2 44/3/2 61/3/2
f 60/2/2 43/2/2 61/2/2
f 44/5/2 45/5/2 62/5/2
f 61/3/2 44/3/2 62/3/2
f 45/3/2 46/3/2 63/3/2
f 62/5/2 45/5/2 63/5/2
f 46/5/2 47/5/2 64/5/2
f 63/3/2 46/3/2 64/3/2
f 47/3/2 48/3/2 65/3/2
f 64/5/2 47/5/2 65/5/2
f 48/2/2 49/2/2 66/2/2
f 65/3/2 48/3/2 66/3/2
f 49/1/2 50/1/2 67/1/2
f 66/2/2 49/2/2 67/2/2
f 50/2/2 51/2/2 68/2/2
f 67/1/2 50/1/2 68/1/2
f 51/3/2 52/3/2 69/3/2
f 68/2/2 51/2/2 69/2/2
f 52/5/2 53/5/2 70/5/2
f 69/3/2 52/3/2 70/3/2
f 53/2/2 54/2/2 71/2/2
f 70/5/2 53/5/2 71/5/2
f 71/2/2 54/2/2 72/2/2
f 75/2/3 74/2/3 73/2/3
f 76/2/3 74/2/3 75/2/3
f 77/3/3 76/3/3 75/3/3
f 78/3/3 76/3/3 77/3/3
f 79/5/3 78/5/3 77/5/3
f 80/5/3 78/5/3 79/5/3
f 81/3/3 80/3/3 79/3/3
f 82/3/3 80/3/3 81/3/3
f 83/5/3 82/5/3 81/5/3
f 84/5/3 82/5/3 83/5/3
f 85/3/3 84/3/3 83/3/3
f 86/3/3 84/3/3 85/3/3
f 87/5/3 86/5/3 85/5/3
f 88/5/3 86/5/3 87/5/3
f 89/3/3 88/3/3 87/3/3
f 90/3/3 88/3/3 89/3/3
f 91/5/3 90/5/3 89/5/3
f 92/5/3 90/5/3 91/5/3
f 93/3/3 92/3/3 91/3/3
f 94/3/3 92/3/3 93/3/3
f 95/5/3 94/5/3 93/5/3
f 96/5/3 94/5/3 95/5/3
f 97/1/3 96/1/3 95/1/3
f 98/1/3 96/1/3 97/1/3
f 99/2/3 98/2/3 97/2/3
f 100/2/3 98/2/3 99/2/3
f 101/3/3 100/3/3 99/3/3
f 102/3/3 100/3/3 101/3/3
f 103/2/3 102/2/3 101/2/3
f 104/2/3 102/2/3 103/2/3
f 105/1/3 104/1/3 103/1/3
f 106/1/3 104/1/3 105/1/3
f 107/2/3 106/2/3 105/2/3
f 108/2/3 106/2/3 107/2/3
f 109/1/3 108/1/3 107/1/3
f 110/1/3 108/1/3 109/1/3
f 111/2/3 110/2/3 109/2/3
f 112/2/3 110/2/3 111/2/3
f 113/3/3 112/3/3 111/3/3
f 114/3/3 112/3/3 113/3/3
f 115/2/3 114/2/3 113/2/3
f 116/2/3 114/2/3 115/2/3
f 117/1/3 116/1/3 115/1/3
f 118/1/3 116/1/3 117/1/3
f 119/5/3 118/5/3 117/5/3
f 120/5/3 118/5/3 119/5/3
f 121/3/3 120/3/3 119/3/3
f 122/3/3 120/3/3 121/3/3
f 123/5/3 122/5/3 121/5/3
f 124/5/3 122/5/3 123/5/3
f 125/3/3 124/3/3 123/3/3
f 126/3/3 124/3/3 125/3/3
f 127/5/3 126/5/3 125/5/3
f 128/5/3 126/5/3 127/5/3
f 129/3/3 128/3/3 127/3/3
f 130/3/3 128/3/3 129/3/3
f 131/5/3 130/5/3 129/5/3
f 132/5/3 130/5/3 131/5/3
f 133/3/3 132/3/3 131/3/3
f 134/3/3 132/3/3 133/3/3
f 135/5/3 134/5/3 133/5/3
f 136/5/3 134/5/3 135/5/3
f 137/3/3 136/3/3 135/3/3
f 138/3/3 136/3/3 137/3/3
f 139/2/3 138/2/3 137/2/3
f 140/2/3 138/2/3 139/2/3
f 141/2/4 142/2/4 143/2/4
f 143/2/4 142/2/4 144/2/4
f 143/3/4 144/3/4 145/3/4
f 145/3/4 144/3/4 146/3/4
f 145/5/4 146/5/4 147/5/4
f 147/5/4 146/5/4 148/5/4
f 147/3/4 148/3/4 149/3/4
f 149/3/4 148/3/4 150/3/4
f 149/5/4 150/5/4 151/5/4
f 151/5/4 150/5/4 152/5/4
f 151/3/4 152/3/4 153/3/4
f 153/3/4 152/3/4 154/3/4
f 153/5/4 154/5/4 155/5/4
f 155/5/4 154/5/4 156/5/4
f 155/3/4 156/3/4 157/3/4
f 157/3/4 156/3/4 158/3/4
f 157/5/4 158/5/4 159/5/4
f 159/5/4 158/5/4 160/5/4
f 159/3/4 160/3/4 161/3/4
f 161/3/4 160/3/4 162/3/4
f 161/5/4 162/5/4 163/5/4
f 163/5/4 162/5/4 164/5/4
f 163/1/4 164/1/4 165/1/4
f 165/1/4 164/1/4 166/1/4
f 165/2/4 166/2/4 167/2/4
f 167/2/4 166/2/4 168/2/4
f 167/3/4 168/3/4 169/3/4
f 169/3/4 168/3/4 170/3/4
f 169/2/4 170/2/4 171/2/4
f 171/2/4 170/2/4 172/2/4
f 171/1/4 172/1/4 173/1/4
f 173/1/4 172/1/4 174/1/4
f 173/2/4 174/2/4 175/2/4
f 175/2/4 174/2/4 176/2/4
f 175/1/4 176/1/4 177/1/4
f 177/1/4 176/1/4 178/1/4
f 177/2/4 178/2/4 179/2/4
f 179/2/4 178/2/4 180/2/4
f 179/3/4 180/3/4 181/3/4
f 181/3/4 180/3/4 182/3/4
f 181/2/4 182/2/4 183/2/4
f 183/2/4 182/2/4 184/2/4
f 183/1/4 184/1/4 185/1/4
f 185/1/4 184/1/4 186/1/4
f 185/5/4 186/5/4 187/5/4
f 187/5/4 186/5/4 188/5/4
f 187/3/4 188/3/4 189/3/4
f 189/3/4 188/3/4 190/3/4
f 189/5/4 190/5/4 191/5/4
f 191/5/4 190/5/4 192/5/4
f 191/3/4 192/3/4 193/3/4
f 193/3/4 192/3/4 194/3/4
f 193/5/4 194/5/4 195/5/4
f 195/5/4 194/5/4 196/5/4
f 195/3/4 196/3/4 197/3/4
f 197/3/4 196/3/4 198/3/4
f 197/5/4 198/5/4 199/5/4
f 199/5/4 198/5/4 200/5/4
f 199/3/4 200/3/4 201/3/4
f 201/3/4 200/3/4 202/3/4
f 201/5/4 202/5/4 203/5/4
f 203/5/4 202/5/4 204/5/4
f 203/3/4 204/3/4 205/3/4
f 205/3/4 204/3/4 206/3/4
f 205/2/4 206/2/4 207/2/4
f 207/2/4 206/2/4 208/2/4
f 243/2/5 210/2/5 209/2/5
f 243/3/5 211/3/5 210/3/5
f 244/5/5 212/5/5 211/5/5
f 244/3/5 211/3/5 243/3/5
f 245/5/5 212/5/5 244/5/5
f 246/3/5 213/3/5 212/3/5
f 246/5/5 212/5/5 245/5/5
f 247/5/5 214/5/5 213/5/5
f 247/3/5 213/3/5 246/3/5
f 248/3/5 215/3/5 214/3/5
f 248/5/5 214/5/5 247/5/5
f 249/3/5 215/3/5 248/3/5
f 250/5/5 216/5/5 215/5/5
f 250/3/5 215/3/5 249/3/5
f 251/5/5 216/5/5 250/5/5
f 252/5/5 216/5/5 251/5/5
f 253/5/5 216/5/5 252/5/5
f 254/5/5 216/5/5 253/5/5
f 255/5/5 216/5/5 254/5/5
f 256/3/5 217/3/5 216/3/5
f 256/5/5 216/5/5 255/5/5
f 257/5/5 218/5/5 217/5/5
f 257/3/5 217/3/5 256/3/5
f 258/5/5 218/5/5 257/5/5
f 259/3/5 219/3/5 218/3/5
f 259/5/5 218/5/5 258/5/5
f 260/5/5 220/5/5 219/5/5
f 260/3/5 219/3/5 259/3/5
f 261/1/5 221/1/5 220/1/5
f 261/5/5 220/5/5 260/5/5
f 262/1/5 221/1/5 261/1/5
f 263/2/5 222/2/5 221/2/5
f 264/3/5 223/3/5 222/3/5
f 264/2/5 222/2/5 263/2/5
f 265/3/5 223/3/5 264/3/5
f 266/2/5 224/2/5 223/2/5
f 266/3/5 223/3/5 265/3/5
f 267/2/5 224/2/5 266/2/5
f 268/2/5 224/2/5 267/2/5
f 269/1/5 225/1/5 224/1/5
f 269/2/5 224/2/5 268/2/5
f 270/1/5 225/1/5 269/1/5
f 271/2/5 226/2/5 225/2/5
f 271/1/5 225/1/5 270/1/5
f 272/1/5 227/1/5 226/1/5
f 272/2/5 226/2/5 271/2/5
f 273/1/5 227/1/5 272/1/5
f 274/2/5 228/2/5 227/2/5
f 274/1/5 227/1/5 273/1/5
f 275/2/5 228/2/5 274/2/5
f 276/2/5 228/2/5 275/2/5
f 277/3/5 229/3/5 228/3/5
f 277/2/5 228/2/5 276/2/5
f 278/3/5 229/3/5 277/3/5
f 279/2/5 230/2/5 229/2/5
f 279/3/5 229/3/5 278/3/5
f 280/2/5 230/2/5 279/2/5
f 281/1/5 231/1/5 230/1/5
f 282/5/5 232/5/5 231/5/5
f 282/1/5 231/1/5 281/1/5
f 283/3/5 233/3/5 232/3/5
f 283/5/5 232/5/5 282/5/5
f 284/5/5 234/5/5 233/5/5
f 284/3/5 233/3/5 283/3/5
f 285/5/5 234/5/5 284/5/5
f 286/3/5 235/3/5 234/3/5
f 286/5/5 234/5/5 285/5/5
f 287/5/5 236/5/5 235/5/5
f 287/3/5 235/3/5 286/3/5
f 288/5/5 236/5/5 287/5/5
f 289/5/5 236/5/5 288/5/5
f 290/5/5 236/5/5 289/5/5
f 291/5/5 236/5/5 290/5/5
f 292/5/5 236/5/5 291/5/5
f 293/3/5 237/3/5 236/3/5
f 293/5/5 236/5/5 292/5/5
f 294/3/5 237/3/5 293/3/5
f 295/5/5 238/5/5 237/5/5
f 295/3/5 237/3/5 294/3/5
f 296/3/5 239/3/5 238/3/5
f 296/5/5 238/5/5 295/5/5
f 297/5/5 240/5/5 239/5/5
f 297/3/5 239/3/5 296/3/5
f 298/5/5 240/5/5 297/5/5
f 299/3/5 241/3/5 240/3/5
f 299/5/5 240/5/5 298/5/5
f 300/2/5 242/2/5 241/2/5
f 300/3/5 241/3/5 299/3/5
f 301/2/5 243/2/5 209/2/5
f 302/5/5 245/5/5 244/5/5
f 302/2/5 243/2/5 301/2/5
f 302/5/5 244/5/5 243/5/5
f 303/5/5 245/5/5 302/5/5
f 304/3/5 246/3/5 245/3/5
f 304/5/5 245/5/5 303/5/5
f 305/1/5 247/1/5 246/1/5
f 305/3/5 246/3/5 304/3/5
f 305/1/5 249/1/5 248/1/5
f 305/1/5 248/1/5 247/1/5
f 306/1/5 249/1/5 305/1/5
f 307/2/5 250/2/5 249/2/5
f 307/1/5 249/1/5 306/1/5
f 307/2/5 251/2/5 250/2/5
f 308/2/5 251/2/5 307/2/5
f 309/2/5 251/2/5 308/2/5
f 310/1/5 252/1/5 251/1/5
f 310/2/5 251/2/5 309/2/5
f 311/1/5 252/1/5 310/1/5
f 312/2/5 253/2/5 252/2/5
f 312/1/5 252/1/5 311/1/5
f 313/3/5 254/3/5 253/3/5
f 313/2/5 253/2/5 312/2/5
f 314/3/5 254/3/5 313/3/5
f 315/5/5 255/5/5 254/5/5
f 315/3/5 254/3/5 314/3/5
f 316/2/5 256/2/5 255/2/5
f 316/5/5 255/5/5 315/5/5
f 316/2/5 258/2/5 257/2/5
f 316/2/5 257/2/5 256/2/5
f 317/5/5 259/5/5 258/5/5
f 317/2/5 258/2/5 316/2/5
f 317/5/5 260/5/5 259/5/5
f 317/5/5 261/5/5 260/5/5
f 318/5/5 261/5/5 317/5/5
f 319/5/5 261/5/5 318/5/5
f 320/5/5 261/5/5 319/5/5
f 321/2/5 262/2/5 261/2/5
f 321/5/5 261/5/5 320/5/5
f 322/1/5 221/1/5 262/1/5
f 322/2/5 262/2/5 321/2/5
f 323/2/5 263/2/5 221/2/5
f 323/1/5 221/1/5 322/1/5
f 324/2/5 263/2/5 323/2/5
f 325/5/5 265/5/5 264/5/5
f 325/2/5 263/2/5 324/2/5
f 325/5/5 264/5/5 263/5/5
f 326/3/5 266/3/5 265/3/5
f 326/5/5 265/5/5 325/5/5
f 326/3/5 267/3/5 266/3/5
f 327/2/5 268/2/5 267/2/5
f 327/3/5 267/3/5 326/3/5
f 328/2/5 268/2/5 327/2/5
f 329/2/5 268/2/5 328/2/5
f 330/1/5 270/1/5 269/1/5
f 330/2/5 268/2/5 329/2/5
f 330/1/5 269/1/5 268/1/5
f 331/1/5 270/1/5 330/1/5
f 332/2/5 271/2/5 270/2/5
f 332/1/5 270/1/5 331/1/5
f 332/2/5 273/2/5 272/2/5
f 332/2/5 272/2/5 271/2/5
f 333/1/5 274/1/5 273/1/5
f 333/2/5 273/2/5 332/2/5
f 333/1/5 275/1/5 274/1/5
f 334/1/5 275/1/5 333/1/5
f 335/2/5 276/2/5 275/2/5
f 335/1/5 275/1/5 334/1/5
f 336/2/5 276/2/5 335/2/5
f 337/2/5 276/2/5 336/2/5
f 338/3/5 278/3/5 277/3/5
f 338/2/5 276/2/5 337/2/5
f 338/3/5 277/3/5 276/3/5
f 339/5/5 279/5/5 278/5/5
f 339/3/5 278/3/5 338/3/5
f 339/5/5 280/5/5 279/5/5
f 340/2/5 230/2/5 280/2/5
f 340/5/5 280/5/5 339/5/5
f 341/2/5 230/2/5 340/2/5
f 342/1/5 281/1/5 230/1/5
f 342/2/5 230/2/5 341/2/5
f 343/2/5 282/2/5 281/2/5
f 343/1/5 281/1/5 342/1/5
f 344/5/5 283/5/5 282/5/5
f 344/2/5 282/2/5 343/2/5
f 344/5/5 285/5/5 284/5/5
f 344/5/5 284/5/5 283/5/5
f 345/5/5 285/5/5 344/5/5
f 346/5/5 285/5/5 345/5/5
f 347/5/5 285/5/5 346/5/5
f 348/2/5 286/2/5 285/2/5
f 348/5/5 285/5/5 347/5/5
f 348/2/5 287/2/5 286/2/5
f 348/2/5 288/2/5 287/2/5
f 349/5/5 289/5/5 288/5/5
f 349/2/5 288/2/5 348/2/5
f 350/3/5 290/3/5 289/3/5
f 350/5/5 289/5/5 349/5/5
f 351/3/5 290/3/5 350/3/5
f 352/2/5 291/2/5 290/2/5
f 352/3/5 290/3/5 351/3/5
f 353/1/5 292/1/5 291/1/5
f 353/2/5 291/2/5 352/2/5
f 354/1/5 292/1/5 353/1/5
f 355/2/5 294/2/5 293/2/5
f 355/1/5 292/1/5 354/1/5
f 355/2/5 293/2/5 292/2/5
f 356/2/5 294/2/5 355/2/5
f 357/2/5 294/2/5 356/2/5
f 358/1/5 295/1/5 294/1/5
f 358/2/5 294/2/5 357/2/5
f 358/1/5 296/1/5 295/1/5
f 358/1/5 297/1/5 296/1/5
f 359/1/5 297/1/5 358/1/5
f 360/3/5 298/3/5 297/3/5
f 360/1/5 297/1/5 359/1/5
f 361/5/5 299/5/5 298/5/5
f 361/3/5 298/3/5 360/3/5
f 361/5/5 300/5/5 299/5/5
f 362/5/5 300/5/5 361/5/5
f 363/2/5 242/2/5 300/2/5
f 363/5/5 300/5/5 362/5/5
f 364/2/5 242/2/5 363/2/5
f 365/5/5 303/5/5 302/5/5
f 365/5/5 302/5/5 301/5/5
f 366/3/5 304/3/5 303/3/5
f 366/5/5 303/5/5 365/5/5
f 367/2/5 306/2/5 305/2/5
f 367/3/5 304/3/5 366/3/5
f 367/2/5 305/2/5 304/2/5
f 368/1/5 308/1/5 307/1/5
f 368/2/5 306/2/5 367/2/5
f 368/1/5 307/1/5 306/1/5
f 369/1/5 308/1/5 368/1/5
f 370/2/5 309/2/5 308/2/5
f 370/1/5 308/1/5 369/1/5
f 371/2/5 309/2/5 370/2/5
f 372/2/5 309/2/5 371/2/5
f 373/1/5 311/1/5 310/1/5
f 373/2/5 309/2/5 372/2/5
f 373/1/5 310/1/5 309/1/5
f 374/2/5 314/2/5 313/2/5
f 374/1/5 311/1/5 373/1/5
f 374/2/5 313/2/5 312/2/5
f 374/2/5 312/2/5 311/2/5
f 375/3/5 315/3/5 314/3/5
f 375/2/5 314/2/5 374/2/5
f 375/3/5 316/3/5 315/3/5
f 376/3/5 316/3/5 375/3/5
f 377/2/5 318/2/5 317/2/5
f 377/3/5 316/3/5 376/3/5
f 377/2/5 317/2/5 316/2/5
f 378/2/5 318/2/5 377/2/5
f 379/2/5 318/2/5 378/2/5
f 380/1/5 319/1/5 318/1/5
f 380/2/5 318/2/5 379/2/5
f 381/3/5 320/3/5 319/3/5
f 381/1/5 319/1/5 380/1/5
f 382/5/5 321/5/5 320/5/5
f 382/3/5 320/3/5 381/3/5
f 382/5/5 322/5/5 321/5/5
f 383/5/5 322/5/5 382/5/5
f 384/2/5 324/2/5 323/2/5
f 384/5/5 322/5/5 383/5/5
f 384/2/5 323/2/5 322/2/5
f 385/2/5 324/2/5 384/2/5
f 386/2/5 324/2/5 385/2/5
f 387/3/5 325/3/5 324/3/5
f 387/2/5 324/2/5 386/2/5
f 388/5/5 326/5/5 325/5/5
f 388/5/5 327/5/5 326/5/5
f 389/5/5 327/5/5 388/5/5
f 390/3/5 328/3/5 327/3/5
f 390/5/5 327/5/5 389/5/5
f 391/2/5 329/2/5 328/2/5
f 391/3/5 328/3/5 390/3/5
f 392/1/5 331/1/5 330/1/5
f 392/2/5 329/2/5 391/2/5
f 392/1/5 330/1/5 329/1/5
f 393/1/5 331/1/5 392/1/5
f 394/2/5 334/2/5 333/2/5
f 394/1/5 331/1/5 393/1/5
f 394/2/5 332/2/5 331/2/5
f 394/2/5 333/2/5 332/2/5
f 395/1/5 336/1/5 335/1/5
f 395/2/5 334/2/5 394/2/5
f 395/1/5 335/1/5 334/1/5
f 396/1/5 336/1/5 395/1/5
f 397/2/5 337/2/5 336/2/5
f 397/1/5 336/1/5 396/1/5
f 398/3/5 338/3/5 337/3/5
f 398/2/5 337/2/5 397/2/5
f 399/5/5 339/5/5 338/5/5
f 399/3/5 338/3/5 398/3/5
f 399/5/5 340/5/5 339/5/5
f 400/5/5 340/5/5 399/5/5
f 401/5/5 340/5/5 400/5/5
f 402/3/5 341/3/5 340/3/5
f 402/2/5 342/2/5 341/2/5
f 402/2/5 343/2/5 342/2/5
f 403/2/5 343/2/5 402/2/5
f 404/2/5 343/2/5 403/2/5
f 405/5/5 345/5/5 344/5/5
f 405/2/5 343/2/5 404/2/5
f 405/5/5 344/5/5 343/5/5
f 406/5/5 345/5/5 405/5/5
f 407/3/5 346/3/5 345/3/5
f 407/5/5 345/5/5 406/5/5
f 408/1/5 347/1/5 346/1/5
f 408/3/5 346/3/5 407/3/5
f 409/2/5 348/2/5 347/2/5
f 409/1/5 347/1/5 408/1/5
f 409/2/5 349/2/5 348/2/5
f 410/2/5 349/2/5 409/2/5
f 411/2/5 349/2/5 410/2/5
f 412/3/5 350/3/5 349/3/5
f 412/2/5 349/2/5 411/2/5
f 412/3/5 351/3/5 350/3/5
f 413/3/5 351/3/5 412/3/5
f 414/2/5 352/2/5 351/2/5
f 414/3/5 351/3/5 413/3/5
f 414/2/5 354/2/5 353/2/5
f 414/2/5 353/2/5 352/2/5
f 415/1/5 356/1/5 355/1/5
f 415/2/5 354/2/5 414/2/5
f 415/1/5 355/1/5 354/1/5
f 416/2/5 357/2/5 356/2/5
f 416/1/5 356/1/5 415/1/5
f 417/2/5 357/2/5 416/2/5
f 418/2/5 357/2/5 417/2/5
f 419/1/5 359/1/5 358/1/5
f 419/2/5 357/2/5 418/2/5
f 419/1/5 358/1/5 357/1/5
f 420/1/5 359/1/5 419/1/5
f 421/2/5 360/2/5 359/2/5
f 421/1/5 359/1/5 420/1/5
f 421/2/5 361/2/5 360/2/5
f 422/3/5 362/3/5 361/3/5
f 422/2/5 361/2/5 421/2/5
f 423/5/5 364/5/5 363/5/5
f 423/3/5 362/3/5 422/3/5
f 423/5/5 363/5/5 362/5/5
f 424/5/5 364/5/5 423/5/5
f 425/1/5 370/1/5 369/1/5
f 425/2/5 367/2/5 366/2/5
f 425/2/5 369/2/5 368/2/5
f 425/2/5 368/2/5 367/2/5
f 425/1/5 371/1/5 370/1/5
f 426/1/5 371/1/5 425/1/5
f 427/2/5 372/2/5 371/2/5
f 427/1/5 371/1/5 426/1/5
f 428/1/5 373/1/5 372/1/5
f 428/2/5 372/2/5 427/2/5
f 428/1/5 374/1/5 373/1/5
f 428/1/5 375/1/5 374/1/5
f 429/1/5 378/1/5 377/1/5
f 429/1/5 377/1/5 376/1/5
f 429/2/5 379/2/5 378/2/5
f 430/1/5 381/1/5 380/1/5
f 430/2/5 379/2/5 429/2/5
f 430/1/5 380/1/5 379/1/5
f 430/1/5 382/1/5 381/1/5
f 431/2/5 383/2/5 382/2/5
f 431/5/5 384/5/5 383/5/5
f 431/5/5 385/5/5 384/5/5
f 432/5/5 385/5/5 431/5/5
f 433/5/5 385/5/5 432/5/5
f 434/2/5 386/2/5 385/2/5
f 434/5/5 385/5/5 433/5/5
f 435/3/5 387/3/5 386/3/5
f 435/2/5 386/2/5 434/2/5
f 436/3/5 325/3/5 387/3/5
f 436/3/5 387/3/5 435/3/5
f 436/5/5 388/5/5 325/5/5
f 437/3/5 389/3/5 388/3/5
f 437/5/5 388/5/5 436/5/5
f 438/5/5 390/5/5 389/5/5
f 438/3/5 389/3/5 437/3/5
f 438/5/5 391/5/5 390/5/5
f 439/5/5 391/5/5 438/5/5
f 440/3/5 392/3/5 391/3/5
f 440/5/5 391/5/5 439/5/5
f 441/1/5 393/1/5 392/1/5
f 441/3/5 392/3/5 440/3/5
f 442/1/5 393/1/5 441/1/5
f 443/1/5 393/1/5 442/1/5
f 444/2/5 396/2/5 395/2/5
f 444/1/5 393/1/5 443/1/5
f 444/2/5 395/2/5 394/2/5
f 444/2/5 394/2/5 393/2/5
f 445/1/5 397/1/5 396/1/5
f 445/2/5 396/2/5 444/2/5
f 446/1/5 397/1/5 445/1/5
f 447/1/5 397/1/5 446/1/5
f 448/3/5 398/3/5 397/3/5
f 448/1/5 397/1/5 447/1/5
f 449/5/5 400/5/5 399/5/5
f 449/3/5 398/3/5 448/3/5
f 449/5/5 399/5/5 398/5/5
f 450/5/5 400/5/5 449/5/5
f 451/3/5 401/3/5 400/3/5
f 451/5/5 400/5/5 450/5/5
f 452/5/5 340/5/5 401/5/5
f 452/3/5 401/3/5 451/3/5
f 453/3/5 402/3/5 340/3/5
f 453/5/5 340/5/5 452/5/5
f 453/3/5 403/3/5 402/3/5
f 454/2/5 404/2/5 403/2/5
f 454/3/5 403/3/5 453/3/5
f 455/5/5 405/5/5 404/5/5
f 455/2/5 404/2/5 454/2/5
f 455/5/5 406/5/5 405/5/5
f 456/5/5 406/5/5 455/5/5
f 457/5/5 406/5/5 456/5/5
f 458/2/5 407/2/5 406/2/5
f 458/5/5 406/5/5 457/5/5
f 459/2/5 411/2/5 410/2/5
f 459/1/5 409/1/5 408/1/5
f 459/1/5 410/1/5 409/1/5
f 459/1/5 408/1/5 407/1/5
f 460/1/5 413/1/5 412/1/5
f 460/2/5 411/2/5 459/2/5
f 460/1/5 412/1/5 411/1/5
f 461/2/5 418/2/5 417/2/5
f 461/1/5 415/1/5 414/1/5
f 461/1/5 417/1/5 416/1/5
f 461/1/5 416/1/5 415/1/5
f 462/1/5 420/1/5 419/1/5
f 462/2/5 418/2/5 461/2/5
f 462/1/5 419/1/5 418/1/5
f 463/1/5 420/1/5 462/1/5
f 464/2/5 421/2/5 420/2/5
f 464/1/5 420/1/5 463/1/5
f 464/2/5 422/2/5 421/2/5
f 464/2/5 423/2/5 422/2/5
f 465/5/5 365/5/5 301/5/5
f 465/3/5 366/3/5 365/3/5
f 466/2/5 425/2/5 366/2/5
f 466/3/5 366/3/5 465/3/5
f 466/2/5 426/2/5 425/2/5
f 467/1/5 427/1/5 426/1/5
f 467/2/5 426/2/5 466/2/5
f 467/1/5 428/1/5 427/1/5
f 468/1/5 428/1/5 467/1/5
f 469/1/5 375/1/5 428/1/5
f 469/1/5 428/1/5 468/1/5
f 470/1/5 375/1/5 469/1/5
f 471/3/5 376/3/5 375/3/5
f 471/1/5 375/1/5 470/1/5
f 472/5/5 435/5/5 434/5/5
f 472/5/5 437/5/5 436/5/5
f 472/3/5 433/3/5 432/3/5
f 472/5/5 436/5/5 435/5/5
f 472/5/5 434/5/5 433/5/5
f 473/5/5 437/5/5 472/5/5
f 474/2/5 438/2/5 437/2/5
f 474/5/5 437/5/5 473/5/5
f 474/2/5 439/2/5 438/2/5
f 475/5/5 440/5/5 439/5/5
f 475/2/5 439/2/5 474/2/5
f 475/5/5 441/5/5 440/5/5
f 476/5/5 441/5/5 475/5/5
f 477/3/5 442/3/5 441/3/5
f 477/5/5 441/5/5 476/5/5
f 478/1/5 443/1/5 442/1/5
f 478/3/5 442/3/5 477/3/5
f 479/2/5 446/2/5 445/2/5
f 479/1/5 443/1/5 478/1/5
f 479/2/5 444/2/5 443/2/5
f 479/2/5 445/2/5 444/2/5
f 480/2/5 446/2/5 479/2/5
f 481/2/5 446/2/5 480/2/5
f 482/1/5 447/1/5 446/1/5
f 482/2/5 446/2/5 481/2/5
f 483/3/5 448/3/5 447/3/5
f 483/1/5 447/1/5 482/1/5
f 484/5/5 450/5/5 449/5/5
f 484/3/5 448/3/5 483/3/5
f 484/5/5 449/5/5 448/5/5
f 485/5/5 450/5/5 484/5/5
f 486/2/5 451/2/5 450/2/5
f 486/5/5 450/5/5 485/5/5
f 486/2/5 452/2/5 451/2/5
f 487/5/5 455/5/5 454/5/5
f 487/2/5 452/2/5 486/2/5
f 487/5/5 453/5/5 452/5/5
f 487/5/5 454/5/5 453/5/5
f 487/5/5 456/5/5 455/5/5
f 488/5/5 456/5/5 487/5/5
f 489/3/5 457/3/5 456/3/5
f 489/5/5 456/5/5 488/5/5
f 490/1/5 461/1/5 414/1/5
f 490/1/5 463/1/5 462/1/5
f 490/1/5 462/1/5 461/1/5
f 490/3/5 414/3/5 413/3/5
f 491/1/5 463/1/5 490/1/5
f 492/1/5 463/1/5 491/1/5
f 493/1/5 463/1/5 492/1/5
f 494/2/5 464/2/5 463/2/5
f 494/1/5 463/1/5 493/1/5
f 495/2/5 423/2/5 464/2/5
f 495/2/5 464/2/5 494/2/5
f 495/3/5 424/3/5 423/3/5
f 496/5/5 364/5/5 424/5/5
f 496/3/5 424/3/5 495/3/5
f 497/5/5 465/5/5 301/5/5
f 498/2/5 466/2/5 465/2/5
f 498/5/5 465/5/5 497/5/5
f 498/2/5 468/2/5 467/2/5
f 498/2/5 467/2/5 466/2/5
f 499/1/5 469/1/5 468/1/5
f 499/2/5 468/2/5 498/2/5
f 500/1/5 469/1/5 499/1/5
f 501/1/5 469/1/5 500/1/5
f 502/2/5 470/2/5 469/2/5
f 502/1/5 469/1/5 501/1/5
f 503/5/5 471/5/5 470/5/5
f 503/2/5 470/2/5 502/2/5
f 504/3/5 376/3/5 471/3/5
f 504/5/5 471/5/5 503/5/5
f 505/1/5 429/1/5 376/1/5
f 505/3/5 376/3/5 504/3/5
f 505/1/5 430/1/5 429/1/5
f 506/1/5 430/1/5 505/1/5
f 507/1/5 382/1/5 430/1/5
f 507/1/5 430/1/5 506/1/5
f 508/2/5 431/2/5 382/2/5
f 508/1/5 382/1/5 507/1/5
f 508/2/5 432/2/5 431/2/5
f 509/2/5 474/2/5 473/2/5
f 509/2/5 476/2/5 475/2/5
f 509/2/5 475/2/5 474/2/5
f 510/5/5 477/5/5 476/5/5
f 510/2/5 476/2/5 509/2/5
f 510/5/5 479/5/5 478/5/5
f 510/5/5 478/5/5 477/5/5
f 511/5/5 479/5/5 510/5/5
f 512/5/5 479/5/5 511/5/5
f 513/3/5 480/3/5 479/3/5
f 513/5/5 479/5/5 512/5/5
f 514/2/5 481/2/5 480/2/5
f 514/3/5 480/3/5 513/3/5
f 515/3/5 482/3/5 481/3/5
f 515/2/5 481/2/5 514/2/5
f 516/5/5 485/5/5 484/5/5
f 516/3/5 482/3/5 515/3/5
f 516/5/5 483/5/5 482/5/5
f 516/5/5 484/5/5 483/5/5
f 517/5/5 485/5/5 516/5/5
f 518/5/5 485/5/5 517/5/5
f 519/2/5 487/2/5 486/2/5
f 519/5/5 485/5/5 518/5/5
f 519/2/5 488/2/5 487/2/5
f 519/2/5 486/2/5 485/2/5
f 520/2/5 488/2/5 519/2/5
f 521/2/5 407/2/5 458/2/5
f 521/1/5 459/1/5 407/1/5
f 521/1/5 460/1/5 459/1/5
f 521/2/5 458/2/5 457/2/5
f 522/1/5 460/1/5 521/1/5
f 523/1/5 413/1/5 460/1/5
f 523/1/5 460/1/5 522/1/5
f 524/3/5 490/3/5 413/3/5
f 524/1/5 413/1/5 523/1/5
f 525/5/5 491/5/5 490/5/5
f 525/3/5 490/3/5 524/3/5
f 526/2/5 492/2/5 491/2/5
f 526/5/5 491/5/5 525/5/5
f 527/1/5 493/1/5 492/1/5
f 527/2/5 492/2/5 526/2/5
f 528/1/5 493/1/5 527/1/5
f 529/1/5 493/1/5 528/1/5
f 530/2/5 494/2/5 493/2/5
f 530/1/5 493/1/5 529/1/5
f 530/2/5 495/2/5 494/2/5
f 530/2/5 496/2/5 495/2/5
f 531/5/5 364/5/5 496/5/5
f 531/2/5 496/2/5 530/2/5
f 532/5/5 364/5/5 531/5/5
f 533/1/5 501/1/5 500/1/5
f 534/2/5 502/2/5 501/2/5
f 534/1/5 501/1/5 533/1/5
f 535/2/5 502/2/5 534/2/5
f 536/3/5 503/3/5 502/3/5
f 536/2/5 502/2/5 535/2/5
f 537/2/5 506/2/5 505/2/5
f 537/2/5 505/2/5 504/2/5
f 538/1/5 507/1/5 506/1/5
f 538/2/5 506/2/5 537/2/5
f 539/1/5 507/1/5 538/1/5
f 540/1/5 507/1/5 539/1/5
f 541/2/5 508/2/5 507/2/5
f 541/1/5 507/1/5 540/1/5
f 542/2/5 508/2/5 541/2/5
f 543/2/5 509/2/5 473/2/5
f 544/1/5 511/1/5 510/1/5
f 544/2/5 509/2/5 543/2/5
f 544/1/5 510/1/5 509/1/5
f 545/1/5 511/1/5 544/1/5
f 546/3/5 512/3/5 511/3/5
f 546/1/5 511/1/5 545/1/5
f 547/5/5 513/5/5 512/5/5
f 547/3/5 512/3/5 546/3/5
f 547/5/5 514/5/5 513/5/5
f 548/2/5 515/2/5 514/2/5
f 548/5/5 514/5/5 547/5/5
f 549/2/5 515/2/5 548/2/5
f 550/2/5 515/2/5 549/2/5
f 551/5/5 517/5/5 516/5/5
f 551/2/5 515/2/5 550/2/5
f 551/5/5 516/5/5 515/5/5
f 552/3/5 518/3/5 517/3/5
f 552/5/5 517/5/5 551/5/5
f 553/1/5 520/1/5 519/1/5
f 553/3/5 518/3/5 552/3/5
f 553/1/5 519/1/5 518/1/5
f 554/1/5 520/1/5 553/1/5
f 555/2/5 488/2/5 520/2/5
f 555/1/5 520/1/5 554/1/5
f 556/2/5 488/2/5 555/2/5
f 557/2/5 522/2/5 521/2/5
f 558/1/5 523/1/5 522/1/5
f 558/2/5 522/2/5 557/2/5
f 559/1/5 523/1/5 558/1/5
f 560/1/5 523/1/5 559/1/5
f 561/2/5 525/2/5 524/2/5
f 561/1/5 523/1/5 560/1/5
f 561/2/5 524/2/5 523/2/5
f 562/2/5 525/2/5 561/2/5
f 563/2/5 528/2/5 527/2/5
f 563/3/5 527/3/5 526/3/5
f 564/2/5 528/2/5 563/2/5
f 565/1/5 529/1/5 528/1/5
f 565/2/5 528/2/5 564/2/5
f 566/1/5 529/1/5 565/1/5
f 567/2/5 500/2/5 499/2/5
f 567/3/5 498/3/5 497/3/5
f 567/2/5 499/2/5 498/2/5
f 568/2/5 500/2/5 567/2/5
f 569/1/5 533/1/5 500/1/5
f 570/2/5 535/2/5 534/2/5
f 570/1/5 533/1/5 569/1/5
f 570/2/5 534/2/5 533/2/5
f 571/3/5 536/3/5 535/3/5
f 571/2/5 535/2/5 570/2/5
f 572/5/5 504/5/5 503/5/5
f 572/3/5 536/3/5 571/3/5
f 572/3/5 503/3/5 536/3/5
f 573/2/5 540/2/5 539/2/5
f 573/1/5 542/1/5 541/1/5
f 573/1/5 541/1/5 540/1/5
f 574/1/5 542/1/5 573/1/5
f 575/2/5 546/2/5 545/2/5
f 575/2/5 547/2/5 546/2/5
f 575/3/5 548/3/5 547/3/5
f 575/3/5 549/3/5 548/3/5
f 576/3/5 549/3/5 575/3/5
f 577/3/5 549/3/5 576/3/5
f 578/3/5 549/3/5 577/3/5
f 579/2/5 550/2/5 549/2/5
f 579/3/5 549/3/5 578/3/5
f 580/3/5 551/3/5 550/3/5
f 580/2/5 550/2/5 579/2/5
f 580/3/5 552/3/5 551/3/5
f 581/3/5 552/3/5 580/3/5
f 582/3/5 552/3/5 581/3/5
f 583/3/5 552/3/5 582/3/5
f 584/2/5 554/2/5 553/2/5
f 584/3/5 552/3/5 583/3/5
f 584/2/5 553/2/5 552/2/5
f 585/1/5 559/1/5 558/1/5
f 585/1/5 558/1/5 557/1/5
f 586/2/5 560/2/5 559/2/5
f 586/1/5 559/1/5 585/1/5
f 587/3/5 564/3/5 563/3/5
f 587/5/5 526/5/5 525/5/5
f 587/3/5 563/3/5 526/3/5
f 588/2/5 566/2/5 565/2/5
f 588/3/5 564/3/5 587/3/5
f 588/2/5 565/2/5 564/2/5
f 589/1/5 529/1/5 566/1/5
f 589/2/5 566/2/5 588/2/5
f 590/1/5 529/1/5 589/1/5
f 591/2/5 530/2/5 529/2/5
f 591/2/5 531/2/5 530/2/5
f 592/3/5 532/3/5 531/3/5
f 592/2/5 531/2/5 591/2/5
f 593/2/5 500/2/5 568/2/5
f 594/1/5 569/1/5 500/1/5
f 594/2/5 500/2/5 593/2/5
f 595/2/5 571/2/5 570/2/5
f 595/2/5 570/2/5 569/2/5
f 596/5/5 572/5/5 571/5/5
f 596/2/5 571/2/5 595/2/5
f 597/5/5 572/5/5 596/5/5
f 598/2/5 537/2/5 504/2/5
f 598/5/5 572/5/5 597/5/5
f 598/5/5 504/5/5 572/5/5
f 599/1/5 538/1/5 537/1/5
f 599/2/5 537/2/5 598/2/5
f 599/1/5 539/1/5 538/1/5
f 600/2/5 574/2/5 573/2/5
f 600/1/5 539/1/5 599/1/5
f 600/2/5 573/2/5 539/2/5
f 601/1/5 542/1/5 574/1/5
f 601/2/5 574/2/5 600/2/5
f 602/1/5 542/1/5 601/1/5
f 603/2/5 508/2/5 542/2/5
f 603/1/5 542/1/5 602/1/5
f 604/2/5 432/2/5 508/2/5
f 604/2/5 508/2/5 603/2/5
f 605/2/5 543/2/5 473/2/5
f 606/1/5 544/1/5 543/1/5
f 606/2/5 543/2/5 605/2/5
f 606/1/5 545/1/5 544/1/5
f 607/1/5 545/1/5 606/1/5
f 608/2/5 575/2/5 545/2/5
f 608/1/5 545/1/5 607/1/5
f 608/2/5 576/2/5 575/2/5
f 609/3/5 577/3/5 576/3/5
f 609/2/5 576/2/5 608/2/5
f 610/5/5 578/5/5 577/5/5
f 610/3/5 577/3/5 609/3/5
f 611/3/5 579/3/5 578/3/5
f 611/3/5 580/3/5 579/3/5
f 611/3/5 581/3/5 580/3/5
f 612/3/5 581/3/5 611/3/5
f 613/3/5 583/3/5 582/3/5
f 613/5/5 582/5/5 581/5/5
f 614/2/5 584/2/5 583/2/5
f 614/3/5 583/3/5 613/3/5
f 615/2/5 554/2/5 584/2/5
f 615/2/5 584/2/5 614/2/5
f 615/1/5 555/1/5 554/1/5
f 615/1/5 556/1/5 555/1/5
f 616/1/5 556/1/5 615/1/5
f 617/2/5 488/2/5 556/2/5
f 617/1/5 556/1/5 616/1/5
f 618/2/5 488/2/5 617/2/5
f 619/2/5 557/2/5 521/2/5
f 619/2/5 521/2/5 457/2/5
f 620/1/5 585/1/5 557/1/5
f 620/2/5 557/2/5 619/2/5
f 621/1/5 585/1/5 620/1/5
f 622/2/5 586/2/5 585/2/5
f 622/1/5 585/1/5 621/1/5
f 623/2/5 560/2/5 586/2/5
f 623/2/5 586/2/5 622/2/5
f 623/1/5 562/1/5 561/1/5
f 623/1/5 561/1/5 560/1/5
f 624/2/5 525/2/5 562/2/5
f 624/1/5 562/1/5 623/1/5
f 625/5/5 588/5/5 587/5/5
f 625/2/5 525/2/5 624/2/5
f 625/5/5 587/5/5 525/5/5
f 626/5/5 588/5/5 625/5/5
f 627/2/5 589/2/5 588/2/5
f 627/5/5 588/5/5 626/5/5
f 627/2/5 590/2/5 589/2/5
f 628/2/5 590/2/5 627/2/5
f 629/1/5 529/1/5 590/1/5
f 629/2/5 591/2/5 529/2/5
f 630/2/5 591/2/5 629/2/5
f 631/2/5 593/2/5 568/2/5
f 631/3/5 568/3/5 567/3/5
f 632/2/5 593/2/5 631/2/5
f 633/2/5 593/2/5 632/2/5
f 634/1/5 594/1/5 593/1/5
f 634/2/5 593/2/5 633/2/5
f 635/1/5 569/1/5 594/1/5
f 635/1/5 594/1/5 634/1/5
f 636/2/5 595/2/5 569/2/5
f 636/1/5 569/1/5 635/1/5
f 637/3/5 596/3/5 595/3/5
f 637/2/5 595/2/5 636/2/5
f 638/5/5 597/5/5 596/5/5
f 638/3/5 596/3/5 637/3/5
f 639/2/5 602/2/5 601/2/5
f 639/2/5 600/2/5 599/2/5
f 639/5/5 599/5/5 598/5/5
f 639/2/5 601/2/5 600/2/5
f 640/2/5 602/2/5 639/2/5
f 641/1/5 603/1/5 602/1/5
f 641/2/5 602/2/5 640/2/5
f 641/1/5 604/1/5 603/1/5
f 642/1/5 604/1/5 641/1/5
f 643/2/5 432/2/5 604/2/5
f 643/1/5 604/1/5 642/1/5
f 644/2/5 432/2/5 643/2/5
f 645/3/5 473/3/5 472/3/5
f 645/2/5 432/2/5 644/2/5
f 645/3/5 472/3/5 432/3/5
f 646/3/5 473/3/5 645/3/5
f 647/2/5 605/2/5 473/2/5
f 647/3/5 473/3/5 646/3/5
f 648/1/5 606/1/5 605/1/5
f 648/2/5 605/2/5 647/2/5
f 648/1/5 607/1/5 606/1/5
f 649/2/5 609/2/5 608/2/5
f 649/1/5 607/1/5 648/1/5
f 649/2/5 608/2/5 607/2/5
f 650/2/5 609/2/5 649/2/5
f 651/5/5 578/5/5 610/5/5
f 651/5/5 610/5/5 609/5/5
f 652/3/5 611/3/5 578/3/5
f 652/5/5 578/5/5 651/5/5
f 653/3/5 611/3/5 652/3/5
f 654/2/5 612/2/5 611/2/5
f 654/3/5 611/3/5 653/3/5
f 655/3/5 581/3/5 612/3/5
f 655/2/5 612/2/5 654/2/5
f 656/3/5 581/3/5 655/3/5
f 657/5/5 614/5/5 613/5/5
f 657/3/5 581/3/5 656/3/5
f 657/5/5 613/5/5 581/5/5
f 658/5/5 614/5/5 657/5/5
f 659/2/5 616/2/5 615/2/5
f 659/2/5 615/2/5 614/2/5
f 660/1/5 617/1/5 616/1/5
f 660/2/5 616/2/5 659/2/5
f 660/1/5 618/1/5 617/1/5
f 661/2/5 488/2/5 618/2/5
f 661/1/5 618/1/5 660/1/5
f 662/3/5 489/3/5 488/3/5
f 662/2/5 488/2/5 661/2/5
f 663/3/5 457/3/5 489/3/5
f 663/3/5 489/3/5 662/3/5
f 664/2/5 619/2/5 457/2/5
f 664/3/5 457/3/5 663/3/5
f 665/2/5 619/2/5 664/2/5
f 666/1/5 620/1/5 619/1/5
f 666/2/5 619/2/5 665/2/5
f 666/1/5 621/1/5 620/1/5
f 667/1/5 621/1/5 666/1/5
f 668/2/5 622/2/5 621/2/5
f 668/1/5 621/1/5 667/1/5
f 668/2/5 623/2/5 622/2/5
f 668/2/5 624/2/5 623/2/5
f 669/2/5 624/2/5 668/2/5
f 670/5/5 625/5/5 624/5/5
f 670/2/5 624/2/5 669/2/5
f 671/3/5 628/3/5 627/3/5
f 671/5/5 627/5/5 626/5/5
f 672/2/5 590/2/5 628/2/5
f 672/3/5 628/3/5 671/3/5
f 673/1/5 630/1/5 629/1/5
f 673/2/5 590/2/5 672/2/5
f 673/1/5 629/1/5 590/1/5
f 674/1/5 630/1/5 673/1/5
f 675/2/5 591/2/5 630/2/5
f 675/1/5 630/1/5 674/1/5
f 676/2/5 591/2/5 675/2/5
f 677/2/5 591/2/5 676/2/5
f 678/3/5 592/3/5 591/3/5
f 678/2/5 591/2/5 677/2/5
f 679/3/5 632/3/5 631/3/5
f 679/3/5 631/3/5 567/3/5
f 680/2/5 633/2/5 632/2/5
f 680/3/5 632/3/5 679/3/5
f 681/2/5 633/2/5 680/2/5
f 682/5/5 597/5/5 638/5/5
f 682/5/5 638/5/5 637/5/5
f 683/3/5 598/3/5 597/3/5
f 683/5/5 597/5/5 682/5/5
f 684/3/5 598/3/5 683/3/5
f 685/5/5 640/5/5 639/5/5
f 685/3/5 598/3/5 684/3/5
f 685/5/5 639/5/5 598/5/5
f 686/2/5 642/2/5 641/2/5
f 686/5/5 640/5/5 685/5/5
f 686/2/5 641/2/5 640/2/5
f 687/2/5 642/2/5 686/2/5
f 688/2/5 642/2/5 687/2/5
f 689/1/5 648/1/5 647/1/5
f 689/1/5 650/1/5 649/1/5
f 689/1/5 647/1/5 646/1/5
f 689/1/5 649/1/5 648/1/5
f 690/1/5 650/1/5 689/1/5
f 691/2/5 609/2/5 650/2/5
f 691/1/5 650/1/5 690/1/5
f 692/2/5 609/2/5 691/2/5
f 693/2/5 659/2/5 614/2/5
f 694/1/5 662/1/5 661/1/5
f 694/2/5 659/2/5 693/2/5
f 694/1/5 661/1/5 660/1/5
f 694/1/5 663/1/5 662/1/5
f 694/1/5 660/1/5 659/1/5
f 695/1/5 663/1/5 694/1/5
f 696/1/5 663/1/5 695/1/5
f 697/2/5 669/2/5 668/2/5
f 697/2/5 668/2/5 667/2/5
f 698/2/5 669/2/5 697/2/5
f 699/5/5 670/5/5 669/5/5
f 699/2/5 669/2/5 698/2/5
f 700/3/5 626/3/5 625/3/5
f 700/5/5 670/5/5 699/5/5
f 700/5/5 625/5/5 670/5/5
f 701/3/5 626/3/5 700/3/5
f 702/5/5 671/5/5 626/5/5
f 702/3/5 626/3/5 701/3/5
f 702/5/5 672/5/5 671/5/5
f 703/5/5 672/5/5 702/5/5
f 704/2/5 677/2/5 676/2/5
f 705/3/5 678/3/5 677/3/5
f 705/2/5 677/2/5 704/2/5
f 706/3/5 592/3/5 678/3/5
f 706/3/5 678/3/5 705/3/5
f 707/3/5 567/3/5 497/3/5
f 707/3/5 679/3/5 567/3/5
f 708/5/5 681/5/5 680/5/5
f 708/3/5 679/3/5 707/3/5
f 708/5/5 680/5/5 679/5/5
f 709/5/5 681/5/5 708/5/5
f 710/5/5 681/5/5 709/5/5
f 711/2/5 633/2/5 681/2/5
f 711/5/5 681/5/5 710/5/5
f 712/1/5 634/1/5 633/1/5
f 712/2/5 633/2/5 711/2/5
f 712/1/5 635/1/5 634/1/5
f 713/1/5 635/1/5 712/1/5
f 714/2/5 637/2/5 636/2/5
f 714/1/5 635/1/5 713/1/5
f 714/2/5 636/2/5 635/2/5
f 715/2/5 637/2/5 714/2/5
f 716/5/5 682/5/5 637/5/5
f 716/2/5 637/2/5 715/2/5
f 717/3/5 683/3/5 682/3/5
f 717/5/5 682/5/5 716/5/5
f 718/2/5 684/2/5 683/2/5
f 718/3/5 683/3/5 717/3/5
f 719/1/5 685/1/5 684/1/5
f 719/5/5 687/5/5 686/5/5
f 719/1/5 686/1/5 685/1/5
f 720/3/5 688/3/5 687/3/5
f 720/5/5 687/5/5 719/5/5
f 721/2/5 642/2/5 688/2/5
f 721/3/5 688/3/5 720/3/5
f 722/2/5 642/2/5 721/2/5
f 723/1/5 644/1/5 643/1/5
f 723/2/5 642/2/5 722/2/5
f 723/1/5 643/1/5 642/1/5
f 724/1/5 644/1/5 723/1/5
f 725/3/5 646/3/5 645/3/5
f 725/1/5 644/1/5 724/1/5
f 725/3/5 645/3/5 644/3/5
f 726/1/5 689/1/5 646/1/5
f 726/3/5 646/3/5 725/3/5
f 727/2/5 690/2/5 689/2/5
f 727/1/5 689/1/5 726/1/5
f 728/1/5 692/1/5 691/1/5
f 728/2/5 690/2/5 727/2/5
f 728/1/5 691/1/5 690/1/5
f 729/1/5 692/1/5 728/1/5
f 730/2/5 609/2/5 692/2/5
f 730/1/5 692/1/5 729/1/5
f 731/5/5 651/5/5 609/5/5
f 731/2/5 609/2/5 730/2/5
f 732/3/5 652/3/5 651/3/5
f 732/5/5 651/5/5 731/5/5
f 732/3/5 653/3/5 652/3/5
f 733/3/5 653/3/5 732/3/5
f 734/2/5 654/2/5 653/2/5
f 734/3/5 653/3/5 733/3/5
f 734/2/5 656/2/5 655/2/5
f 734/2/5 655/2/5 654/2/5
f 735/3/5 658/3/5 657/3/5
f 735/2/5 656/2/5 734/2/5
f 735/3/5 657/3/5 656/3/5
f 736/3/5 658/3/5 735/3/5
f 737/5/5 614/5/5 658/5/5
f 737/3/5 658/3/5 736/3/5
f 738/2/5 693/2/5 614/2/5
f 738/5/5 614/5/5 737/5/5
f 739/1/5 695/1/5 694/1/5
f 739/2/5 693/2/5 738/2/5
f 739/1/5 694/1/5 693/1/5
f 740/1/5 695/1/5 739/1/5
f 741/2/5 696/2/5 695/2/5
f 741/1/5 695/1/5 740/1/5
f 742/1/5 663/1/5 696/1/5
f 742/2/5 696/2/5 741/2/5
f 743/3/5 665/3/5 664/3/5
f 743/1/5 663/1/5 742/1/5
f 743/3/5 664/3/5 663/3/5
f 744/1/5 667/1/5 666/1/5
f 744/3/5 665/3/5 743/3/5
f 744/1/5 666/1/5 665/1/5
f 745/1/5 667/1/5 744/1/5
f 746/2/5 697/2/5 667/2/5
f 746/1/5 667/1/5 745/1/5
f 747/2/5 697/2/5 746/2/5
f 748/3/5 698/3/5 697/3/5
f 748/2/5 697/2/5 747/2/5
f 749/5/5 699/5/5 698/5/5
f 749/3/5 698/3/5 748/3/5
f 750/1/5 701/1/5 700/1/5
f 750/5/5 699/5/5 749/5/5
f 750/1/5 700/1/5 699/1/5
f 751/3/5 703/3/5 702/3/5
f 751/2/5 702/2/5 701/2/5
f 752/5/5 672/5/5 703/5/5
f 752/3/5 703/3/5 751/3/5
f 753/2/5 674/2/5 673/2/5
f 753/5/5 672/5/5 752/5/5
f 753/2/5 673/2/5 672/2/5
f 754/2/5 674/2/5 753/2/5
f 755/1/5 675/1/5 674/1/5
f 755/2/5 674/2/5 754/2/5
f 755/1/5 676/1/5 675/1/5
f 756/1/5 676/1/5 755/1/5
f 757/2/5 704/2/5 676/2/5
f 757/1/5 676/1/5 756/1/5
f 758/5/5 706/5/5 705/5/5
f 758/2/5 704/2/5 757/2/5
f 758/5/5 705/5/5 704/5/5
f 759/5/5 706/5/5 758/5/5
f 760/5/5 706/5/5 759/5/5
f 761/3/5 592/3/5 706/3/5
f 761/5/5 706/5/5 760/5/5
f 762/3/5 532/3/5 592/3/5
f 762/3/5 592/3/5 761/3/5
f 763/2/5 708/2/5 707/2/5
f 763/3/5 710/3/5 709/3/5
f 763/2/5 709/2/5 708/2/5
f 764/5/5 711/5/5 710/5/5
f 764/3/5 710/3/5 763/3/5
f 764/5/5 712/5/5 711/5/5
f 765/5/5 712/5/5 764/5/5
f 766/1/5 713/1/5 712/1/5
f 766/5/5 712/5/5 765/5/5
f 767/1/5 713/1/5 766/1/5
f 768/2/5 715/2/5 714/2/5
f 768/2/5 714/2/5 713/2/5
f 769/3/5 716/3/5 715/3/5
f 769/2/5 715/2/5 768/2/5
f 770/5/5 717/5/5 716/5/5
f 770/3/5 716/3/5 769/3/5
f 771/2/5 718/2/5 717/2/5
f 771/5/5 717/5/5 770/5/5
f 772/2/5 720/2/5 719/2/5
f 772/3/5 722/3/5 721/3/5
f 772/3/5 721/3/5 720/3/5
f 773/3/5 722/3/5 772/3/5
f 774/2/5 724/2/5 723/2/5
f 774/3/5 722/3/5 773/3/5
f 774/2/5 723/2/5 722/2/5
f 775/2/5 724/2/5 774/2/5
f 776/2/5 724/2/5 775/2/5
f 777/3/5 726/3/5 725/3/5
f 777/2/5 724/2/5 776/2/5
f 777/3/5 725/3/5 724/3/5
f 778/3/5 726/3/5 777/3/5
f 779/2/5 727/2/5 726/2/5
f 779/3/5 726/3/5 778/3/5
f 779/2/5 729/2/5 728/2/5
f 779/2/5 728/2/5 727/2/5
f 780/2/5 729/2/5 779/2/5
f 781/1/5 731/1/5 730/1/5
f 781/2/5 729/2/5 780/2/5
f 781/1/5 730/1/5 729/1/5
f 782/1/5 731/1/5 781/1/5
f 783/2/5 736/2/5 735/2/5
f 783/2/5 735/2/5 734/2/5
f 783/2/5 734/2/5 733/2/5
f 784/2/5 736/2/5 783/2/5
f 785/1/5 739/1/5 738/1/5
f 785/1/5 740/1/5 739/1/5
f 786/2/5 743/2/5 742/2/5
f 786/1/5 740/1/5 785/1/5
f 786/2/5 742/2/5 741/2/5
f 786/2/5 741/2/5 740/2/5
f 787/2/5 743/2/5 786/2/5
f 788/3/5 745/3/5 744/3/5
f 788/2/5 743/2/5 787/2/5
f 788/3/5 744/3/5 743/3/5
f 789/3/5 745/3/5 788/3/5
f 790/2/5 746/2/5 745/2/5
f 790/3/5 745/3/5 789/3/5
f 790/2/5 747/2/5 746/2/5
f 791/2/5 747/2/5 790/2/5
f 792/2/5 747/2/5 791/2/5
f 793/3/5 749/3/5 748/3/5
f 793/2/5 747/2/5 792/2/5
f 793/3/5 748/3/5 747/3/5
f 794/3/5 749/3/5 793/3/5
f 795/2/5 750/2/5 749/2/5
f 795/3/5 749/3/5 794/3/5
f 796/2/5 752/2/5 751/2/5
f 796/5/5 753/5/5 752/5/5
f 797/3/5 754/3/5 753/3/5
f 797/5/5 753/5/5 796/5/5
f 798/2/5 755/2/5 754/2/5
f 798/3/5 754/3/5 797/3/5
f 798/2/5 756/2/5 755/2/5
f 799/2/5 756/2/5 798/2/5
f 800/1/5 757/1/5 756/1/5
f 801/5/5 758/5/5 757/5/5
f 801/1/5 757/1/5 800/1/5
f 801/5/5 759/5/5 758/5/5
f 802/5/5 759/5/5 801/5/5
f 803/3/5 760/3/5 759/3/5
f 803/5/5 759/5/5 802/5/5
f 804/2/5 761/2/5 760/2/5
f 804/3/5 760/3/5 803/3/5
f 804/2/5 762/2/5 761/2/5
f 805/3/5 765/3/5 764/3/5
f 805/2/5 764/2/5 763/2/5
f 806/5/5 766/5/5 765/5/5
f 806/3/5 765/3/5 805/3/5
f 806/5/5 767/5/5 766/5/5
f 807/5/5 767/5/5 806/5/5
f 808/1/5 713/1/5 767/1/5
f 808/5/5 767/5/5 807/5/5
f 809/1/5 713/1/5 808/1/5
f 810/2/5 768/2/5 713/2/5
f 810/1/5 713/1/5 809/1/5
f 811/2/5 768/2/5 810/2/5
f 812/2/5 768/2/5 811/2/5
f 813/3/5 769/3/5 768/3/5
f 813/2/5 768/2/5 812/2/5
f 813/3/5 770/3/5 769/3/5
f 814/3/5 770/3/5 813/3/5
f 815/2/5 771/2/5 770/2/5
f 815/3/5 770/3/5 814/3/5
f 816/2/5 773/2/5 772/2/5
f 816/3/5 775/3/5 774/3/5
f 816/3/5 774/3/5 773/3/5
f 817/3/5 775/3/5 816/3/5
f 818/5/5 776/5/5 775/5/5
f 819/3/5 778/3/5 777/3/5
f 819/5/5 776/5/5 818/5/5
f 819/3/5 777/3/5 776/3/5
f 820/3/5 778/3/5 819/3/5
f 821/5/5 779/5/5 778/5/5
f 821/3/5 778/3/5 820/3/5
f 822/2/5 782/2/5 781/2/5
f 822/3/5 780/3/5 779/3/5
f 822/2/5 781/2/5 780/2/5
f 823/2/5 782/2/5 822/2/5
f 824/1/5 731/1/5 782/1/5
f 824/2/5 782/2/5 823/2/5
f 825/1/5 731/1/5 824/1/5
f 826/1/5 731/1/5 825/1/5
f 827/3/5 733/3/5 732/3/5
f 827/1/5 731/1/5 826/1/5
f 827/3/5 732/3/5 731/3/5
f 828/2/5 783/2/5 733/2/5
f 828/3/5 733/3/5 827/3/5
f 829/1/5 784/1/5 783/1/5
f 829/2/5 783/2/5 828/2/5
f 830/2/5 736/2/5 784/2/5
f 830/1/5 784/1/5 829/1/5
f 831/3/5 737/3/5 736/3/5
f 831/2/5 736/2/5 830/2/5
f 831/3/5 738/3/5 737/3/5
f 832/1/5 785/1/5 738/1/5
f 832/3/5 738/3/5 831/3/5
f 833/1/5 785/1/5 832/1/5
f 834/1/5 785/1/5 833/1/5
f 835/2/5 787/2/5 786/2/5
f 835/1/5 785/1/5 834/1/5
f 835/2/5 786/2/5 785/2/5
f 836/2/5 787/2/5 835/2/5
f 837/3/5 788/3/5 787/3/5
f 837/2/5 787/2/5 836/2/5
f 838/3/5 791/3/5 790/3/5
f 838/5/5 789/5/5 788/5/5
f 838/3/5 790/3/5 789/3/5
f 839/3/5 791/3/5 838/3/5
f 840/5/5 792/5/5 791/5/5
f 840/3/5 791/3/5 839/3/5
f 841/5/5 792/5/5 840/5/5
f 842/3/5 793/3/5 792/3/5
f 842/3/5 794/3/5 793/3/5
f 843/2/5 795/2/5 794/2/5
f 843/3/5 794/3/5 842/3/5
f 844/2/5 797/2/5 796/2/5
f 844/3/5 799/3/5 798/3/5
f 844/3/5 798/3/5 797/3/5
f 845/3/5 799/3/5 844/3/5
f 846/2/5 756/2/5 799/2/5
f 846/3/5 799/3/5 845/3/5
f 847/2/5 756/2/5 846/2/5
f 848/2/5 756/2/5 847/2/5
f 849/1/5 800/1/5 756/1/5
f 849/2/5 756/2/5 848/2/5
f 850/1/5 800/1/5 849/1/5
f 851/5/5 802/5/5 801/5/5
f 851/1/5 800/1/5 850/1/5
f 851/5/5 801/5/5 800/5/5
f 852/5/5 802/5/5 851/5/5
f 853/3/5 803/3/5 802/3/5
f 853/5/5 802/5/5 852/5/5
f 854/2/5 804/2/5 803/2/5
f 854/3/5 803/3/5 853/3/5
f 855/3/5 807/3/5 806/3/5
f 855/1/5 806/1/5 805/1/5
f 856/5/5 809/5/5 808/5/5
f 856/3/5 807/3/5 855/3/5
f 856/5/5 808/5/5 807/5/5
f 857/5/5 809/5/5 856/5/5
f 858/1/5 811/1/5 810/1/5
f 858/5/5 809/5/5 857/5/5
f 858/1/5 810/1/5 809/1/5
f 859/1/5 811/1/5 858/1/5
f 860/2/5 812/2/5 811/2/5
f 860/1/5 811/1/5 859/1/5
f 861/2/5 812/2/5 860/2/5
f 862/2/5 812/2/5 861/2/5
f 863/5/5 814/5/5 813/5/5
f 863/2/5 812/2/5 862/2/5
f 863/5/5 813/5/5 812/5/5
f 864/5/5 814/5/5 863/5/5
f 865/2/5 815/2/5 814/2/5
f 865/5/5 814/5/5 864/5/5
f 866/2/5 817/2/5 816/2/5
f 866/1/5 719/1/5 684/1/5
f 866/2/5 772/2/5 719/2/5
f 866/2/5 816/2/5 772/2/5
f 867/2/5 817/2/5 866/2/5
f 868/3/5 819/3/5 818/3/5
f 868/3/5 820/3/5 819/3/5
f 869/3/5 820/3/5 868/3/5
f 870/3/5 820/3/5 869/3/5
f 871/5/5 821/5/5 820/5/5
f 871/3/5 820/3/5 870/3/5
f 872/5/5 821/5/5 871/5/5
f 873/5/5 779/5/5 821/5/5
f 873/5/5 821/5/5 872/5/5
f 874/3/5 823/3/5 822/3/5
f 874/5/5 779/5/5 873/5/5
f 874/3/5 822/3/5 779/3/5
f 875/3/5 823/3/5 874/3/5
f 876/1/5 826/1/5 825/1/5
f 876/2/5 825/2/5 824/2/5
f 876/2/5 824/2/5 823/2/5
f 877/1/5 826/1/5 876/1/5
f 878/3/5 827/3/5 826/3/5
f 878/1/5 826/1/5 877/1/5
f 878/3/5 828/3/5 827/3/5
f 879/3/5 828/3/5 878/3/5
f 880/3/5 828/3/5 879/3/5
f 881/1/5 830/1/5 829/1/5
f 881/3/5 828/3/5 880/3/5
f 881/1/5 831/1/5 830/1/5
f 881/1/5 829/1/5 828/1/5
f 882/3/5 833/3/5 832/3/5
f 882/1/5 831/1/5 881/1/5
f 882/3/5 832/3/5 831/3/5
f 883/3/5 833/3/5 882/3/5
f 884/3/5 833/3/5 883/3/5
f 885/1/5 834/1/5 833/1/5
f 885/3/5 833/3/5 884/3/5
f 886/1/5 834/1/5 885/1/5
f 887/2/5 836/2/5 835/2/5
f 887/1/5 834/1/5 886/1/5
f 887/2/5 835/2/5 834/2/5
f 888/3/5 788/3/5 837/3/5
f 888/3/5 837/3/5 836/3/5
f 889/5/5 839/5/5 838/5/5
f 889/3/5 788/3/5 888/3/5
f 889/5/5 838/5/5 788/5/5
f 890/5/5 839/5/5 889/5/5
f 891/5/5 839/5/5 890/5/5
f 892/3/5 841/3/5 840/3/5
f 892/5/5 839/5/5 891/5/5
f 892/3/5 840/3/5 839/3/5
f 893/3/5 841/3/5 892/3/5
f 894/3/5 841/3/5 893/3/5
f 895/3/5 841/3/5 894/3/5
f 896/2/5 750/2/5 795/2/5
f 896/2/5 795/2/5 843/2/5
f 896/2/5 843/2/5 842/2/5
f 897/1/5 701/1/5 750/1/5
f 897/2/5 750/2/5 896/2/5
f 898/2/5 845/2/5 844/2/5
f 898/5/5 846/5/5 845/5/5
f 898/5/5 847/5/5 846/5/5
f 899/5/5 847/5/5 898/5/5
f 900/2/5 848/2/5 847/2/5
f 900/5/5 847/5/5 899/5/5
f 901/2/5 848/2/5 900/2/5
f 902/2/5 848/2/5 901/2/5
f 903/1/5 850/1/5 849/1/5
f 903/2/5 848/2/5 902/2/5
f 903/1/5 849/1/5 848/1/5
f 904/1/5 850/1/5 903/1/5
f 905/5/5 852/5/5 851/5/5
f 905/1/5 850/1/5 904/1/5
f 905/5/5 851/5/5 850/5/5
f 906/5/5 852/5/5 905/5/5
f 907/3/5 853/3/5 852/3/5
f 907/5/5 852/5/5 906/5/5
f 908/1/5 854/1/5 853/1/5
f 908/3/5 853/3/5 907/3/5
f 909/3/5 857/3/5 856/3/5
f 909/1/5 856/1/5 855/1/5
f 910/5/5 859/5/5 858/5/5
f 910/3/5 857/3/5 909/3/5
f 910/5/5 858/5/5 857/5/5
f 911/5/5 859/5/5 910/5/5
f 912/2/5 861/2/5 860/2/5
f 912/5/5 859/5/5 911/5/5
f 912/2/5 860/2/5 859/2/5
f 913/2/5 861/2/5 912/2/5
f 914/3/5 862/3/5 861/3/5
f 914/2/5 861/2/5 913/2/5
f 915/5/5 864/5/5 863/5/5
f 915/3/5 862/3/5 914/3/5
f 915/5/5 863/5/5 862/5/5
f 916/5/5 864/5/5 915/5/5
f 917/2/5 865/2/5 864/2/5
f 917/5/5 864/5/5 916/5/5
f 918/3/5 775/3/5 817/3/5
f 918/2/5 817/2/5 867/2/5
f 919/5/5 818/5/5 775/5/5
f 919/3/5 775/3/5 918/3/5
f 920/3/5 868/3/5 818/3/5
f 920/5/5 818/5/5 919/5/5
f 921/2/5 869/2/5 868/2/5
f 921/3/5 868/3/5 920/3/5
f 922/3/5 870/3/5 869/3/5
f 922/2/5 869/2/5 921/2/5
f 923/5/5 872/5/5 871/5/5
f 923/3/5 870/3/5 922/3/5
f 923/5/5 871/5/5 870/5/5
f 924/3/5 873/3/5 872/3/5
f 924/5/5 872/5/5 923/5/5
f 925/3/5 873/3/5 924/3/5
f 926/5/5 875/5/5 874/5/5
f 926/3/5 873/3/5 925/3/5
f 926/5/5 874/5/5 873/5/5
f 927/5/5 875/5/5 926/5/5
f 928/3/5 823/3/5 875/3/5
f 928/5/5 875/5/5 927/5/5
f 929/2/5 877/2/5 876/2/5
f 929/3/5 823/3/5 928/3/5
f 929/2/5 876/2/5 823/2/5
f 930/2/5 877/2/5 929/2/5
f 931/2/5 877/2/5 930/2/5
f 932/3/5 879/3/5 878/3/5
f 932/2/5 877/2/5 931/2/5
f 932/3/5 878/3/5 877/3/5
f 933/1/5 881/1/5 880/1/5
f 933/1/5 883/1/5 882/1/5
f 933/1/5 882/1/5 881/1/5
f 934/1/5 883/1/5 933/1/5
f 935/2/5 887/2/5 886/2/5
f 935/3/5 886/3/5 885/3/5
f 935/3/5 885/3/5 884/3/5
f 936/2/5 836/2/5 887/2/5
f 936/2/5 887/2/5 935/2/5
f 937/2/5 836/2/5 936/2/5
f 938/3/5 888/3/5 836/3/5
f 938/2/5 836/2/5 937/2/5
f 939/5/5 890/5/5 889/5/5
f 939/3/5 888/3/5 938/3/5
f 939/5/5 889/5/5 888/5/5
f 940/5/5 890/5/5 939/5/5
f 941/3/5 891/3/5 890/3/5
f 941/5/5 890/5/5 940/5/5
f 942/3/5 891/3/5 941/3/5
f 943/5/5 893/5/5 892/5/5
f 943/3/5 891/3/5 942/3/5
f 943/5/5 892/5/5 891/5/5
f 944/3/5 894/3/5 893/3/5
f 944/5/5 893/5/5 943/5/5
f 945/2/5 895/2/5 894/2/5
f 945/3/5 894/3/5 944/3/5
f 946/3/5 841/3/5 895/3/5
f 946/2/5 895/2/5 945/2/5
f 947/5/5 792/5/5 841/5/5
f 947/3/5 841/3/5 946/3/5
f 948/3/5 842/3/5 792/3/5
f 948/5/5 792/5/5 947/5/5
f 949/2/5 896/2/5 842/2/5
f 949/3/5 842/3/5 948/3/5
f 950/5/5 901/5/5 900/5/5
f 950/2/5 899/2/5 898/2/5
f 950/5/5 900/5/5 899/5/5
f 951/5/5 901/5/5 950/5/5
f 952/3/5 902/3/5 901/3/5
f 952/5/5 901/5/5 951/5/5
f 953/2/5 904/2/5 903/2/5
f 953/3/5 902/3/5 952/3/5
f 953/2/5 903/2/5 902/2/5
f 954/2/5 904/2/5 953/2/5
f 955/5/5 906/5/5 905/5/5
f 955/2/5 904/2/5 954/2/5
f 955/5/5 905/5/5 904/5/5
f 956/5/5 906/5/5 955/5/5
f 957/3/5 907/3/5 906/3/5
f 957/5/5 906/5/5 956/5/5
f 958/1/5 908/1/5 907/1/5
f 958/3/5 907/3/5 957/3/5
f 959/3/5 913/3/5 912/3/5
f 959/5/5 912/5/5 911/5/5
f 960/3/5 913/3/5 959/3/5
f 961/5/5 914/5/5 913/5/5
f 961/3/5 913/3/5 960/3/5
f 961/5/5 916/5/5 915/5/5
f 961/5/5 915/5/5 914/5/5
f 962/5/5 916/5/5 961/5/5
f 963/2/5 917/2/5 916/2/5
f 963/5/5 916/5/5 962/5/5
f 964/2/5 865/2/5 917/2/5
f 964/2/5 917/2/5 963/2/5
f 964/2/5 684/2/5 718/2/5
f 964/2/5 771/2/5 815/2/5
f 964/2/5 718/2/5 771/2/5
f 964/2/5 815/2/5 865/2/5
f 965/1/5 867/1/5 866/1/5
f 965/2/5 684/2/5 964/2/5
f 965/1/5 866/1/5 684/1/5
f 966/2/5 918/2/5 867/2/5
f 966/1/5 867/1/5 965/1/5
f 967/2/5 918/2/5 966/2/5
f 968/2/5 918/2/5 967/2/5
f 969/5/5 919/5/5 918/5/5
f 969/2/5 918/2/5 968/2/5
f 970/3/5 920/3/5 919/3/5
f 970/5/5 919/5/5 969/5/5
f 971/2/5 923/2/5 922/2/5
f 971/3/5 920/3/5 970/3/5
f 971/2/5 922/2/5 921/2/5
f 971/2/5 921/2/5 920/2/5
f 972/2/5 923/2/5 971/2/5
f 973/1/5 925/1/5 924/1/5
f 973/2/5 923/2/5 972/2/5
f 973/1/5 924/1/5 923/1/5
f 974/3/5 927/3/5 926/3/5
f 974/2/5 926/2/5 925/2/5
f 975/5/5 928/5/5 927/5/5
f 975/3/5 927/3/5 974/3/5
f 975/5/5 929/5/5 928/5/5
f 976/5/5 929/5/5 975/5/5
f 977/3/5 930/3/5 929/3/5
f 977/5/5 929/5/5 976/5/5
f 978/2/5 931/2/5 930/2/5
f 978/3/5 930/3/5 977/3/5
f 979/2/5 931/2/5 978/2/5
f 980/2/5 931/2/5 979/2/5
f 981/3/5 932/3/5 931/3/5
f 981/2/5 931/2/5 980/2/5
f 982/3/5 879/3/5 932/3/5
f 982/3/5 932/3/5 981/3/5
f 983/5/5 880/5/5 879/5/5
f 983/3/5 879/3/5 982/3/5
f 984/1/5 933/1/5 880/1/5
f 985/2/5 934/2/5 933/2/5
f 985/1/5 933/1/5 984/1/5
f 986/1/5 883/1/5 934/1/5
f 986/2/5 934/2/5 985/2/5
f 987/1/5 883/1/5 986/1/5
f 988/3/5 935/3/5 884/3/5
f 988/5/5 884/5/5 883/5/5
f 988/3/5 936/3/5 935/3/5
f 989/3/5 936/3/5 988/3/5
f 990/2/5 937/2/5 936/2/5
f 990/3/5 936/3/5 989/3/5
f 991/2/5 937/2/5 990/2/5
f 992/2/5 937/2/5 991/2/5
f 993/3/5 938/3/5 937/3/5
f 993/2/5 937/2/5 992/2/5
f 994/5/5 939/5/5 938/5/5
f 994/3/5 938/3/5 993/3/5
f 994/5/5 940/5/5 939/5/5
f 995/5/5 940/5/5 994/5/5
f 996/3/5 941/3/5 940/3/5
f 996/5/5 940/5/5 995/5/5
f 997/2/5 942/2/5 941/2/5
f 997/3/5 941/3/5 996/3/5
f 998/2/5 945/2/5 944/2/5
f 998/1/5 944/1/5 943/1/5
f 998/1/5 943/1/5 942/1/5
f 998/2/5 946/2/5 945/2/5
f 998/2/5 947/2/5 946/2/5
f 999/2/5 947/2/5 998/2/5
f 1000/3/5 948/3/5 947/3/5
f 1000/2/5 947/2/5 999/2/5
f 1001/5/5 949/5/5 948/5/5
f 1001/3/5 948/3/5 1000/3/5
f 1002/2/5 896/2/5 949/2/5
f 1002/5/5 949/5/5 1001/5/5
f 1003/2/5 896/2/5 1002/2/5
f 1004/2/5 896/2/5 1003/2/5
f 1005/1/5 897/1/5 896/1/5
f 1005/2/5 896/2/5 1004/2/5
f 1006/2/5 951/2/5 950/2/5
f 1006/1/5 897/1/5 1005/1/5
f 1006/1/5 701/1/5 897/1/5
f 1006/2/5 898/2/5 844/2/5
f 1006/2/5 751/2/5 701/2/5
f 1006/2/5 796/2/5 751/2/5
f 1006/2/5 950/2/5 898/2/5
f 1006/2/5 844/2/5 796/2/5
f 1007/2/5 951/2/5 1006/2/5
f 1008/5/5 952/5/5 951/5/5
f 1008/2/5 951/2/5 1007/2/5
f 1008/5/5 954/5/5 953/5/5
f 1008/5/5 953/5/5 952/5/5
f 1009/5/5 954/5/5 1008/5/5
f 1010/3/5 955/3/5 954/3/5
f 1010/5/5 954/5/5 1009/5/5
f 1011/3/5 955/3/5 1010/3/5
f 1012/5/5 956/5/5 955/5/5
f 1012/3/5 955/3/5 1011/3/5
f 1013/5/5 960/5/5 959/5/5
f 1013/5/5 959/5/5 911/5/5
f 1013/1/5 911/1/5 910/1/5
f 1013/1/5 910/1/5 909/1/5
f 1014/3/5 961/3/5 960/3/5
f 1014/5/5 960/5/5 1013/5/5
f 1014/3/5 962/3/5 961/3/5
f 1015/2/5 963/2/5 962/2/5
f 1015/2/5 964/2/5 963/2/5
f 1016/1/5 965/1/5 964/1/5
f 1016/2/5 964/2/5 1015/2/5
f 1016/1/5 967/1/5 966/1/5
f 1016/1/5 966/1/5 965/1/5
f 1017/1/5 967/1/5 1016/1/5
f 1018/1/5 967/1/5 1017/1/5
f 1019/2/5 968/2/5 967/2/5
f 1019/1/5 967/1/5 1018/1/5
f 1020/3/5 969/3/5 968/3/5
f 1020/2/5 968/2/5 1019/2/5
f 1021/5/5 970/5/5 969/5/5
f 1021/3/5 969/3/5 1020/3/5
f 1022/2/5 972/2/5 971/2/5
f 1022/2/5 971/2/5 970/2/5
f 1023/1/5 973/1/5 972/1/5
f 1023/2/5 972/2/5 1022/2/5
f 1024/1/5 925/1/5 973/1/5
f 1024/1/5 973/1/5 1023/1/5
f 1025/2/5 974/2/5 925/2/5
f 1025/1/5 925/1/5 1024/1/5
f 1025/2/5 975/2/5 974/2/5
f 1026/3/5 976/3/5 975/3/5
f 1026/2/5 975/2/5 1025/2/5
f 1027/5/5 977/5/5 976/5/5
f 1027/3/5 976/3/5 1026/3/5
f 1027/5/5 978/5/5 977/5/5
f 1028/5/5 978/5/5 1027/5/5
f 1029/3/5 979/3/5 978/3/5
f 1029/5/5 978/5/5 1028/5/5
f 1030/3/5 979/3/5 1029/3/5
f 1031/2/5 980/2/5 979/2/5
f 1031/3/5 979/3/5 1030/3/5
f 1032/3/5 982/3/5 981/3/5
f 1032/2/5 980/2/5 1031/2/5
f 1032/3/5 981/3/5 980/3/5
f 1033/3/5 982/3/5 1032/3/5
f 1034/3/5 982/3/5 1033/3/5
f 1035/1/5 984/1/5 880/1/5
f 1036/2/5 986/2/5 985/2/5
f 1036/1/5 984/1/5 1035/1/5
f 1036/2/5 987/2/5 986/2/5
f 1036/2/5 985/2/5 984/2/5
f 1037/1/5 883/1/5 987/1/5
f 1037/2/5 987/2/5 1036/2/5
f 1038/1/5 883/1/5 1037/1/5
f 1039/3/5 990/3/5 989/3/5
f 1039/3/5 991/3/5 990/3/5
f 1040/3/5 991/3/5 1039/3/5
f 1041/2/5 992/2/5 991/2/5
f 1041/3/5 991/3/5 1040/3/5
f 1042/3/5 993/3/5 992/3/5
f 1042/2/5 992/2/5 1041/2/5
f 1043/3/5 993/3/5 1042/3/5
f 1044/5/5 995/5/5 994/5/5
f 1044/3/5 993/3/5 1043/3/5
f 1044/5/5 994/5/5 993/5/5
f 1045/5/5 995/5/5 1044/5/5
f 1046/3/5 996/3/5 995/3/5
f 1046/5/5 995/5/5 1045/5/5
f 1047/2/5 997/2/5 996/2/5
f 1047/3/5 996/3/5 1046/3/5
f 1048/2/5 942/2/5 997/2/5
f 1048/2/5 997/2/5 1047/2/5
f 1048/1/5 999/1/5 998/1/5
f 1048/1/5 998/1/5 942/1/5
f 1049/1/5 999/1/5 1048/1/5
f 1050/2/5 1001/2/5 1000/2/5
f 1050/1/5 999/1/5 1049/1/5
f 1050/2/5 1000/2/5 999/2/5
f 1051/2/5 1001/2/5 1050/2/5
f 1052/3/5 1003/3/5 1002/3/5
f 1052/5/5 1002/5/5 1001/5/5
f 1053/2/5 1004/2/5 1003/2/5
f 1053/3/5 1003/3/5 1052/3/5
f 1054/1/5 1005/1/5 1004/1/5
f 1054/2/5 1004/2/5 1053/2/5
f 1054/1/5 1007/1/5 1006/1/5
f 1054/1/5 1006/1/5 1005/1/5
f 1055/1/5 1007/1/5 1054/1/5
f 1056/1/5 1007/1/5 1055/1/5
f 1057/2/5 1008/2/5 1007/2/5
f 1057/1/5 1007/1/5 1056/1/5
f 1057/2/5 1009/2/5 1008/2/5
f 1058/2/5 1009/2/5 1057/2/5
f 1059/5/5 1012/5/5 1011/5/5
f 1059/3/5 1010/3/5 1009/3/5
f 1059/3/5 1011/3/5 1010/3/5
f 1060/5/5 956/5/5 1012/5/5
f 1060/5/5 1012/5/5 1059/5/5
f 1060/1/5 958/1/5 957/1/5
f 1060/1/5 957/1/5 956/1/5
f 1061/1/5 1013/1/5 909/1/5
f 1061/2/5 1014/2/5 1013/2/5
f 1062/2/5 1014/2/5 1061/2/5
f 1063/3/5 962/3/5 1014/3/5
f 1063/2/5 1014/2/5 1062/2/5
f 1064/3/5 962/3/5 1063/3/5
f 1065/2/5 1015/2/5 962/2/5
f 1066/1/5 1017/1/5 1016/1/5
f 1066/2/5 1015/2/5 1065/2/5
f 1066/1/5 1016/1/5 1015/1/5
f 1067/1/5 1017/1/5 1066/1/5
f 1068/2/5 1018/2/5 1017/2/5
f 1068/1/5 1017/1/5 1067/1/5
f 1069/1/5 1020/1/5 1019/1/5
f 1069/2/5 1018/2/5 1068/2/5
f 1069/1/5 1019/1/5 1018/1/5
f 1070/1/5 1020/1/5 1069/1/5
f 1071/5/5 1021/5/5 1020/5/5
f 1071/1/5 1020/1/5 1070/1/5
f 1072/5/5 970/5/5 1021/5/5
f 1072/5/5 1021/5/5 1071/5/5
f 1072/2/5 1022/2/5 970/2/5
f 1073/1/5 1023/1/5 1022/1/5
f 1073/2/5 1022/2/5 1072/2/5
f 1073/1/5 1024/1/5 1023/1/5
f 1074/2/5 1026/2/5 1025/2/5
f 1074/2/5 1025/2/5 1024/2/5
f 1074/3/5 1028/3/5 1027/3/5
f 1074/2/5 1027/2/5 1026/2/5
f 1075/5/5 1029/5/5 1028/5/5
f 1075/3/5 1028/3/5 1074/3/5
f 1076/5/5 1031/5/5 1030/5/5
f 1076/5/5 1032/5/5 1031/5/5
f 1076/2/5 1030/2/5 1029/2/5
f 1077/3/5 1033/3/5 1032/3/5
f 1077/5/5 1032/5/5 1076/5/5
f 1078/2/5 1034/2/5 1033/2/5
f 1078/3/5 1033/3/5 1077/3/5
f 1079/3/5 982/3/5 1034/3/5
f 1079/2/5 1034/2/5 1078/2/5
f 1080/5/5 983/5/5 982/5/5
f 1080/3/5 982/3/5 1079/3/5
f 1081/1/5 1035/1/5 880/1/5
f 1081/5/5 983/5/5 1080/5/5
f 1081/5/5 880/5/5 983/5/5
f 1082/2/5 1036/2/5 1035/2/5
f 1082/1/5 1035/1/5 1081/1/5
f 1082/2/5 1037/2/5 1036/2/5
f 1082/2/5 1038/2/5 1037/2/5
f 1083/1/5 883/1/5 1038/1/5
f 1083/2/5 1038/2/5 1082/2/5
f 1084/5/5 989/5/5 988/5/5
f 1084/1/5 883/1/5 1083/1/5
f 1084/5/5 988/5/5 883/5/5
f 1085/3/5 1039/3/5 989/3/5
f 1085/5/5 989/5/5 1084/5/5
f 1086/2/5 1040/2/5 1039/2/5
f 1086/3/5 1039/3/5 1085/3/5
f 1087/3/5 1041/3/5 1040/3/5
f 1087/2/5 1040/2/5 1086/2/5
f 1088/5/5 1043/5/5 1042/5/5
f 1088/3/5 1041/3/5 1087/3/5
f 1088/5/5 1042/5/5 1041/5/5
f 1089/2/5 1044/2/5 1043/2/5
f 1089/5/5 1043/5/5 1088/5/5
f 1090/3/5 1046/3/5 1045/3/5
f 1090/5/5 1045/5/5 1044/5/5
f 1091/2/5 1047/2/5 1046/2/5
f 1091/3/5 1046/3/5 1090/3/5
f 1091/2/5 1049/2/5 1048/2/5
f 1091/2/5 1048/2/5 1047/2/5
f 1092/1/5 1050/1/5 1049/1/5
f 1092/2/5 1001/2/5 1051/2/5
f 1092/1/5 1051/1/5 1050/1/5
f 1093/5/5 1053/5/5 1052/5/5
f 1093/2/5 1001/2/5 1092/2/5
f 1093/5/5 1052/5/5 1001/5/5
f 1094/1/5 1055/1/5 1054/1/5
f 1094/5/5 1053/5/5 1093/5/5
f 1094/1/5 1054/1/5 1053/1/5
f 1095/1/5 1055/1/5 1094/1/5
f 1096/2/5 1056/2/5 1055/2/5
f 1096/1/5 1055/1/5 1095/1/5
f 1097/1/5 1058/1/5 1057/1/5
f 1097/2/5 1056/2/5 1096/2/5
f 1097/1/5 1057/1/5 1056/1/5
f 1098/1/5 1058/1/5 1097/1/5
f 1099/2/5 1009/2/5 1058/2/5
f 1099/1/5 1058/1/5 1098/1/5
f 1100/2/5 1009/2/5 1099/2/5
f 1101/3/5 1059/3/5 1009/3/5
f 1102/2/5 1060/2/5 1059/2/5
f 1102/3/5 1059/3/5 1101/3/5
f 1103/2/5 1060/2/5 1102/2/5
f 1104/1/5 958/1/5 1060/1/5
f 1104/2/5 1060/2/5 1103/2/5
f 1105/2/5 1065/2/5 962/2/5
f 1106/1/5 1067/1/5 1066/1/5
f 1106/2/5 1065/2/5 1105/2/5
f 1106/1/5 1066/1/5 1065/1/5
f 1107/2/5 1068/2/5 1067/2/5
f 1107/1/5 1072/1/5 1071/1/5
f 1107/1/5 1073/1/5 1072/1/5
f 1107/1/5 1071/1/5 1070/1/5
f 1107/2/5 1070/2/5 1069/2/5
f 1107/2/5 1069/2/5 1068/2/5
f 1108/1/5 1073/1/5 1107/1/5
f 1109/1/5 1073/1/5 1108/1/5
f 1110/1/5 1080/1/5 1079/1/5
f 1110/3/5 1081/3/5 1080/3/5
f 1110/3/5 1082/3/5 1081/3/5
f 1111/3/5 1082/3/5 1110/3/5
f 1112/2/5 1083/2/5 1082/2/5
f 1112/3/5 1082/3/5 1111/3/5
f 1113/2/5 1083/2/5 1112/2/5
f 1114/2/5 1083/2/5 1113/2/5
f 1115/3/5 1084/3/5 1083/3/5
f 1115/2/5 1083/2/5 1114/2/5
f 1115/3/5 1085/3/5 1084/3/5
f 1116/3/5 1085/3/5 1115/3/5
f 1117/1/5 1086/1/5 1085/1/5
f 1117/3/5 1085/3/5 1116/3/5
f 1118/1/5 1095/1/5 1094/1/5
f 1118/1/5 1093/1/5 1092/1/5
f 1118/1/5 1094/1/5 1093/1/5
f 1119/1/5 1095/1/5 1118/1/5
f 1120/2/5 1098/2/5 1097/2/5
f 1120/1/5 1095/1/5 1119/1/5
f 1120/2/5 1096/2/5 1095/2/5
f 1120/2/5 1097/2/5 1096/2/5
f 1121/2/5 1009/2/5 1100/2/5
f 1121/1/5 1100/1/5 1099/1/5
f 1121/1/5 1099/1/5 1098/1/5
f 1122/2/5 1009/2/5 1121/2/5
f 1123/2/5 763/2/5 707/2/5
f 1123/2/5 805/2/5 763/2/5
f 1124/1/5 1062/1/5 1061/1/5
f 1124/2/5 805/2/5 1123/2/5
f 1124/1/5 909/1/5 855/1/5
f 1124/1/5 1061/1/5 909/1/5
f 1124/1/5 855/1/5 805/1/5
f 1125/3/5 962/3/5 1064/3/5
f 1125/2/5 1105/2/5 962/2/5
f 1126/2/5 1105/2/5 1125/2/5
f 1127/1/5 1106/1/5 1105/1/5
f 1127/2/5 1105/2/5 1126/2/5
f 1128/1/5 1067/1/5 1106/1/5
f 1128/1/5 1106/1/5 1127/1/5
f 1129/2/5 1107/2/5 1067/2/5
f 1129/1/5 1067/1/5 1128/1/5
f 1129/2/5 1108/2/5 1107/2/5
f 1130/2/5 1108/2/5 1129/2/5
f 1131/3/5 1109/3/5 1108/3/5
f 1131/2/5 1108/2/5 1130/2/5
f 1132/1/5 1073/1/5 1109/1/5
f 1132/3/5 1109/3/5 1131/3/5
f 1133/1/5 1073/1/5 1132/1/5
f 1134/1/5 1111/1/5 1110/1/5
f 1134/5/5 1112/5/5 1111/5/5
f 1135/5/5 1112/5/5 1134/5/5
f 1136/3/5 1113/3/5 1112/3/5
f 1136/5/5 1112/5/5 1135/5/5
f 1137/2/5 1114/2/5 1113/2/5
f 1137/3/5 1113/3/5 1136/3/5
f 1138/3/5 1115/3/5 1114/3/5
f 1138/2/5 1114/2/5 1137/2/5
f 1139/5/5 1116/5/5 1115/5/5
f 1139/3/5 1115/3/5 1138/3/5
f 1140/5/5 1116/5/5 1139/5/5
f 1141/1/5 1117/1/5 1116/1/5
f 1141/5/5 1116/5/5 1140/5/5
f 1142/1/5 1118/1/5 1092/1/5
f 1143/3/5 1119/3/5 1118/3/5
f 1143/1/5 1118/1/5 1142/1/5
f 1144/2/5 1120/2/5 1119/2/5
f 1144/3/5 1119/3/5 1143/3/5
f 1145/2/5 1098/2/5 1120/2/5
f 1145/2/5 1120/2/5 1144/2/5
f 1146/1/5 1121/1/5 1098/1/5
f 1146/2/5 1098/2/5 1145/2/5
f 1146/1/5 1122/1/5 1121/1/5
f 1147/1/5 1122/1/5 1146/1/5
f 1148/2/5 1009/2/5 1122/2/5
f 1148/1/5 1122/1/5 1147/1/5
f 1149/2/5 1009/2/5 1148/2/5
f 1150/3/5 1101/3/5 1009/3/5
f 1150/2/5 1009/2/5 1149/2/5
f 1151/1/5 908/1/5 958/1/5
f 1151/1/5 1104/1/5 1103/1/5
f 1151/1/5 958/1/5 1104/1/5
f 1151/2/5 804/2/5 854/2/5
f 1151/1/5 854/1/5 908/1/5
f 1152/2/5 762/2/5 804/2/5
f 1152/2/5 804/2/5 1151/2/5
f 1153/2/5 1123/2/5 707/2/5
f 1154/1/5 1124/1/5 1123/1/5
f 1154/2/5 1123/2/5 1153/2/5
f 1155/3/5 1126/3/5 1125/3/5
f 1155/2/5 1063/2/5 1062/2/5
f 1155/2/5 1064/2/5 1063/2/5
f 1155/3/5 1125/3/5 1064/3/5
f 1156/3/5 1126/3/5 1155/3/5
f 1157/1/5 1127/1/5 1126/1/5
f 1157/1/5 1128/1/5 1127/1/5
f 1158/2/5 1130/2/5 1129/2/5
f 1158/1/5 1128/1/5 1157/1/5
f 1158/2/5 1129/2/5 1128/2/5
f 1159/2/5 1130/2/5 1158/2/5
f 1160/3/5 1131/3/5 1130/3/5
f 1160/2/5 1130/2/5 1159/2/5
f 1160/3/5 1132/3/5 1131/3/5
f 1161/3/5 1132/3/5 1160/3/5
f 1162/2/5 1133/2/5 1132/2/5
f 1162/3/5 1132/3/5 1161/3/5
f 1163/1/5 1073/1/5 1133/1/5
f 1164/1/5 1024/1/5 1073/1/5
f 1164/1/5 1073/1/5 1163/1/5
f 1165/2/5 1075/2/5 1074/2/5
f 1165/1/5 1024/1/5 1164/1/5
f 1165/2/5 1074/2/5 1024/2/5
f 1166/2/5 1075/2/5 1165/2/5
f 1167/2/5 1075/2/5 1166/2/5
f 1168/5/5 1029/5/5 1075/5/5
f 1168/2/5 1075/2/5 1167/2/5
f 1169/2/5 1077/2/5 1076/2/5
f 1169/5/5 1029/5/5 1168/5/5
f 1169/2/5 1076/2/5 1029/2/5
f 1169/2/5 1078/2/5 1077/2/5
f 1169/2/5 1079/2/5 1078/2/5
f 1170/2/5 1079/2/5 1169/2/5
f 1171/1/5 1110/1/5 1079/1/5
f 1171/2/5 1079/2/5 1170/2/5
f 1171/1/5 1134/1/5 1110/1/5
f 1172/5/5 1136/5/5 1135/5/5
f 1172/5/5 1137/5/5 1136/5/5
f 1172/2/5 1135/2/5 1134/2/5
f 1173/5/5 1137/5/5 1172/5/5
f 1174/2/5 1138/2/5 1137/2/5
f 1174/5/5 1137/5/5 1173/5/5
f 1175/2/5 1138/2/5 1174/2/5
f 1176/2/5 1138/2/5 1175/2/5
f 1177/2/5 1138/2/5 1176/2/5
f 1178/2/5 1138/2/5 1177/2/5
f 1179/5/5 1140/5/5 1139/5/5
f 1179/2/5 1138/2/5 1178/2/5
f 1179/5/5 1139/5/5 1138/5/5
f 1180/5/5 1140/5/5 1179/5/5
f 1181/2/5 1141/2/5 1140/2/5
f 1181/5/5 1140/5/5 1180/5/5
f 1182/1/5 1086/1/5 1117/1/5
f 1182/2/5 1088/2/5 1087/2/5
f 1182/2/5 1087/2/5 1086/2/5
f 1182/1/5 1117/1/5 1141/1/5
f 1182/2/5 1089/2/5 1088/2/5
f 1183/2/5 1089/2/5 1182/2/5
f 1184/5/5 1090/5/5 1044/5/5
f 1184/2/5 1089/2/5 1183/2/5
f 1184/2/5 1044/2/5 1089/2/5
f 1185/2/5 1091/2/5 1090/2/5
f 1185/5/5 1090/5/5 1184/5/5
f 1186/2/5 1049/2/5 1091/2/5
f 1186/2/5 1091/2/5 1185/2/5
f 1187/2/5 1049/2/5 1186/2/5
f 1188/1/5 1092/1/5 1049/1/5
f 1188/2/5 1049/2/5 1187/2/5
f 1188/1/5 1142/1/5 1092/1/5
f 1189/1/5 1142/1/5 1188/1/5
f 1190/1/5 1142/1/5 1189/1/5
f 1191/3/5 1145/3/5 1144/3/5
f 1191/3/5 1144/3/5 1143/3/5
f 1191/2/5 1143/2/5 1142/2/5
f 1192/3/5 1145/3/5 1191/3/5
f 1193/2/5 1147/2/5 1146/2/5
f 1193/3/5 1145/3/5 1192/3/5
f 1193/2/5 1146/2/5 1145/2/5
f 1194/2/5 1147/2/5 1193/2/5
f 1195/1/5 1148/1/5 1147/1/5
f 1195/2/5 1147/2/5 1194/2/5
f 1195/1/5 1149/1/5 1148/1/5
f 1196/1/5 1149/1/5 1195/1/5
f 1197/3/5 1101/3/5 1150/3/5
f 1197/3/5 1150/3/5 1149/3/5
f 1198/2/5 1103/2/5 1102/2/5
f 1198/3/5 1101/3/5 1197/3/5
f 1198/2/5 1102/2/5 1101/2/5
f 1199/2/5 762/2/5 1152/2/5
f 1199/1/5 1152/1/5 1151/1/5
f 1200/2/5 762/2/5 1199/2/5
f 1201/1/5 1062/1/5 1124/1/5
f 1201/1/5 1124/1/5 1154/1/5
f 1201/1/5 1154/1/5 1153/1/5
f 1201/2/5 1155/2/5 1062/2/5
f 1202/1/5 1156/1/5 1155/1/5
f 1202/2/5 1155/2/5 1201/2/5
f 1203/1/5 1157/1/5 1126/1/5
f 1204/2/5 1159/2/5 1158/2/5
f 1204/1/5 1157/1/5 1203/1/5
f 1204/2/5 1158/2/5 1157/2/5
f 1205/2/5 1159/2/5 1204/2/5
f 1206/3/5 1161/3/5 1160/3/5
f 1206/2/5 1159/2/5 1205/2/5
f 1206/3/5 1160/3/5 1159/3/5
f 1207/3/5 1161/3/5 1206/3/5
f 1208/2/5 1133/2/5 1162/2/5
f 1208/2/5 1162/2/5 1161/2/5
f 1209/1/5 1163/1/5 1133/1/5
f 1209/2/5 1133/2/5 1208/2/5
f 1210/1/5 1163/1/5 1209/1/5
f 1211/2/5 1164/2/5 1163/2/5
f 1211/1/5 1163/1/5 1210/1/5
f 1212/1/5 1166/1/5 1165/1/5
f 1212/2/5 1164/2/5 1211/2/5
f 1212/1/5 1165/1/5 1164/1/5
f 1213/1/5 1166/1/5 1212/1/5
f 1214/3/5 1168/3/5 1167/3/5
f 1214/3/5 1169/3/5 1168/3/5
f 1215/2/5 1170/2/5 1169/2/5
f 1215/3/5 1169/3/5 1214/3/5
f 1216/1/5 1134/1/5 1171/1/5
f 1216/1/5 1171/1/5 1170/1/5
f 1217/2/5 1173/2/5 1172/2/5
f 1217/1/5 1134/1/5 1216/1/5
f 1217/2/5 1172/2/5 1134/2/5
f 1218/5/5 1175/5/5 1174/5/5
f 1218/2/5 1173/2/5 1217/2/5
f 1218/5/5 1174/5/5 1173/5/5
f 1219/5/5 1175/5/5 1218/5/5
f 1220/3/5 1176/3/5 1175/3/5
f 1220/5/5 1175/5/5 1219/5/5
f 1221/2/5 1177/2/5 1176/2/5
f 1221/3/5 1176/3/5 1220/3/5
f 1222/3/5 1178/3/5 1177/3/5
f 1222/2/5 1177/2/5 1221/2/5
f 1223/5/5 1179/5/5 1178/5/5
f 1223/3/5 1178/3/5 1222/3/5
f 1223/5/5 1180/5/5 1179/5/5
f 1224/5/5 1180/5/5 1223/5/5
f 1225/2/5 1181/2/5 1180/2/5
f 1225/5/5 1180/5/5 1224/5/5
f 1226/1/5 1183/1/5 1182/1/5
f 1226/2/5 1181/2/5 1225/2/5
f 1226/2/5 1141/2/5 1181/2/5
f 1226/1/5 1182/1/5 1141/1/5
f 1227/1/5 1183/1/5 1226/1/5
f 1228/3/5 1185/3/5 1184/3/5
f 1228/2/5 1184/2/5 1183/2/5
f 1228/3/5 1186/3/5 1185/3/5
f 1229/3/5 1186/3/5 1228/3/5
f 1230/1/5 1189/1/5 1188/1/5
f 1230/1/5 1188/1/5 1187/1/5
f 1231/2/5 1190/2/5 1189/2/5
f 1231/1/5 1189/1/5 1230/1/5
f 1232/1/5 1142/1/5 1190/1/5
f 1232/2/5 1190/2/5 1231/2/5
f 1233/1/5 1142/1/5 1232/1/5
f 1234/2/5 1192/2/5 1191/2/5
f 1234/1/5 1142/1/5 1233/1/5
f 1234/2/5 1191/2/5 1142/2/5
f 1235/2/5 1192/2/5 1234/2/5
f 1236/3/5 1194/3/5 1193/3/5
f 1236/3/5 1193/3/5 1192/3/5
f 1237/2/5 1196/2/5 1195/2/5
f 1237/3/5 1194/3/5 1236/3/5
f 1237/2/5 1195/2/5 1194/2/5
f 1238/2/5 1196/2/5 1237/2/5
f 1239/1/5 1149/1/5 1196/1/5
f 1239/2/5 1196/2/5 1238/2/5
f 1240/1/5 1149/1/5 1239/1/5
f 1241/2/5 1103/2/5 1198/2/5
f 1241/1/5 1198/1/5 1197/1/5
f 1242/1/5 1200/1/5 1199/1/5
f 1242/2/5 1103/2/5 1241/2/5
f 1242/1/5 1199/1/5 1151/1/5
f 1242/1/5 1151/1/5 1103/1/5
f 1243/2/5 1153/2/5 707/2/5
f 1244/1/5 1201/1/5 1153/1/5
f 1244/2/5 1153/2/5 1243/2/5
f 1244/1/5 1202/1/5 1201/1/5
f 1245/3/5 1126/3/5 1156/3/5
f 1245/1/5 1203/1/5 1126/1/5
f 1246/1/5 1203/1/5 1245/1/5
f 1247/2/5 1205/2/5 1204/2/5
f 1247/1/5 1203/1/5 1246/1/5
f 1247/2/5 1204/2/5 1203/2/5
f 1248/2/5 1205/2/5 1247/2/5
f 1249/3/5 1206/3/5 1205/3/5
f 1249/2/5 1205/2/5 1248/2/5
f 1250/5/5 1207/5/5 1206/5/5
f 1250/3/5 1206/3/5 1249/3/5
f 1251/1/5 1166/1/5 1213/1/5
f 1251/2/5 1211/2/5 1210/2/5
f 1251/2/5 1213/2/5 1212/2/5
f 1251/2/5 1212/2/5 1211/2/5
f 1252/1/5 1166/1/5 1251/1/5
f 1253/2/5 1167/2/5 1166/2/5
f 1253/1/5 1166/1/5 1252/1/5
f 1254/2/5 1167/2/5 1253/2/5
f 1255/2/5 1167/2/5 1254/2/5
f 1256/3/5 1214/3/5 1167/3/5
f 1256/2/5 1167/2/5 1255/2/5
f 1257/2/5 1170/2/5 1215/2/5
f 1257/2/5 1215/2/5 1214/2/5
f 1258/1/5 1216/1/5 1170/1/5
f 1258/2/5 1170/2/5 1257/2/5
f 1259/5/5 1221/5/5 1220/5/5
f 1259/2/5 1218/2/5 1217/2/5
f 1259/2/5 1219/2/5 1218/2/5
f 1259/5/5 1220/5/5 1219/5/5
f 1259/2/5 1217/2/5 1216/2/5
f 1260/5/5 1221/5/5 1259/5/5
f 1261/3/5 1222/3/5 1221/3/5
f 1261/5/5 1221/5/5 1260/5/5
f 1262/3/5 1222/3/5 1261/3/5
f 1263/3/5 1222/3/5 1262/3/5
f 1264/5/5 1223/5/5 1222/5/5
f 1264/3/5 1222/3/5 1263/3/5
f 1264/5/5 1224/5/5 1223/5/5
f 1265/5/5 1224/5/5 1264/5/5
f 1266/2/5 1225/2/5 1224/2/5
f 1266/5/5 1224/5/5 1265/5/5
f 1266/2/5 1227/2/5 1226/2/5
f 1266/2/5 1226/2/5 1225/2/5
f 1267/1/5 1183/1/5 1227/1/5
f 1267/2/5 1229/2/5 1228/2/5
f 1267/2/5 1228/2/5 1183/2/5
f 1268/2/5 1229/2/5 1267/2/5
f 1269/2/5 1187/2/5 1186/2/5
f 1269/3/5 1186/3/5 1229/3/5
f 1270/2/5 1187/2/5 1269/2/5
f 1271/2/5 1187/2/5 1270/2/5
f 1272/1/5 1230/1/5 1187/1/5
f 1272/2/5 1187/2/5 1271/2/5
f 1273/1/5 1230/1/5 1272/1/5
f 1274/2/5 1233/2/5 1232/2/5
f 1274/1/5 1230/1/5 1273/1/5
f 1274/2/5 1231/2/5 1230/2/5
f 1274/2/5 1232/2/5 1231/2/5
f 1275/5/5 1237/5/5 1236/5/5
f 1275/3/5 1238/3/5 1237/3/5
f 1276/2/5 1239/2/5 1238/2/5
f 1276/3/5 1238/3/5 1275/3/5
f 1276/2/5 1240/2/5 1239/2/5
f 1277/2/5 1240/2/5 1276/2/5
f 1278/1/5 1149/1/5 1240/1/5
f 1278/2/5 1240/2/5 1277/2/5
f 1279/1/5 1149/1/5 1278/1/5
f 1280/3/5 1197/3/5 1149/3/5
f 1280/1/5 1149/1/5 1279/1/5
f 1281/2/5 762/2/5 1200/2/5
f 1281/1/5 1200/1/5 1242/1/5
f 1281/1/5 1242/1/5 1241/1/5
f 1282/2/5 762/2/5 1281/2/5
f 1283/2/5 1243/2/5 707/2/5
f 1284/1/5 1244/1/5 1243/1/5
f 1284/2/5 1243/2/5 1283/2/5
f 1285/1/5 1202/1/5 1244/1/5
f 1285/1/5 1244/1/5 1284/1/5
f 1286/1/5 1156/1/5 1202/1/5
f 1286/1/5 1202/1/5 1285/1/5
f 1286/3/5 1245/3/5 1156/3/5
f 1287/2/5 1248/2/5 1247/2/5
f 1287/2/5 1247/2/5 1246/2/5
f 1287/5/5 1246/5/5 1245/5/5
f 1288/2/5 1248/2/5 1287/2/5
f 1289/3/5 1249/3/5 1248/3/5
f 1289/2/5 1248/2/5 1288/2/5
f 1290/5/5 1250/5/5 1249/5/5
f 1290/3/5 1249/3/5 1289/3/5
f 1291/2/5 1208/2/5 1161/2/5
f 1291/3/5 1161/3/5 1207/3/5
f 1292/1/5 1210/1/5 1209/1/5
f 1292/2/5 1208/2/5 1291/2/5
f 1292/1/5 1209/1/5 1208/1/5
f 1293/2/5 1252/2/5 1251/2/5
f 1293/1/5 1254/1/5 1253/1/5
f 1293/1/5 1253/1/5 1252/1/5
f 1294/1/5 1254/1/5 1293/1/5
f 1295/2/5 1255/2/5 1254/2/5
f 1295/1/5 1254/1/5 1294/1/5
f 1296/2/5 1255/2/5 1295/2/5
f 1297/3/5 1256/3/5 1255/3/5
f 1297/2/5 1255/2/5 1296/2/5
f 1298/3/5 1214/3/5 1256/3/5
f 1298/3/5 1256/3/5 1297/3/5
f 1299/2/5 1257/2/5 1214/2/5
f 1299/3/5 1214/3/5 1298/3/5
f 1300/2/5 1257/2/5 1299/2/5
f 1301/2/5 1257/2/5 1300/2/5
f 1302/1/5 1258/1/5 1257/1/5
f 1302/2/5 1257/2/5 1301/2/5
f 1303/1/5 1216/1/5 1258/1/5
f 1303/1/5 1258/1/5 1302/1/5
f 1304/2/5 1260/2/5 1259/2/5
f 1304/1/5 1216/1/5 1303/1/5
f 1304/2/5 1259/2/5 1216/2/5
f 1305/5/5 1262/5/5 1261/5/5
f 1305/2/5 1260/2/5 1304/2/5
f 1305/5/5 1261/5/5 1260/5/5
f 1306/5/5 1262/5/5 1305/5/5
f 1307/3/5 1263/3/5 1262/3/5
f 1307/5/5 1262/5/5 1306/5/5
f 1308/5/5 1265/5/5 1264/5/5
f 1308/3/5 1263/3/5 1307/3/5
f 1308/5/5 1264/5/5 1263/5/5
f 1309/5/5 1265/5/5 1308/5/5
f 1310/2/5 1266/2/5 1265/2/5
f 1310/5/5 1265/5/5 1309/5/5
f 1311/2/5 1227/2/5 1266/2/5
f 1311/2/5 1266/2/5 1310/2/5
f 1311/1/5 1268/1/5 1267/1/5
f 1311/1/5 1267/1/5 1227/1/5
f 1312/1/5 1268/1/5 1311/1/5
f 1313/2/5 1229/2/5 1268/2/5
f 1313/1/5 1268/1/5 1312/1/5
f 1314/2/5 1229/2/5 1313/2/5
f 1315/2/5 1229/2/5 1314/2/5
f 1316/3/5 1269/3/5 1229/3/5
f 1316/2/5 1229/2/5 1315/2/5
f 1316/3/5 1270/3/5 1269/3/5
f 1317/3/5 1270/3/5 1316/3/5
f 1318/2/5 1271/2/5 1270/2/5
f 1318/3/5 1270/3/5 1317/3/5
f 1319/2/5 1271/2/5 1318/2/5
f 1320/1/5 1273/1/5 1272/1/5
f 1320/2/5 1271/2/5 1319/2/5
f 1320/1/5 1272/1/5 1271/1/5
f 1321/1/5 1273/1/5 1320/1/5
f 1322/2/5 1274/2/5 1273/2/5
f 1322/1/5 1273/1/5 1321/1/5
f 1323/1/5 1234/1/5 1233/1/5
f 1323/2/5 1192/2/5 1235/2/5
f 1323/1/5 1235/1/5 1234/1/5
f 1324/3/5 1236/3/5 1192/3/5
f 1324/2/5 1192/2/5 1323/2/5
f 1325/3/5 1277/3/5 1276/3/5
f 1325/5/5 1276/5/5 1275/5/5
f 1326/2/5 1279/2/5 1278/2/5
f 1326/3/5 1277/3/5 1325/3/5
f 1326/2/5 1278/2/5 1277/2/5
f 1327/2/5 1279/2/5 1326/2/5
f 1328/5/5 1280/5/5 1279/5/5
f 1328/2/5 1279/2/5 1327/2/5
f 1329/3/5 1197/3/5 1280/3/5
f 1329/1/5 1241/1/5 1197/1/5
f 1329/1/5 1281/1/5 1241/1/5
f 1329/1/5 1282/1/5 1281/1/5
f 1330/1/5 1282/1/5 1329/1/5
f 1331/2/5 762/2/5 1282/2/5
f 1331/1/5 1282/1/5 1330/1/5
f 1332/2/5 762/2/5 1331/2/5
f 1333/1/5 1284/1/5 1283/1/5
f 1333/1/5 1285/1/5 1284/1/5
f 1334/1/5 1285/1/5 1333/1/5
f 1335/3/5 1245/3/5 1286/3/5
f 1335/2/5 1286/2/5 1285/2/5
f 1336/5/5 1287/5/5 1245/5/5
f 1336/3/5 1245/3/5 1335/3/5
f 1336/5/5 1288/5/5 1287/5/5
f 1337/5/5 1288/5/5 1336/5/5
f 1338/3/5 1289/3/5 1288/3/5
f 1338/5/5 1288/5/5 1337/5/5
f 1339/3/5 1289/3/5 1338/3/5
f 1340/3/5 1289/3/5 1339/3/5
f 1341/5/5 1290/5/5 1289/5/5
f 1341/3/5 1289/3/5 1340/3/5
f 1342/5/5 1250/5/5 1290/5/5
f 1342/5/5 1290/5/5 1341/5/5
f 1343/3/5 1291/3/5 1207/3/5
f 1343/5/5 1250/5/5 1342/5/5
f 1343/5/5 1207/5/5 1250/5/5
f 1343/3/5 1292/3/5 1291/3/5
f 1344/3/5 1292/3/5 1343/3/5
f 1345/1/5 1210/1/5 1292/1/5
f 1345/3/5 1292/3/5 1344/3/5
f 1346/1/5 1210/1/5 1345/1/5
f 1347/2/5 1294/2/5 1293/2/5
f 1347/1/5 1296/1/5 1295/1/5
f 1347/1/5 1295/1/5 1294/1/5
f 1348/1/5 1296/1/5 1347/1/5
f 1349/1/5 1296/1/5 1348/1/5
f 1350/3/5 1298/3/5 1297/3/5
f 1350/1/5 1296/1/5 1349/1/5
f 1350/3/5 1297/3/5 1296/3/5
f 1351/3/5 1298/3/5 1350/3/5
f 1352/1/5 1299/1/5 1298/1/5
f 1352/3/5 1298/3/5 1351/3/5
f 1352/1/5 1300/1/5 1299/1/5
f 1353/2/5 1301/2/5 1300/2/5
f 1353/1/5 1300/1/5 1352/1/5
f 1354/1/5 1303/1/5 1302/1/5
f 1354/2/5 1301/2/5 1353/2/5
f 1354/1/5 1302/1/5 1301/1/5
f 1355/5/5 1307/5/5 1306/5/5
f 1355/3/5 1306/3/5 1305/3/5
f 1355/5/5 1308/5/5 1307/5/5
f 1355/5/5 1309/5/5 1308/5/5
f 1356/3/5 1310/3/5 1309/3/5
f 1356/5/5 1309/5/5 1355/5/5
f 1357/2/5 1315/2/5 1314/2/5
f 1357/1/5 1314/1/5 1313/1/5
f 1357/1/5 1313/1/5 1312/1/5
f 1358/1/5 1317/1/5 1316/1/5
f 1358/2/5 1315/2/5 1357/2/5
f 1358/1/5 1316/1/5 1315/1/5
f 1359/3/5 1319/3/5 1318/3/5
f 1359/1/5 1317/1/5 1358/1/5
f 1359/3/5 1318/3/5 1317/3/5
f 1360/3/5 1319/3/5 1359/3/5
f 1361/1/5 1321/1/5 1320/1/5
f 1361/3/5 1319/3/5 1360/3/5
f 1361/1/5 1320/1/5 1319/1/5
f 1362/1/5 1321/1/5 1361/1/5
f 1363/1/5 1321/1/5 1362/1/5
f 1364/2/5 1322/2/5 1321/2/5
f 1364/1/5 1321/1/5 1363/1/5
f 1365/1/5 1323/1/5 1233/1/5
f 1366/3/5 1324/3/5 1323/3/5
f 1366/1/5 1323/1/5 1365/1/5
f 1367/3/5 1236/3/5 1324/3/5
f 1367/3/5 1324/3/5 1366/3/5
f 1368/5/5 1275/5/5 1236/5/5
f 1368/3/5 1236/3/5 1367/3/5
f 1368/5/5 1325/5/5 1275/5/5
f 1368/5/5 1326/5/5 1325/5/5
f 1369/5/5 1326/5/5 1368/5/5
f 1370/3/5 1327/3/5 1326/3/5
f 1370/5/5 1326/5/5 1369/5/5
f 1371/3/5 1327/3/5 1370/3/5
f 1372/3/5 1327/3/5 1371/3/5
f 1373/5/5 1328/5/5 1327/5/5
f 1373/3/5 1327/3/5 1372/3/5
f 1374/5/5 1280/5/5 1328/5/5
f 1374/5/5 1328/5/5 1373/5/5
f 1375/3/5 1329/3/5 1280/3/5
f 1375/5/5 1280/5/5 1374/5/5
f 1376/2/5 1330/2/5 1329/2/5
f 1376/3/5 1329/3/5 1375/3/5
f 1377/1/5 1332/1/5 1331/1/5
f 1377/1/5 1331/1/5 1330/1/5
f 1378/1/5 1332/1/5 1377/1/5
f 1379/1/5 1333/1/5 1283/1/5
f 1380/2/5 1334/2/5 1333/2/5
f 1380/1/5 1333/1/5 1379/1/5
f 1381/1/5 1285/1/5 1334/1/5
f 1381/2/5 1334/2/5 1380/2/5
f 1382/1/5 1285/1/5 1381/1/5
f 1383/2/5 1335/2/5 1285/2/5
f 1383/1/5 1285/1/5 1382/1/5
f 1384/2/5 1335/2/5 1383/2/5
f 1385/5/5 1336/5/5 1335/5/5
f 1385/2/5 1335/2/5 1384/2/5
f 1386/3/5 1337/3/5 1336/3/5
f 1387/2/5 1339/2/5 1338/2/5
f 1387/3/5 1337/3/5 1386/3/5
f 1387/2/5 1338/2/5 1337/2/5
f 1388/3/5 1340/3/5 1339/3/5
f 1388/2/5 1339/2/5 1387/2/5
f 1389/2/5 1341/2/5 1340/2/5
f 1389/3/5 1340/3/5 1388/3/5
f 1389/2/5 1342/2/5 1341/2/5
f 1390/3/5 1344/3/5 1343/3/5
f 1390/2/5 1342/2/5 1389/2/5
f 1390/3/5 1343/3/5 1342/3/5
f 1391/3/5 1344/3/5 1390/3/5
f 1392/2/5 1346/2/5 1345/2/5
f 1392/5/5 1345/5/5 1344/5/5
f 1393/1/5 1210/1/5 1346/1/5
f 1393/2/5 1346/2/5 1392/2/5
f 1394/2/5 1347/2/5 1293/2/5
f 1394/1/5 1210/1/5 1393/1/5
f 1394/2/5 1348/2/5 1347/2/5
f 1394/2/5 1251/2/5 1210/2/5
f 1394/2/5 1293/2/5 1251/2/5
f 1395/2/5 1348/2/5 1394/2/5
f 1396/1/5 1349/1/5 1348/1/5
f 1396/2/5 1348/2/5 1395/2/5
f 1397/5/5 1351/5/5 1350/5/5
f 1397/1/5 1349/1/5 1396/1/5
f 1397/5/5 1350/5/5 1349/5/5
f 1398/5/5 1351/5/5 1397/5/5
f 1399/1/5 1354/1/5 1353/1/5
f 1399/5/5 1351/5/5 1398/5/5
f 1399/1/5 1353/1/5 1352/1/5
f 1399/1/5 1352/1/5 1351/1/5
f 1400/3/5 1356/3/5 1355/3/5
f 1401/3/5 1356/3/5 1400/3/5
f 1402/1/5 1358/1/5 1357/1/5
f 1402/1/5 1360/1/5 1359/1/5
f 1402/1/5 1359/1/5 1358/1/5
f 1402/5/5 1362/5/5 1361/5/5
f 1402/5/5 1361/5/5 1360/5/5
f 1403/5/5 1362/5/5 1402/5/5
f 1404/1/5 1363/1/5 1362/1/5
f 1404/5/5 1362/5/5 1403/5/5
f 1405/2/5 1364/2/5 1363/2/5
f 1405/1/5 1363/1/5 1404/1/5
f 1406/2/5 1322/2/5 1364/2/5
f 1406/2/5 1364/2/5 1405/2/5
f 1406/2/5 1274/2/5 1322/2/5
f 1407/2/5 1233/2/5 1274/2/5
f 1407/2/5 1274/2/5 1406/2/5
f 1407/1/5 1365/1/5 1233/1/5
f 1408/2/5 1366/2/5 1365/2/5
f 1408/1/5 1365/1/5 1407/1/5
f 1409/5/5 1367/5/5 1366/5/5
f 1409/2/5 1366/2/5 1408/2/5
f 1410/3/5 1369/3/5 1368/3/5
f 1410/3/5 1368/3/5 1367/3/5
f 1411/2/5 1371/2/5 1370/2/5
f 1411/3/5 1369/3/5 1410/3/5
f 1411/2/5 1370/2/5 1369/2/5
f 1412/3/5 1372/3/5 1371/3/5
f 1412/2/5 1371/2/5 1411/2/5
f 1413/2/5 1373/2/5 1372/2/5
f 1413/3/5 1372/3/5 1412/3/5
f 1413/2/5 1374/2/5 1373/2/5
f 1414/3/5 1375/3/5 1374/3/5
f 1414/2/5 1374/2/5 1413/2/5
f 1415/3/5 1375/3/5 1414/3/5
f 1416/2/5 1330/2/5 1376/2/5
f 1416/5/5 1376/5/5 1375/5/5
f 1417/2/5 1330/2/5 1416/2/5
f 1418/1/5 1377/1/5 1330/1/5
f 1418/2/5 1330/2/5 1417/2/5
f 1419/1/5 1377/1/5 1418/1/5
f 1420/2/5 1378/2/5 1377/2/5
f 1420/1/5 1377/1/5 1419/1/5
f 1421/1/5 1332/1/5 1378/1/5
f 1421/2/5 1378/2/5 1420/2/5
f 1422/1/5 1332/1/5 1421/1/5
f 1423/1/5 1379/1/5 1283/1/5
f 1424/2/5 1380/2/5 1379/2/5
f 1424/1/5 1379/1/5 1423/1/5
f 1424/2/5 1381/2/5 1380/2/5
f 1424/2/5 1382/2/5 1381/2/5
f 1425/1/5 1383/1/5 1382/1/5
f 1425/2/5 1382/2/5 1424/2/5
f 1425/1/5 1384/1/5 1383/1/5
f 1426/1/5 1384/1/5 1425/1/5
f 1427/2/5 1395/2/5 1394/2/5
f 1427/3/5 1393/3/5 1392/3/5
f 1427/3/5 1394/3/5 1393/3/5
f 1428/2/5 1395/2/5 1427/2/5
f 1429/5/5 1396/5/5 1395/5/5
f 1429/2/5 1395/2/5 1428/2/5
f 1430/5/5 1396/5/5 1429/5/5
f 1431/3/5 1397/3/5 1396/3/5
f 1431/5/5 1396/5/5 1430/5/5
f 1432/5/5 1398/5/5 1397/5/5
f 1432/3/5 1397/3/5 1431/3/5
f 1433/3/5 1399/3/5 1398/3/5
f 1433/5/5 1398/5/5 1432/5/5
f 1434/1/5 1303/1/5 1354/1/5
f 1434/2/5 1305/2/5 1304/2/5
f 1434/2/5 1304/2/5 1303/2/5
f 1434/1/5 1354/1/5 1399/1/5
f 1435/2/5 1305/2/5 1434/2/5
f 1436/3/5 1355/3/5 1305/3/5
f 1436/3/5 1400/3/5 1355/3/5
f 1437/2/5 1401/2/5 1400/2/5
f 1437/3/5 1400/3/5 1436/3/5
f 1438/3/5 1356/3/5 1401/3/5
f 1438/2/5 1401/2/5 1437/2/5
f 1439/3/5 1310/3/5 1356/3/5
f 1439/3/5 1356/3/5 1438/3/5
f 1440/2/5 1312/2/5 1311/2/5
f 1440/2/5 1311/2/5 1310/2/5
f 1441/1/5 1402/1/5 1357/1/5
f 1441/2/5 1312/2/5 1440/2/5
f 1441/1/5 1357/1/5 1312/1/5
f 1442/5/5 1404/5/5 1403/5/5
f 1442/3/5 1403/3/5 1402/3/5
f 1443/3/5 1405/3/5 1404/3/5
f 1443/5/5 1404/5/5 1442/5/5
f 1444/5/5 1406/5/5 1405/5/5
f 1444/3/5 1405/3/5 1443/3/5
f 1445/5/5 1406/5/5 1444/5/5
f 1446/2/5 1407/2/5 1406/2/5
f 1446/5/5 1406/5/5 1445/5/5
f 1447/2/5 1407/2/5 1446/2/5
f 1448/3/5 1408/3/5 1407/3/5
f 1448/2/5 1407/2/5 1447/2/5
f 1448/3/5 1409/3/5 1408/3/5
f 1449/1/5 1419/1/5 1418/1/5
f 1449/1/5 1418/1/5 1417/1/5
f 1450/2/5 1422/2/5 1421/2/5
f 1450/1/5 1419/1/5 1449/1/5
f 1450/2/5 1421/2/5 1420/2/5
f 1450/2/5 1420/2/5 1419/2/5
f 1451/1/5 1332/1/5 1422/1/5
f 1451/2/5 1422/2/5 1450/2/5
f 1452/1/5 1332/1/5 1451/1/5
f 1453/1/5 1384/1/5 1426/1/5
f 1453/2/5 1424/2/5 1423/2/5
f 1453/2/5 1426/2/5 1425/2/5
f 1453/2/5 1425/2/5 1424/2/5
f 1454/1/5 1384/1/5 1453/1/5
f 1455/3/5 1385/3/5 1384/3/5
f 1455/1/5 1384/1/5 1454/1/5
f 1456/5/5 1336/5/5 1385/5/5
f 1456/3/5 1385/3/5 1455/3/5
f 1457/3/5 1386/3/5 1336/3/5
f 1457/5/5 1336/5/5 1456/5/5
f 1458/2/5 1389/2/5 1388/2/5
f 1458/3/5 1386/3/5 1457/3/5
f 1458/2/5 1388/2/5 1387/2/5
f 1458/2/5 1387/2/5 1386/2/5
f 1458/2/5 1391/2/5 1390/2/5
f 1458/2/5 1390/2/5 1389/2/5
f 1459/3/5 1344/3/5 1391/3/5
f 1459/2/5 1391/2/5 1458/2/5
f 1460/5/5 1392/5/5 1344/5/5
f 1460/3/5 1344/3/5 1459/3/5
f 1461/3/5 1428/3/5 1427/3/5
f 1462/5/5 1429/5/5 1428/5/5
f 1462/3/5 1428/3/5 1461/3/5
f 1462/5/5 1430/5/5 1429/5/5
f 1463/5/5 1430/5/5 1462/5/5
f 1464/3/5 1433/3/5 1432/3/5
f 1464/5/5 1430/5/5 1463/5/5
f 1464/3/5 1431/3/5 1430/3/5
f 1464/3/5 1432/3/5 1431/3/5
f 1465/3/5 1433/3/5 1464/3/5
f 1466/3/5 1433/3/5 1465/3/5
f 1467/3/5 1399/3/5 1433/3/5
f 1467/3/5 1433/3/5 1466/3/5
f 1467/1/5 1434/1/5 1399/1/5
f 1467/1/5 1435/1/5 1434/1/5
f 1468/1/5 1435/1/5 1467/1/5
f 1469/1/5 1435/1/5 1468/1/5
f 1470/1/5 1435/1/5 1469/1/5
f 1471/1/5 1435/1/5 1470/1/5
f 1472/2/5 1305/2/5 1435/2/5
f 1473/3/5 1436/3/5 1305/3/5
f 1473/2/5 1305/2/5 1472/2/5
f 1474/3/5 1310/3/5 1439/3/5
f 1474/2/5 1440/2/5 1310/2/5
f 1475/2/5 1440/2/5 1474/2/5
f 1476/1/5 1402/1/5 1441/1/5
f 1476/1/5 1441/1/5 1440/1/5
f 1477/1/5 1402/1/5 1476/1/5
f 1478/1/5 1402/1/5 1477/1/5
f 1479/1/5 1402/1/5 1478/1/5
f 1480/3/5 1445/3/5 1444/3/5
f 1480/1/5 1402/1/5 1479/1/5
f 1480/3/5 1443/3/5 1442/3/5
f 1480/3/5 1442/3/5 1402/3/5
f 1480/3/5 1444/3/5 1443/3/5
f 1481/3/5 1445/3/5 1480/3/5
f 1482/3/5 1445/3/5 1481/3/5
f 1483/5/5 1447/5/5 1446/5/5
f 1483/3/5 1445/3/5 1482/3/5
f 1483/5/5 1446/5/5 1445/5/5
f 1484/5/5 1447/5/5 1483/5/5
f 1485/3/5 1448/3/5 1447/3/5
f 1485/5/5 1447/5/5 1484/5/5
f 1486/3/5 1448/3/5 1485/3/5
f 1487/5/5 1367/5/5 1409/5/5
f 1487/3/5 1410/3/5 1367/3/5
f 1488/2/5 1412/2/5 1411/2/5
f 1488/3/5 1410/3/5 1487/3/5
f 1488/2/5 1414/2/5 1413/2/5
f 1488/2/5 1411/2/5 1410/2/5
f 1488/2/5 1413/2/5 1412/2/5
f 1488/2/5 1415/2/5 1414/2/5
f 1489/3/5 1375/3/5 1415/3/5
f 1489/2/5 1415/2/5 1488/2/5
f 1490/5/5 1416/5/5 1375/5/5
f 1490/3/5 1375/3/5 1489/3/5
f 1491/3/5 1417/3/5 1416/3/5
f 1491/5/5 1416/5/5 1490/5/5
f 1492/1/5 1449/1/5 1417/1/5
f 1492/3/5 1417/3/5 1491/3/5
f 1493/1/5 1449/1/5 1492/1/5
f 1494/2/5 1452/2/5 1451/2/5
f 1494/1/5 1449/1/5 1493/1/5
f 1494/2/5 1451/2/5 1450/2/5
f 1494/2/5 1450/2/5 1449/2/5
f 1495/2/5 1453/2/5 1423/2/5
f 1495/2/5 1454/2/5 1453/2/5
f 1496/3/5 1456/3/5 1455/3/5
f 1496/2/5 1454/2/5 1495/2/5
f 1496/3/5 1455/3/5 1454/3/5
f 1497/1/5 1457/1/5 1456/1/5
f 1497/3/5 1456/3/5 1496/3/5
f 1497/1/5 1458/1/5 1457/1/5
f 1498/1/5 1458/1/5 1497/1/5
f 1499/2/5 1459/2/5 1458/2/5
f 1499/1/5 1458/1/5 1498/1/5
f 1500/2/5 1459/2/5 1499/2/5
f 1501/5/5 1460/5/5 1459/5/5
f 1501/2/5 1459/2/5 1500/2/5
f 1502/3/5 1461/3/5 1427/3/5
f 1502/5/5 1460/5/5 1501/5/5
f 1502/5/5 1392/5/5 1460/5/5
f 1502/3/5 1427/3/5 1392/3/5
f 1503/3/5 1461/3/5 1502/3/5
f 1504/1/5 1463/1/5 1462/1/5
f 1504/3/5 1461/3/5 1503/3/5
f 1504/1/5 1462/1/5 1461/1/5
f 1505/2/5 1465/2/5 1464/2/5
f 1505/1/5 1463/1/5 1504/1/5
f 1505/2/5 1464/2/5 1463/2/5
f 1506/2/5 1465/2/5 1505/2/5
f 1507/2/5 1465/2/5 1506/2/5
f 1508/1/5 1466/1/5 1465/1/5
f 1508/2/5 1465/2/5 1507/2/5
f 1509/3/5 1468/3/5 1467/3/5
f 1509/1/5 1466/1/5 1508/1/5
f 1509/3/5 1467/3/5 1466/3/5
f 1510/3/5 1468/3/5 1509/3/5
f 1511/2/5 1469/2/5 1468/2/5
f 1511/3/5 1468/3/5 1510/3/5
f 1512/2/5 1469/2/5 1511/2/5
f 1513/1/5 1470/1/5 1469/1/5
f 1514/2/5 1471/2/5 1470/2/5
f 1514/1/5 1470/1/5 1513/1/5
f 1515/1/5 1435/1/5 1471/1/5
f 1515/2/5 1472/2/5 1435/2/5
f 1516/2/5 1472/2/5 1515/2/5
f 1517/3/5 1436/3/5 1473/3/5
f 1517/3/5 1473/3/5 1472/3/5
f 1518/2/5 1437/2/5 1436/2/5
f 1518/3/5 1436/3/5 1517/3/5
f 1518/2/5 1439/2/5 1438/2/5
f 1518/2/5 1438/2/5 1437/2/5
f 1519/3/5 1475/3/5 1474/3/5
f 1519/2/5 1439/2/5 1518/2/5
f 1519/3/5 1474/3/5 1439/3/5
f 1520/3/5 1475/3/5 1519/3/5
f 1521/2/5 1440/2/5 1475/2/5
f 1522/1/5 1476/1/5 1440/1/5
f 1522/2/5 1440/2/5 1521/2/5
f 1523/1/5 1478/1/5 1477/1/5
f 1523/2/5 1477/2/5 1476/2/5
f 1524/1/5 1478/1/5 1523/1/5
f 1525/2/5 1479/2/5 1478/2/5
f 1526/3/5 1480/3/5 1479/3/5
f 1526/2/5 1479/2/5 1525/2/5
f 1526/3/5 1481/3/5 1480/3/5
f 1527/3/5 1481/3/5 1526/3/5
f 1528/1/5 1482/1/5 1481/1/5
f 1528/3/5 1481/3/5 1527/3/5
f 1529/2/5 1483/2/5 1482/2/5
f 1529/1/5 1482/1/5 1528/1/5
f 1529/2/5 1484/2/5 1483/2/5
f 1530/2/5 1484/2/5 1529/2/5
f 1531/2/5 1484/2/5 1530/2/5
f 1532/1/5 1485/1/5 1484/1/5
f 1532/2/5 1484/2/5 1531/2/5
f 1532/1/5 1486/1/5 1485/1/5
f 1533/3/5 1448/3/5 1486/3/5
f 1533/1/5 1486/1/5 1532/1/5
f 1534/3/5 1409/3/5 1448/3/5
f 1534/3/5 1448/3/5 1533/3/5
f 1535/5/5 1487/5/5 1409/5/5
f 1535/3/5 1409/3/5 1534/3/5
f 1535/5/5 1488/5/5 1487/5/5
f 1536/2/5 1489/2/5 1488/2/5
f 1536/5/5 1488/5/5 1535/5/5
f 1537/2/5 1489/2/5 1536/2/5
f 1538/1/5 1491/1/5 1490/1/5
f 1538/2/5 1489/2/5 1537/2/5
f 1538/1/5 1490/1/5 1489/1/5
f 1539/1/5 1491/1/5 1538/1/5
f 1540/3/5 1493/3/5 1492/3/5
f 1540/1/5 1491/1/5 1539/1/5
f 1540/3/5 1492/3/5 1491/3/5
f 1541/2/5 1494/2/5 1493/2/5
f 1541/3/5 1493/3/5 1540/3/5
f 1542/2/5 1452/2/5 1494/2/5
f 1542/2/5 1494/2/5 1541/2/5
f 1543/2/5 1495/2/5 1423/2/5
f 1544/2/5 1495/2/5 1543/2/5
f 1545/5/5 1496/5/5 1495/5/5
f 1545/2/5 1495/2/5 1544/2/5
f 1545/5/5 1498/5/5 1497/5/5
f 1545/5/5 1497/5/5 1496/5/5
f 1546/5/5 1498/5/5 1545/5/5
f 1547/5/5 1498/5/5 1546/5/5
f 1548/5/5 1498/5/5 1547/5/5
f 1549/5/5 1498/5/5 1548/5/5
f 1550/5/5 1498/5/5 1549/5/5
f 1551/5/5 1498/5/5 1550/5/5
f 1552/2/5 1501/2/5 1500/2/5
f 1552/1/5 1500/1/5 1499/1/5
f 1552/1/5 1499/1/5 1498/1/5
f 1553/2/5 1501/2/5 1552/2/5
f 1554/3/5 1503/3/5 1502/3/5
f 1554/3/5 1502/3/5 1501/3/5
f 1555/2/5 1504/2/5 1503/2/5
f 1555/3/5 1503/3/5 1554/3/5
f 1556/1/5 1506/1/5 1505/1/5
f 1556/2/5 1504/2/5 1555/2/5
f 1556/1/5 1505/1/5 1504/1/5
f 1557/3/5 1512/3/5 1511/3/5
f 1557/2/5 1469/2/5 1512/2/5
f 1557/3/5 1511/3/5 1510/3/5
f 1558/2/5 1469/2/5 1557/2/5
f 1559/1/5 1513/1/5 1469/1/5
f 1560/2/5 1514/2/5 1513/2/5
f 1560/1/5 1513/1/5 1559/1/5
f 1561/2/5 1471/2/5 1514/2/5
f 1561/2/5 1514/2/5 1560/2/5
f 1561/1/5 1515/1/5 1471/1/5
f 1561/1/5 1516/1/5 1515/1/5
f 1562/1/5 1516/1/5 1561/1/5
f 1563/2/5 1472/2/5 1516/2/5
f 1563/1/5 1516/1/5 1562/1/5
f 1564/3/5 1517/3/5 1472/3/5
f 1564/2/5 1472/2/5 1563/2/5
f 1565/3/5 1475/3/5 1520/3/5
f 1565/2/5 1521/2/5 1475/2/5
f 1566/1/5 1522/1/5 1521/1/5
f 1566/2/5 1521/2/5 1565/2/5
f 1567/1/5 1476/1/5 1522/1/5
f 1567/1/5 1522/1/5 1566/1/5
f 1568/2/5 1524/2/5 1523/2/5
f 1568/1/5 1476/1/5 1567/1/5
f 1568/2/5 1523/2/5 1476/2/5
f 1569/1/5 1478/1/5 1524/1/5
f 1569/2/5 1524/2/5 1568/2/5
f 1570/1/5 1478/1/5 1569/1/5
f 1571/2/5 1525/2/5 1478/2/5
f 1572/3/5 1527/3/5 1526/3/5
f 1572/2/5 1525/2/5 1571/2/5
f 1572/3/5 1526/3/5 1525/3/5
f 1573/2/5 1534/2/5 1533/2/5
f 1573/1/5 1532/1/5 1531/1/5
f 1573/1/5 1533/1/5 1532/1/5
f 1574/3/5 1536/3/5 1535/3/5
f 1574/2/5 1534/2/5 1573/2/5
f 1574/3/5 1535/3/5 1534/3/5
f 1575/3/5 1536/3/5 1574/3/5
f 1576/2/5 1537/2/5 1536/2/5
f 1577/1/5 1539/1/5 1538/1/5
f 1577/2/5 1537/2/5 1576/2/5
f 1577/1/5 1538/1/5 1537/1/5
f 1578/5/5 1541/5/5 1540/5/5
f 1578/5/5 1542/5/5 1541/5/5
f 1578/5/5 1540/5/5 1539/5/5
f 1579/5/5 1542/5/5 1578/5/5
f 1580/5/5 1542/5/5 1579/5/5
f 1581/5/5 1542/5/5 1580/5/5
f 1582/5/5 1542/5/5 1581/5/5
f 1583/5/5 1542/5/5 1582/5/5
f 1584/2/5 1452/2/5 1542/2/5
f 1584/5/5 1542/5/5 1583/5/5
f 1585/2/5 1452/2/5 1584/2/5
f 1586/2/5 1452/2/5 1585/2/5
f 1587/2/5 1543/2/5 1423/2/5
f 1588/2/5 1543/2/5 1587/2/5
f 1589/3/5 1544/3/5 1543/3/5
f 1589/2/5 1543/2/5 1588/2/5
f 1590/5/5 1545/5/5 1544/5/5
f 1590/3/5 1544/3/5 1589/3/5
f 1590/5/5 1546/5/5 1545/5/5
f 1591/5/5 1546/5/5 1590/5/5
f 1592/3/5 1547/3/5 1546/3/5
f 1592/5/5 1546/5/5 1591/5/5
f 1593/2/5 1548/2/5 1547/2/5
f 1593/3/5 1547/3/5 1592/3/5
f 1594/2/5 1548/2/5 1593/2/5
f 1595/3/5 1549/3/5 1548/3/5
f 1595/2/5 1548/2/5 1594/2/5
f 1596/5/5 1550/5/5 1549/5/5
f 1596/3/5 1549/3/5 1595/3/5
f 1597/3/5 1551/3/5 1550/3/5
f 1597/5/5 1550/5/5 1596/5/5
f 1598/2/5 1501/2/5 1553/2/5
f 1598/1/5 1553/1/5 1552/1/5
f 1599/2/5 1501/2/5 1598/2/5
f 1600/3/5 1554/3/5 1501/3/5
f 1601/1/5 1556/1/5 1555/1/5
f 1601/3/5 1554/3/5 1600/3/5
f 1601/1/5 1555/1/5 1554/1/5
f 1602/1/5 1506/1/5 1556/1/5
f 1602/1/5 1556/1/5 1601/1/5
f 1603/1/5 1506/1/5 1602/1/5
f 1604/3/5 1558/3/5 1557/3/5
f 1604/3/5 1557/3/5 1510/3/5
f 1604/1/5 1508/1/5 1507/1/5
f 1604/1/5 1510/1/5 1509/1/5
f 1604/1/5 1509/1/5 1508/1/5
f 1605/3/5 1558/3/5 1604/3/5
f 1606/3/5 1558/3/5 1605/3/5
f 1607/2/5 1469/2/5 1558/2/5
f 1607/3/5 1558/3/5 1606/3/5
f 1608/2/5 1469/2/5 1607/2/5
f 1609/1/5 1559/1/5 1469/1/5
f 1609/2/5 1469/2/5 1608/2/5
f 1610/1/5 1563/1/5 1562/1/5
f 1610/2/5 1562/2/5 1561/2/5
f 1610/2/5 1560/2/5 1559/2/5
f 1610/2/5 1561/2/5 1560/2/5
f 1611/1/5 1563/1/5 1610/1/5
f 1612/1/5 1563/1/5 1611/1/5
f 1613/3/5 1564/3/5 1563/3/5
f 1613/1/5 1563/1/5 1612/1/5
f 1614/3/5 1564/3/5 1613/3/5
f 1615/3/5 1517/3/5 1564/3/5
f 1615/3/5 1564/3/5 1614/3/5
f 1615/2/5 1518/2/5 1517/2/5
f 1615/2/5 1519/2/5 1518/2/5
f 1615/2/5 1520/2/5 1519/2/5
f 1616/3/5 1566/3/5 1565/3/5
f 1616/2/5 1520/2/5 1615/2/5
f 1616/3/5 1565/3/5 1520/3/5
f 1617/3/5 1566/3/5 1616/3/5
f 1618/1/5 1567/1/5 1566/1/5
f 1618/3/5 1566/3/5 1617/3/5
f 1619/1/5 1567/1/5 1618/1/5
f 1620/1/5 1567/1/5 1619/1/5
f 1621/2/5 1568/2/5 1567/2/5
f 1621/1/5 1567/1/5 1620/1/5
f 1621/2/5 1570/2/5 1569/2/5
f 1621/2/5 1569/2/5 1568/2/5
f 1622/2/5 1571/2/5 1478/2/5
f 1622/1/5 1478/1/5 1570/1/5
f 1623/2/5 1571/2/5 1622/2/5
f 1624/3/5 1572/3/5 1571/3/5
f 1624/2/5 1571/2/5 1623/2/5
f 1625/3/5 1527/3/5 1572/3/5
f 1625/3/5 1572/3/5 1624/3/5
f 1626/3/5 1527/3/5 1625/3/5
f 1627/1/5 1528/1/5 1527/1/5
f 1627/3/5 1527/3/5 1626/3/5
f 1627/1/5 1529/1/5 1528/1/5
f 1627/1/5 1530/1/5 1529/1/5
f 1628/1/5 1575/1/5 1574/1/5
f 1628/1/5 1574/1/5 1573/1/5
f 1628/1/5 1573/1/5 1531/1/5
f 1629/1/5 1575/1/5 1628/1/5
f 1630/3/5 1536/3/5 1575/3/5
f 1630/1/5 1575/1/5 1629/1/5
f 1631/3/5 1536/3/5 1630/3/5
f 1632/2/5 1576/2/5 1536/2/5
f 1633/1/5 1577/1/5 1576/1/5
f 1633/2/5 1576/2/5 1632/2/5
f 1634/3/5 1579/3/5 1578/3/5
f 1634/5/5 1580/5/5 1579/5/5
f 1635/3/5 1581/3/5 1580/3/5
f 1635/5/5 1580/5/5 1634/5/5
f 1636/2/5 1582/2/5 1581/2/5
f 1636/3/5 1581/3/5 1635/3/5
f 1637/2/5 1582/2/5 1636/2/5
f 1638/3/5 1583/3/5 1582/3/5
f 1638/2/5 1582/2/5 1637/2/5
f 1639/5/5 1584/5/5 1583/5/5
f 1639/3/5 1583/3/5 1638/3/5
f 1639/5/5 1585/5/5 1584/5/5
f 1640/5/5 1585/5/5 1639/5/5
f 1641/3/5 1586/3/5 1585/3/5
f 1641/5/5 1585/5/5 1640/5/5
f 1642/2/5 1452/2/5 1586/2/5
f 1642/3/5 1586/3/5 1641/3/5
f 1643/2/5 1452/2/5 1642/2/5
f 1644/2/5 1452/2/5 1643/2/5
f 1645/5/5 1589/5/5 1588/5/5
f 1645/5/5 1591/5/5 1590/5/5
f 1645/5/5 1590/5/5 1589/5/5
f 1646/5/5 1591/5/5 1645/5/5
f 1647/2/5 1594/2/5 1593/2/5
f 1647/5/5 1591/5/5 1646/5/5
f 1647/2/5 1592/2/5 1591/2/5
f 1647/2/5 1593/2/5 1592/2/5
f 1648/3/5 1597/3/5 1596/3/5
f 1648/1/5 1596/1/5 1595/1/5
f 1648/1/5 1595/1/5 1594/1/5
f 1649/3/5 1551/3/5 1597/3/5
f 1649/3/5 1597/3/5 1648/3/5
f 1650/5/5 1498/5/5 1551/5/5
f 1650/3/5 1551/3/5 1649/3/5
f 1651/1/5 1598/1/5 1552/1/5
f 1651/5/5 1498/5/5 1650/5/5
f 1651/1/5 1599/1/5 1598/1/5
f 1651/1/5 1552/1/5 1498/1/5
f 1652/1/5 1599/1/5 1651/1/5
f 1653/1/5 1599/1/5 1652/1/5
f 1654/1/5 1599/1/5 1653/1/5
f 1655/2/5 1501/2/5 1599/2/5
f 1655/1/5 1599/1/5 1654/1/5
f 1656/3/5 1600/3/5 1501/3/5
f 1656/2/5 1501/2/5 1655/2/5
f 1657/3/5 1600/3/5 1656/3/5
f 1658/1/5 1601/1/5 1600/1/5
f 1658/3/5 1600/3/5 1657/3/5
f 1658/1/5 1602/1/5 1601/1/5
f 1659/1/5 1602/1/5 1658/1/5
f 1660/2/5 1603/2/5 1602/2/5
f 1660/1/5 1602/1/5 1659/1/5
f 1661/1/5 1506/1/5 1603/1/5
f 1661/2/5 1603/2/5 1660/2/5
f 1662/1/5 1506/1/5 1661/1/5
f 1663/2/5 1507/2/5 1506/2/5
f 1663/1/5 1506/1/5 1662/1/5
f 1664/2/5 1507/2/5 1663/2/5
f 1665/1/5 1604/1/5 1507/1/5
f 1666/2/5 1605/2/5 1604/2/5
f 1666/1/5 1604/1/5 1665/1/5
f 1667/5/5 1607/5/5 1606/5/5
f 1667/4/5 1608/4/5 1607/4/5
f 1668/3/5 1609/3/5 1608/3/5
f 1668/4/5 1608/4/5 1667/4/5
f 1669/1/5 1559/1/5 1609/1/5
f 1669/3/5 1609/3/5 1668/3/5
f 1670/2/5 1611/2/5 1610/2/5
f 1670/1/5 1559/1/5 1669/1/5
f 1670/2/5 1610/2/5 1559/2/5
f 1671/3/5 1612/3/5 1611/3/5
f 1671/2/5 1611/2/5 1670/2/5
f 1672/5/5 1614/5/5 1613/5/5
f 1672/3/5 1612/3/5 1671/3/5
f 1672/5/5 1613/5/5 1612/5/5
f 1673/5/5 1614/5/5 1672/5/5
f 1674/1/5 1615/1/5 1614/1/5
f 1674/5/5 1614/5/5 1673/5/5
f 1674/1/5 1617/1/5 1616/1/5
f 1674/1/5 1616/1/5 1615/1/5
f 1675/5/5 1619/5/5 1618/5/5
f 1675/1/5 1617/1/5 1674/1/5
f 1675/5/5 1618/5/5 1617/5/5
f 1676/5/5 1619/5/5 1675/5/5
f 1677/3/5 1620/3/5 1619/3/5
f 1677/5/5 1619/5/5 1676/5/5
f 1678/2/5 1621/2/5 1620/2/5
f 1678/3/5 1620/3/5 1677/3/5
f 1679/2/5 1570/2/5 1621/2/5
f 1679/2/5 1621/2/5 1678/2/5
f 1679/1/5 1622/1/5 1570/1/5
f 1680/3/5 1623/3/5 1622/3/5
f 1680/1/5 1622/1/5 1679/1/5
f 1681/4/5 1624/4/5 1623/4/5
f 1681/3/5 1623/3/5 1680/3/5
f 1682/5/5 1625/5/5 1624/5/5
f 1682/4/5 1624/4/5 1681/4/5
f 1683/1/5 1530/1/5 1627/1/5
f 1683/2/5 1627/2/5 1626/2/5
f 1684/1/5 1530/1/5 1683/1/5
f 1685/2/5 1531/2/5 1530/2/5
f 1686/1/5 1628/1/5 1531/1/5
f 1686/2/5 1531/2/5 1685/2/5
f 1687/1/5 1628/1/5 1686/1/5
f 1688/2/5 1629/2/5 1628/2/5
f 1688/1/5 1628/1/5 1687/1/5
f 1689/1/5 1631/1/5 1630/1/5
f 1689/2/5 1629/2/5 1688/2/5
f 1689/1/5 1630/1/5 1629/1/5
f 1690/1/5 1631/1/5 1689/1/5
f 1691/3/5 1536/3/5 1631/3/5
f 1691/1/5 1631/1/5 1690/1/5
f 1692/3/5 1536/3/5 1691/3/5
f 1693/2/5 1632/2/5 1536/2/5
f 1693/3/5 1536/3/5 1692/3/5
f 1694/1/5 1633/1/5 1632/1/5
f 1694/2/5 1632/2/5 1693/2/5
f 1695/1/5 1577/1/5 1633/1/5
f 1695/1/5 1633/1/5 1694/1/5
f 1696/1/5 1539/1/5 1577/1/5
f 1696/1/5 1577/1/5 1695/1/5
f 1697/1/5 1539/1/5 1696/1/5
f 1698/5/5 1578/5/5 1539/5/5
f 1698/1/5 1539/1/5 1697/1/5
f 1699/3/5 1634/3/5 1578/3/5
f 1699/5/5 1578/5/5 1698/5/5
f 1699/3/5 1635/3/5 1634/3/5
f 1700/3/5 1635/3/5 1699/3/5
f 1701/1/5 1637/1/5 1636/1/5
f 1701/3/5 1635/3/5 1700/3/5
f 1701/1/5 1636/1/5 1635/1/5
f 1702/2/5 1639/2/5 1638/2/5
f 1702/5/5 1641/5/5 1640/5/5
f 1702/5/5 1642/5/5 1641/5/5
f 1702/2/5 1638/2/5 1637/2/5
f 1702/2/5 1640/2/5 1639/2/5
f 1702/5/5 1643/5/5 1642/5/5
f 1703/5/5 1643/5/5 1702/5/5
f 1704/5/5 1643/5/5 1703/5/5
f 1705/5/5 1650/5/5 1649/5/5
f 1705/3/5 1651/3/5 1650/3/5
f 1705/3/5 1652/3/5 1651/3/5
f 1706/3/5 1652/3/5 1705/3/5
f 1707/1/5 1653/1/5 1652/1/5
f 1707/3/5 1652/3/5 1706/3/5
f 1708/1/5 1653/1/5 1707/1/5
f 1709/2/5 1654/2/5 1653/2/5
f 1709/1/5 1653/1/5 1708/1/5
f 1710/1/5 1655/1/5 1654/1/5
f 1710/2/5 1654/2/5 1709/2/5
f 1710/1/5 1656/1/5 1655/1/5
f 1711/1/5 1656/1/5 1710/1/5
f 1712/3/5 1657/3/5 1656/3/5
f 1712/2/5 1658/2/5 1657/2/5
f 1713/1/5 1659/1/5 1658/1/5
f 1713/2/5 1658/2/5 1712/2/5
f 1714/2/5 1662/2/5 1661/2/5
f 1714/2/5 1660/2/5 1659/2/5
f 1714/1/5 1663/1/5 1662/1/5
f 1714/2/5 1661/2/5 1660/2/5
f 1714/1/5 1664/1/5 1663/1/5
f 1715/1/5 1664/1/5 1714/1/5
f 1716/2/5 1507/2/5 1664/2/5
f 1716/1/5 1664/1/5 1715/1/5
f 1717/1/5 1665/1/5 1507/1/5
f 1717/2/5 1507/2/5 1716/2/5
f 1718/2/5 1605/2/5 1666/2/5
f 1718/2/5 1666/2/5 1665/2/5
f 1718/3/5 1606/3/5 1605/3/5
f 1719/5/5 1668/5/5 1667/5/5
f 1719/3/5 1606/3/5 1718/3/5
f 1719/5/5 1667/5/5 1606/5/5
f 1720/5/5 1668/5/5 1719/5/5
f 1721/3/5 1669/3/5 1668/3/5
f 1721/5/5 1668/5/5 1720/5/5
f 1722/5/5 1670/5/5 1669/5/5
f 1722/3/5 1669/3/5 1721/3/5
f 1723/5/5 1670/5/5 1722/5/5
f 1724/3/5 1671/3/5 1670/3/5
f 1724/5/5 1670/5/5 1723/5/5
f 1725/3/5 1671/3/5 1724/3/5
f 1726/5/5 1673/5/5 1672/5/5
f 1726/3/5 1671/3/5 1725/3/5
f 1726/5/5 1672/5/5 1671/5/5
f 1727/5/5 1673/5/5 1726/5/5
f 1728/1/5 1676/1/5 1675/1/5
f 1728/5/5 1673/5/5 1727/5/5
f 1728/1/5 1675/1/5 1674/1/5
f 1728/1/5 1674/1/5 1673/1/5
f 1729/5/5 1678/5/5 1677/5/5
f 1729/1/5 1676/1/5 1728/1/5
f 1729/5/5 1677/5/5 1676/5/5
f 1730/5/5 1678/5/5 1729/5/5
f 1731/3/5 1679/3/5 1678/3/5
f 1731/5/5 1678/5/5 1730/5/5
f 1732/3/5 1679/3/5 1731/3/5
f 1733/5/5 1680/5/5 1679/5/5
f 1733/3/5 1679/3/5 1732/3/5
f 1734/5/5 1680/5/5 1733/5/5
f 1735/3/5 1681/3/5 1680/3/5
f 1735/5/5 1680/5/5 1734/5/5
f 1736/5/5 1682/5/5 1681/5/5
f 1736/3/5 1681/3/5 1735/3/5
f 1737/5/5 1625/5/5 1682/5/5
f 1737/5/5 1682/5/5 1736/5/5
f 1738/3/5 1626/3/5 1625/3/5
f 1738/5/5 1625/5/5 1737/5/5
f 1739/2/5 1684/2/5 1683/2/5
f 1739/3/5 1626/3/5 1738/3/5
f 1739/2/5 1683/2/5 1626/2/5
f 1740/1/5 1530/1/5 1684/1/5
f 1740/2/5 1685/2/5 1530/2/5
f 1741/1/5 1687/1/5 1686/1/5
f 1741/2/5 1685/2/5 1740/2/5
f 1741/1/5 1686/1/5 1685/1/5
f 1742/1/5 1687/1/5 1741/1/5
f 1743/2/5 1690/2/5 1689/2/5
f 1743/1/5 1687/1/5 1742/1/5
f 1743/2/5 1688/2/5 1687/2/5
f 1743/2/5 1689/2/5 1688/2/5
f 1744/2/5 1692/2/5 1691/2/5
f 1744/1/5 1691/1/5 1690/1/5
f 1745/3/5 1693/3/5 1692/3/5
f 1745/2/5 1692/2/5 1744/2/5
f 1746/1/5 1695/1/5 1694/1/5
f 1746/1/5 1694/1/5 1693/1/5
f 1747/2/5 1696/2/5 1695/2/5
f 1747/1/5 1695/1/5 1746/1/5
f 1748/1/5 1697/1/5 1696/1/5
f 1748/2/5 1696/2/5 1747/2/5
f 1749/1/5 1697/1/5 1748/1/5
f 1750/3/5 1698/3/5 1697/3/5
f 1750/1/5 1697/1/5 1749/1/5
f 1750/3/5 1699/3/5 1698/3/5
f 1751/3/5 1699/3/5 1750/3/5
f 1752/5/5 1700/5/5 1699/5/5
f 1752/3/5 1699/3/5 1751/3/5
f 1753/3/5 1646/3/5 1645/3/5
f 1753/5/5 1645/5/5 1588/5/5
f 1754/2/5 1647/2/5 1646/2/5
f 1754/3/5 1646/3/5 1753/3/5
f 1755/5/5 1706/5/5 1705/5/5
f 1755/1/5 1649/1/5 1648/1/5
f 1755/5/5 1705/5/5 1649/5/5
f 1756/5/5 1706/5/5 1755/5/5
f 1757/2/5 1710/2/5 1709/2/5
f 1757/1/5 1656/1/5 1711/1/5
f 1757/2/5 1709/2/5 1708/2/5
f 1757/2/5 1711/2/5 1710/2/5
f 1758/1/5 1656/1/5 1757/1/5
f 1759/1/5 1717/1/5 1716/1/5
f 1759/2/5 1715/2/5 1714/2/5
f 1759/1/5 1716/1/5 1715/1/5
f 1760/1/5 1717/1/5 1759/1/5
f 1761/1/5 1665/1/5 1717/1/5
f 1761/1/5 1717/1/5 1760/1/5
f 1762/2/5 1718/2/5 1665/2/5
f 1762/1/5 1665/1/5 1761/1/5
f 1762/2/5 1719/2/5 1718/2/5
f 1763/2/5 1719/2/5 1762/2/5
f 1764/5/5 1720/5/5 1719/5/5
f 1764/2/5 1719/2/5 1763/2/5
f 1765/5/5 1720/5/5 1764/5/5
f 1766/4/5 1721/4/5 1720/4/5
f 1766/5/5 1720/5/5 1765/5/5
f 1767/3/5 1722/3/5 1721/3/5
f 1767/4/5 1721/4/5 1766/4/5
f 1768/2/5 1723/2/5 1722/2/5
f 1768/3/5 1722/3/5 1767/3/5
f 1769/5/5 1725/5/5 1724/5/5
f 1769/2/5 1723/2/5 1768/2/5
f 1769/5/5 1724/5/5 1723/5/5
f 1770/5/5 1725/5/5 1769/5/5
f 1771/5/5 1725/5/5 1770/5/5
f 1772/3/5 1727/3/5 1726/3/5
f 1772/5/5 1725/5/5 1771/5/5
f 1772/3/5 1726/3/5 1725/3/5
f 1773/3/5 1727/3/5 1772/3/5
f 1774/2/5 1728/2/5 1727/2/5
f 1774/3/5 1727/3/5 1773/3/5
f 1775/1/5 1729/1/5 1728/1/5
f 1775/2/5 1728/2/5 1774/2/5
f 1776/1/5 1729/1/5 1775/1/5
f 1777/1/5 1729/1/5 1776/1/5
f 1778/2/5 1730/2/5 1729/2/5
f 1778/1/5 1729/1/5 1777/1/5
f 1779/3/5 1732/3/5 1731/3/5
f 1779/2/5 1730/2/5 1778/2/5
f 1779/3/5 1731/3/5 1730/3/5
f 1780/3/5 1732/3/5 1779/3/5
f 1781/5/5 1734/5/5 1733/5/5
f 1781/3/5 1732/3/5 1780/3/5
f 1781/5/5 1733/5/5 1732/5/5
f 1782/5/5 1734/5/5 1781/5/5
f 1783/5/5 1734/5/5 1782/5/5
f 1784/2/5 1735/2/5 1734/2/5
f 1784/5/5 1734/5/5 1783/5/5
f 1785/3/5 1736/3/5 1735/3/5
f 1785/2/5 1735/2/5 1784/2/5
f 1786/4/5 1737/4/5 1736/4/5
f 1786/3/5 1736/3/5 1785/3/5
f 1787/5/5 1738/5/5 1737/5/5
f 1787/4/5 1737/4/5 1786/4/5
f 1788/5/5 1738/5/5 1787/5/5
f 1789/2/5 1739/2/5 1738/2/5
f 1789/5/5 1738/5/5 1788/5/5
f 1790/2/5 1684/2/5 1739/2/5
f 1790/2/5 1739/2/5 1789/2/5
f 1791/1/5 1742/1/5 1741/1/5
f 1791/2/5 1684/2/5 1790/2/5
f 1791/1/5 1740/1/5 1684/1/5
f 1791/1/5 1741/1/5 1740/1/5
f 1792/1/5 1742/1/5 1791/1/5
f 1793/1/5 1742/1/5 1792/1/5
f 1794/2/5 1743/2/5 1742/2/5
f 1794/1/5 1742/1/5 1793/1/5
f 1795/1/5 1746/1/5 1693/1/5
f 1796/2/5 1747/2/5 1746/2/5
f 1796/1/5 1746/1/5 1795/1/5
f 1796/2/5 1749/2/5 1748/2/5
f 1796/2/5 1748/2/5 1747/2/5
f 1797/5/5 1700/5/5 1752/5/5
f 1797/5/5 1752/5/5 1751/5/5
f 1798/1/5 1701/1/5 1700/1/5
f 1798/5/5 1700/5/5 1797/5/5
f 1799/2/5 1703/2/5 1702/2/5
f 1799/3/5 1704/3/5 1703/3/5
f 1800/5/5 1643/5/5 1704/5/5
f 1800/3/5 1704/3/5 1799/3/5
f 1801/5/5 1706/5/5 1756/5/5
f 1801/1/5 1756/1/5 1755/1/5
f 1802/3/5 1708/3/5 1707/3/5
f 1802/5/5 1706/5/5 1801/5/5
f 1802/3/5 1707/3/5 1706/3/5
f 1803/2/5 1758/2/5 1757/2/5
f 1803/3/5 1708/3/5 1802/3/5
f 1803/2/5 1757/2/5 1708/2/5
f 1804/2/5 1758/2/5 1803/2/5
f 1805/1/5 1656/1/5 1758/1/5
f 1805/2/5 1758/2/5 1804/2/5
f 1806/1/5 1656/1/5 1805/1/5
f 1807/1/5 1761/1/5 1760/1/5
f 1807/2/5 1760/2/5 1759/2/5
f 1808/1/5 1761/1/5 1807/1/5
f 1809/2/5 1763/2/5 1762/2/5
f 1809/2/5 1762/2/5 1761/2/5
f 1810/3/5 1764/3/5 1763/3/5
f 1810/2/5 1763/2/5 1809/2/5
f 1811/5/5 1765/5/5 1764/5/5
f 1811/3/5 1764/3/5 1810/3/5
f 1812/3/5 1766/3/5 1765/3/5
f 1812/5/5 1765/5/5 1811/5/5
f 1813/2/5 1767/2/5 1766/2/5
f 1813/3/5 1766/3/5 1812/3/5
f 1814/3/5 1771/3/5 1770/3/5
f 1814/2/5 1770/2/5 1769/2/5
f 1815/3/5 1771/3/5 1814/3/5
f 1816/3/5 1771/3/5 1815/3/5
f 1817/5/5 1773/5/5 1772/5/5
f 1817/3/5 1771/3/5 1816/3/5
f 1817/5/5 1772/5/5 1771/5/5
f 1818/5/5 1773/5/5 1817/5/5
f 1819/2/5 1776/2/5 1775/2/5
f 1819/2/5 1774/2/5 1773/2/5
f 1819/2/5 1775/2/5 1774/2/5
f 1820/1/5 1777/1/5 1776/1/5
f 1820/2/5 1776/2/5 1819/2/5
f 1821/1/5 1777/1/5 1820/1/5
f 1822/1/5 1777/1/5 1821/1/5
f 1823/2/5 1778/2/5 1777/2/5
f 1823/1/5 1777/1/5 1822/1/5
f 1823/2/5 1780/2/5 1779/2/5
f 1823/2/5 1779/2/5 1778/2/5
f 1824/2/5 1780/2/5 1823/2/5
f 1825/5/5 1782/5/5 1781/5/5
f 1825/5/5 1781/5/5 1780/5/5
f 1826/3/5 1783/3/5 1782/3/5
f 1826/5/5 1782/5/5 1825/5/5
f 1827/3/5 1783/3/5 1826/3/5
f 1828/3/5 1783/3/5 1827/3/5
f 1829/2/5 1784/2/5 1783/2/5
f 1829/3/5 1783/3/5 1828/3/5
f 1830/2/5 1787/2/5 1786/2/5
f 1830/3/5 1788/3/5 1787/3/5
f 1831/5/5 1789/5/5 1788/5/5
f 1831/3/5 1788/3/5 1830/3/5
f 1832/3/5 1790/3/5 1789/3/5
f 1832/5/5 1789/5/5 1831/5/5
f 1833/2/5 1791/2/5 1790/2/5
f 1833/3/5 1790/3/5 1832/3/5
f 1833/2/5 1792/2/5 1791/2/5
f 1834/2/5 1792/2/5 1833/2/5
f 1835/1/5 1793/1/5 1792/1/5
f 1836/2/5 1794/2/5 1793/2/5
f 1836/1/5 1793/1/5 1835/1/5
f 1837/1/5 1795/1/5 1693/1/5
f 1838/2/5 1796/2/5 1795/2/5
f 1838/1/5 1795/1/5 1837/1/5
f 1839/2/5 1749/2/5 1796/2/5
f 1839/2/5 1796/2/5 1838/2/5
f 1840/3/5 1751/3/5 1750/3/5
f 1840/2/5 1749/2/5 1839/2/5
f 1840/3/5 1750/3/5 1749/3/5
f 1841/5/5 1797/5/5 1751/5/5
f 1841/3/5 1751/3/5 1840/3/5
f 1842/1/5 1798/1/5 1797/1/5
f 1842/5/5 1797/5/5 1841/5/5
f 1843/3/5 1588/3/5 1587/3/5
f 1844/5/5 1753/5/5 1588/5/5
f 1844/3/5 1588/3/5 1843/3/5
f 1845/2/5 1647/2/5 1754/2/5
f 1845/1/5 1648/1/5 1594/1/5
f 1845/2/5 1594/2/5 1647/2/5
f 1845/2/5 1754/2/5 1753/2/5
f 1845/1/5 1801/1/5 1755/1/5
f 1845/1/5 1755/1/5 1648/1/5
f 1846/1/5 1801/1/5 1845/1/5
f 1847/1/5 1801/1/5 1846/1/5
f 1848/2/5 1802/2/5 1801/2/5
f 1848/1/5 1801/1/5 1847/1/5
f 1849/3/5 1804/3/5 1803/3/5
f 1849/3/5 1803/3/5 1802/3/5
f 1850/2/5 1806/2/5 1805/2/5
f 1850/3/5 1804/3/5 1849/3/5
f 1850/2/5 1805/2/5 1804/2/5
f 1851/2/5 1806/2/5 1850/2/5
f 1852/1/5 1656/1/5 1806/1/5
f 1852/2/5 1806/2/5 1851/2/5
f 1853/3/5 1712/3/5 1656/3/5
f 1853/1/5 1656/1/5 1852/1/5
f 1854/1/5 1713/1/5 1712/1/5
f 1854/3/5 1712/3/5 1853/3/5
f 1855/1/5 1659/1/5 1713/1/5
f 1855/1/5 1713/1/5 1854/1/5
f 1856/2/5 1759/2/5 1714/2/5
f 1856/1/5 1659/1/5 1855/1/5
f 1856/2/5 1714/2/5 1659/2/5
f 1856/2/5 1808/2/5 1807/2/5
f 1856/2/5 1807/2/5 1759/2/5
f 1857/2/5 1808/2/5 1856/2/5
f 1858/1/5 1761/1/5 1808/1/5
f 1858/2/5 1808/2/5 1857/2/5
f 1859/1/5 1761/1/5 1858/1/5
f 1860/2/5 1809/2/5 1761/2/5
f 1860/3/5 1810/3/5 1809/3/5
f 1861/5/5 1812/5/5 1811/5/5
f 1861/3/5 1810/3/5 1860/3/5
f 1861/5/5 1811/5/5 1810/5/5
f 1862/5/5 1812/5/5 1861/5/5
f 1863/2/5 1813/2/5 1812/2/5
f 1863/5/5 1812/5/5 1862/5/5
f 1864/1/5 1768/1/5 1767/1/5
f 1864/1/5 1769/1/5 1768/1/5
f 1864/2/5 1815/2/5 1814/2/5
f 1864/2/5 1814/2/5 1769/2/5
f 1865/2/5 1815/2/5 1864/2/5
f 1866/2/5 1819/2/5 1773/2/5
f 1867/1/5 1821/1/5 1820/1/5
f 1867/2/5 1819/2/5 1866/2/5
f 1867/1/5 1820/1/5 1819/1/5
f 1868/1/5 1821/1/5 1867/1/5
f 1869/2/5 1822/2/5 1821/2/5
f 1869/1/5 1821/1/5 1868/1/5
f 1870/1/5 1824/1/5 1823/1/5
f 1870/2/5 1822/2/5 1869/2/5
f 1870/1/5 1823/1/5 1822/1/5
f 1871/1/5 1824/1/5 1870/1/5
f 1872/2/5 1780/2/5 1824/2/5
f 1872/1/5 1824/1/5 1871/1/5
f 1873/2/5 1780/2/5 1872/2/5
f 1874/2/5 1784/2/5 1829/2/5
f 1874/2/5 1829/2/5 1828/2/5
f 1875/1/5 1785/1/5 1784/1/5
f 1875/2/5 1784/2/5 1874/2/5
f 1875/1/5 1786/1/5 1785/1/5
f 1876/2/5 1831/2/5 1830/2/5
f 1876/5/5 1833/5/5 1832/5/5
f 1876/5/5 1832/5/5 1831/5/5
f 1877/5/5 1833/5/5 1876/5/5
f 1878/3/5 1834/3/5 1833/3/5
f 1878/5/5 1833/5/5 1877/5/5
f 1879/2/5 1792/2/5 1834/2/5
f 1879/3/5 1834/3/5 1878/3/5
f 1880/1/5 1835/1/5 1792/1/5
f 1881/2/5 1836/2/5 1835/2/5
f 1881/1/5 1835/1/5 1880/1/5
f 1882/2/5 1690/2/5 1743/2/5
f 1882/2/5 1836/2/5 1881/2/5
f 1882/2/5 1794/2/5 1836/2/5
f 1882/2/5 1743/2/5 1794/2/5
f 1883/1/5 1745/1/5 1744/1/5
f 1883/2/5 1690/2/5 1882/2/5
f 1883/1/5 1744/1/5 1690/1/5
f 1884/1/5 1745/1/5 1883/1/5
f 1885/3/5 1693/3/5 1745/3/5
f 1885/1/5 1745/1/5 1884/1/5
f 1886/1/5 1837/1/5 1693/1/5
f 1886/3/5 1693/3/5 1885/3/5
f 1887/2/5 1839/2/5 1838/2/5
f 1887/1/5 1837/1/5 1886/1/5
f 1887/2/5 1838/2/5 1837/2/5
f 1888/2/5 1839/2/5 1887/2/5
f 1889/3/5 1840/3/5 1839/3/5
f 1889/2/5 1839/2/5 1888/2/5
f 1889/3/5 1841/3/5 1840/3/5
f 1890/3/5 1841/3/5 1889/3/5
f 1891/1/5 1798/1/5 1842/1/5
f 1891/2/5 1842/2/5 1841/2/5
f 1892/1/5 1701/1/5 1798/1/5
f 1892/1/5 1798/1/5 1891/1/5
f 1893/1/5 1637/1/5 1701/1/5
f 1893/1/5 1701/1/5 1892/1/5
f 1894/2/5 1800/2/5 1799/2/5
f 1894/1/5 1637/1/5 1893/1/5
f 1894/2/5 1799/2/5 1702/2/5
f 1894/2/5 1702/2/5 1637/2/5
f 1895/5/5 1643/5/5 1800/5/5
f 1895/3/5 1644/3/5 1643/3/5
f 1896/3/5 1644/3/5 1895/3/5
f 1897/5/5 1753/5/5 1844/5/5
f 1897/5/5 1844/5/5 1843/5/5
f 1898/2/5 1845/2/5 1753/2/5
f 1898/5/5 1753/5/5 1897/5/5
f 1898/2/5 1846/2/5 1845/2/5
f 1899/2/5 1846/2/5 1898/2/5
f 1900/5/5 1851/5/5 1850/5/5
f 1900/3/5 1849/3/5 1802/3/5
f 1900/5/5 1850/5/5 1849/5/5
f 1901/5/5 1851/5/5 1900/5/5
f 1902/2/5 1852/2/5 1851/2/5
f 1902/5/5 1851/5/5 1901/5/5
f 1903/2/5 1852/2/5 1902/2/5
f 1904/2/5 1852/2/5 1903/2/5
f 1905/2/5 1852/2/5 1904/2/5
f 1906/3/5 1854/3/5 1853/3/5
f 1906/2/5 1852/2/5 1905/2/5
f 1906/3/5 1853/3/5 1852/3/5
f 1906/3/5 1855/3/5 1854/3/5
f 1907/3/5 1855/3/5 1906/3/5
f 1908/1/5 1857/1/5 1856/1/5
f 1908/3/5 1855/3/5 1907/3/5
f 1908/1/5 1856/1/5 1855/1/5
f 1909/1/5 1857/1/5 1908/1/5
f 1910/2/5 1858/2/5 1857/2/5
f 1910/2/5 1859/2/5 1858/2/5
f 1911/1/5 1761/1/5 1859/1/5
f 1911/2/5 1859/2/5 1910/2/5
f 1912/2/5 1860/2/5 1761/2/5
f 1912/1/5 1761/1/5 1911/1/5
f 1913/2/5 1860/2/5 1912/2/5
f 1914/5/5 1861/5/5 1860/5/5
f 1914/2/5 1860/2/5 1913/2/5
f 1915/3/5 1862/3/5 1861/3/5
f 1915/5/5 1861/5/5 1914/5/5
f 1916/2/5 1863/2/5 1862/2/5
f 1916/3/5 1862/3/5 1915/3/5
f 1917/2/5 1815/2/5 1865/2/5
f 1917/1/5 1865/1/5 1864/1/5
f 1918/3/5 1816/3/5 1815/3/5
f 1918/2/5 1815/2/5 1917/2/5
f 1919/5/5 1817/5/5 1816/5/5
f 1919/3/5 1816/3/5 1918/3/5
f 1920/3/5 1818/3/5 1817/3/5
f 1920/5/5 1817/5/5 1919/5/5
f 1921/5/5 1773/5/5 1818/5/5
f 1921/3/5 1818/3/5 1920/3/5
f 1922/2/5 1866/2/5 1773/2/5
f 1922/5/5 1773/5/5 1921/5/5
f 1923/2/5 1866/2/5 1922/2/5
f 1924/1/5 1868/1/5 1867/1/5
f 1924/2/5 1866/2/5 1923/2/5
f 1924/1/5 1867/1/5 1866/1/5
f 1925/2/5 1780/2/5 1873/2/5
f 1925/1/5 1872/1/5 1871/1/5
f 1925/1/5 1873/1/5 1872/1/5
f 1926/2/5 1780/2/5 1925/2/5
f 1927/5/5 1825/5/5 1780/5/5
f 1927/2/5 1780/2/5 1926/2/5
f 1928/3/5 1826/3/5 1825/3/5
f 1928/5/5 1825/5/5 1927/5/5
f 1929/5/5 1827/5/5 1826/5/5
f 1929/3/5 1826/3/5 1928/3/5
f 1930/3/5 1828/3/5 1827/3/5
f 1930/5/5 1827/5/5 1929/5/5
f 1931/2/5 1874/2/5 1828/2/5
f 1931/3/5 1828/3/5 1930/3/5
f 1932/1/5 1875/1/5 1874/1/5
f 1932/2/5 1874/2/5 1931/2/5
f 1933/2/5 1877/2/5 1876/2/5
f 1933/3/5 1878/3/5 1877/3/5
f 1934/5/5 1879/5/5 1878/5/5
f 1934/3/5 1878/3/5 1933/3/5
f 1935/2/5 1792/2/5 1879/2/5
f 1935/5/5 1879/5/5 1934/5/5
f 1936/2/5 1792/2/5 1935/2/5
f 1937/1/5 1880/1/5 1792/1/5
f 1937/2/5 1792/2/5 1936/2/5
f 1938/2/5 1881/2/5 1880/2/5
f 1938/1/5 1880/1/5 1937/1/5
f 1938/2/5 1882/2/5 1881/2/5
f 1939/2/5 1882/2/5 1938/2/5
f 1940/1/5 1884/1/5 1883/1/5
f 1940/1/5 1883/1/5 1882/1/5
f 1941/3/5 1886/3/5 1885/3/5
f 1941/1/5 1884/1/5 1940/1/5
f 1941/3/5 1885/3/5 1884/3/5
f 1941/3/5 1887/3/5 1886/3/5
f 1942/3/5 1887/3/5 1941/3/5
f 1943/2/5 1888/2/5 1887/2/5
f 1943/3/5 1887/3/5 1942/3/5
f 1944/2/5 1888/2/5 1943/2/5
f 1945/2/5 1888/2/5 1944/2/5
f 1946/2/5 1888/2/5 1945/2/5
f 1947/5/5 1890/5/5 1889/5/5
f 1947/2/5 1888/2/5 1946/2/5
f 1947/5/5 1889/5/5 1888/5/5
f 1948/5/5 1890/5/5 1947/5/5
f 1949/3/5 1841/3/5 1890/3/5
f 1949/5/5 1890/5/5 1948/5/5
f 1950/2/5 1800/2/5 1894/2/5
f 1950/2/5 1894/2/5 1893/2/5
f 1951/5/5 1896/5/5 1895/5/5
f 1951/2/5 1800/2/5 1950/2/5
f 1951/5/5 1895/5/5 1800/5/5
f 1952/5/5 1896/5/5 1951/5/5
f 1953/5/5 1897/5/5 1843/5/5
f 1954/2/5 1898/2/5 1897/2/5
f 1954/5/5 1897/5/5 1953/5/5
f 1955/1/5 1899/1/5 1898/1/5
f 1955/2/5 1898/2/5 1954/2/5
f 1956/2/5 1846/2/5 1899/2/5
f 1956/1/5 1899/1/5 1955/1/5
f 1957/1/5 1847/1/5 1846/1/5
f 1957/2/5 1846/2/5 1956/2/5
f 1958/1/5 1847/1/5 1957/1/5
f 1959/2/5 1848/2/5 1847/2/5
f 1959/1/5 1847/1/5 1958/1/5
f 1960/5/5 1903/5/5 1902/5/5
f 1960/5/5 1902/5/5 1901/5/5
f 1961/5/5 1903/5/5 1960/5/5
f 1962/2/5 1905/2/5 1904/2/5
f 1962/3/5 1904/3/5 1903/3/5
f 1963/3/5 1906/3/5 1905/3/5
f 1963/2/5 1905/2/5 1962/2/5
f 1964/5/5 1907/5/5 1906/5/5
f 1964/3/5 1906/3/5 1963/3/5
f 1965/3/5 1909/3/5 1908/3/5
f 1965/5/5 1907/5/5 1964/5/5
f 1965/3/5 1908/3/5 1907/3/5
f 1966/1/5 1857/1/5 1909/1/5
f 1966/3/5 1909/3/5 1965/3/5
f 1967/2/5 1910/2/5 1857/2/5
f 1967/1/5 1857/1/5 1966/1/5
f 1968/1/5 1911/1/5 1910/1/5
f 1968/2/5 1910/2/5 1967/2/5
f 1968/1/5 1912/1/5 1911/1/5
f 1969/1/5 1912/1/5 1968/1/5
f 1970/3/5 1913/3/5 1912/3/5
f 1970/1/5 1912/1/5 1969/1/5
f 1971/5/5 1914/5/5 1913/5/5
f 1971/3/5 1913/3/5 1970/3/5
f 1971/5/5 1915/5/5 1914/5/5
f 1972/5/5 1915/5/5 1971/5/5
f 1973/2/5 1916/2/5 1915/2/5
f 1973/5/5 1915/5/5 1972/5/5
f 1974/2/5 1767/2/5 1813/2/5
f 1974/2/5 1916/2/5 1973/2/5
f 1974/1/5 1917/1/5 1864/1/5
f 1974/2/5 1813/2/5 1863/2/5
f 1974/2/5 1863/2/5 1916/2/5
f 1974/1/5 1864/1/5 1767/1/5
f 1974/1/5 1919/1/5 1918/1/5
f 1974/1/5 1918/1/5 1917/1/5
f 1975/1/5 1919/1/5 1974/1/5
f 1976/2/5 1923/2/5 1922/2/5
f 1976/5/5 1921/5/5 1920/5/5
f 1976/5/5 1920/5/5 1919/5/5
f 1976/2/5 1922/2/5 1921/2/5
f 1977/1/5 1924/1/5 1923/1/5
f 1977/2/5 1923/2/5 1976/2/5
f 1978/1/5 1868/1/5 1924/1/5
f 1978/1/5 1924/1/5 1977/1/5
f 1979/2/5 1870/2/5 1869/2/5
f 1979/1/5 1868/1/5 1978/1/5
f 1979/2/5 1871/2/5 1870/2/5
f 1979/2/5 1869/2/5 1868/2/5
f 1980/1/5 1926/1/5 1925/1/5
f 1980/2/5 1871/2/5 1979/2/5
f 1980/1/5 1925/1/5 1871/1/5
f 1981/1/5 1926/1/5 1980/1/5
f 1982/2/5 1927/2/5 1926/2/5
f 1982/1/5 1926/1/5 1981/1/5
f 1982/2/5 1928/2/5 1927/2/5
f 1983/5/5 1930/5/5 1929/5/5
f 1983/2/5 1928/2/5 1982/2/5
f 1983/5/5 1929/5/5 1928/5/5
f 1984/1/5 1786/1/5 1875/1/5
f 1984/1/5 1875/1/5 1932/1/5
f 1984/1/5 1931/1/5 1930/1/5
f 1984/1/5 1932/1/5 1931/1/5
f 1985/2/5 1830/2/5 1786/2/5
f 1985/1/5 1786/1/5 1984/1/5
f 1985/2/5 1933/2/5 1876/2/5
f 1985/2/5 1934/2/5 1933/2/5
f 1985/2/5 1876/2/5 1830/2/5
f 1986/5/5 1936/5/5 1935/5/5
f 1986/2/5 1934/2/5 1985/2/5
f 1986/5/5 1935/5/5 1934/5/5
f 1987/5/5 1936/5/5 1986/5/5
f 1988/3/5 1937/3/5 1936/3/5
f 1988/5/5 1936/5/5 1987/5/5
f 1989/1/5 1939/1/5 1938/1/5
f 1989/3/5 1937/3/5 1988/3/5
f 1989/1/5 1938/1/5 1937/1/5
f 1990/1/5 1939/1/5 1989/1/5
f 1991/2/5 1882/2/5 1939/2/5
f 1991/1/5 1939/1/5 1990/1/5
f 1992/1/5 1940/1/5 1882/1/5
f 1992/2/5 1882/2/5 1991/2/5
f 1993/3/5 1942/3/5 1941/3/5
f 1993/1/5 1940/1/5 1992/1/5
f 1993/3/5 1941/3/5 1940/3/5
f 1994/5/5 1943/5/5 1942/5/5
f 1994/3/5 1942/3/5 1993/3/5
f 1995/3/5 1944/3/5 1943/3/5
f 1995/5/5 1943/5/5 1994/5/5
f 1996/2/5 1945/2/5 1944/2/5
f 1996/3/5 1944/3/5 1995/3/5
f 1997/3/5 1946/3/5 1945/3/5
f 1997/2/5 1945/2/5 1996/2/5
f 1998/5/5 1948/5/5 1947/5/5
f 1998/5/5 1947/5/5 1946/5/5
f 1999/5/5 1948/5/5 1998/5/5
f 2000/2/5 1892/2/5 1891/2/5
f 2000/1/5 1893/1/5 1892/1/5
f 2001/1/5 1893/1/5 2000/1/5
f 2002/2/5 1950/2/5 1893/2/5
f 2002/1/5 1893/1/5 2001/1/5
f 2003/1/5 1951/1/5 1950/1/5
f 2003/2/5 1950/2/5 2002/2/5
f 2004/2/5 1952/2/5 1951/2/5
f 2004/1/5 1951/1/5 2003/1/5
f 2005/5/5 1896/5/5 1952/5/5
f 2005/2/5 1952/2/5 2004/2/5
f 2006/5/5 1896/5/5 2005/5/5
f 2007/3/5 1954/3/5 1953/3/5
f 2008/1/5 1955/1/5 1954/1/5
f 2008/3/5 1954/3/5 2007/3/5
f 2008/1/5 1956/1/5 1955/1/5
f 2008/1/5 1958/1/5 1957/1/5
f 2008/1/5 1957/1/5 1956/1/5
f 2009/1/5 1958/1/5 2008/1/5
f 2010/1/5 1958/1/5 2009/1/5
f 2011/1/5 1958/1/5 2010/1/5
f 2012/2/5 1959/2/5 1958/2/5
f 2012/1/5 1958/1/5 2011/1/5
f 2013/2/5 1848/2/5 1959/2/5
f 2013/2/5 1959/2/5 2012/2/5
f 2014/3/5 1961/3/5 1960/3/5
f 2014/5/5 1960/5/5 1901/5/5
f 2015/5/5 1903/5/5 1961/5/5
f 2015/3/5 1961/3/5 2014/3/5
f 2016/3/5 1963/3/5 1962/3/5
f 2016/3/5 1962/3/5 1903/3/5
f 2017/5/5 1964/5/5 1963/5/5
f 2017/3/5 1963/3/5 2016/3/5
f 2018/3/5 1965/3/5 1964/3/5
f 2018/5/5 1964/5/5 2017/5/5
f 2019/5/5 1966/5/5 1965/5/5
f 2019/3/5 1965/3/5 2018/3/5
f 2020/3/5 1967/3/5 1966/3/5
f 2020/5/5 1966/5/5 2019/5/5
f 2021/5/5 1969/5/5 1968/5/5
f 2021/3/5 1967/3/5 2020/3/5
f 2021/5/5 1968/5/5 1967/5/5
f 2022/5/5 1969/5/5 2021/5/5
f 2023/3/5 1971/3/5 1970/3/5
f 2023/5/5 1969/5/5 2022/5/5
f 2023/3/5 1970/3/5 1969/3/5
f 2023/3/5 1972/3/5 1971/3/5
f 2024/3/5 1972/3/5 2023/3/5
f 2025/3/5 1972/3/5 2024/3/5
f 2026/2/5 1973/2/5 1972/2/5
f 2026/3/5 1972/3/5 2025/3/5
f 2026/2/5 1975/2/5 1974/2/5
f 2026/2/5 1974/2/5 1973/2/5
f 2027/2/5 1975/2/5 2026/2/5
f 2028/2/5 1975/2/5 2027/2/5
f 2029/1/5 1919/1/5 1975/1/5
f 2029/2/5 1975/2/5 2028/2/5
f 2030/1/5 1977/1/5 1976/1/5
f 2030/1/5 1978/1/5 1977/1/5
f 2030/5/5 1976/5/5 1919/5/5
f 2031/1/5 1978/1/5 2030/1/5
f 2032/2/5 1981/2/5 1980/2/5
f 2032/1/5 1978/1/5 2031/1/5
f 2032/2/5 1979/2/5 1978/2/5
f 2032/2/5 1980/2/5 1979/2/5
f 2033/2/5 1981/2/5 2032/2/5
f 2034/2/5 1981/2/5 2033/2/5
f 2035/1/5 1982/1/5 1981/1/5
f 2035/2/5 1981/2/5 2034/2/5
f 2035/1/5 1983/1/5 1982/1/5
f 2036/1/5 1983/1/5 2035/1/5
f 2037/5/5 1930/5/5 1983/5/5
f 2037/1/5 1983/1/5 2036/1/5
f 2038/1/5 1984/1/5 1930/1/5
f 2038/2/5 1987/2/5 1986/2/5
f 2038/2/5 1985/2/5 1984/2/5
f 2038/2/5 1986/2/5 1985/2/5
f 2039/2/5 1987/2/5 2038/2/5
f 2040/2/5 1987/2/5 2039/2/5
f 2041/3/5 1990/3/5 1989/3/5
f 2041/2/5 1987/2/5 2040/2/5
f 2041/3/5 1988/3/5 1987/3/5
f 2041/3/5 1989/3/5 1988/3/5
f 2042/3/5 1990/3/5 2041/3/5
f 2043/3/5 1990/3/5 2042/3/5
f 2044/5/5 1992/5/5 1991/5/5
f 2044/3/5 1990/3/5 2043/3/5
f 2044/5/5 1991/5/5 1990/5/5
f 2045/5/5 1992/5/5 2044/5/5
f 2046/3/5 1993/3/5 1992/3/5
f 2046/5/5 1992/5/5 2045/5/5
f 2047/5/5 1994/5/5 1993/5/5
f 2047/3/5 1993/3/5 2046/3/5
f 2048/3/5 1995/3/5 1994/3/5
f 2048/5/5 1994/5/5 2047/5/5
f 2049/5/5 1996/5/5 1995/5/5
f 2049/3/5 1995/3/5 2048/3/5
f 2050/3/5 1997/3/5 1996/3/5
f 2050/5/5 1996/5/5 2049/5/5
f 2051/3/5 1946/3/5 1997/3/5
f 2051/3/5 1997/3/5 2050/3/5
f 2052/3/5 1999/3/5 1998/3/5
f 2052/5/5 1998/5/5 1946/5/5
f 2053/5/5 1948/5/5 1999/5/5
f 2053/3/5 1999/3/5 2052/3/5
f 2054/2/5 2001/2/5 2000/2/5
f 2054/2/5 2000/2/5 1891/2/5
f 2055/1/5 2003/1/5 2002/1/5
f 2055/2/5 2001/2/5 2054/2/5
f 2055/1/5 2005/1/5 2004/1/5
f 2055/1/5 2002/1/5 2001/1/5
f 2055/1/5 2004/1/5 2003/1/5
f 2056/1/5 2005/1/5 2055/1/5
f 2057/1/5 2005/1/5 2056/1/5
f 2058/1/5 2005/1/5 2057/1/5
f 2059/3/5 2006/3/5 2005/3/5
f 2059/1/5 2005/1/5 2058/1/5
f 2060/3/5 2006/3/5 2059/3/5
f 2061/5/5 2008/5/5 2007/5/5
f 2061/2/5 2009/2/5 2008/2/5
f 2062/1/5 2010/1/5 2009/1/5
f 2062/2/5 2009/2/5 2061/2/5
f 2063/2/5 2011/2/5 2010/2/5
f 2063/1/5 2010/1/5 2062/1/5
f 2064/3/5 1901/3/5 1900/3/5
f 2064/3/5 1900/3/5 1802/3/5
f 2065/5/5 2014/5/5 1901/5/5
f 2065/3/5 1901/3/5 2064/3/5
f 2065/5/5 2015/5/5 2014/5/5
f 2066/5/5 2015/5/5 2065/5/5
f 2067/3/5 2016/3/5 1903/3/5
f 2067/5/5 2015/5/5 2066/5/5
f 2067/5/5 1903/5/5 2015/5/5
f 2068/2/5 2017/2/5 2016/2/5
f 2068/3/5 2016/3/5 2067/3/5
f 2069/3/5 2018/3/5 2017/3/5
f 2069/2/5 2017/2/5 2068/2/5
f 2070/5/5 2019/5/5 2018/5/5
f 2070/3/5 2018/3/5 2069/3/5
f 2071/3/5 2020/3/5 2019/3/5
f 2071/5/5 2019/5/5 2070/5/5
f 2072/3/5 2020/3/5 2071/3/5
f 2073/1/5 2021/1/5 2020/1/5
f 2073/3/5 2020/3/5 2072/3/5
f 2074/2/5 2022/2/5 2021/2/5
f 2074/1/5 2024/1/5 2023/1/5
f 2074/1/5 2023/1/5 2022/1/5
f 2075/1/5 2024/1/5 2074/1/5
f 2076/3/5 2025/3/5 2024/3/5
f 2076/1/5 2024/1/5 2075/1/5
f 2077/5/5 2026/5/5 2025/5/5
f 2077/3/5 2025/3/5 2076/3/5
f 2077/5/5 2027/5/5 2026/5/5
f 2078/5/5 2027/5/5 2077/5/5
f 2079/2/5 2028/2/5 2027/2/5
f 2079/5/5 2027/5/5 2078/5/5
f 2080/2/5 2028/2/5 2079/2/5
f 2081/1/5 1919/1/5 2029/1/5
f 2081/1/5 2029/1/5 2028/1/5
f 2082/1/5 1919/1/5 2081/1/5
f 2083/5/5 2030/5/5 1919/5/5
f 2083/1/5 1919/1/5 2082/1/5
f 2084/5/5 2030/5/5 2083/5/5
f 2085/2/5 2031/2/5 2030/2/5
f 2085/5/5 2030/5/5 2084/5/5
f 2086/2/5 2031/2/5 2085/2/5
f 2087/1/5 2033/1/5 2032/1/5
f 2087/2/5 2031/2/5 2086/2/5
f 2087/1/5 2032/1/5 2031/1/5
f 2088/1/5 2033/1/5 2087/1/5
f 2089/1/5 2036/1/5 2035/1/5
f 2089/1/5 2035/1/5 2034/1/5
f 2090/2/5 2037/2/5 2036/2/5
f 2090/1/5 2036/1/5 2089/1/5
f 2091/2/5 2037/2/5 2090/2/5
f 2092/5/5 1930/5/5 2037/5/5
f 2092/2/5 2037/2/5 2091/2/5
f 2093/5/5 1930/5/5 2092/5/5
f 2094/1/5 2039/1/5 2038/1/5
f 2094/5/5 1930/5/5 2093/5/5
f 2094/1/5 2038/1/5 1930/1/5
f 2095/1/5 2039/1/5 2094/1/5
f 2096/1/5 2039/1/5 2095/1/5
f 2097/2/5 2040/2/5 2039/2/5
f 2098/5/5 2041/5/5 2040/5/5
f 2098/2/5 2040/2/5 2097/2/5
f 2098/5/5 2042/5/5 2041/5/5
f 2099/5/5 2042/5/5 2098/5/5
f 2100/3/5 2043/3/5 2042/3/5
f 2100/5/5 2042/5/5 2099/5/5
f 2101/1/5 2044/1/5 2043/1/5
f 2101/3/5 2043/3/5 2100/3/5
f 2101/1/5 2045/1/5 2044/1/5
f 2102/1/5 2045/1/5 2101/1/5
f 2103/2/5 2046/2/5 2045/2/5
f 2103/1/5 2045/1/5 2102/1/5
f 2104/3/5 2048/3/5 2047/3/5
f 2104/1/5 2047/1/5 2046/1/5
f 2105/3/5 2048/3/5 2104/3/5
f 2106/5/5 2049/5/5 2048/5/5
f 2106/3/5 2048/3/5 2105/3/5
f 2107/3/5 2050/3/5 2049/3/5
f 2107/5/5 2049/5/5 2106/5/5
f 2108/2/5 2051/2/5 2050/2/5
f 2108/3/5 2050/3/5 2107/3/5
f 2109/3/5 1946/3/5 2051/3/5
f 2109/2/5 2051/2/5 2108/2/5
f 2110/5/5 2052/5/5 1946/5/5
f 2110/3/5 1946/3/5 2109/3/5
f 2110/5/5 2053/5/5 2052/5/5
f 2111/5/5 2053/5/5 2110/5/5
f 2112/5/5 1948/5/5 2053/5/5
f 2112/5/5 2053/5/5 2111/5/5
f 2112/3/5 1949/3/5 1948/3/5
f 2113/3/5 1841/3/5 1949/3/5
f 2113/3/5 1949/3/5 2112/3/5
f 2114/1/5 2058/1/5 2057/1/5
f 2114/2/5 2057/2/5 2056/2/5
f 2115/2/5 2059/2/5 2058/2/5
f 2115/1/5 2058/1/5 2114/1/5
f 2116/5/5 2060/5/5 2059/5/5
f 2116/2/5 2059/2/5 2115/2/5
f 2117/5/5 2062/5/5 2061/5/5
f 2117/5/5 2061/5/5 2007/5/5
f 2118/5/5 2062/5/5 2117/5/5
f 2119/2/5 2011/2/5 2063/2/5
f 2119/2/5 2063/2/5 2062/2/5
f 2120/1/5 2012/1/5 2011/1/5
f 2120/2/5 2011/2/5 2119/2/5
f 2120/1/5 2013/1/5 2012/1/5
f 2121/2/5 1848/2/5 2013/2/5
f 2121/1/5 2013/1/5 2120/1/5
f 2122/2/5 1802/2/5 1848/2/5
f 2122/2/5 1848/2/5 2121/2/5
f 2123/3/5 2064/3/5 1802/3/5
f 2123/5/5 2066/5/5 2065/5/5
f 2123/5/5 2065/5/5 2064/5/5
f 2124/5/5 2066/5/5 2123/5/5
f 2125/2/5 2069/2/5 2068/2/5
f 2125/5/5 2066/5/5 2124/5/5
f 2125/2/5 2067/2/5 2066/2/5
f 2125/2/5 2068/2/5 2067/2/5
f 2125/2/5 2070/2/5 2069/2/5
f 2126/3/5 2072/3/5 2071/3/5
f 2126/2/5 2070/2/5 2125/2/5
f 2126/3/5 2071/3/5 2070/3/5
f 2127/3/5 2072/3/5 2126/3/5
f 2128/3/5 2072/3/5 2127/3/5
f 2129/1/5 2073/1/5 2072/1/5
f 2129/3/5 2072/3/5 2128/3/5
f 2130/1/5 2021/1/5 2073/1/5
f 2130/1/5 2073/1/5 2129/1/5
f 2131/2/5 2075/2/5 2074/2/5
f 2131/1/5 2021/1/5 2130/1/5
f 2131/2/5 2074/2/5 2021/2/5
f 2132/2/5 2075/2/5 2131/2/5
f 2133/1/5 2076/1/5 2075/1/5
f 2133/2/5 2075/2/5 2132/2/5
f 2134/2/5 2078/2/5 2077/2/5
f 2134/2/5 2077/2/5 2076/2/5
f 2134/5/5 2079/5/5 2078/5/5
f 2135/3/5 2080/3/5 2079/3/5
f 2135/5/5 2079/5/5 2134/5/5
f 2136/2/5 2028/2/5 2080/2/5
f 2136/3/5 2080/3/5 2135/3/5
f 2137/2/5 2028/2/5 2136/2/5
f 2138/1/5 2081/1/5 2028/1/5
f 2139/2/5 2082/2/5 2081/2/5
f 2139/1/5 2081/1/5 2138/1/5
f 2140/1/5 2033/1/5 2088/1/5
f 2140/2/5 2088/2/5 2087/2/5
f 2140/2/5 2087/2/5 2086/2/5
f 2141/1/5 2033/1/5 2140/1/5
f 2142/2/5 2034/2/5 2033/2/5
f 2142/1/5 2033/1/5 2141/1/5
f 2143/2/5 2034/2/5 2142/2/5
f 2144/2/5 2034/2/5 2143/2/5
f 2145/1/5 2089/1/5 2034/1/5
f 2145/2/5 2034/2/5 2144/2/5
f 2146/1/5 2089/1/5 2145/1/5
f 2147/2/5 2091/2/5 2090/2/5
f 2147/1/5 2089/1/5 2146/1/5
f 2147/2/5 2090/2/5 2089/2/5
f 2148/1/5 2039/1/5 2096/1/5
f 2148/2/5 2096/2/5 2095/2/5
f 2149/1/5 2039/1/5 2148/1/5
f 2150/2/5 2097/2/5 2039/2/5
f 2151/3/5 2098/3/5 2097/3/5
f 2151/2/5 2097/2/5 2150/2/5
f 2152/5/5 2099/5/5 2098/5/5
f 2152/3/5 2098/3/5 2151/3/5
f 2153/2/5 2100/2/5 2099/2/5
f 2153/5/5 2099/5/5 2152/5/5
f 2153/2/5 2101/2/5 2100/2/5
f 2154/2/5 2103/2/5 2102/2/5
f 2154/1/5 2102/1/5 2101/1/5
f 2155/2/5 2103/2/5 2154/2/5
f 2156/2/5 2046/2/5 2103/2/5
f 2156/2/5 2103/2/5 2155/2/5
f 2156/1/5 2105/1/5 2104/1/5
f 2156/1/5 2104/1/5 2046/1/5
f 2157/1/5 2105/1/5 2156/1/5
f 2158/3/5 2106/3/5 2105/3/5
f 2158/1/5 2105/1/5 2157/1/5
f 2158/3/5 2107/3/5 2106/3/5
f 2159/3/5 2107/3/5 2158/3/5
f 2160/3/5 2107/3/5 2159/3/5
f 2161/2/5 2111/2/5 2110/2/5
f 2161/3/5 2107/3/5 2160/3/5
f 2161/2/5 2109/2/5 2108/2/5
f 2161/2/5 2108/2/5 2107/2/5
f 2161/2/5 2110/2/5 2109/2/5
f 2162/5/5 2112/5/5 2111/5/5
f 2162/2/5 2111/2/5 2161/2/5
f 2162/5/5 2113/5/5 2112/5/5
f 2163/5/5 2113/5/5 2162/5/5
f 2164/3/5 1841/3/5 2113/3/5
f 2164/5/5 2113/5/5 2163/5/5
f 2165/2/5 2054/2/5 1891/2/5
f 2165/2/5 1891/2/5 1841/2/5
f 2166/1/5 2055/1/5 2054/1/5
f 2166/2/5 2054/2/5 2165/2/5
f 2166/1/5 2056/1/5 2055/1/5
f 2167/2/5 2114/2/5 2056/2/5
f 2167/1/5 2056/1/5 2166/1/5
f 2167/2/5 2115/2/5 2114/2/5
f 2168/2/5 2115/2/5 2167/2/5
f 2169/5/5 2060/5/5 2116/5/5
f 2169/5/5 2116/5/5 2115/5/5
f 2170/5/5 2060/5/5 2169/5/5
f 2171/2/5 1802/2/5 2122/2/5
f 2171/1/5 2120/1/5 2119/1/5
f 2171/1/5 2121/1/5 2120/1/5
f 2171/1/5 2122/1/5 2121/1/5
f 2172/3/5 2124/3/5 2123/3/5
f 2172/2/5 1802/2/5 2171/2/5
f 2172/3/5 2123/3/5 1802/3/5
f 2173/3/5 2124/3/5 2172/3/5
f 2174/2/5 2125/2/5 2124/2/5
f 2174/3/5 2124/3/5 2173/3/5
f 2174/2/5 2126/2/5 2125/2/5
f 2175/2/5 2126/2/5 2174/2/5
f 2176/1/5 2127/1/5 2126/1/5
f 2176/2/5 2126/2/5 2175/2/5
f 2177/2/5 2132/2/5 2131/2/5
f 2177/2/5 2131/2/5 2130/2/5
f 2178/1/5 2133/1/5 2132/1/5
f 2178/2/5 2132/2/5 2177/2/5
f 2179/3/5 2135/3/5 2134/3/5
f 2179/2/5 2134/2/5 2076/2/5
f 2180/5/5 2136/5/5 2135/5/5
f 2180/3/5 2135/3/5 2179/3/5
f 2180/5/5 2137/5/5 2136/5/5
f 2181/5/5 2137/5/5 2180/5/5
f 2182/2/5 2028/2/5 2137/2/5
f 2182/5/5 2137/5/5 2181/5/5
f 2183/2/5 2028/2/5 2182/2/5
f 2184/2/5 2082/2/5 2139/2/5
f 2184/2/5 2139/2/5 2138/2/5
f 2185/3/5 2083/3/5 2082/3/5
f 2185/2/5 2082/2/5 2184/2/5
f 2186/5/5 2084/5/5 2083/5/5
f 2186/3/5 2083/3/5 2185/3/5
f 2187/3/5 2085/3/5 2084/3/5
f 2187/5/5 2084/5/5 2186/5/5
f 2188/5/5 2086/5/5 2085/5/5
f 2188/3/5 2085/3/5 2187/3/5
f 2189/2/5 2141/2/5 2140/2/5
f 2189/1/5 2143/1/5 2142/1/5
f 2189/1/5 2142/1/5 2141/1/5
f 2190/1/5 2143/1/5 2189/1/5
f 2191/2/5 2144/2/5 2143/2/5
f 2191/1/5 2143/1/5 2190/1/5
f 2192/1/5 2146/1/5 2145/1/5
f 2192/2/5 2144/2/5 2191/2/5
f 2192/1/5 2145/1/5 2144/1/5
f 2193/1/5 2146/1/5 2192/1/5
f 2194/2/5 2147/2/5 2146/2/5
f 2194/1/5 2146/1/5 2193/1/5
f 2195/3/5 2093/3/5 2092/3/5
f 2195/5/5 2092/5/5 2091/5/5
f 2196/5/5 2094/5/5 2093/5/5
f 2196/3/5 2093/3/5 2195/3/5
f 2197/3/5 2095/3/5 2094/3/5
f 2197/5/5 2094/5/5 2196/5/5
f 2198/2/5 2149/2/5 2148/2/5
f 2198/3/5 2095/3/5 2197/3/5
f 2198/2/5 2148/2/5 2095/2/5
f 2199/2/5 2149/2/5 2198/2/5
f 2200/2/5 2150/2/5 2039/2/5
f 2201/5/5 2152/5/5 2151/5/5
f 2201/2/5 2150/2/5 2200/2/5
f 2201/5/5 2151/5/5 2150/5/5
f 2202/5/5 2152/5/5 2201/5/5
f 2203/3/5 2153/3/5 2152/3/5
f 2203/5/5 2152/5/5 2202/5/5
f 2204/2/5 2101/2/5 2153/2/5
f 2204/3/5 2153/3/5 2203/3/5
f 2205/2/5 2157/2/5 2156/2/5
f 2205/1/5 2155/1/5 2154/1/5
f 2205/2/5 2156/2/5 2155/2/5
f 2206/2/5 2157/2/5 2205/2/5
f 2207/2/5 2163/2/5 2162/2/5
f 2207/1/5 2161/1/5 2160/1/5
f 2207/2/5 2162/2/5 2161/2/5
f 2208/2/5 2163/2/5 2207/2/5
f 2209/3/5 2164/3/5 2163/3/5
f 2209/2/5 2163/2/5 2208/2/5
f 2210/3/5 2164/3/5 2209/3/5
f 2211/3/5 1841/3/5 2164/3/5
f 2211/3/5 2164/3/5 2210/3/5
f 2211/2/5 2165/2/5 1841/2/5
f 2212/1/5 2167/1/5 2166/1/5
f 2212/2/5 2165/2/5 2211/2/5
f 2212/1/5 2166/1/5 2165/1/5
f 2212/1/5 2168/1/5 2167/1/5
f 2213/2/5 2119/2/5 2062/2/5
f 2213/5/5 2062/5/5 2118/5/5
f 2214/2/5 2119/2/5 2213/2/5
f 2215/1/5 2171/1/5 2119/1/5
f 2216/5/5 2172/5/5 2171/5/5
f 2216/1/5 2171/1/5 2215/1/5
f 2217/2/5 2175/2/5 2174/2/5
f 2217/2/5 2174/2/5 2173/2/5
f 2218/1/5 2176/1/5 2175/1/5
f 2218/2/5 2175/2/5 2217/2/5
f 2219/2/5 2177/2/5 2130/2/5
f 2220/1/5 2178/1/5 2177/1/5
f 2220/2/5 2177/2/5 2219/2/5
f 2221/1/5 2076/1/5 2133/1/5
f 2221/1/5 2178/1/5 2220/1/5
f 2221/1/5 2133/1/5 2178/1/5
f 2221/2/5 2179/2/5 2076/2/5
f 2221/2/5 2180/2/5 2179/2/5
f 2222/2/5 2180/2/5 2221/2/5
f 2223/3/5 2181/3/5 2180/3/5
f 2223/2/5 2180/2/5 2222/2/5
f 2224/5/5 2182/5/5 2181/5/5
f 2224/3/5 2181/3/5 2223/3/5
f 2225/3/5 2183/3/5 2182/3/5
f 2225/5/5 2182/5/5 2224/5/5
f 2226/2/5 2028/2/5 2183/2/5
f 2226/3/5 2183/3/5 2225/3/5
f 2227/1/5 2138/1/5 2028/1/5
f 2227/2/5 2028/2/5 2226/2/5
f 2228/1/5 2138/1/5 2227/1/5
f 2229/2/5 2184/2/5 2138/2/5
f 2229/1/5 2138/1/5 2228/1/5
f 2230/3/5 2187/3/5 2186/3/5
f 2230/2/5 2184/2/5 2229/2/5
f 2230/3/5 2185/3/5 2184/3/5
f 2230/3/5 2186/3/5 2185/3/5
f 2231/5/5 2188/5/5 2187/5/5
f 2231/3/5 2187/3/5 2230/3/5
f 2232/5/5 2086/5/5 2188/5/5
f 2232/5/5 2188/5/5 2231/5/5
f 2233/2/5 2190/2/5 2189/2/5
f 2233/5/5 2086/5/5 2232/5/5
f 2233/2/5 2189/2/5 2140/2/5
f 2233/2/5 2140/2/5 2086/2/5
f 2234/2/5 2190/2/5 2233/2/5
f 2235/2/5 2190/2/5 2234/2/5
f 2236/1/5 2191/1/5 2190/1/5
f 2236/2/5 2190/2/5 2235/2/5
f 2236/1/5 2193/1/5 2192/1/5
f 2236/1/5 2192/1/5 2191/1/5
f 2237/2/5 2194/2/5 2193/2/5
f 2237/1/5 2193/1/5 2236/1/5
f 2238/2/5 2091/2/5 2147/2/5
f 2238/2/5 2194/2/5 2237/2/5
f 2238/2/5 2147/2/5 2194/2/5
f 2239/2/5 2091/2/5 2238/2/5
f 2240/5/5 2196/5/5 2195/5/5
f 2240/2/5 2091/2/5 2239/2/5
f 2240/5/5 2195/5/5 2091/5/5
f 2241/5/5 2196/5/5 2240/5/5
f 2242/3/5 2199/3/5 2198/3/5
f 2242/5/5 2196/5/5 2241/5/5
f 2242/3/5 2197/3/5 2196/3/5
f 2242/3/5 2198/3/5 2197/3/5
f 2243/2/5 2149/2/5 2199/2/5
f 2243/3/5 2199/3/5 2242/3/5
f 2244/1/5 2039/1/5 2149/1/5
f 2244/2/5 2149/2/5 2243/2/5
f 2245/1/5 2039/1/5 2244/1/5
f 2246/2/5 2200/2/5 2039/2/5
f 2246/1/5 2039/1/5 2245/1/5
f 2247/3/5 2201/3/5 2200/3/5
f 2247/2/5 2200/2/5 2246/2/5
f 2248/5/5 2202/5/5 2201/5/5
f 2248/3/5 2201/3/5 2247/3/5
f 2249/3/5 2203/3/5 2202/3/5
f 2249/5/5 2202/5/5 2248/5/5
f 2250/2/5 2204/2/5 2203/2/5
f 2250/3/5 2203/3/5 2249/3/5
f 2251/2/5 2101/2/5 2204/2/5
f 2251/2/5 2204/2/5 2250/2/5
f 2252/1/5 2154/1/5 2101/1/5
f 2252/2/5 2101/2/5 2251/2/5
f 2252/1/5 2206/1/5 2205/1/5
f 2252/1/5 2205/1/5 2154/1/5
f 2253/2/5 2157/2/5 2206/2/5
f 2253/1/5 2206/1/5 2252/1/5
f 2254/2/5 2157/2/5 2253/2/5
f 2255/2/5 2210/2/5 2209/2/5
f 2255/1/5 2208/1/5 2207/1/5
f 2255/2/5 2209/2/5 2208/2/5
f 2256/2/5 2210/2/5 2255/2/5
f 2257/1/5 2168/1/5 2212/1/5
f 2257/5/5 2212/5/5 2211/5/5
f 2258/1/5 2168/1/5 2257/1/5
f 2259/2/5 2115/2/5 2168/2/5
f 2260/5/5 2169/5/5 2115/5/5
f 2260/2/5 2115/2/5 2259/2/5
f 2261/5/5 2216/5/5 2215/5/5
f 2261/5/5 2172/5/5 2216/5/5
f 2262/3/5 2173/3/5 2172/3/5
f 2262/5/5 2172/5/5 2261/5/5
f 2263/3/5 2173/3/5 2262/3/5
f 2264/2/5 2217/2/5 2173/2/5
f 2264/3/5 2173/3/5 2263/3/5
f 2265/2/5 2217/2/5 2264/2/5
f 2266/2/5 2217/2/5 2265/2/5
f 2267/1/5 2218/1/5 2217/1/5
f 2267/2/5 2217/2/5 2266/2/5
f 2268/1/5 2130/1/5 2129/1/5
f 2268/1/5 2129/1/5 2128/1/5
f 2268/3/5 2128/3/5 2127/3/5
f 2269/1/5 2130/1/5 2268/1/5
f 2270/2/5 2219/2/5 2130/2/5
f 2271/1/5 2220/1/5 2219/1/5
f 2271/2/5 2219/2/5 2270/2/5
f 2271/1/5 2221/1/5 2220/1/5
f 2271/1/5 2222/1/5 2221/1/5
f 2272/1/5 2222/1/5 2271/1/5
f 2273/1/5 2222/1/5 2272/1/5
f 2274/2/5 2224/2/5 2223/2/5
f 2274/2/5 2223/2/5 2222/2/5
f 2275/5/5 2225/5/5 2224/5/5
f 2275/2/5 2224/2/5 2274/2/5
f 2275/5/5 2226/5/5 2225/5/5
f 2276/4/5 2227/4/5 2226/4/5
f 2276/5/5 2226/5/5 2275/5/5
f 2277/3/5 2228/3/5 2227/3/5
f 2277/4/5 2227/4/5 2276/4/5
f 2278/2/5 2229/2/5 2228/2/5
f 2278/3/5 2228/3/5 2277/3/5
f 2279/5/5 2231/5/5 2230/5/5
f 2279/2/5 2229/2/5 2278/2/5
f 2279/5/5 2232/5/5 2231/5/5
f 2279/5/5 2230/5/5 2229/5/5
f 2280/5/5 2232/5/5 2279/5/5
f 2281/3/5 2234/3/5 2233/3/5
f 2281/5/5 2232/5/5 2280/5/5
f 2281/3/5 2233/3/5 2232/3/5
f 2282/3/5 2234/3/5 2281/3/5
f 2283/2/5 2235/2/5 2234/2/5
f 2283/3/5 2234/3/5 2282/3/5
f 2284/1/5 2237/1/5 2236/1/5
f 2284/2/5 2235/2/5 2283/2/5
f 2284/1/5 2236/1/5 2235/1/5
f 2284/1/5 2238/1/5 2237/1/5
f 2285/2/5 2239/2/5 2238/2/5
f 2285/1/5 2238/1/5 2284/1/5
f 2286/3/5 2241/3/5 2240/3/5
f 2286/2/5 2239/2/5 2285/2/5
f 2286/3/5 2240/3/5 2239/3/5
f 2287/3/5 2241/3/5 2286/3/5
f 2288/5/5 2244/5/5 2243/5/5
f 2288/3/5 2241/3/5 2287/3/5
f 2288/5/5 2243/5/5 2242/5/5
f 2288/5/5 2242/5/5 2241/5/5
f 2289/5/5 2244/5/5 2288/5/5
f 2290/2/5 2245/2/5 2244/2/5
f 2290/5/5 2244/5/5 2289/5/5
f 2291/3/5 2246/3/5 2245/3/5
f 2291/2/5 2245/2/5 2290/2/5
f 2292/4/5 2247/4/5 2246/4/5
f 2292/3/5 2246/3/5 2291/3/5
f 2293/5/5 2249/5/5 2248/5/5
f 2293/4/5 2247/4/5 2292/4/5
f 2293/5/5 2248/5/5 2247/5/5
f 2294/2/5 2250/2/5 2249/2/5
f 2294/5/5 2249/5/5 2293/5/5
f 2294/2/5 2251/2/5 2250/2/5
f 2295/2/5 2251/2/5 2294/2/5
f 2296/1/5 2252/1/5 2251/1/5
f 2296/1/5 2254/1/5 2253/1/5
f 2296/1/5 2253/1/5 2252/1/5
f 2297/1/5 2254/1/5 2296/1/5
f 2298/2/5 2157/2/5 2254/2/5
f 2298/1/5 2254/1/5 2297/1/5
f 2299/2/5 2157/2/5 2298/2/5
f 2300/1/5 2159/1/5 2158/1/5
f 2300/1/5 2158/1/5 2157/1/5
f 2301/3/5 2160/3/5 2159/3/5
f 2301/1/5 2159/1/5 2300/1/5
f 2302/2/5 2210/2/5 2256/2/5
f 2302/1/5 2256/1/5 2255/1/5
f 2303/2/5 2210/2/5 2302/2/5
f 2304/2/5 2210/2/5 2303/2/5
f 2305/3/5 2211/3/5 2210/3/5
f 2305/2/5 2210/2/5 2304/2/5
f 2306/3/5 2211/3/5 2305/3/5
f 2307/5/5 2258/5/5 2257/5/5
f 2307/3/5 2211/3/5 2306/3/5
f 2307/5/5 2257/5/5 2211/5/5
f 2308/5/5 2258/5/5 2307/5/5
f 2309/3/5 2214/3/5 2213/3/5
f 2309/5/5 2213/5/5 2118/5/5
f 2310/2/5 2119/2/5 2214/2/5
f 2310/3/5 2214/3/5 2309/3/5
f 2311/2/5 2119/2/5 2310/2/5
f 2312/1/5 2215/1/5 2119/1/5
f 2313/5/5 2261/5/5 2215/5/5
f 2313/1/5 2215/1/5 2312/1/5
f 2314/3/5 2262/3/5 2261/3/5
f 2314/5/5 2261/5/5 2313/5/5
f 2314/3/5 2263/3/5 2262/3/5
f 2315/3/5 2263/3/5 2314/3/5
f 2316/1/5 2265/1/5 2264/1/5
f 2316/3/5 2263/3/5 2315/3/5
f 2316/1/5 2264/1/5 2263/1/5
f 2317/2/5 2266/2/5 2265/2/5
f 2317/1/5 2265/1/5 2316/1/5
f 2318/1/5 2267/1/5 2266/1/5
f 2318/2/5 2266/2/5 2317/2/5
f 2319/1/5 2218/1/5 2267/1/5
f 2319/1/5 2267/1/5 2318/1/5
f 2319/1/5 2176/1/5 2218/1/5
f 2320/1/5 2127/1/5 2176/1/5
f 2320/1/5 2176/1/5 2319/1/5
f 2320/3/5 2268/3/5 2127/3/5
f 2321/2/5 2269/2/5 2268/2/5
f 2321/3/5 2268/3/5 2320/3/5
f 2322/1/5 2130/1/5 2269/1/5
f 2322/2/5 2269/2/5 2321/2/5
f 2323/2/5 2270/2/5 2130/2/5
f 2323/1/5 2130/1/5 2322/1/5
f 2324/2/5 2270/2/5 2323/2/5
f 2325/2/5 2270/2/5 2324/2/5
f 2326/1/5 2271/1/5 2270/1/5
f 2326/2/5 2270/2/5 2325/2/5
f 2326/1/5 2272/1/5 2271/1/5
f 2327/1/5 2272/1/5 2326/1/5
f 2328/2/5 2273/2/5 2272/2/5
f 2328/1/5 2272/1/5 2327/1/5
f 2329/2/5 2274/2/5 2222/2/5
f 2329/1/5 2222/1/5 2273/1/5
f 2330/2/5 2274/2/5 2329/2/5
f 2331/5/5 2277/5/5 2276/5/5
f 2331/5/5 2276/5/5 2275/5/5
f 2332/3/5 2278/3/5 2277/3/5
f 2332/5/5 2277/5/5 2331/5/5
f 2333/5/5 2280/5/5 2279/5/5
f 2333/3/5 2278/3/5 2332/3/5
f 2333/5/5 2279/5/5 2278/5/5
f 2334/3/5 2282/3/5 2281/3/5
f 2334/5/5 2280/5/5 2333/5/5
f 2334/3/5 2281/3/5 2280/3/5
f 2335/5/5 2283/5/5 2282/5/5
f 2335/3/5 2282/3/5 2334/3/5
f 2335/5/5 2284/5/5 2283/5/5
f 2336/5/5 2284/5/5 2335/5/5
f 2337/1/5 2285/1/5 2284/1/5
f 2337/5/5 2284/5/5 2336/5/5
f 2338/1/5 2285/1/5 2337/1/5
f 2339/1/5 2285/1/5 2338/1/5
f 2340/5/5 2287/5/5 2286/5/5
f 2340/1/5 2285/1/5 2339/1/5
f 2340/5/5 2286/5/5 2285/5/5
f 2341/5/5 2287/5/5 2340/5/5
f 2342/3/5 2289/3/5 2288/3/5
f 2342/5/5 2287/5/5 2341/5/5
f 2342/3/5 2288/3/5 2287/3/5
f 2343/5/5 2291/5/5 2290/5/5
f 2343/3/5 2289/3/5 2342/3/5
f 2343/5/5 2290/5/5 2289/5/5
f 2344/3/5 2292/3/5 2291/3/5
f 2344/5/5 2291/5/5 2343/5/5
f 2345/5/5 2293/5/5 2292/5/5
f 2345/3/5 2292/3/5 2344/3/5
f 2345/5/5 2294/5/5 2293/5/5
f 2346/5/5 2294/5/5 2345/5/5
f 2347/2/5 2251/2/5 2295/2/5
f 2348/1/5 2296/1/5 2251/1/5
f 2348/2/5 2251/2/5 2347/2/5
f 2349/2/5 2297/2/5 2296/2/5
f 2349/1/5 2299/1/5 2298/1/5
f 2349/1/5 2298/1/5 2297/1/5
f 2350/1/5 2299/1/5 2349/1/5
f 2351/2/5 2157/2/5 2299/2/5
f 2351/1/5 2299/1/5 2350/1/5
f 2352/2/5 2157/2/5 2351/2/5
f 2353/2/5 2157/2/5 2352/2/5
f 2354/1/5 2300/1/5 2157/1/5
f 2354/2/5 2157/2/5 2353/2/5
f 2355/2/5 2301/2/5 2300/2/5
f 2355/1/5 2300/1/5 2354/1/5
f 2356/3/5 2160/3/5 2301/3/5
f 2356/2/5 2301/2/5 2355/2/5
f 2357/1/5 2255/1/5 2207/1/5
f 2357/3/5 2160/3/5 2356/3/5
f 2357/1/5 2207/1/5 2160/1/5
f 2357/1/5 2302/1/5 2255/1/5
f 2357/1/5 2303/1/5 2302/1/5
f 2358/1/5 2303/1/5 2357/1/5
f 2359/2/5 2304/2/5 2303/2/5
f 2359/1/5 2303/1/5 2358/1/5
f 2360/1/5 2306/1/5 2305/1/5
f 2360/2/5 2304/2/5 2359/2/5
f 2360/1/5 2305/1/5 2304/1/5
f 2361/3/5 2308/3/5 2307/3/5
f 2361/1/5 2306/1/5 2360/1/5
f 2361/3/5 2307/3/5 2306/3/5
f 2362/3/5 2308/3/5 2361/3/5
f 2363/5/5 2258/5/5 2308/5/5
f 2363/3/5 2308/3/5 2362/3/5
f 2364/1/5 2168/1/5 2258/1/5
f 2364/5/5 2258/5/5 2363/5/5
f 2365/1/5 2168/1/5 2364/1/5
f 2366/2/5 2259/2/5 2168/2/5
f 2367/3/5 2260/3/5 2259/3/5
f 2367/2/5 2259/2/5 2366/2/5
f 2368/5/5 2169/5/5 2260/5/5
f 2368/3/5 2260/3/5 2367/3/5
f 2369/3/5 2118/3/5 2117/3/5
f 2370/5/5 2309/5/5 2118/5/5
f 2370/3/5 2118/3/5 2369/3/5
f 2370/5/5 2310/5/5 2309/5/5
f 2370/5/5 2311/5/5 2310/5/5
f 2371/5/5 2311/5/5 2370/5/5
f 2372/5/5 2311/5/5 2371/5/5
f 2373/2/5 2119/2/5 2311/2/5
f 2373/5/5 2311/5/5 2372/5/5
f 2374/2/5 2119/2/5 2373/2/5
f 2375/2/5 2119/2/5 2374/2/5
f 2376/1/5 2312/1/5 2119/1/5
f 2376/2/5 2119/2/5 2375/2/5
f 2377/1/5 2312/1/5 2376/1/5
f 2378/3/5 2314/3/5 2313/3/5
f 2378/1/5 2312/1/5 2377/1/5
f 2378/3/5 2313/3/5 2312/3/5
f 2379/3/5 2314/3/5 2378/3/5
f 2380/1/5 2318/1/5 2317/1/5
f 2380/1/5 2317/1/5 2316/1/5
f 2380/1/5 2316/1/5 2315/1/5
f 2380/1/5 2319/1/5 2318/1/5
f 2381/2/5 2320/2/5 2319/2/5
f 2381/1/5 2319/1/5 2380/1/5
f 2382/3/5 2322/3/5 2321/3/5
f 2382/1/5 2324/1/5 2323/1/5
f 2382/3/5 2321/3/5 2320/3/5
f 2382/1/5 2323/1/5 2322/1/5
f 2383/1/5 2324/1/5 2382/1/5
f 2384/2/5 2325/2/5 2324/2/5
f 2384/1/5 2324/1/5 2383/1/5
f 2385/1/5 2326/1/5 2325/1/5
f 2385/2/5 2325/2/5 2384/2/5
f 2385/1/5 2327/1/5 2326/1/5
f 2386/2/5 2274/2/5 2330/2/5
f 2386/1/5 2330/1/5 2329/1/5
f 2387/3/5 2275/3/5 2274/3/5
f 2387/2/5 2274/2/5 2386/2/5
f 2388/5/5 2331/5/5 2275/5/5
f 2388/3/5 2275/3/5 2387/3/5
f 2389/4/5 2332/4/5 2331/4/5
f 2389/5/5 2331/5/5 2388/5/5
f 2390/3/5 2333/3/5 2332/3/5
f 2390/4/5 2332/4/5 2389/4/5
f 2391/1/5 2334/1/5 2333/1/5
f 2391/3/5 2333/3/5 2390/3/5
f 2392/2/5 2335/2/5 2334/2/5
f 2393/3/5 2336/3/5 2335/3/5
f 2393/2/5 2335/2/5 2392/2/5
f 2394/5/5 2338/5/5 2337/5/5
f 2394/3/5 2336/3/5 2393/3/5
f 2394/5/5 2337/5/5 2336/5/5
f 2395/5/5 2338/5/5 2394/5/5
f 2396/1/5 2339/1/5 2338/1/5
f 2396/5/5 2338/5/5 2395/5/5
f 2397/1/5 2339/1/5 2396/1/5
f 2398/1/5 2339/1/5 2397/1/5
f 2399/5/5 2341/5/5 2340/5/5
f 2399/1/5 2339/1/5 2398/1/5
f 2399/5/5 2340/5/5 2339/5/5
f 2400/5/5 2341/5/5 2399/5/5
f 2401/3/5 2342/3/5 2341/3/5
f 2401/5/5 2341/5/5 2400/5/5
f 2402/2/5 2343/2/5 2342/2/5
f 2402/3/5 2342/3/5 2401/3/5
f 2403/2/5 2343/2/5 2402/2/5
f 2404/1/5 2344/1/5 2343/1/5
f 2404/3/5 2345/3/5 2344/3/5
f 2405/4/5 2346/4/5 2345/4/5
f 2405/3/5 2345/3/5 2404/3/5
f 2406/5/5 2294/5/5 2346/5/5
f 2406/4/5 2346/4/5 2405/4/5
f 2407/3/5 2295/3/5 2294/3/5
f 2407/5/5 2294/5/5 2406/5/5
f 2408/2/5 2347/2/5 2295/2/5
f 2408/3/5 2295/3/5 2407/3/5
f 2409/1/5 2348/1/5 2347/1/5
f 2409/2/5 2347/2/5 2408/2/5
f 2410/2/5 2353/2/5 2352/2/5
f 2410/1/5 2352/1/5 2351/1/5
f 2410/1/5 2351/1/5 2350/1/5
f 2411/1/5 2355/1/5 2354/1/5
f 2411/2/5 2353/2/5 2410/2/5
f 2411/1/5 2354/1/5 2353/1/5
f 2412/1/5 2355/1/5 2411/1/5
f 2413/3/5 2356/3/5 2355/3/5
f 2413/1/5 2355/1/5 2412/1/5
f 2413/3/5 2357/3/5 2356/3/5
f 2414/1/5 2362/1/5 2361/1/5
f 2414/2/5 2358/2/5 2357/2/5
f 2414/1/5 2360/1/5 2359/1/5
f 2414/1/5 2359/1/5 2358/1/5
f 2414/1/5 2361/1/5 2360/1/5
f 2415/1/5 2362/1/5 2414/1/5
f 2416/3/5 2365/3/5 2364/3/5
f 2416/3/5 2364/3/5 2363/3/5
f 2417/1/5 2168/1/5 2365/1/5
f 2417/3/5 2365/3/5 2416/3/5
f 2418/1/5 2168/1/5 2417/1/5
f 2419/2/5 2366/2/5 2168/2/5
f 2419/1/5 2168/1/5 2418/1/5
f 2420/2/5 2366/2/5 2419/2/5
f 2421/2/5 2366/2/5 2420/2/5
f 2422/5/5 2367/5/5 2366/5/5
f 2422/2/5 2366/2/5 2421/2/5
f 2422/5/5 2368/5/5 2367/5/5
f 2423/5/5 2368/5/5 2422/5/5
f 2424/5/5 2368/5/5 2423/5/5
f 2425/3/5 2170/3/5 2169/3/5
f 2425/5/5 2368/5/5 2424/5/5
f 2425/5/5 2169/5/5 2368/5/5
f 2426/3/5 2170/3/5 2425/3/5
f 2427/2/5 2371/2/5 2370/2/5
f 2427/3/5 2372/3/5 2371/3/5
f 2427/2/5 2370/2/5 2369/2/5
f 2428/5/5 2373/5/5 2372/5/5
f 2428/3/5 2372/3/5 2427/3/5
f 2428/5/5 2374/5/5 2373/5/5
f 2429/5/5 2374/5/5 2428/5/5
f 2430/3/5 2375/3/5 2374/3/5
f 2430/5/5 2374/5/5 2429/5/5
f 2431/2/5 2377/2/5 2376/2/5
f 2431/3/5 2375/3/5 2430/3/5
f 2431/2/5 2376/2/5 2375/2/5
f 2432/3/5 2378/3/5 2377/3/5
f 2432/2/5 2377/2/5 2431/2/5
f 2433/5/5 2379/5/5 2378/5/5
f 2433/3/5 2378/3/5 2432/3/5
f 2434/3/5 2314/3/5 2379/3/5
f 2434/5/5 2379/5/5 2433/5/5
f 2435/5/5 2315/5/5 2314/5/5
f 2435/3/5 2314/3/5 2434/3/5
f 2436/1/5 2380/1/5 2315/1/5
f 2437/2/5 2381/2/5 2380/2/5
f 2437/1/5 2380/1/5 2436/1/5
f 2438/3/5 2383/3/5 2382/3/5
f 2438/1/5 2384/1/5 2383/1/5
f 2438/1/5 2385/1/5 2384/1/5
f 2439/1/5 2385/1/5 2438/1/5
f 2440/1/5 2385/1/5 2439/1/5
f 2441/3/5 2389/3/5 2388/3/5
f 2441/3/5 2387/3/5 2386/3/5
f 2441/3/5 2388/3/5 2387/3/5
f 2442/2/5 2390/2/5 2389/2/5
f 2442/3/5 2389/3/5 2441/3/5
f 2442/2/5 2391/2/5 2390/2/5
f 2443/2/5 2392/2/5 2334/2/5
f 2443/1/5 2334/1/5 2391/1/5
f 2444/2/5 2392/2/5 2443/2/5
f 2445/2/5 2392/2/5 2444/2/5
f 2446/1/5 2395/1/5 2394/1/5
f 2446/2/5 2392/2/5 2445/2/5
f 2446/1/5 2393/1/5 2392/1/5
f 2446/1/5 2394/1/5 2393/1/5
f 2447/3/5 2397/3/5 2396/3/5
f 2447/1/5 2395/1/5 2446/1/5
f 2447/3/5 2396/3/5 2395/3/5
f 2448/3/5 2397/3/5 2447/3/5
f 2449/3/5 2399/3/5 2398/3/5
f 2449/3/5 2400/3/5 2399/3/5
f 2450/1/5 2401/1/5 2400/1/5
f 2450/3/5 2400/3/5 2449/3/5
f 2450/1/5 2403/1/5 2402/1/5
f 2450/1/5 2402/1/5 2401/1/5
f 2451/2/5 2343/2/5 2403/2/5
f 2451/1/5 2403/1/5 2450/1/5
f 2452/2/5 2343/2/5 2451/2/5
f 2453/2/5 2343/2/5 2452/2/5
f 2454/1/5 2404/1/5 2343/1/5
f 2454/2/5 2343/2/5 2453/2/5
f 2455/2/5 2405/2/5 2404/2/5
f 2455/3/5 2408/3/5 2407/3/5
f 2455/2/5 2406/2/5 2405/2/5
f 2455/3/5 2409/3/5 2408/3/5
f 2455/3/5 2407/3/5 2406/3/5
f 2456/3/5 2409/3/5 2455/3/5
f 2457/1/5 2412/1/5 2411/1/5
f 2457/1/5 2411/1/5 2410/1/5
f 2458/1/5 2412/1/5 2457/1/5
f 2459/3/5 2413/3/5 2412/3/5
f 2459/1/5 2412/1/5 2458/1/5
f 2460/1/5 2362/1/5 2415/1/5
f 2460/2/5 2415/2/5 2414/2/5
f 2461/1/5 2362/1/5 2460/1/5
f 2462/3/5 2416/3/5 2363/3/5
f 2462/5/5 2363/5/5 2362/5/5
f 2463/5/5 2417/5/5 2416/5/5
f 2463/3/5 2416/3/5 2462/3/5
f 2464/3/5 2418/3/5 2417/3/5
f 2464/5/5 2417/5/5 2463/5/5
f 2465/2/5 2419/2/5 2418/2/5
f 2465/3/5 2418/3/5 2464/3/5
f 2465/2/5 2420/2/5 2419/2/5
f 2466/3/5 2421/3/5 2420/3/5
f 2466/2/5 2420/2/5 2465/2/5
f 2467/5/5 2423/5/5 2422/5/5
f 2467/3/5 2421/3/5 2466/3/5
f 2467/5/5 2422/5/5 2421/5/5
f 2468/5/5 2423/5/5 2467/5/5
f 2469/3/5 2424/3/5 2423/3/5
f 2469/5/5 2423/5/5 2468/5/5
f 2470/2/5 2426/2/5 2425/2/5
f 2470/3/5 2424/3/5 2469/3/5
f 2470/2/5 2425/2/5 2424/2/5
f 2471/5/5 2433/5/5 2432/5/5
f 2471/5/5 2432/5/5 2431/5/5
f 2471/5/5 2434/5/5 2433/5/5
f 2471/2/5 2429/2/5 2428/2/5
f 2471/5/5 2431/5/5 2430/5/5
f 2471/5/5 2430/5/5 2429/5/5
f 2471/2/5 2428/2/5 2427/2/5
f 2471/5/5 2435/5/5 2434/5/5
f 2472/5/5 2435/5/5 2471/5/5
f 2473/5/5 2315/5/5 2435/5/5
f 2473/5/5 2435/5/5 2472/5/5
f 2474/1/5 2436/1/5 2315/1/5
f 2474/5/5 2315/5/5 2473/5/5
f 2475/1/5 2436/1/5 2474/1/5
f 2476/2/5 2437/2/5 2436/2/5
f 2476/1/5 2436/1/5 2475/1/5
f 2477/2/5 2320/2/5 2381/2/5
f 2477/2/5 2437/2/5 2476/2/5
f 2477/3/5 2439/3/5 2438/3/5
f 2477/2/5 2381/2/5 2437/2/5
f 2477/3/5 2438/3/5 2382/3/5
f 2477/3/5 2382/3/5 2320/3/5
f 2478/3/5 2439/3/5 2477/3/5
f 2479/2/5 2440/2/5 2439/2/5
f 2479/3/5 2439/3/5 2478/3/5
f 2480/1/5 2385/1/5 2440/1/5
f 2480/2/5 2440/2/5 2479/2/5
f 2481/1/5 2327/1/5 2385/1/5
f 2481/1/5 2385/1/5 2480/1/5
f 2482/2/5 2328/2/5 2327/2/5
f 2482/1/5 2327/1/5 2481/1/5
f 2483/2/5 2273/2/5 2328/2/5
f 2483/2/5 2328/2/5 2482/2/5
f 2483/1/5 2386/1/5 2329/1/5
f 2483/1/5 2329/1/5 2273/1/5
f 2484/1/5 2386/1/5 2483/1/5
f 2485/1/5 2386/1/5 2484/1/5
f 2486/3/5 2441/3/5 2386/3/5
f 2486/1/5 2386/1/5 2485/1/5
f 2487/3/5 2441/3/5 2486/3/5
f 2488/2/5 2442/2/5 2441/2/5
f 2488/3/5 2441/3/5 2487/3/5
f 2489/2/5 2445/2/5 2444/2/5
f 2489/1/5 2444/1/5 2443/1/5
f 2490/2/5 2445/2/5 2489/2/5
f 2491/1/5 2446/1/5 2445/1/5
f 2491/1/5 2447/1/5 2446/1/5
f 2492/2/5 2448/2/5 2447/2/5
f 2492/1/5 2447/1/5 2491/1/5
f 2493/3/5 2397/3/5 2448/3/5
f 2493/2/5 2398/2/5 2397/2/5
f 2494/2/5 2398/2/5 2493/2/5
f 2495/2/5 2398/2/5 2494/2/5
f 2496/3/5 2449/3/5 2398/3/5
f 2496/2/5 2398/2/5 2495/2/5
f 2497/2/5 2450/2/5 2449/2/5
f 2497/1/5 2452/1/5 2451/1/5
f 2497/1/5 2451/1/5 2450/1/5
f 2498/1/5 2452/1/5 2497/1/5
f 2499/2/5 2453/2/5 2452/2/5
f 2500/1/5 2454/1/5 2453/1/5
f 2500/2/5 2453/2/5 2499/2/5
f 2501/3/5 2409/3/5 2456/3/5
f 2501/2/5 2456/2/5 2455/2/5
f 2502/3/5 2409/3/5 2501/3/5
f 2503/1/5 2348/1/5 2409/1/5
f 2503/3/5 2409/3/5 2502/3/5
f 2504/1/5 2296/1/5 2348/1/5
f 2504/1/5 2348/1/5 2503/1/5
f 2505/1/5 2296/1/5 2504/1/5
f 2506/2/5 2350/2/5 2349/2/5
f 2506/1/5 2296/1/5 2505/1/5
f 2506/2/5 2349/2/5 2296/2/5
f 2507/1/5 2410/1/5 2350/1/5
f 2507/2/5 2350/2/5 2506/2/5
f 2507/1/5 2457/1/5 2410/1/5
f 2508/1/5 2457/1/5 2507/1/5
f 2509/2/5 2458/2/5 2457/2/5
f 2509/1/5 2457/1/5 2508/1/5
f 2510/3/5 2459/3/5 2458/3/5
f 2510/2/5 2458/2/5 2509/2/5
f 2511/3/5 2357/3/5 2413/3/5
f 2511/3/5 2459/3/5 2510/3/5
f 2511/3/5 2413/3/5 2459/3/5
f 2512/2/5 2461/2/5 2460/2/5
f 2512/3/5 2357/3/5 2511/3/5
f 2512/2/5 2460/2/5 2414/2/5
f 2512/2/5 2414/2/5 2357/2/5
f 2513/1/5 2362/1/5 2461/1/5
f 2513/2/5 2461/2/5 2512/2/5
f 2514/1/5 2362/1/5 2513/1/5
f 2515/5/5 2468/5/5 2467/5/5
f 2515/1/5 2362/1/5 2514/1/5
f 2515/5/5 2467/5/5 2466/5/5
f 2515/5/5 2465/5/5 2464/5/5
f 2515/5/5 2464/5/5 2463/5/5
f 2515/5/5 2466/5/5 2465/5/5
f 2515/5/5 2462/5/5 2362/5/5
f 2515/5/5 2463/5/5 2462/5/5
f 2516/5/5 2468/5/5 2515/5/5
f 2517/5/5 2468/5/5 2516/5/5
f 2518/2/5 2470/2/5 2469/2/5
f 2518/5/5 2468/5/5 2517/5/5
f 2518/2/5 2469/2/5 2468/2/5
f 2519/2/5 2472/2/5 2471/2/5
f 2520/3/5 2473/3/5 2472/3/5
f 2520/2/5 2472/2/5 2519/2/5
f 2521/3/5 2473/3/5 2520/3/5
f 2522/1/5 2474/1/5 2473/1/5
f 2522/3/5 2473/3/5 2521/3/5
f 2522/1/5 2475/1/5 2474/1/5
f 2523/1/5 2475/1/5 2522/1/5
f 2524/2/5 2476/2/5 2475/2/5
f 2524/1/5 2475/1/5 2523/1/5
f 2524/2/5 2477/2/5 2476/2/5
f 2525/5/5 2478/5/5 2477/5/5
f 2525/2/5 2477/2/5 2524/2/5
f 2526/5/5 2478/5/5 2525/5/5
f 2527/3/5 2479/3/5 2478/3/5
f 2527/3/5 2480/3/5 2479/3/5
f 2527/1/5 2481/1/5 2480/1/5
f 2528/1/5 2481/1/5 2527/1/5
f 2529/2/5 2482/2/5 2481/2/5
f 2529/1/5 2481/1/5 2528/1/5
f 2529/2/5 2484/2/5 2483/2/5
f 2529/2/5 2483/2/5 2482/2/5
f 2530/2/5 2484/2/5 2529/2/5
f 2531/1/5 2485/1/5 2484/1/5
f 2531/2/5 2484/2/5 2530/2/5
f 2532/3/5 2486/3/5 2485/3/5
f 2532/1/5 2485/1/5 2531/1/5
f 2532/3/5 2487/3/5 2486/3/5
f 2533/3/5 2487/3/5 2532/3/5
f 2534/2/5 2488/2/5 2487/2/5
f 2534/3/5 2487/3/5 2533/3/5
f 2535/2/5 2442/2/5 2488/2/5
f 2535/2/5 2488/2/5 2534/2/5
f 2535/2/5 2391/2/5 2442/2/5
f 2535/1/5 2489/1/5 2443/1/5
f 2535/1/5 2443/1/5 2391/1/5
f 2535/1/5 2490/1/5 2489/1/5
f 2536/2/5 2445/2/5 2490/2/5
f 2536/1/5 2490/1/5 2535/1/5
f 2537/1/5 2491/1/5 2445/1/5
f 2537/2/5 2445/2/5 2536/2/5
f 2538/2/5 2448/2/5 2492/2/5
f 2538/2/5 2492/2/5 2491/2/5
f 2538/3/5 2493/3/5 2448/3/5
f 2538/3/5 2494/3/5 2493/3/5
f 2539/3/5 2494/3/5 2538/3/5
f 2540/3/5 2449/3/5 2496/3/5
f 2540/3/5 2496/3/5 2495/3/5
f 2541/2/5 2497/2/5 2449/2/5
f 2541/3/5 2449/3/5 2540/3/5
f 2541/2/5 2498/2/5 2497/2/5
f 2542/2/5 2499/2/5 2452/2/5
f 2542/1/5 2452/1/5 2498/1/5
f 2543/1/5 2500/1/5 2499/1/5
f 2543/2/5 2499/2/5 2542/2/5
f 2544/2/5 2502/2/5 2501/2/5
f 2544/1/5 2500/1/5 2543/1/5
f 2544/2/5 2455/2/5 2404/2/5
f 2544/1/5 2404/1/5 2454/1/5
f 2544/1/5 2454/1/5 2500/1/5
f 2544/2/5 2501/2/5 2455/2/5
f 2545/3/5 2503/3/5 2502/3/5
f 2545/2/5 2502/2/5 2544/2/5
f 2545/3/5 2504/3/5 2503/3/5
f 2546/3/5 2504/3/5 2545/3/5
f 2547/1/5 2505/1/5 2504/1/5
f 2547/3/5 2504/3/5 2546/3/5
f 2548/2/5 2506/2/5 2505/2/5
f 2548/1/5 2505/1/5 2547/1/5
f 2548/2/5 2508/2/5 2507/2/5
f 2548/2/5 2507/2/5 2506/2/5
f 2549/2/5 2508/2/5 2548/2/5
f 2550/1/5 2509/1/5 2508/1/5
f 2550/2/5 2508/2/5 2549/2/5
f 2551/1/5 2509/1/5 2550/1/5
f 2552/3/5 2510/3/5 2509/3/5
f 2552/1/5 2509/1/5 2551/1/5
f 2552/3/5 2511/3/5 2510/3/5
f 2553/5/5 2512/5/5 2511/5/5
f 2554/2/5 2514/2/5 2513/2/5
f 2554/5/5 2512/5/5 2553/5/5
f 2554/2/5 2513/2/5 2512/2/5
f 2555/1/5 2516/1/5 2515/1/5
f 2555/2/5 2514/2/5 2554/2/5
f 2555/1/5 2515/1/5 2514/1/5
f 2556/1/5 2516/1/5 2555/1/5
f 2557/3/5 2517/3/5 2516/3/5
f 2557/1/5 2516/1/5 2556/1/5
f 2558/3/5 2517/3/5 2557/3/5
f 2559/2/5 2518/2/5 2517/2/5
f 2559/3/5 2517/3/5 2558/3/5
f 2560/2/5 2518/2/5 2559/2/5
f 2561/2/5 2471/2/5 2427/2/5
f 2561/2/5 2519/2/5 2471/2/5
f 2561/2/5 2427/2/5 2369/2/5
f 2562/2/5 2519/2/5 2561/2/5
f 2563/2/5 2519/2/5 2562/2/5
f 2564/1/5 2521/1/5 2520/1/5
f 2564/2/5 2519/2/5 2563/2/5
f 2564/1/5 2520/1/5 2519/1/5
f 2565/3/5 2528/3/5 2527/3/5
f 2565/3/5 2527/3/5 2478/3/5
f 2566/5/5 2530/5/5 2529/5/5
f 2566/3/5 2528/3/5 2565/3/5
f 2566/5/5 2529/5/5 2528/5/5
f 2567/5/5 2530/5/5 2566/5/5
f 2568/3/5 2533/3/5 2532/3/5
f 2568/5/5 2530/5/5 2567/5/5
f 2568/3/5 2532/3/5 2531/3/5
f 2568/3/5 2531/3/5 2530/3/5
f 2569/3/5 2533/3/5 2568/3/5
f 2570/3/5 2533/3/5 2569/3/5
f 2571/3/5 2533/3/5 2570/3/5
f 2572/1/5 2491/1/5 2537/1/5
f 2572/1/5 2537/1/5 2536/1/5
f 2572/1/5 2534/1/5 2533/1/5
f 2572/1/5 2535/1/5 2534/1/5
f 2572/1/5 2536/1/5 2535/1/5
f 2573/2/5 2538/2/5 2491/2/5
f 2573/1/5 2491/1/5 2572/1/5
f 2573/2/5 2539/2/5 2538/2/5
f 2574/3/5 2494/3/5 2539/3/5
f 2574/2/5 2495/2/5 2494/2/5
f 2575/2/5 2495/2/5 2574/2/5
f 2576/2/5 2495/2/5 2575/2/5
f 2577/3/5 2540/3/5 2495/3/5
f 2577/2/5 2495/2/5 2576/2/5
f 2578/1/5 2544/1/5 2543/1/5
f 2578/1/5 2543/1/5 2542/1/5
f 2578/1/5 2546/1/5 2545/1/5
f 2578/2/5 2498/2/5 2541/2/5
f 2578/1/5 2545/1/5 2544/1/5
f 2578/2/5 2541/2/5 2540/2/5
f 2578/1/5 2542/1/5 2498/1/5
f 2579/1/5 2546/1/5 2578/1/5
f 2580/3/5 2547/3/5 2546/3/5
f 2580/3/5 2549/3/5 2548/3/5
f 2580/3/5 2548/3/5 2547/3/5
f 2581/3/5 2549/3/5 2580/3/5
f 2582/3/5 2549/3/5 2581/3/5
f 2583/5/5 2551/5/5 2550/5/5
f 2583/3/5 2549/3/5 2582/3/5
f 2583/5/5 2550/5/5 2549/5/5
f 2584/5/5 2551/5/5 2583/5/5
f 2585/3/5 2552/3/5 2551/3/5
f 2585/5/5 2551/5/5 2584/5/5
f 2586/3/5 2511/3/5 2552/3/5
f 2586/3/5 2552/3/5 2585/3/5
f 2587/2/5 2518/2/5 2560/2/5
f 2587/1/5 2560/1/5 2559/1/5
f 2587/1/5 2559/1/5 2558/1/5
f 2588/2/5 2518/2/5 2587/2/5
f 2589/2/5 2426/2/5 2470/2/5
f 2589/2/5 2518/2/5 2588/2/5
f 2589/2/5 2470/2/5 2518/2/5
f 2590/2/5 2426/2/5 2589/2/5
f 2591/2/5 2563/2/5 2562/2/5
f 2591/1/5 2562/1/5 2561/1/5
f 2592/2/5 2563/2/5 2591/2/5
f 2593/2/5 2563/2/5 2592/2/5
f 2594/1/5 2564/1/5 2563/1/5
f 2594/2/5 2563/2/5 2593/2/5
f 2595/1/5 2521/1/5 2564/1/5
f 2595/1/5 2564/1/5 2594/1/5
f 2596/3/5 2522/3/5 2521/3/5
f 2596/1/5 2521/1/5 2595/1/5
f 2597/5/5 2523/5/5 2522/5/5
f 2597/3/5 2522/3/5 2596/3/5
f 2598/3/5 2524/3/5 2523/3/5
f 2598/2/5 2525/2/5 2524/2/5
f 2599/2/5 2525/2/5 2598/2/5
f 2600/2/5 2525/2/5 2599/2/5
f 2601/2/5 2525/2/5 2600/2/5
f 2602/2/5 2525/2/5 2601/2/5
f 2603/3/5 2526/3/5 2525/3/5
f 2603/2/5 2525/2/5 2602/2/5
f 2604/3/5 2565/3/5 2478/3/5
f 2604/5/5 2478/5/5 2526/5/5
f 2605/3/5 2565/3/5 2604/3/5
f 2606/2/5 2567/2/5 2566/2/5
f 2606/3/5 2565/3/5 2605/3/5
f 2606/2/5 2566/2/5 2565/2/5
f 2607/5/5 2569/5/5 2568/5/5
f 2607/2/5 2567/2/5 2606/2/5
f 2607/5/5 2568/5/5 2567/5/5
f 2608/3/5 2570/3/5 2569/3/5
f 2608/5/5 2569/5/5 2607/5/5
f 2609/5/5 2571/5/5 2570/5/5
f 2609/3/5 2570/3/5 2608/3/5
f 2610/3/5 2533/3/5 2571/3/5
f 2610/5/5 2571/5/5 2609/5/5
f 2611/1/5 2572/1/5 2533/1/5
f 2611/3/5 2533/3/5 2610/3/5
f 2612/3/5 2575/3/5 2574/3/5
f 2612/2/5 2576/2/5 2575/2/5
f 2613/3/5 2577/3/5 2576/3/5
f 2613/2/5 2576/2/5 2612/2/5
f 2614/1/5 2546/1/5 2579/1/5
f 2614/3/5 2580/3/5 2546/3/5
f 2615/5/5 2581/5/5 2580/5/5
f 2615/3/5 2580/3/5 2614/3/5
f 2616/3/5 2582/3/5 2581/3/5
f 2616/5/5 2581/5/5 2615/5/5
f 2617/5/5 2584/5/5 2583/5/5
f 2617/3/5 2582/3/5 2616/3/5
f 2617/5/5 2583/5/5 2582/5/5
f 2618/2/5 2585/2/5 2584/2/5
f 2618/5/5 2584/5/5 2617/5/5
f 2618/2/5 2586/2/5 2585/2/5
f 2619/3/5 2511/3/5 2586/3/5
f 2619/2/5 2586/2/5 2618/2/5
f 2620/3/5 2511/3/5 2619/3/5
f 2621/5/5 2553/5/5 2511/5/5
f 2621/3/5 2511/3/5 2620/3/5
f 2622/3/5 2554/3/5 2553/3/5
f 2622/2/5 2555/2/5 2554/2/5
f 2623/2/5 2555/2/5 2622/2/5
f 2624/2/5 2555/2/5 2623/2/5
f 2625/2/5 2555/2/5 2624/2/5
f 2626/2/5 2555/2/5 2625/2/5
f 2627/3/5 2556/3/5 2555/3/5
f 2627/2/5 2555/2/5 2626/2/5
f 2628/3/5 2558/3/5 2557/3/5
f 2628/5/5 2557/5/5 2556/5/5
f 2629/1/5 2588/1/5 2587/1/5
f 2629/3/5 2558/3/5 2628/3/5
f 2629/1/5 2587/1/5 2558/1/5
f 2630/1/5 2588/1/5 2629/1/5
f 2631/2/5 2589/2/5 2588/2/5
f 2631/1/5 2588/1/5 2630/1/5
f 2632/2/5 2589/2/5 2631/2/5
f 2633/2/5 2589/2/5 2632/2/5
f 2634/1/5 2590/1/5 2589/1/5
f 2634/2/5 2589/2/5 2633/2/5
f 2635/2/5 2593/2/5 2592/2/5
f 2635/1/5 2592/1/5 2591/1/5
f 2636/1/5 2594/1/5 2593/1/5
f 2636/2/5 2593/2/5 2635/2/5
f 2636/1/5 2595/1/5 2594/1/5
f 2637/2/5 2596/2/5 2595/2/5
f 2637/5/5 2523/5/5 2597/5/5
f 2637/2/5 2597/2/5 2596/2/5
f 2638/3/5 2599/3/5 2598/3/5
f 2638/5/5 2523/5/5 2637/5/5
f 2638/3/5 2598/3/5 2523/3/5
f 2639/2/5 2600/2/5 2599/2/5
f 2639/3/5 2599/3/5 2638/3/5
f 2640/2/5 2600/2/5 2639/2/5
f 2641/3/5 2601/3/5 2600/3/5
f 2641/2/5 2600/2/5 2640/2/5
f 2642/2/5 2602/2/5 2601/2/5
f 2642/3/5 2601/3/5 2641/3/5
f 2643/2/5 2602/2/5 2642/2/5
f 2644/3/5 2603/3/5 2602/3/5
f 2644/2/5 2602/2/5 2643/2/5
f 2645/3/5 2526/3/5 2603/3/5
f 2645/3/5 2603/3/5 2644/3/5
f 2646/5/5 2604/5/5 2526/5/5
f 2646/3/5 2526/3/5 2645/3/5
f 2647/2/5 2605/2/5 2604/2/5
f 2647/5/5 2604/5/5 2646/5/5
f 2648/1/5 2606/1/5 2605/1/5
f 2648/2/5 2605/2/5 2647/2/5
f 2649/2/5 2608/2/5 2607/2/5
f 2649/2/5 2607/2/5 2606/2/5
f 2650/1/5 2609/1/5 2608/1/5
f 2650/2/5 2608/2/5 2649/2/5
f 2651/5/5 2610/5/5 2609/5/5
f 2651/1/5 2609/1/5 2650/1/5
f 2651/5/5 2611/5/5 2610/5/5
f 2652/5/5 2611/5/5 2651/5/5
f 2653/1/5 2572/1/5 2611/1/5
f 2653/5/5 2611/5/5 2652/5/5
f 2654/1/5 2572/1/5 2653/1/5
f 2655/1/5 2572/1/5 2654/1/5
f 2656/1/5 2572/1/5 2655/1/5
f 2657/3/5 2612/3/5 2574/3/5
f 2657/3/5 2574/3/5 2539/3/5
f 2657/3/5 2613/3/5 2612/3/5
f 2658/3/5 2540/3/5 2577/3/5
f 2658/3/5 2613/3/5 2657/3/5
f 2658/3/5 2577/3/5 2613/3/5
f 2659/1/5 2614/1/5 2579/1/5
f 2660/1/5 2614/1/5 2659/1/5
f 2661/1/5 2614/1/5 2660/1/5
f 2662/5/5 2616/5/5 2615/5/5
f 2662/1/5 2614/1/5 2661/1/5
f 2662/5/5 2615/5/5 2614/5/5
f 2663/5/5 2616/5/5 2662/5/5
f 2664/1/5 2617/1/5 2616/1/5
f 2664/5/5 2616/5/5 2663/5/5
f 2665/2/5 2618/2/5 2617/2/5
f 2665/1/5 2617/1/5 2664/1/5
f 2665/2/5 2619/2/5 2618/2/5
f 2666/2/5 2619/2/5 2665/2/5
f 2667/1/5 2620/1/5 2619/1/5
f 2667/2/5 2621/2/5 2620/2/5
f 2668/5/5 2553/5/5 2621/5/5
f 2668/2/5 2621/2/5 2667/2/5
f 2669/3/5 2622/3/5 2553/3/5
f 2669/5/5 2553/5/5 2668/5/5
f 2669/3/5 2623/3/5 2622/3/5
f 2670/3/5 2623/3/5 2669/3/5
f 2671/2/5 2624/2/5 2623/2/5
f 2671/3/5 2623/3/5 2670/3/5
f 2672/2/5 2624/2/5 2671/2/5
f 2673/3/5 2625/3/5 2624/3/5
f 2673/2/5 2624/2/5 2672/2/5
f 2674/2/5 2626/2/5 2625/2/5
f 2674/3/5 2625/3/5 2673/3/5
f 2675/2/5 2626/2/5 2674/2/5
f 2676/3/5 2627/3/5 2626/3/5
f 2676/2/5 2626/2/5 2675/2/5
f 2677/5/5 2628/5/5 2556/5/5
f 2677/3/5 2627/3/5 2676/3/5
f 2677/3/5 2556/3/5 2627/3/5
f 2678/2/5 2630/2/5 2629/2/5
f 2678/5/5 2628/5/5 2677/5/5
f 2678/2/5 2629/2/5 2628/2/5
f 2679/1/5 2632/1/5 2631/1/5
f 2679/1/5 2631/1/5 2630/1/5
f 2679/2/5 2633/2/5 2632/2/5
f 2680/1/5 2634/1/5 2633/1/5
f 2680/2/5 2633/2/5 2679/2/5
f 2681/1/5 2636/1/5 2635/1/5
f 2681/1/5 2635/1/5 2591/1/5
f 2681/1/5 2591/1/5 2561/1/5
f 2682/1/5 2636/1/5 2681/1/5
f 2683/1/5 2595/1/5 2636/1/5
f 2683/1/5 2636/1/5 2682/1/5
f 2683/2/5 2637/2/5 2595/2/5
f 2684/3/5 2638/3/5 2637/3/5
f 2684/2/5 2637/2/5 2683/2/5
f 2685/5/5 2640/5/5 2639/5/5
f 2685/5/5 2639/5/5 2638/5/5
f 2686/3/5 2643/3/5 2642/3/5
f 2686/5/5 2640/5/5 2685/5/5
f 2686/3/5 2641/3/5 2640/3/5
f 2686/3/5 2642/3/5 2641/3/5
f 2687/5/5 2644/5/5 2643/5/5
f 2687/3/5 2643/3/5 2686/3/5
f 2687/5/5 2645/5/5 2644/5/5
f 2688/5/5 2645/5/5 2687/5/5
f 2689/3/5 2646/3/5 2645/3/5
f 2689/3/5 2647/3/5 2646/3/5
f 2690/1/5 2648/1/5 2647/1/5
f 2690/3/5 2647/3/5 2689/3/5
f 2691/2/5 2649/2/5 2606/2/5
f 2692/1/5 2650/1/5 2649/1/5
f 2692/2/5 2649/2/5 2691/2/5
f 2692/1/5 2652/1/5 2651/1/5
f 2692/1/5 2651/1/5 2650/1/5
f 2693/1/5 2652/1/5 2692/1/5
f 2694/3/5 2654/3/5 2653/3/5
f 2694/1/5 2652/1/5 2693/1/5
f 2694/3/5 2653/3/5 2652/3/5
f 2695/3/5 2654/3/5 2694/3/5
f 2696/1/5 2655/1/5 2654/1/5
f 2696/3/5 2654/3/5 2695/3/5
f 2697/1/5 2655/1/5 2696/1/5
f 2698/2/5 2656/2/5 2655/2/5
f 2698/1/5 2655/1/5 2697/1/5
f 2699/1/5 2572/1/5 2656/1/5
f 2699/2/5 2656/2/5 2698/2/5
f 2700/1/5 2572/1/5 2699/1/5
f 2701/2/5 2573/2/5 2572/2/5
f 2701/1/5 2572/1/5 2700/1/5
f 2702/2/5 2573/2/5 2701/2/5
f 2703/2/5 2539/2/5 2573/2/5
f 2703/2/5 2573/2/5 2702/2/5
f 2703/3/5 2657/3/5 2539/3/5
f 2704/5/5 2658/5/5 2657/5/5
f 2704/3/5 2657/3/5 2703/3/5
f 2705/5/5 2658/5/5 2704/5/5
f 2706/5/5 2658/5/5 2705/5/5
f 2707/3/5 2540/3/5 2658/3/5
f 2707/5/5 2658/5/5 2706/5/5
f 2708/2/5 2579/2/5 2578/2/5
f 2708/3/5 2540/3/5 2707/3/5
f 2708/2/5 2578/2/5 2540/2/5
f 2709/2/5 2579/2/5 2708/2/5
f 2710/1/5 2659/1/5 2579/1/5
f 2710/2/5 2579/2/5 2709/2/5
f 2711/1/5 2659/1/5 2710/1/5
f 2712/2/5 2660/2/5 2659/2/5
f 2712/1/5 2659/1/5 2711/1/5
f 2713/1/5 2661/1/5 2660/1/5
f 2713/2/5 2660/2/5 2712/2/5
f 2714/1/5 2661/1/5 2713/1/5
f 2715/3/5 2663/3/5 2662/3/5
f 2715/1/5 2661/1/5 2714/1/5
f 2715/3/5 2662/3/5 2661/3/5
f 2716/3/5 2663/3/5 2715/3/5
f 2717/1/5 2664/1/5 2663/1/5
f 2717/3/5 2663/3/5 2716/3/5
f 2717/1/5 2666/1/5 2665/1/5
f 2717/1/5 2665/1/5 2664/1/5
f 2718/1/5 2666/1/5 2717/1/5
f 2719/2/5 2619/2/5 2666/2/5
f 2719/1/5 2666/1/5 2718/1/5
f 2720/2/5 2619/2/5 2719/2/5
f 2721/3/5 2669/3/5 2668/3/5
f 2721/1/5 2668/1/5 2667/1/5
f 2721/3/5 2670/3/5 2669/3/5
f 2722/3/5 2670/3/5 2721/3/5
f 2723/5/5 2672/5/5 2671/5/5
f 2723/5/5 2671/5/5 2670/5/5
f 2724/3/5 2673/3/5 2672/3/5
f 2724/5/5 2672/5/5 2723/5/5
f 2724/3/5 2674/3/5 2673/3/5
f 2724/3/5 2675/3/5 2674/3/5
f 2725/5/5 2676/5/5 2675/5/5
f 2725/3/5 2675/3/5 2724/3/5
f 2725/5/5 2677/5/5 2676/5/5
f 2726/5/5 2677/5/5 2725/5/5
f 2727/2/5 2630/2/5 2678/2/5
f 2727/3/5 2678/3/5 2677/3/5
f 2728/1/5 2680/1/5 2679/1/5
f 2728/2/5 2630/2/5 2727/2/5
f 2728/1/5 2679/1/5 2630/1/5
f 2729/1/5 2634/1/5 2680/1/5
f 2729/1/5 2680/1/5 2728/1/5
f 2729/1/5 2590/1/5 2634/1/5
f 2730/1/5 2590/1/5 2729/1/5
f 2731/2/5 2682/2/5 2681/2/5
f 2731/1/5 2683/1/5 2682/1/5
f 2731/1/5 2684/1/5 2683/1/5
f 2732/1/5 2684/1/5 2731/1/5
f 2733/5/5 2685/5/5 2638/5/5
f 2733/3/5 2638/3/5 2684/3/5
f 2734/2/5 2686/2/5 2685/2/5
f 2734/5/5 2685/5/5 2733/5/5
f 2734/2/5 2687/2/5 2686/2/5
f 2735/2/5 2687/2/5 2734/2/5
f 2736/3/5 2688/3/5 2687/3/5
f 2736/2/5 2687/2/5 2735/2/5
f 2737/5/5 2645/5/5 2688/5/5
f 2737/3/5 2688/3/5 2736/3/5
f 2738/5/5 2645/5/5 2737/5/5
f 2739/2/5 2691/2/5 2606/2/5
f 2740/1/5 2693/1/5 2692/1/5
f 2740/2/5 2691/2/5 2739/2/5
f 2740/1/5 2692/1/5 2691/1/5
f 2741/1/5 2693/1/5 2740/1/5
f 2742/2/5 2695/2/5 2694/2/5
f 2742/1/5 2693/1/5 2741/1/5
f 2742/2/5 2694/2/5 2693/2/5
f 2743/3/5 2697/3/5 2696/3/5
f 2743/2/5 2695/2/5 2742/2/5
f 2743/3/5 2696/3/5 2695/3/5
f 2744/3/5 2697/3/5 2743/3/5
f 2745/1/5 2702/1/5 2701/1/5
f 2745/1/5 2701/1/5 2700/1/5
f 2745/2/5 2698/2/5 2697/2/5
f 2745/2/5 2700/2/5 2699/2/5
f 2745/2/5 2699/2/5 2698/2/5
f 2746/1/5 2702/1/5 2745/1/5
f 2747/2/5 2703/2/5 2702/2/5
f 2748/5/5 2705/5/5 2704/5/5
f 2748/2/5 2703/2/5 2747/2/5
f 2748/5/5 2704/5/5 2703/5/5
f 2749/5/5 2705/5/5 2748/5/5
f 2750/3/5 2706/3/5 2705/3/5
f 2750/5/5 2705/5/5 2749/5/5
f 2751/5/5 2707/5/5 2706/5/5
f 2751/3/5 2706/3/5 2750/3/5
f 2751/5/5 2708/5/5 2707/5/5
f 2752/5/5 2708/5/5 2751/5/5
f 2753/2/5 2709/2/5 2708/2/5
f 2753/5/5 2708/5/5 2752/5/5
f 2754/2/5 2709/2/5 2753/2/5
f 2755/1/5 2711/1/5 2710/1/5
f 2755/1/5 2710/1/5 2709/1/5
f 2756/2/5 2714/2/5 2713/2/5
f 2756/1/5 2711/1/5 2755/1/5
f 2756/2/5 2712/2/5 2711/2/5
f 2756/2/5 2713/2/5 2712/2/5
f 2757/3/5 2716/3/5 2715/3/5
f 2757/3/5 2715/3/5 2714/3/5
f 2758/2/5 2718/2/5 2717/2/5
f 2758/3/5 2716/3/5 2757/3/5
f 2758/2/5 2717/2/5 2716/2/5
f 2759/1/5 2720/1/5 2719/1/5
f 2759/2/5 2718/2/5 2758/2/5
f 2759/1/5 2719/1/5 2718/1/5
f 2760/1/5 2720/1/5 2759/1/5
f 2761/2/5 2619/2/5 2720/2/5
f 2761/1/5 2720/1/5 2760/1/5
f 2762/2/5 2619/2/5 2761/2/5
f 2763/5/5 2723/5/5 2670/5/5
f 2764/3/5 2724/3/5 2723/3/5
f 2764/5/5 2723/5/5 2763/5/5
f 2765/2/5 2726/2/5 2725/2/5
f 2765/3/5 2724/3/5 2764/3/5
f 2765/2/5 2725/2/5 2724/2/5
f 2766/2/5 2726/2/5 2765/2/5
f 2767/5/5 2677/5/5 2726/5/5
f 2767/2/5 2726/2/5 2766/2/5
f 2768/3/5 2727/3/5 2677/3/5
f 2768/5/5 2677/5/5 2767/5/5
f 2769/1/5 2728/1/5 2727/1/5
f 2769/1/5 2729/1/5 2728/1/5
f 2770/2/5 2730/2/5 2729/2/5
f 2770/1/5 2729/1/5 2769/1/5
f 2771/1/5 2684/1/5 2732/1/5
f 2772/1/5 2684/1/5 2771/1/5
f 2773/1/5 2734/1/5 2733/1/5
f 2773/2/5 2736/2/5 2735/2/5
f 2773/1/5 2735/1/5 2734/1/5
f 2773/2/5 2737/2/5 2736/2/5
f 2774/2/5 2737/2/5 2773/2/5
f 2775/3/5 2738/3/5 2737/3/5
f 2775/2/5 2737/2/5 2774/2/5
f 2776/5/5 2645/5/5 2738/5/5
f 2776/3/5 2738/3/5 2775/3/5
f 2777/3/5 2689/3/5 2645/3/5
f 2777/5/5 2645/5/5 2776/5/5
f 2778/1/5 2648/1/5 2690/1/5
f 2778/2/5 2690/2/5 2689/2/5
f 2779/1/5 2606/1/5 2648/1/5
f 2779/1/5 2648/1/5 2778/1/5
f 2780/2/5 2739/2/5 2606/2/5
f 2780/1/5 2606/1/5 2779/1/5
f 2781/2/5 2739/2/5 2780/2/5
f 2782/2/5 2739/2/5 2781/2/5
f 2783/1/5 2741/1/5 2740/1/5
f 2783/2/5 2739/2/5 2782/2/5
f 2783/1/5 2740/1/5 2739/1/5
f 2784/3/5 2697/3/5 2744/3/5
f 2784/2/5 2745/2/5 2697/2/5
f 2784/2/5 2746/2/5 2745/2/5
f 2785/2/5 2746/2/5 2784/2/5
f 2786/1/5 2702/1/5 2746/1/5
f 2786/2/5 2747/2/5 2702/2/5
f 2787/2/5 2747/2/5 2786/2/5
f 2788/2/5 2747/2/5 2787/2/5
f 2789/5/5 2749/5/5 2748/5/5
f 2789/2/5 2747/2/5 2788/2/5
f 2789/5/5 2748/5/5 2747/5/5
f 2790/5/5 2749/5/5 2789/5/5
f 2791/3/5 2750/3/5 2749/3/5
f 2791/5/5 2749/5/5 2790/5/5
f 2791/3/5 2752/3/5 2751/3/5
f 2791/3/5 2751/3/5 2750/3/5
f 2792/5/5 2753/5/5 2752/5/5
f 2792/3/5 2752/3/5 2791/3/5
f 2792/5/5 2754/5/5 2753/5/5
f 2793/5/5 2754/5/5 2792/5/5
f 2794/2/5 2709/2/5 2754/2/5
f 2794/5/5 2754/5/5 2793/5/5
f 2795/2/5 2709/2/5 2794/2/5
f 2796/2/5 2709/2/5 2795/2/5
f 2797/1/5 2755/1/5 2709/1/5
f 2797/2/5 2709/2/5 2796/2/5
f 2798/2/5 2714/2/5 2756/2/5
f 2798/2/5 2756/2/5 2755/2/5
f 2799/3/5 2757/3/5 2714/3/5
f 2799/2/5 2714/2/5 2798/2/5
f 2800/2/5 2619/2/5 2762/2/5
f 2800/1/5 2762/1/5 2761/1/5
f 2800/1/5 2761/1/5 2760/1/5
f 2801/2/5 2619/2/5 2800/2/5
f 2802/2/5 2619/2/5 2801/2/5
f 2803/1/5 2667/1/5 2619/1/5
f 2803/2/5 2619/2/5 2802/2/5
f 2803/1/5 2721/1/5 2667/1/5
f 2804/1/5 2721/1/5 2803/1/5
f 2805/2/5 2722/2/5 2721/2/5
f 2805/1/5 2721/1/5 2804/1/5
f 2806/5/5 2763/5/5 2670/5/5
f 2806/3/5 2670/3/5 2722/3/5
f 2807/3/5 2764/3/5 2763/3/5
f 2807/5/5 2763/5/5 2806/5/5
f 2808/2/5 2766/2/5 2765/2/5
f 2808/3/5 2764/3/5 2807/3/5
f 2808/2/5 2765/2/5 2764/2/5
f 2809/2/5 2766/2/5 2808/2/5
f 2810/1/5 2767/1/5 2766/1/5
f 2810/2/5 2766/2/5 2809/2/5
f 2810/1/5 2768/1/5 2767/1/5
f 2811/1/5 2769/1/5 2727/1/5
f 2812/1/5 2769/1/5 2811/1/5
f 2813/1/5 2771/1/5 2732/1/5
f 2813/2/5 2732/2/5 2731/2/5
f 2814/1/5 2771/1/5 2813/1/5
f 2815/1/5 2684/1/5 2772/1/5
f 2815/2/5 2772/2/5 2771/2/5
f 2816/3/5 2733/3/5 2684/3/5
f 2816/1/5 2684/1/5 2815/1/5
f 2817/2/5 2775/2/5 2774/2/5
f 2817/2/5 2776/2/5 2775/2/5
f 2817/1/5 2774/1/5 2773/1/5
f 2818/2/5 2776/2/5 2817/2/5
f 2819/3/5 2777/3/5 2776/3/5
f 2819/2/5 2776/2/5 2818/2/5
f 2820/3/5 2689/3/5 2777/3/5
f 2820/3/5 2777/3/5 2819/3/5
f 2821/2/5 2779/2/5 2778/2/5
f 2821/3/5 2689/3/5 2820/3/5
f 2821/2/5 2778/2/5 2689/2/5
f 2822/2/5 2779/2/5 2821/2/5
f 2823/1/5 2780/1/5 2779/1/5
f 2823/2/5 2782/2/5 2781/2/5
f 2823/1/5 2781/1/5 2780/1/5
f 2824/1/5 2783/1/5 2782/1/5
f 2824/2/5 2782/2/5 2823/2/5
f 2825/1/5 2741/1/5 2783/1/5
f 2825/1/5 2783/1/5 2824/1/5
f 2826/2/5 2744/2/5 2743/2/5
f 2826/1/5 2741/1/5 2825/1/5
f 2826/2/5 2743/2/5 2742/2/5
f 2826/2/5 2742/2/5 2741/2/5
f 2827/3/5 2785/3/5 2784/3/5
f 2827/2/5 2744/2/5 2826/2/5
f 2827/3/5 2784/3/5 2744/3/5
f 2828/3/5 2785/3/5 2827/3/5
f 2829/2/5 2746/2/5 2785/2/5
f 2829/3/5 2785/3/5 2828/3/5
f 2830/1/5 2787/1/5 2786/1/5
f 2830/2/5 2746/2/5 2829/2/5
f 2830/1/5 2786/1/5 2746/1/5
f 2831/1/5 2787/1/5 2830/1/5
f 2832/2/5 2788/2/5 2787/2/5
f 2833/5/5 2790/5/5 2789/5/5
f 2833/2/5 2788/2/5 2832/2/5
f 2833/5/5 2789/5/5 2788/5/5
f 2834/5/5 2790/5/5 2833/5/5
f 2835/3/5 2791/3/5 2790/3/5
f 2835/5/5 2790/5/5 2834/5/5
f 2836/2/5 2792/2/5 2791/2/5
f 2836/3/5 2791/3/5 2835/3/5
f 2837/3/5 2793/3/5 2792/3/5
f 2837/2/5 2792/2/5 2836/2/5
f 2838/5/5 2795/5/5 2794/5/5
f 2838/3/5 2793/3/5 2837/3/5
f 2838/5/5 2794/5/5 2793/5/5
f 2839/5/5 2795/5/5 2838/5/5
f 2840/2/5 2796/2/5 2795/2/5
f 2840/5/5 2795/5/5 2839/5/5
f 2841/2/5 2796/2/5 2840/2/5
f 2842/1/5 2755/1/5 2797/1/5
f 2842/1/5 2797/1/5 2796/1/5
f 2843/2/5 2798/2/5 2755/2/5
f 2843/1/5 2755/1/5 2842/1/5
f 2844/3/5 2799/3/5 2798/3/5
f 2844/2/5 2798/2/5 2843/2/5
f 2845/3/5 2757/3/5 2799/3/5
f 2845/3/5 2799/3/5 2844/3/5
f 2846/2/5 2760/2/5 2759/2/5
f 2846/3/5 2757/3/5 2845/3/5
f 2846/2/5 2758/2/5 2757/2/5
f 2846/2/5 2759/2/5 2758/2/5
f 2847/1/5 2801/1/5 2800/1/5
f 2847/2/5 2760/2/5 2846/2/5
f 2847/1/5 2800/1/5 2760/1/5
f 2848/1/5 2801/1/5 2847/1/5
f 2849/2/5 2802/2/5 2801/2/5
f 2849/1/5 2801/1/5 2848/1/5
f 2850/1/5 2804/1/5 2803/1/5
f 2850/2/5 2802/2/5 2849/2/5
f 2850/1/5 2803/1/5 2802/1/5
f 2851/2/5 2722/2/5 2805/2/5
f 2851/2/5 2805/2/5 2804/2/5
f 2852/3/5 2807/3/5 2806/3/5
f 2852/2/5 2722/2/5 2851/2/5
f 2852/3/5 2806/3/5 2722/3/5
f 2853/3/5 2807/3/5 2852/3/5
f 2854/2/5 2809/2/5 2808/2/5
f 2854/3/5 2807/3/5 2853/3/5
f 2854/2/5 2808/2/5 2807/2/5
f 2855/2/5 2809/2/5 2854/2/5
f 2856/1/5 2810/1/5 2809/1/5
f 2856/2/5 2809/2/5 2855/2/5
f 2857/3/5 2727/3/5 2768/3/5
f 2857/1/5 2811/1/5 2727/1/5
f 2858/2/5 2812/2/5 2811/2/5
f 2858/1/5 2811/1/5 2857/1/5
f 2859/1/5 2769/1/5 2812/1/5
f 2860/2/5 2770/2/5 2769/2/5
f 2860/1/5 2769/1/5 2859/1/5
f 2861/1/5 2771/1/5 2814/1/5
f 2861/2/5 2814/2/5 2813/2/5
f 2862/1/5 2771/1/5 2861/1/5
f 2863/3/5 2733/3/5 2816/3/5
f 2863/3/5 2816/3/5 2815/3/5
f 2864/1/5 2817/1/5 2773/1/5
f 2864/3/5 2733/3/5 2863/3/5
f 2864/1/5 2818/1/5 2817/1/5
f 2864/1/5 2773/1/5 2733/1/5
f 2865/1/5 2818/1/5 2864/1/5
f 2866/2/5 2820/2/5 2819/2/5
f 2866/1/5 2818/1/5 2865/1/5
f 2866/2/5 2819/2/5 2818/2/5
f 2867/2/5 2820/2/5 2866/2/5
f 2868/3/5 2822/3/5 2821/3/5
f 2868/2/5 2820/2/5 2867/2/5
f 2868/3/5 2821/3/5 2820/3/5
f 2869/3/5 2822/3/5 2868/3/5
f 2870/2/5 2779/2/5 2822/2/5
f 2870/3/5 2822/3/5 2869/3/5
f 2871/1/5 2824/1/5 2823/1/5
f 2871/2/5 2779/2/5 2870/2/5
f 2871/1/5 2825/1/5 2824/1/5
f 2871/1/5 2823/1/5 2779/1/5
f 2872/2/5 2832/2/5 2787/2/5
f 2872/1/5 2787/1/5 2831/1/5
f 2873/5/5 2834/5/5 2833/5/5
f 2873/2/5 2832/2/5 2872/2/5
f 2873/5/5 2833/5/5 2832/5/5
f 2874/5/5 2834/5/5 2873/5/5
f 2875/2/5 2839/2/5 2838/2/5
f 2875/5/5 2834/5/5 2874/5/5
f 2875/2/5 2836/2/5 2835/2/5
f 2875/2/5 2835/2/5 2834/2/5
f 2875/2/5 2838/2/5 2837/2/5
f 2875/2/5 2837/2/5 2836/2/5
f 2876/5/5 2841/5/5 2840/5/5
f 2876/2/5 2839/2/5 2875/2/5
f 2876/5/5 2840/5/5 2839/5/5
f 2877/5/5 2841/5/5 2876/5/5
f 2878/2/5 2796/2/5 2841/2/5
f 2878/5/5 2841/5/5 2877/5/5
f 2879/1/5 2842/1/5 2796/1/5
f 2879/2/5 2796/2/5 2878/2/5
f 2880/1/5 2804/1/5 2850/1/5
f 2880/2/5 2851/2/5 2804/2/5
f 2880/1/5 2850/1/5 2849/1/5
f 2880/1/5 2849/1/5 2848/1/5
f 2881/3/5 2853/3/5 2852/3/5
f 2881/2/5 2851/2/5 2880/2/5
f 2881/3/5 2852/3/5 2851/3/5
f 2882/3/5 2853/3/5 2881/3/5
f 2883/2/5 2855/2/5 2854/2/5
f 2883/3/5 2853/3/5 2882/3/5
f 2883/2/5 2854/2/5 2853/2/5
f 2884/2/5 2855/2/5 2883/2/5
f 2885/1/5 2856/1/5 2855/1/5
f 2885/2/5 2855/2/5 2884/2/5
f 2886/1/5 2810/1/5 2856/1/5
f 2886/1/5 2856/1/5 2885/1/5
f 2886/1/5 2768/1/5 2810/1/5
f 2887/3/5 2857/3/5 2768/3/5
f 2887/1/5 2768/1/5 2886/1/5
f 2887/3/5 2858/3/5 2857/3/5
f 2888/3/5 2858/3/5 2887/3/5
f 2889/1/5 2859/1/5 2812/1/5
f 2890/2/5 2860/2/5 2859/2/5
f 2890/1/5 2859/1/5 2889/1/5
f 2891/2/5 2865/2/5 2864/2/5
f 2891/2/5 2864/2/5 2863/2/5
f 2891/1/5 2867/1/5 2866/1/5
f 2891/1/5 2866/1/5 2865/1/5
f 2892/1/5 2867/1/5 2891/1/5
f 2893/2/5 2868/2/5 2867/2/5
f 2893/2/5 2869/2/5 2868/2/5
f 2894/3/5 2870/3/5 2869/3/5
f 2894/2/5 2869/2/5 2893/2/5
f 2895/1/5 2871/1/5 2870/1/5
f 2895/3/5 2870/3/5 2894/3/5
f 2896/1/5 2872/1/5 2831/1/5
f 2897/5/5 2874/5/5 2873/5/5
f 2897/1/5 2872/1/5 2896/1/5
f 2897/5/5 2873/5/5 2872/5/5
f 2898/3/5 2875/3/5 2874/3/5
f 2898/5/5 2874/5/5 2897/5/5
f 2899/2/5 2876/2/5 2875/2/5
f 2899/3/5 2875/3/5 2898/3/5
f 2900/3/5 2877/3/5 2876/3/5
f 2900/2/5 2876/2/5 2899/2/5
f 2901/5/5 2878/5/5 2877/5/5
f 2901/3/5 2877/3/5 2900/3/5
f 2901/5/5 2879/5/5 2878/5/5
f 2902/1/5 2842/1/5 2879/1/5
f 2902/5/5 2879/5/5 2901/5/5
f 2903/1/5 2842/1/5 2902/1/5
f 2904/3/5 2882/3/5 2881/3/5
f 2904/1/5 2881/1/5 2880/1/5
f 2905/2/5 2884/2/5 2883/2/5
f 2905/3/5 2882/3/5 2904/3/5
f 2905/2/5 2883/2/5 2882/2/5
f 2906/2/5 2884/2/5 2905/2/5
f 2907/1/5 2885/1/5 2884/1/5
f 2907/1/5 2886/1/5 2885/1/5
f 2908/2/5 2888/2/5 2887/2/5
f 2908/1/5 2886/1/5 2907/1/5
f 2908/2/5 2887/2/5 2886/2/5
f 2909/1/5 2771/1/5 2862/1/5
f 2910/2/5 2815/2/5 2771/2/5
f 2910/1/5 2771/1/5 2909/1/5
f 2911/2/5 2815/2/5 2910/2/5
f 2912/3/5 2863/3/5 2815/3/5
f 2912/2/5 2815/2/5 2911/2/5
f 2913/1/5 2867/1/5 2892/1/5
f 2913/2/5 2892/2/5 2891/2/5
f 2914/1/5 2867/1/5 2913/1/5
f 2915/2/5 2893/2/5 2867/2/5
f 2915/1/5 2867/1/5 2914/1/5
f 2916/2/5 2893/2/5 2915/2/5
f 2917/2/5 2893/2/5 2916/2/5
f 2918/1/5 2895/1/5 2894/1/5
f 2918/2/5 2893/2/5 2917/2/5
f 2918/1/5 2894/1/5 2893/1/5
f 2919/1/5 2871/1/5 2895/1/5
f 2919/1/5 2895/1/5 2918/1/5
f 2920/1/5 2825/1/5 2871/1/5
f 2920/1/5 2871/1/5 2919/1/5
f 2921/1/5 2825/1/5 2920/1/5
f 2922/2/5 2828/2/5 2827/2/5
f 2922/2/5 2826/2/5 2825/2/5
f 2922/2/5 2827/2/5 2826/2/5
f 2923/5/5 2829/5/5 2828/5/5
f 2923/2/5 2828/2/5 2922/2/5
f 2924/2/5 2831/2/5 2830/2/5
f 2924/2/5 2830/2/5 2829/2/5
f 2925/2/5 2831/2/5 2924/2/5
f 2926/2/5 2831/2/5 2925/2/5
f 2927/1/5 2896/1/5 2831/1/5
f 2927/2/5 2831/2/5 2926/2/5
f 2928/3/5 2897/3/5 2896/3/5
f 2928/1/5 2896/1/5 2927/1/5
f 2928/3/5 2898/3/5 2897/3/5
f 2929/3/5 2898/3/5 2928/3/5
f 2930/2/5 2901/2/5 2900/2/5
f 2930/3/5 2898/3/5 2929/3/5
f 2930/2/5 2900/2/5 2899/2/5
f 2930/2/5 2899/2/5 2898/2/5
f 2931/3/5 2902/3/5 2901/3/5
f 2931/2/5 2901/2/5 2930/2/5
f 2931/3/5 2903/3/5 2902/3/5
f 2932/3/5 2903/3/5 2931/3/5
f 2933/1/5 2842/1/5 2903/1/5
f 2933/3/5 2903/3/5 2932/3/5
f 2934/2/5 2844/2/5 2843/2/5
f 2934/1/5 2842/1/5 2933/1/5
f 2934/2/5 2843/2/5 2842/2/5
f 2935/2/5 2844/2/5 2934/2/5
f 2936/2/5 2844/2/5 2935/2/5
f 2937/2/5 2844/2/5 2936/2/5
f 2938/2/5 2848/2/5 2847/2/5
f 2938/2/5 2846/2/5 2845/2/5
f 2938/5/5 2845/5/5 2844/5/5
f 2938/2/5 2847/2/5 2846/2/5
f 2939/2/5 2848/2/5 2938/2/5
f 2940/1/5 2904/1/5 2880/1/5
f 2940/1/5 2880/1/5 2848/1/5
f 2940/1/5 2906/1/5 2905/1/5
f 2940/1/5 2905/1/5 2904/1/5
f 2941/1/5 2906/1/5 2940/1/5
f 2942/1/5 2906/1/5 2941/1/5
f 2943/2/5 2884/2/5 2906/2/5
f 2943/1/5 2906/1/5 2942/1/5
f 2944/2/5 2884/2/5 2943/2/5
f 2945/2/5 2884/2/5 2944/2/5
f 2946/1/5 2907/1/5 2884/1/5
f 2946/2/5 2884/2/5 2945/2/5
f 2947/1/5 2907/1/5 2946/1/5
f 2948/2/5 2908/2/5 2907/2/5
f 2948/1/5 2907/1/5 2947/1/5
f 2949/2/5 2812/2/5 2858/2/5
f 2949/3/5 2858/3/5 2888/3/5
f 2950/2/5 2812/2/5 2949/2/5
f 2951/1/5 2889/1/5 2812/1/5
f 2951/2/5 2812/2/5 2950/2/5
f 2952/1/5 2889/1/5 2951/1/5
f 2953/1/5 2909/1/5 2862/1/5
f 2953/2/5 2911/2/5 2910/2/5
f 2953/2/5 2910/2/5 2909/2/5
f 2954/3/5 2912/3/5 2911/3/5
f 2954/2/5 2911/2/5 2953/2/5
f 2955/2/5 2914/2/5 2913/2/5
f 2955/1/5 2916/1/5 2915/1/5
f 2955/1/5 2915/1/5 2914/1/5
f 2956/1/5 2916/1/5 2955/1/5
f 2957/2/5 2917/2/5 2916/2/5
f 2957/1/5 2916/1/5 2956/1/5
f 2958/1/5 2919/1/5 2918/1/5
f 2958/2/5 2917/2/5 2957/2/5
f 2958/1/5 2918/1/5 2917/1/5
f 2959/1/5 2919/1/5 2958/1/5
f 2960/5/5 2920/5/5 2919/5/5
f 2960/1/5 2919/1/5 2959/1/5
f 2961/5/5 2920/5/5 2960/5/5
f 2962/1/5 2825/1/5 2921/1/5
f 2962/2/5 2921/2/5 2920/2/5
f 2963/1/5 2825/1/5 2962/1/5
f 2964/2/5 2922/2/5 2825/2/5
f 2964/1/5 2825/1/5 2963/1/5
f 2965/2/5 2922/2/5 2964/2/5
f 2966/2/5 2922/2/5 2965/2/5
f 2967/3/5 2923/3/5 2922/3/5
f 2967/2/5 2922/2/5 2966/2/5
f 2968/5/5 2829/5/5 2923/5/5
f 2968/3/5 2923/3/5 2967/3/5
f 2969/2/5 2924/2/5 2829/2/5
f 2969/5/5 2829/5/5 2968/5/5
f 2970/5/5 2925/5/5 2924/5/5
f 2970/2/5 2924/2/5 2969/2/5
f 2971/5/5 2925/5/5 2970/5/5
f 2972/3/5 2926/3/5 2925/3/5
f 2972/5/5 2925/5/5 2971/5/5
f 2973/2/5 2927/2/5 2926/2/5
f 2973/3/5 2926/3/5 2972/3/5
f 2974/3/5 2928/3/5 2927/3/5
f 2974/2/5 2927/2/5 2973/2/5
f 2975/1/5 2930/1/5 2929/1/5
f 2975/2/5 2931/2/5 2930/2/5
f 2976/2/5 2931/2/5 2975/2/5
f 2977/2/5 2931/2/5 2976/2/5
f 2978/1/5 2932/1/5 2931/1/5
f 2978/2/5 2931/2/5 2977/2/5
f 2979/3/5 2934/3/5 2933/3/5
f 2979/2/5 2935/2/5 2934/2/5
f 2980/3/5 2936/3/5 2935/3/5
f 2980/2/5 2935/2/5 2979/2/5
f 2981/5/5 2937/5/5 2936/5/5
f 2981/3/5 2936/3/5 2980/3/5
f 2982/5/5 2937/5/5 2981/5/5
f 2983/2/5 2844/2/5 2937/2/5
f 2983/5/5 2937/5/5 2982/5/5
f 2984/5/5 2938/5/5 2844/5/5
f 2984/2/5 2844/2/5 2983/2/5
f 2985/3/5 2939/3/5 2938/3/5
f 2985/5/5 2938/5/5 2984/5/5
f 2986/2/5 2848/2/5 2939/2/5
f 2986/3/5 2939/3/5 2985/3/5
f 2987/2/5 2848/2/5 2986/2/5
f 2988/2/5 2848/2/5 2987/2/5
f 2989/1/5 2940/1/5 2848/1/5
f 2989/2/5 2848/2/5 2988/2/5
f 2990/1/5 2940/1/5 2989/1/5
f 2991/2/5 2941/2/5 2940/2/5
f 2991/1/5 2940/1/5 2990/1/5
f 2992/5/5 2942/5/5 2941/5/5
f 2993/1/5 2943/1/5 2942/1/5
f 2993/5/5 2942/5/5 2992/5/5
f 2993/1/5 2944/1/5 2943/1/5
f 2994/1/5 2944/1/5 2993/1/5
f 2995/2/5 2945/2/5 2944/2/5
f 2995/1/5 2944/1/5 2994/1/5
f 2996/1/5 2947/1/5 2946/1/5
f 2996/2/5 2945/2/5 2995/2/5
f 2996/1/5 2946/1/5 2945/1/5
f 2997/1/5 2947/1/5 2996/1/5
f 2998/2/5 2948/2/5 2947/2/5
f 2998/1/5 2947/1/5 2997/1/5
f 2999/2/5 2952/2/5 2951/2/5
f 2999/3/5 2950/3/5 2949/3/5
f 2999/2/5 2951/2/5 2950/2/5
f 3000/1/5 2889/1/5 2952/1/5
f 3000/2/5 2952/2/5 2999/2/5
f 3001/5/5 2954/5/5 2953/5/5
f 3002/3/5 2912/3/5 2954/3/5
f 3002/5/5 2954/5/5 3001/5/5
f 3003/3/5 2863/3/5 2912/3/5
f 3003/3/5 2912/3/5 3002/3/5
f 3004/2/5 2955/2/5 2913/2/5
f 3004/3/5 2863/3/5 3003/3/5
f 3004/2/5 2891/2/5 2863/2/5
f 3004/2/5 2956/2/5 2955/2/5
f 3004/2/5 2913/2/5 2891/2/5
f 3005/2/5 2956/2/5 3004/2/5
f 3006/1/5 2957/1/5 2956/1/5
f 3006/2/5 2956/2/5 3005/2/5
f 3006/1/5 2959/1/5 2958/1/5
f 3006/1/5 2958/1/5 2957/1/5
f 3007/1/5 2959/1/5 3006/1/5
f 3008/1/5 2959/1/5 3007/1/5
f 3009/2/5 2960/2/5 2959/2/5
f 3009/1/5 2959/1/5 3008/1/5
f 3010/3/5 2961/3/5 2960/3/5
f 3010/2/5 2960/2/5 3009/2/5
f 3011/5/5 2920/5/5 2961/5/5
f 3011/3/5 2961/3/5 3010/3/5
f 3012/2/5 2963/2/5 2962/2/5
f 3012/5/5 2920/5/5 3011/5/5
f 3012/2/5 2962/2/5 2920/2/5
f 3013/2/5 2963/2/5 3012/2/5
f 3014/1/5 2964/1/5 2963/1/5
f 3014/2/5 2963/2/5 3013/2/5
f 3014/1/5 2965/1/5 2964/1/5
f 3015/1/5 2965/1/5 3014/1/5
f 3016/2/5 2966/2/5 2965/2/5
f 3017/3/5 2967/3/5 2966/3/5
f 3017/2/5 2966/2/5 3016/2/5
f 3018/5/5 2968/5/5 2967/5/5
f 3018/3/5 2967/3/5 3017/3/5
f 3018/5/5 2969/5/5 2968/5/5
f 3019/5/5 2969/5/5 3018/5/5
f 3020/3/5 2971/3/5 2970/3/5
f 3020/5/5 2969/5/5 3019/5/5
f 3020/3/5 2970/3/5 2969/3/5
f 3021/2/5 2972/2/5 2971/2/5
f 3021/3/5 2971/3/5 3020/3/5
f 3022/3/5 2973/3/5 2972/3/5
f 3022/2/5 2972/2/5 3021/2/5
f 3022/3/5 2974/3/5 2973/3/5
f 3023/3/5 2974/3/5 3022/3/5
f 3024/5/5 2929/5/5 2928/5/5
f 3024/3/5 2974/3/5 3023/3/5
f 3024/3/5 2928/3/5 2974/3/5
f 3025/5/5 2929/5/5 3024/5/5
f 3026/2/5 2977/2/5 2976/2/5
f 3026/1/5 2976/1/5 2975/1/5
f 3027/2/5 2977/2/5 3026/2/5
f 3028/2/5 2977/2/5 3027/2/5
f 3029/1/5 2978/1/5 2977/1/5
f 3029/2/5 2977/2/5 3028/2/5
f 3030/5/5 2933/5/5 2932/5/5
f 3031/3/5 2980/3/5 2979/3/5
f 3031/5/5 2933/5/5 3030/5/5
f 3031/3/5 2979/3/5 2933/3/5
f 3031/3/5 2981/3/5 2980/3/5
f 3032/3/5 2981/3/5 3031/3/5
f 3033/2/5 2982/2/5 2981/2/5
f 3033/3/5 2981/3/5 3032/3/5
f 3034/3/5 2984/3/5 2983/3/5
f 3034/2/5 2982/2/5 3033/2/5
f 3034/3/5 2983/3/5 2982/3/5
f 3035/5/5 2985/5/5 2984/5/5
f 3035/3/5 2984/3/5 3034/3/5
f 3035/5/5 2986/5/5 2985/5/5
f 3036/5/5 2986/5/5 3035/5/5
f 3037/3/5 2987/3/5 2986/3/5
f 3037/5/5 2986/5/5 3036/5/5
f 3038/2/5 2988/2/5 2987/2/5
f 3038/3/5 2987/3/5 3037/3/5
f 3039/2/5 2988/2/5 3038/2/5
f 3040/1/5 2989/1/5 2988/1/5
f 3040/1/5 2990/1/5 2989/1/5
f 3041/2/5 2991/2/5 2990/2/5
f 3041/1/5 2990/1/5 3040/1/5
f 3042/2/5 2941/2/5 2991/2/5
f 3042/2/5 2991/2/5 3041/2/5
f 3043/5/5 2992/5/5 2941/5/5
f 3043/2/5 2941/2/5 3042/2/5
f 3044/3/5 2993/3/5 2992/3/5
f 3044/5/5 2992/5/5 3043/5/5
f 3045/2/5 2994/2/5 2993/2/5
f 3045/3/5 2993/3/5 3044/3/5
f 3046/1/5 2997/1/5 2996/1/5
f 3046/2/5 2994/2/5 3045/2/5
f 3046/1/5 2995/1/5 2994/1/5
f 3046/1/5 2996/1/5 2995/1/5
f 3047/1/5 2997/1/5 3046/1/5
f 3048/1/5 2997/1/5 3047/1/5
f 3049/2/5 2998/2/5 2997/2/5
f 3049/1/5 2997/1/5 3048/1/5
f 3050/2/5 2888/2/5 2908/2/5
f 3050/2/5 2998/2/5 3049/2/5
f 3050/2/5 2948/2/5 2998/2/5
f 3050/2/5 2908/2/5 2948/2/5
f 3051/3/5 2999/3/5 2949/3/5
f 3051/2/5 2888/2/5 3050/2/5
f 3051/3/5 2949/3/5 2888/3/5
f 3052/3/5 2999/3/5 3051/3/5
f 3053/5/5 3000/5/5 2999/5/5
f 3053/3/5 2999/3/5 3052/3/5
f 3054/5/5 3000/5/5 3053/5/5
f 3055/1/5 2953/1/5 2862/1/5
f 3056/1/5 2953/1/5 3055/1/5
f 3057/5/5 3001/5/5 2953/5/5
f 3057/1/5 2953/1/5 3056/1/5
f 3058/3/5 3002/3/5 3001/3/5
f 3058/5/5 3001/5/5 3057/5/5
f 3058/3/5 3003/3/5 3002/3/5
f 3059/5/5 3005/5/5 3004/5/5
f 3059/3/5 3003/3/5 3058/3/5
f 3059/5/5 3004/5/5 3003/5/5
f 3060/5/5 3005/5/5 3059/5/5
f 3061/5/5 3005/5/5 3060/5/5
f 3062/2/5 3007/2/5 3006/2/5
f 3062/5/5 3005/5/5 3061/5/5
f 3062/2/5 3006/2/5 3005/2/5
f 3063/2/5 3007/2/5 3062/2/5
f 3064/2/5 3010/2/5 3009/2/5
f 3064/2/5 3009/2/5 3008/2/5
f 3064/2/5 3011/2/5 3010/2/5
f 3064/5/5 3012/5/5 3011/5/5
f 3065/3/5 3013/3/5 3012/3/5
f 3065/5/5 3012/5/5 3064/5/5
f 3066/2/5 3015/2/5 3014/2/5
f 3066/3/5 3013/3/5 3065/3/5
f 3066/2/5 3014/2/5 3013/2/5
f 3067/2/5 3015/2/5 3066/2/5
f 3068/2/5 3015/2/5 3067/2/5
f 3069/1/5 2965/1/5 3015/1/5
f 3069/2/5 3015/2/5 3068/2/5
f 3070/1/5 2965/1/5 3069/1/5
f 3071/2/5 3016/2/5 2965/2/5
f 3071/1/5 2965/1/5 3070/1/5
f 3072/3/5 3017/3/5 3016/3/5
f 3072/2/5 3016/2/5 3071/2/5
f 3073/5/5 3019/5/5 3018/5/5
f 3073/3/5 3017/3/5 3072/3/5
f 3073/5/5 3018/5/5 3017/5/5
f 3074/5/5 3019/5/5 3073/5/5
f 3075/3/5 3020/3/5 3019/3/5
f 3075/5/5 3019/5/5 3074/5/5
f 3076/2/5 3023/2/5 3022/2/5
f 3076/3/5 3020/3/5 3075/3/5
f 3076/2/5 3021/2/5 3020/2/5
f 3076/2/5 3022/2/5 3021/2/5
f 3077/3/5 3024/3/5 3023/3/5
f 3077/2/5 3023/2/5 3076/2/5
f 3077/3/5 3025/3/5 3024/3/5
f 3078/3/5 3025/3/5 3077/3/5
f 3079/2/5 3028/2/5 3027/2/5
f 3079/1/5 3027/1/5 3026/1/5
f 3080/1/5 3029/1/5 3028/1/5
f 3080/2/5 3028/2/5 3079/2/5
f 3081/3/5 3032/3/5 3031/3/5
f 3081/3/5 3031/3/5 3030/3/5
f 3082/2/5 3034/2/5 3033/2/5
f 3082/3/5 3032/3/5 3081/3/5
f 3082/2/5 3033/2/5 3032/2/5
f 3082/2/5 3035/2/5 3034/2/5
f 3083/3/5 3036/3/5 3035/3/5
f 3083/2/5 3035/2/5 3082/2/5
f 3084/5/5 3038/5/5 3037/5/5
f 3084/3/5 3036/3/5 3083/3/5
f 3084/5/5 3037/5/5 3036/5/5
f 3085/5/5 3038/5/5 3084/5/5
f 3086/3/5 3039/3/5 3038/3/5
f 3086/5/5 3038/5/5 3085/5/5
f 3087/2/5 2988/2/5 3039/2/5
f 3087/3/5 3039/3/5 3086/3/5
f 3088/1/5 3040/1/5 2988/1/5
f 3088/2/5 2988/2/5 3087/2/5
f 3089/1/5 3040/1/5 3088/1/5
f 3090/2/5 3041/2/5 3040/2/5
f 3090/1/5 3040/1/5 3089/1/5
f 3090/2/5 3042/2/5 3041/2/5
f 3091/2/5 3042/2/5 3090/2/5
f 3092/2/5 3042/2/5 3091/2/5
f 3093/3/5 3043/3/5 3042/3/5
f 3093/2/5 3042/2/5 3092/2/5
f 3094/5/5 3044/5/5 3043/5/5
f 3094/3/5 3043/3/5 3093/3/5
f 3095/2/5 3047/2/5 3046/2/5
f 3095/5/5 3044/5/5 3094/5/5
f 3095/2/5 3046/2/5 3045/2/5
f 3095/2/5 3045/2/5 3044/2/5
f 3096/2/5 3050/2/5 3049/2/5
f 3096/2/5 3049/2/5 3048/2/5
f 3097/5/5 3052/5/5 3051/5/5
f 3097/2/5 3050/2/5 3096/2/5
f 3097/5/5 3051/5/5 3050/5/5
f 3098/5/5 3052/5/5 3097/5/5
f 3099/5/5 3052/5/5 3098/5/5
f 3100/3/5 3053/3/5 3052/3/5
f 3100/5/5 3052/5/5 3099/5/5
f 3100/3/5 3054/3/5 3053/3/5
f 3101/5/5 3000/5/5 3054/5/5
f 3101/3/5 3054/3/5 3100/3/5
f 3102/1/5 2889/1/5 3000/1/5
f 3102/5/5 3000/5/5 3101/5/5
f 3103/1/5 2889/1/5 3102/1/5
f 3104/1/5 2889/1/5 3103/1/5
f 3105/1/5 3055/1/5 2862/1/5
f 3106/3/5 3056/3/5 3055/3/5
f 3106/1/5 3055/1/5 3105/1/5
f 3107/5/5 3057/5/5 3056/5/5
f 3107/3/5 3056/3/5 3106/3/5
f 3107/5/5 3058/5/5 3057/5/5
f 3108/5/5 3058/5/5 3107/5/5
f 3109/2/5 3060/2/5 3059/2/5
f 3109/5/5 3058/5/5 3108/5/5
f 3109/2/5 3059/2/5 3058/2/5
f 3110/2/5 3060/2/5 3109/2/5
f 3111/3/5 3061/3/5 3060/3/5
f 3111/2/5 3060/2/5 3110/2/5
f 3112/5/5 3063/5/5 3062/5/5
f 3112/3/5 3061/3/5 3111/3/5
f 3112/5/5 3062/5/5 3061/5/5
f 3113/5/5 3063/5/5 3112/5/5
f 3114/2/5 3007/2/5 3063/2/5
f 3114/5/5 3063/5/5 3113/5/5
f 3115/2/5 3007/2/5 3114/2/5
f 3116/1/5 3008/1/5 3007/1/5
f 3117/2/5 3064/2/5 3008/2/5
f 3117/1/5 3008/1/5 3116/1/5
f 3118/3/5 3067/3/5 3066/3/5
f 3118/2/5 3068/2/5 3067/2/5
f 3119/3/5 3069/3/5 3068/3/5
f 3119/2/5 3068/2/5 3118/2/5
f 3120/5/5 3070/5/5 3069/5/5
f 3120/3/5 3069/3/5 3119/3/5
f 3121/5/5 3070/5/5 3120/5/5
f 3122/3/5 3072/3/5 3071/3/5
f 3122/5/5 3070/5/5 3121/5/5
f 3122/3/5 3071/3/5 3070/3/5
f 3123/5/5 3073/5/5 3072/5/5
f 3123/3/5 3072/3/5 3122/3/5
f 3123/5/5 3074/5/5 3073/5/5
f 3124/5/5 3074/5/5 3123/5/5
f 3125/3/5 3075/3/5 3074/3/5
f 3125/5/5 3074/5/5 3124/5/5
f 3126/2/5 3077/2/5 3076/2/5
f 3126/2/5 3076/2/5 3075/2/5
f 3126/2/5 3078/2/5 3077/2/5
f 3127/3/5 3025/3/5 3078/3/5
f 3127/2/5 3078/2/5 3126/2/5
f 3128/3/5 3025/3/5 3127/3/5
f 3129/5/5 2929/5/5 3025/5/5
f 3129/3/5 3025/3/5 3128/3/5
f 3130/1/5 3080/1/5 3079/1/5
f 3130/5/5 2929/5/5 3129/5/5
f 3130/1/5 3079/1/5 3026/1/5
f 3130/1/5 3026/1/5 2975/1/5
f 3130/1/5 2975/1/5 2929/1/5
f 3131/1/5 3080/1/5 3130/1/5
f 3132/1/5 2978/1/5 3029/1/5
f 3132/1/5 3080/1/5 3131/1/5
f 3132/1/5 3029/1/5 3080/1/5
f 3132/1/5 2932/1/5 2978/1/5
f 3133/5/5 3030/5/5 2932/5/5
f 3133/1/5 2932/1/5 3132/1/5
f 3134/3/5 3081/3/5 3030/3/5
f 3134/5/5 3030/5/5 3133/5/5
f 3135/3/5 3081/3/5 3134/3/5
f 3136/2/5 3083/2/5 3082/2/5
f 3136/3/5 3081/3/5 3135/3/5
f 3136/2/5 3084/2/5 3083/2/5
f 3136/2/5 3082/2/5 3081/2/5
f 3137/2/5 3084/2/5 3136/2/5
f 3138/5/5 3086/5/5 3085/5/5
f 3138/3/5 3085/3/5 3084/3/5
f 3138/5/5 3087/5/5 3086/5/5
f 3139/5/5 3087/5/5 3138/5/5
f 3140/3/5 3089/3/5 3088/3/5
f 3140/5/5 3087/5/5 3139/5/5
f 3140/3/5 3088/3/5 3087/3/5
f 3141/5/5 3090/5/5 3089/5/5
f 3141/3/5 3089/3/5 3140/3/5
f 3142/5/5 3090/5/5 3141/5/5
f 3143/3/5 3091/3/5 3090/3/5
f 3143/5/5 3090/5/5 3142/5/5
f 3144/2/5 3092/2/5 3091/2/5
f 3144/3/5 3091/3/5 3143/3/5
f 3145/3/5 3093/3/5 3092/3/5
f 3145/2/5 3092/2/5 3144/2/5
f 3146/2/5 3047/2/5 3095/2/5
f 3146/1/5 3048/1/5 3047/1/5
f 3147/1/5 3048/1/5 3146/1/5
f 3148/2/5 3096/2/5 3048/2/5
f 3149/5/5 3098/5/5 3097/5/5
f 3149/2/5 3096/2/5 3148/2/5
f 3149/5/5 3097/5/5 3096/5/5
f 3150/5/5 3098/5/5 3149/5/5
f 3151/3/5 3099/3/5 3098/3/5
f 3151/5/5 3098/5/5 3150/5/5
f 3152/2/5 3101/2/5 3100/2/5
f 3152/3/5 3099/3/5 3151/3/5
f 3152/2/5 3100/2/5 3099/2/5
f 3153/2/5 3101/2/5 3152/2/5
f 3154/5/5 3103/5/5 3102/5/5
f 3154/2/5 3101/2/5 3153/2/5
f 3154/5/5 3102/5/5 3101/5/5
f 3155/5/5 3103/5/5 3154/5/5
f 3156/3/5 3104/3/5 3103/3/5
f 3156/5/5 3103/5/5 3155/5/5
f 3157/1/5 2889/1/5 3104/1/5
f 3157/3/5 3104/3/5 3156/3/5
f 3158/1/5 2889/1/5 3157/1/5
f 3159/1/5 3105/1/5 2862/1/5
f 3159/2/5 2862/2/5 2861/2/5
f 3160/3/5 3106/3/5 3105/3/5
f 3160/1/5 3105/1/5 3159/1/5
f 3161/5/5 3108/5/5 3107/5/5
f 3161/3/5 3106/3/5 3160/3/5
f 3161/5/5 3107/5/5 3106/5/5
f 3162/5/5 3108/5/5 3161/5/5
f 3163/1/5 3109/1/5 3108/1/5
f 3163/5/5 3108/5/5 3162/5/5
f 3163/1/5 3110/1/5 3109/1/5
f 3164/1/5 3110/1/5 3163/1/5
f 3165/2/5 3113/2/5 3112/2/5
f 3165/1/5 3110/1/5 3164/1/5
f 3165/2/5 3111/2/5 3110/2/5
f 3165/2/5 3112/2/5 3111/2/5
f 3166/5/5 3115/5/5 3114/5/5
f 3166/2/5 3113/2/5 3165/2/5
f 3166/5/5 3114/5/5 3113/5/5
f 3167/5/5 3115/5/5 3166/5/5
f 3168/2/5 3007/2/5 3115/2/5
f 3168/5/5 3115/5/5 3167/5/5
f 3169/2/5 3007/2/5 3168/2/5
f 3170/2/5 3064/2/5 3117/2/5
f 3170/2/5 3117/2/5 3116/2/5
f 3171/3/5 3065/3/5 3064/3/5
f 3171/2/5 3064/2/5 3170/2/5
f 3172/3/5 3121/3/5 3120/3/5
f 3172/3/5 3120/3/5 3119/3/5
f 3172/3/5 3119/3/5 3118/3/5
f 3172/3/5 3118/3/5 3066/3/5
f 3172/5/5 3066/5/5 3065/5/5
f 3173/3/5 3121/3/5 3172/3/5
f 3174/5/5 3124/5/5 3123/5/5
f 3174/3/5 3121/3/5 3173/3/5
f 3174/5/5 3122/5/5 3121/5/5
f 3174/5/5 3123/5/5 3122/5/5
f 3175/5/5 3124/5/5 3174/5/5
f 3176/3/5 3075/3/5 3125/3/5
f 3176/3/5 3125/3/5 3124/3/5
f 3177/2/5 3126/2/5 3075/2/5
f 3177/3/5 3075/3/5 3176/3/5
f 3178/2/5 3126/2/5 3177/2/5
f 3179/1/5 3128/1/5 3127/1/5
f 3179/2/5 3126/2/5 3178/2/5
f 3179/1/5 3127/1/5 3126/1/5
f 3180/3/5 3131/3/5 3130/3/5
f 3180/1/5 3128/1/5 3179/1/5
f 3180/3/5 3130/3/5 3129/3/5
f 3180/3/5 3129/3/5 3128/3/5
f 3181/3/5 3131/3/5 3180/3/5
f 3182/1/5 3132/1/5 3131/1/5
f 3182/3/5 3131/3/5 3181/3/5
f 3183/1/5 3132/1/5 3182/1/5
f 3184/1/5 3132/1/5 3183/1/5
f 3185/3/5 3133/3/5 3132/3/5
f 3185/1/5 3132/1/5 3184/1/5
f 3185/3/5 3135/3/5 3134/3/5
f 3185/3/5 3134/3/5 3133/3/5
f 3186/3/5 3135/3/5 3185/3/5
f 3187/1/5 3137/1/5 3136/1/5
f 3187/3/5 3135/3/5 3186/3/5
f 3187/1/5 3136/1/5 3135/1/5
f 3188/2/5 3084/2/5 3137/2/5
f 3188/1/5 3137/1/5 3187/1/5
f 3189/2/5 3084/2/5 3188/2/5
f 3190/3/5 3139/3/5 3138/3/5
f 3190/2/5 3084/2/5 3189/2/5
f 3190/3/5 3138/3/5 3084/3/5
f 3191/3/5 3139/3/5 3190/3/5
f 3192/5/5 3142/5/5 3141/5/5
f 3192/5/5 3140/5/5 3139/5/5
f 3192/5/5 3141/5/5 3140/5/5
f 3193/3/5 3145/3/5 3144/3/5
f 3193/5/5 3142/5/5 3192/5/5
f 3193/3/5 3144/3/5 3143/3/5
f 3193/3/5 3143/3/5 3142/3/5
f 3194/3/5 3145/3/5 3193/3/5
f 3195/3/5 3093/3/5 3145/3/5
f 3195/3/5 3145/3/5 3194/3/5
f 3195/5/5 3094/5/5 3093/5/5
f 3196/3/5 3095/3/5 3094/3/5
f 3196/2/5 3147/2/5 3146/2/5
f 3196/2/5 3146/2/5 3095/2/5
f 3197/2/5 3147/2/5 3196/2/5
f 3198/2/5 3148/2/5 3048/2/5
f 3199/5/5 3149/5/5 3148/5/5
f 3199/2/5 3148/2/5 3198/2/5
f 3199/5/5 3150/5/5 3149/5/5
f 3200/5/5 3150/5/5 3199/5/5
f 3201/2/5 3151/2/5 3150/2/5
f 3201/5/5 3150/5/5 3200/5/5
f 3201/2/5 3153/2/5 3152/2/5
f 3201/2/5 3152/2/5 3151/2/5
f 3202/1/5 3155/1/5 3154/1/5
f 3202/2/5 3153/2/5 3201/2/5
f 3202/1/5 3154/1/5 3153/1/5
f 3203/1/5 3155/1/5 3202/1/5
f 3204/5/5 3156/5/5 3155/5/5
f 3204/1/5 3155/1/5 3203/1/5
f 3204/5/5 3157/5/5 3156/5/5
f 3205/5/5 3157/5/5 3204/5/5
f 3206/3/5 3158/3/5 3157/3/5
f 3206/5/5 3157/5/5 3205/5/5
f 3207/1/5 2889/1/5 3158/1/5
f 3207/3/5 3158/3/5 3206/3/5
f 3208/2/5 2890/2/5 2889/2/5
f 3208/1/5 2889/1/5 3207/1/5
f 3209/2/5 3159/2/5 2861/2/5
f 3209/2/5 2861/2/5 2813/2/5
f 3210/3/5 3160/3/5 3159/3/5
f 3210/2/5 3159/2/5 3209/2/5
f 3211/5/5 3162/5/5 3161/5/5
f 3211/3/5 3160/3/5 3210/3/5
f 3211/5/5 3161/5/5 3160/5/5
f 3212/5/5 3162/5/5 3211/5/5
f 3213/1/5 3164/1/5 3163/1/5
f 3213/5/5 3162/5/5 3212/5/5
f 3213/1/5 3163/1/5 3162/1/5
f 3214/2/5 3165/2/5 3164/2/5
f 3214/3/5 3168/3/5 3167/3/5
f 3214/3/5 3169/3/5 3168/3/5
f 3214/2/5 3166/2/5 3165/2/5
f 3214/2/5 3167/2/5 3166/2/5
f 3215/3/5 3169/3/5 3214/3/5
f 3216/2/5 3007/2/5 3169/2/5
f 3216/3/5 3169/3/5 3215/3/5
f 3217/2/5 3007/2/5 3216/2/5
f 3218/2/5 3170/2/5 3116/2/5
f 3219/3/5 3171/3/5 3170/3/5
f 3219/2/5 3170/2/5 3218/2/5
f 3220/3/5 3065/3/5 3171/3/5
f 3220/3/5 3171/3/5 3219/3/5
f 3221/5/5 3173/5/5 3172/5/5
f 3221/3/5 3065/3/5 3220/3/5
f 3221/5/5 3172/5/5 3065/5/5
f 3222/3/5 3174/3/5 3173/3/5
f 3222/5/5 3173/5/5 3221/5/5
f 3222/3/5 3175/3/5 3174/3/5
f 3223/3/5 3175/3/5 3222/3/5
f 3224/5/5 3124/5/5 3175/5/5
f 3224/3/5 3175/3/5 3223/3/5
f 3225/3/5 3176/3/5 3124/3/5
f 3225/5/5 3124/5/5 3224/5/5
f 3226/2/5 3178/2/5 3177/2/5
f 3226/3/5 3176/3/5 3225/3/5
f 3226/2/5 3177/2/5 3176/2/5
f 3227/2/5 3178/2/5 3226/2/5
f 3228/1/5 3179/1/5 3178/1/5
f 3228/2/5 3178/2/5 3227/2/5
f 3228/1/5 3181/1/5 3180/1/5
f 3228/1/5 3180/1/5 3179/1/5
f 3229/1/5 3184/1/5 3183/1/5
f 3229/2/5 3183/2/5 3182/2/5
f 3230/2/5 3185/2/5 3184/2/5
f 3230/1/5 3184/1/5 3229/1/5
f 3231/1/5 3189/1/5 3188/1/5
f 3231/1/5 3187/1/5 3186/1/5
f 3231/2/5 3191/2/5 3190/2/5
f 3231/1/5 3188/1/5 3187/1/5
f 3231/2/5 3190/2/5 3189/2/5
f 3232/2/5 3191/2/5 3231/2/5
f 3233/3/5 3139/3/5 3191/3/5
f 3233/2/5 3191/2/5 3232/2/5
f 3234/5/5 3192/5/5 3139/5/5
f 3234/3/5 3139/3/5 3233/3/5
f 3235/3/5 3194/3/5 3193/3/5
f 3235/5/5 3192/5/5 3234/5/5
f 3235/3/5 3193/3/5 3192/3/5
f 3236/3/5 3194/3/5 3235/3/5
f 3237/5/5 3195/5/5 3194/5/5
f 3237/3/5 3194/3/5 3236/3/5
f 3238/5/5 3094/5/5 3195/5/5
f 3238/5/5 3195/5/5 3237/5/5
f 3238/3/5 3197/3/5 3196/3/5
f 3238/3/5 3196/3/5 3094/3/5
f 3239/3/5 3197/3/5 3238/3/5
f 3240/2/5 3147/2/5 3197/2/5
f 3240/3/5 3197/3/5 3239/3/5
f 3241/2/5 3147/2/5 3240/2/5
f 3242/2/5 3198/2/5 3048/2/5
f 3243/3/5 3200/3/5 3199/3/5
f 3243/2/5 3198/2/5 3242/2/5
f 3243/3/5 3199/3/5 3198/3/5
f 3244/3/5 3200/3/5 3243/3/5
f 3245/2/5 3201/2/5 3200/2/5
f 3245/3/5 3200/3/5 3244/3/5
f 3245/2/5 3203/2/5 3202/2/5
f 3245/2/5 3202/2/5 3201/2/5
f 3246/5/5 3206/5/5 3205/5/5
f 3246/5/5 3207/5/5 3206/5/5
f 3246/1/5 3205/1/5 3204/1/5
f 3246/1/5 3204/1/5 3203/1/5
f 3247/5/5 3207/5/5 3246/5/5
f 3248/3/5 3208/3/5 3207/3/5
f 3248/5/5 3207/5/5 3247/5/5
f 3249/2/5 2890/2/5 3208/2/5
f 3249/3/5 3208/3/5 3248/3/5
f 3250/2/5 2860/2/5 2890/2/5
f 3250/2/5 2890/2/5 3249/2/5
f 3251/2/5 2731/2/5 2681/2/5
f 3251/2/5 2813/2/5 2731/2/5
f 3251/2/5 3209/2/5 2813/2/5
f 3252/2/5 3209/2/5 3251/2/5
f 3253/3/5 3210/3/5 3209/3/5
f 3253/2/5 3209/2/5 3252/2/5
f 3254/5/5 3212/5/5 3211/5/5
f 3254/3/5 3210/3/5 3253/3/5
f 3254/5/5 3211/5/5 3210/5/5
f 3255/5/5 3212/5/5 3254/5/5
f 3256/1/5 3213/1/5 3212/1/5
f 3256/5/5 3212/5/5 3255/5/5
f 3257/2/5 3215/2/5 3214/2/5
f 3257/1/5 3213/1/5 3256/1/5
f 3257/1/5 3164/1/5 3213/1/5
f 3257/2/5 3214/2/5 3164/2/5
f 3258/2/5 3215/2/5 3257/2/5
f 3259/3/5 3216/3/5 3215/3/5
f 3259/2/5 3215/2/5 3258/2/5
f 3260/5/5 3217/5/5 3216/5/5
f 3260/3/5 3216/3/5 3259/3/5
f 3261/2/5 3007/2/5 3217/2/5
f 3261/5/5 3217/5/5 3260/5/5
f 3262/2/5 3007/2/5 3261/2/5
f 3263/2/5 3218/2/5 3116/2/5
f 3263/1/5 3116/1/5 3007/1/5
f 3264/3/5 3220/3/5 3219/3/5
f 3264/2/5 3218/2/5 3263/2/5
f 3264/3/5 3219/3/5 3218/3/5
f 3265/3/5 3220/3/5 3264/3/5
f 3266/2/5 3223/2/5 3222/2/5
f 3266/3/5 3220/3/5 3265/3/5
f 3266/2/5 3221/2/5 3220/2/5
f 3266/2/5 3222/2/5 3221/2/5
f 3267/2/5 3223/2/5 3266/2/5
f 3268/3/5 3225/3/5 3224/3/5
f 3268/2/5 3223/2/5 3267/2/5
f 3268/3/5 3224/3/5 3223/3/5
f 3269/3/5 3225/3/5 3268/3/5
f 3270/2/5 3227/2/5 3226/2/5
f 3270/3/5 3225/3/5 3269/3/5
f 3270/2/5 3226/2/5 3225/2/5
f 3271/2/5 3227/2/5 3270/2/5
f 3272/2/5 3227/2/5 3271/2/5
f 3273/1/5 3228/1/5 3227/1/5
f 3273/2/5 3227/2/5 3272/2/5
f 3274/1/5 3181/1/5 3228/1/5
f 3274/1/5 3228/1/5 3273/1/5
f 3275/3/5 3182/3/5 3181/3/5
f 3275/1/5 3181/1/5 3274/1/5
f 3276/3/5 3182/3/5 3275/3/5
f 3277/2/5 3230/2/5 3229/2/5
f 3277/3/5 3182/3/5 3276/3/5
f 3277/2/5 3229/2/5 3182/2/5
f 3278/2/5 3230/2/5 3277/2/5
f 3279/2/5 3185/2/5 3230/2/5
f 3279/2/5 3230/2/5 3278/2/5
f 3280/3/5 3186/3/5 3185/3/5
f 3280/2/5 3185/2/5 3279/2/5
f 3281/3/5 3186/3/5 3280/3/5
f 3282/1/5 3231/1/5 3186/1/5
f 3282/3/5 3186/3/5 3281/3/5
f 3282/1/5 3232/1/5 3231/1/5
f 3283/1/5 3232/1/5 3282/1/5
f 3284/2/5 3234/2/5 3233/2/5
f 3284/1/5 3232/1/5 3283/1/5
f 3284/2/5 3233/2/5 3232/2/5
f 3285/2/5 3234/2/5 3284/2/5
f 3286/2/5 3234/2/5 3285/2/5
f 3287/3/5 3236/3/5 3235/3/5
f 3287/2/5 3234/2/5 3286/2/5
f 3287/3/5 3235/3/5 3234/3/5
f 3288/3/5 3236/3/5 3287/3/5
f 3289/2/5 3237/2/5 3236/2/5
f 3289/3/5 3236/3/5 3288/3/5
f 3289/2/5 3238/2/5 3237/2/5
f 3289/2/5 3239/2/5 3238/2/5
f 3290/2/5 3239/2/5 3289/2/5
f 3291/3/5 3241/3/5 3240/3/5
f 3291/2/5 3239/2/5 3290/2/5
f 3291/3/5 3240/3/5 3239/3/5
f 3292/3/5 3241/3/5 3291/3/5
f 3293/2/5 3147/2/5 3241/2/5
f 3293/3/5 3241/3/5 3292/3/5
f 3294/1/5 3048/1/5 3147/1/5
f 3294/2/5 3147/2/5 3293/2/5
f 3295/2/5 3242/2/5 3048/2/5
f 3296/5/5 3243/5/5 3242/5/5
f 3296/2/5 3242/2/5 3295/2/5
f 3297/3/5 3244/3/5 3243/3/5
f 3297/5/5 3243/5/5 3296/5/5
f 3298/2/5 3245/2/5 3244/2/5
f 3298/3/5 3244/3/5 3297/3/5
f 3299/2/5 3203/2/5 3245/2/5
f 3299/2/5 3245/2/5 3298/2/5
f 3300/1/5 3247/1/5 3246/1/5
f 3300/2/5 3203/2/5 3299/2/5
f 3300/1/5 3246/1/5 3203/1/5
f 3301/5/5 3248/5/5 3247/5/5
f 3301/1/5 3247/1/5 3300/1/5
f 3301/5/5 3249/5/5 3248/5/5
f 3302/5/5 3249/5/5 3301/5/5
f 3303/3/5 3250/3/5 3249/3/5
f 3303/5/5 3249/5/5 3302/5/5
f 3304/2/5 2860/2/5 3250/2/5
f 3304/3/5 3250/3/5 3303/3/5
f 3305/2/5 2730/2/5 2770/2/5
f 3305/2/5 2860/2/5 3304/2/5
f 3305/2/5 2770/2/5 2860/2/5
f 3306/2/5 2730/2/5 3305/2/5
f 3307/5/5 3253/5/5 3252/5/5
f 3307/5/5 3254/5/5 3253/5/5
f 3307/3/5 3252/3/5 3251/3/5
f 3307/5/5 3255/5/5 3254/5/5
f 3308/5/5 3255/5/5 3307/5/5
f 3309/2/5 3256/2/5 3255/2/5
f 3309/5/5 3255/5/5 3308/5/5
f 3310/5/5 3261/5/5 3260/5/5
f 3310/3/5 3262/3/5 3261/3/5
f 3311/2/5 3007/2/5 3262/2/5
f 3311/3/5 3262/3/5 3310/3/5
f 3312/1/5 3263/1/5 3007/1/5
f 3312/2/5 3007/2/5 3311/2/5
f 3313/1/5 3263/1/5 3312/1/5
f 3314/5/5 3264/5/5 3263/5/5
f 3314/1/5 3263/1/5 3313/1/5
f 3315/3/5 3265/3/5 3264/3/5
f 3315/5/5 3264/5/5 3314/5/5
f 3316/2/5 3267/2/5 3266/2/5
f 3316/3/5 3265/3/5 3315/3/5
f 3316/2/5 3266/2/5 3265/2/5
f 3317/2/5 3272/2/5 3271/2/5
f 3317/1/5 3271/1/5 3270/1/5
f 3318/1/5 3273/1/5 3272/1/5
f 3318/2/5 3272/2/5 3317/2/5
f 3318/1/5 3274/1/5 3273/1/5
f 3319/1/5 3274/1/5 3318/1/5
f 3320/2/5 3275/2/5 3274/2/5
f 3320/1/5 3274/1/5 3319/1/5
f 3321/2/5 3283/2/5 3282/2/5
f 3321/1/5 3285/1/5 3284/1/5
f 3321/1/5 3284/1/5 3283/1/5
f 3322/1/5 3285/1/5 3321/1/5
f 3323/2/5 3286/2/5 3285/2/5
f 3323/1/5 3285/1/5 3322/1/5
f 3324/1/5 3287/1/5 3286/1/5
f 3324/2/5 3286/2/5 3323/2/5
f 3325/2/5 3291/2/5 3290/2/5
f 3325/3/5 3293/3/5 3292/3/5
f 3325/2/5 3292/2/5 3291/2/5
f 3326/5/5 3294/5/5 3293/5/5
f 3326/3/5 3293/3/5 3325/3/5
f 3327/1/5 3048/1/5 3294/1/5
f 3327/5/5 3294/5/5 3326/5/5
f 3328/1/5 3048/1/5 3327/1/5
f 3329/2/5 3295/2/5 3048/2/5
f 3329/1/5 3048/1/5 3328/1/5
f 3330/3/5 3296/3/5 3295/3/5
f 3330/2/5 3295/2/5 3329/2/5
f 3331/5/5 3297/5/5 3296/5/5
f 3331/3/5 3296/3/5 3330/3/5
f 3332/5/5 3304/5/5 3303/5/5
f 3332/5/5 3303/5/5 3302/5/5
f 3332/2/5 3302/2/5 3301/2/5
f 3332/5/5 3305/5/5 3304/5/5
f 3333/5/5 3305/5/5 3332/5/5
f 3334/3/5 3306/3/5 3305/3/5
f 3334/5/5 3305/5/5 3333/5/5
f 3335/3/5 3308/3/5 3307/3/5
f 3335/3/5 3307/3/5 3251/3/5
f 3336/2/5 3309/2/5 3308/2/5
f 3336/3/5 3308/3/5 3335/3/5
f 3337/2/5 3256/2/5 3309/2/5
f 3337/2/5 3309/2/5 3336/2/5
f 3337/1/5 3257/1/5 3256/1/5
f 3337/1/5 3258/1/5 3257/1/5
f 3338/1/5 3258/1/5 3337/1/5
f 3339/2/5 3259/2/5 3258/2/5
f 3339/1/5 3258/1/5 3338/1/5
f 3339/2/5 3260/2/5 3259/2/5
f 3340/2/5 3260/2/5 3339/2/5
f 3341/5/5 3311/5/5 3310/5/5
f 3341/2/5 3260/2/5 3340/2/5
f 3341/5/5 3310/5/5 3260/5/5
f 3342/5/5 3311/5/5 3341/5/5
f 3343/5/5 3314/5/5 3313/5/5
f 3344/2/5 3315/2/5 3314/2/5
f 3344/5/5 3314/5/5 3343/5/5
f 3344/2/5 3316/2/5 3315/2/5
f 3345/2/5 3267/2/5 3316/2/5
f 3345/2/5 3316/2/5 3344/2/5
f 3346/1/5 3269/1/5 3268/1/5
f 3346/2/5 3267/2/5 3345/2/5
f 3346/1/5 3268/1/5 3267/1/5
f 3347/1/5 3269/1/5 3346/1/5
f 3348/3/5 3270/3/5 3269/3/5
f 3348/1/5 3269/1/5 3347/1/5
f 3349/3/5 3270/3/5 3348/3/5
f 3350/1/5 3317/1/5 3270/1/5
f 3350/3/5 3270/3/5 3349/3/5
f 3350/1/5 3318/1/5 3317/1/5
f 3350/1/5 3319/1/5 3318/1/5
f 3351/1/5 3319/1/5 3350/1/5
f 3352/1/5 3319/1/5 3351/1/5
f 3353/1/5 3319/1/5 3352/1/5
f 3354/2/5 3320/2/5 3319/2/5
f 3354/1/5 3319/1/5 3353/1/5
f 3355/3/5 3278/3/5 3277/3/5
f 3355/5/5 3276/5/5 3275/5/5
f 3355/3/5 3277/3/5 3276/3/5
f 3356/3/5 3278/3/5 3355/3/5
f 3357/2/5 3279/2/5 3278/2/5
f 3357/3/5 3278/3/5 3356/3/5
f 3358/2/5 3279/2/5 3357/2/5
f 3359/2/5 3279/2/5 3358/2/5
f 3360/3/5 3281/3/5 3280/3/5
f 3360/2/5 3279/2/5 3359/2/5
f 3360/3/5 3280/3/5 3279/3/5
f 3361/3/5 3281/3/5 3360/3/5
f 3362/5/5 3282/5/5 3281/5/5
f 3362/3/5 3281/3/5 3361/3/5
f 3363/1/5 3323/1/5 3322/1/5
f 3363/1/5 3324/1/5 3323/1/5
f 3363/2/5 3322/2/5 3321/2/5
f 3364/1/5 3324/1/5 3363/1/5
f 3365/1/5 3324/1/5 3364/1/5
f 3366/1/5 3287/1/5 3324/1/5
f 3366/1/5 3324/1/5 3365/1/5
f 3367/3/5 3288/3/5 3287/3/5
f 3367/1/5 3287/1/5 3366/1/5
f 3368/3/5 3288/3/5 3367/3/5
f 3369/1/5 3290/1/5 3289/1/5
f 3369/3/5 3288/3/5 3368/3/5
f 3369/1/5 3289/1/5 3288/1/5
f 3370/1/5 3290/1/5 3369/1/5
f 3371/2/5 3326/2/5 3325/2/5
f 3371/1/5 3290/1/5 3370/1/5
f 3371/2/5 3327/2/5 3326/2/5
f 3371/2/5 3325/2/5 3290/2/5
f 3372/2/5 3327/2/5 3371/2/5
f 3373/5/5 3328/5/5 3327/5/5
f 3373/2/5 3327/2/5 3372/2/5
f 3374/5/5 3328/5/5 3373/5/5
f 3375/5/5 3297/5/5 3331/5/5
f 3375/5/5 3331/5/5 3330/5/5
f 3376/2/5 3298/2/5 3297/2/5
f 3376/5/5 3297/5/5 3375/5/5
f 3376/2/5 3299/2/5 3298/2/5
f 3377/2/5 3299/2/5 3376/2/5
f 3378/1/5 3300/1/5 3299/1/5
f 3378/2/5 3299/2/5 3377/2/5
f 3378/1/5 3301/1/5 3300/1/5
f 3379/1/5 3301/1/5 3378/1/5
f 3380/2/5 3333/2/5 3332/2/5
f 3380/1/5 3301/1/5 3379/1/5
f 3380/2/5 3332/2/5 3301/2/5
f 3381/3/5 3334/3/5 3333/3/5
f 3381/2/5 3333/2/5 3380/2/5
f 3382/3/5 3306/3/5 3334/3/5
f 3382/3/5 3334/3/5 3381/3/5
f 3383/1/5 3340/1/5 3339/1/5
f 3383/2/5 3338/2/5 3337/2/5
f 3383/2/5 3336/2/5 3335/2/5
f 3383/1/5 3339/1/5 3338/1/5
f 3383/2/5 3337/2/5 3336/2/5
f 3384/1/5 3340/1/5 3383/1/5
f 3385/2/5 3341/2/5 3340/2/5
f 3385/3/5 3342/3/5 3341/3/5
f 3386/5/5 3311/5/5 3342/5/5
f 3386/3/5 3342/3/5 3385/3/5
f 3387/3/5 3313/3/5 3312/3/5
f 3387/5/5 3311/5/5 3386/5/5
f 3387/3/5 3312/3/5 3311/3/5
f 3388/5/5 3343/5/5 3313/5/5
f 3388/3/5 3313/3/5 3387/3/5
f 3389/2/5 3345/2/5 3344/2/5
f 3389/5/5 3343/5/5 3388/5/5
f 3389/2/5 3344/2/5 3343/2/5
f 3390/2/5 3345/2/5 3389/2/5
f 3391/2/5 3345/2/5 3390/2/5
f 3392/1/5 3347/1/5 3346/1/5
f 3392/2/5 3345/2/5 3391/2/5
f 3392/1/5 3346/1/5 3345/1/5
f 3393/1/5 3347/1/5 3392/1/5
f 3394/2/5 3349/2/5 3348/2/5
f 3394/1/5 3347/1/5 3393/1/5
f 3394/2/5 3348/2/5 3347/2/5
f 3395/2/5 3352/2/5 3351/2/5
f 3395/1/5 3353/1/5 3352/1/5
f 3396/1/5 3353/1/5 3395/1/5
f 3397/2/5 3354/2/5 3353/2/5
f 3397/1/5 3353/1/5 3396/1/5
f 3398/2/5 3354/2/5 3397/2/5
f 3399/2/5 3275/2/5 3320/2/5
f 3399/2/5 3354/2/5 3398/2/5
f 3399/2/5 3320/2/5 3354/2/5
f 3399/5/5 3356/5/5 3355/5/5
f 3399/5/5 3355/5/5 3275/5/5
f 3400/5/5 3356/5/5 3399/5/5
f 3401/2/5 3359/2/5 3358/2/5
f 3401/3/5 3358/3/5 3357/3/5
f 3401/3/5 3357/3/5 3356/3/5
f 3402/3/5 3361/3/5 3360/3/5
f 3402/2/5 3359/2/5 3401/2/5
f 3402/3/5 3360/3/5 3359/3/5
f 3403/5/5 3282/5/5 3362/5/5
f 3403/5/5 3362/5/5 3361/5/5
f 3404/2/5 3363/2/5 3321/2/5
f 3404/5/5 3282/5/5 3403/5/5
f 3404/2/5 3321/2/5 3282/2/5
f 3404/2/5 3364/2/5 3363/2/5
f 3405/2/5 3364/2/5 3404/2/5
f 3406/1/5 3365/1/5 3364/1/5
f 3406/2/5 3364/2/5 3405/2/5
f 3407/1/5 3365/1/5 3406/1/5
f 3408/2/5 3366/2/5 3365/2/5
f 3408/1/5 3365/1/5 3407/1/5
f 3409/1/5 3371/1/5 3370/1/5
f 3409/1/5 3372/1/5 3371/1/5
f 3409/2/5 3370/2/5 3369/2/5
f 3409/2/5 3369/2/5 3368/2/5
f 3410/1/5 3372/1/5 3409/1/5
f 3411/2/5 3373/2/5 3372/2/5
f 3411/1/5 3372/1/5 3410/1/5
f 3411/2/5 3374/2/5 3373/2/5
f 3412/2/5 3374/2/5 3411/2/5
f 3413/2/5 3374/2/5 3412/2/5
f 3414/5/5 3328/5/5 3374/5/5
f 3414/2/5 3374/2/5 3413/2/5
f 3415/3/5 3330/3/5 3329/3/5
f 3415/5/5 3328/5/5 3414/5/5
f 3415/3/5 3329/3/5 3328/3/5
f 3416/5/5 3375/5/5 3330/5/5
f 3416/3/5 3330/3/5 3415/3/5
f 3417/3/5 3376/3/5 3375/3/5
f 3417/5/5 3375/5/5 3416/5/5
f 3418/2/5 3377/2/5 3376/2/5
f 3418/3/5 3376/3/5 3417/3/5
f 3419/1/5 3379/1/5 3378/1/5
f 3419/1/5 3378/1/5 3377/1/5
f 3420/2/5 3382/2/5 3381/2/5
f 3420/1/5 3379/1/5 3419/1/5
f 3420/2/5 3381/2/5 3380/2/5
f 3420/2/5 3380/2/5 3379/2/5
f 3421/3/5 3335/3/5 3251/3/5
f 3422/2/5 3384/2/5 3383/2/5
f 3422/3/5 3335/3/5 3421/3/5
f 3422/2/5 3383/2/5 3335/2/5
f 3423/2/5 3385/2/5 3340/2/5
f 3423/2/5 3386/2/5 3385/2/5
f 3423/1/5 3340/1/5 3384/1/5
f 3424/2/5 3386/2/5 3423/2/5
f 3425/5/5 3388/5/5 3387/5/5
f 3425/2/5 3386/2/5 3424/2/5
f 3425/5/5 3387/5/5 3386/5/5
f 3426/5/5 3388/5/5 3425/5/5
f 3427/2/5 3391/2/5 3390/2/5
f 3428/1/5 3393/1/5 3392/1/5
f 3428/2/5 3391/2/5 3427/2/5
f 3428/1/5 3392/1/5 3391/1/5
f 3429/2/5 3399/2/5 3398/2/5
f 3430/3/5 3400/3/5 3399/3/5
f 3430/2/5 3399/2/5 3429/2/5
f 3431/5/5 3356/5/5 3400/5/5
f 3431/3/5 3400/3/5 3430/3/5
f 3432/3/5 3401/3/5 3356/3/5
f 3432/5/5 3356/5/5 3431/5/5
f 3432/3/5 3402/3/5 3401/3/5
f 3433/3/5 3402/3/5 3432/3/5
f 3434/3/5 3361/3/5 3402/3/5
f 3434/3/5 3402/3/5 3433/3/5
f 3435/5/5 3403/5/5 3361/5/5
f 3435/3/5 3361/3/5 3434/3/5
f 3436/3/5 3404/3/5 3403/3/5
f 3436/5/5 3403/5/5 3435/5/5
f 3437/2/5 3405/2/5 3404/2/5
f 3437/3/5 3404/3/5 3436/3/5
f 3438/2/5 3405/2/5 3437/2/5
f 3439/2/5 3413/2/5 3412/2/5
f 3439/1/5 3412/1/5 3411/1/5
f 3439/1/5 3411/1/5 3410/1/5
f 3440/2/5 3413/2/5 3439/2/5
f 3441/5/5 3417/5/5 3416/5/5
f 3441/5/5 3416/5/5 3415/5/5
f 3442/2/5 3418/2/5 3417/2/5
f 3442/5/5 3417/5/5 3441/5/5
f 3443/2/5 3377/2/5 3418/2/5
f 3443/2/5 3418/2/5 3442/2/5
f 3444/1/5 3419/1/5 3377/1/5
f 3444/2/5 3377/2/5 3443/2/5
f 3445/3/5 3306/3/5 3382/3/5
f 3445/2/5 3382/2/5 3420/2/5
f 3445/2/5 3420/2/5 3419/2/5
f 3446/3/5 3306/3/5 3445/3/5
f 3447/1/5 3424/1/5 3423/1/5
f 3447/2/5 3425/2/5 3424/2/5
f 3448/2/5 3425/2/5 3447/2/5
f 3449/3/5 3426/3/5 3425/3/5
f 3449/2/5 3425/2/5 3448/2/5
f 3450/3/5 3426/3/5 3449/3/5
f 3451/1/5 3390/1/5 3389/1/5
f 3451/2/5 3389/2/5 3388/2/5
f 3452/1/5 3390/1/5 3451/1/5
f 3453/2/5 3427/2/5 3390/2/5
f 3453/1/5 3390/1/5 3452/1/5
f 3454/1/5 3428/1/5 3427/1/5
f 3454/2/5 3427/2/5 3453/2/5
f 3455/1/5 3393/1/5 3428/1/5
f 3455/1/5 3428/1/5 3454/1/5
f 3456/2/5 3394/2/5 3393/2/5
f 3456/1/5 3393/1/5 3455/1/5
f 3457/1/5 3398/1/5 3397/1/5
f 3457/1/5 3397/1/5 3396/1/5
f 3457/2/5 3396/2/5 3395/2/5
f 3458/1/5 3398/1/5 3457/1/5
f 3459/2/5 3429/2/5 3398/2/5
f 3459/1/5 3398/1/5 3458/1/5
f 3460/2/5 3429/2/5 3459/2/5
f 3461/3/5 3430/3/5 3429/3/5
f 3461/2/5 3429/2/5 3460/2/5
f 3461/3/5 3433/3/5 3432/3/5
f 3461/3/5 3431/3/5 3430/3/5
f 3461/3/5 3432/3/5 3431/3/5
f 3462/3/5 3433/3/5 3461/3/5
f 3463/2/5 3434/2/5 3433/2/5
f 3463/3/5 3433/3/5 3462/3/5
f 3464/3/5 3436/3/5 3435/3/5
f 3464/2/5 3434/2/5 3463/2/5
f 3464/3/5 3438/3/5 3437/3/5
f 3464/3/5 3437/3/5 3436/3/5
f 3464/3/5 3435/3/5 3434/3/5
f 3465/3/5 3438/3/5 3464/3/5
f 3466/2/5 3405/2/5 3438/2/5
f 3466/3/5 3438/3/5 3465/3/5
f 3467/2/5 3405/2/5 3466/2/5
f 3468/1/5 3407/1/5 3406/1/5
f 3468/2/5 3405/2/5 3467/2/5
f 3468/1/5 3406/1/5 3405/1/5
f 3469/1/5 3407/1/5 3468/1/5
f 3470/2/5 3408/2/5 3407/2/5
f 3470/1/5 3407/1/5 3469/1/5
f 3471/1/5 3440/1/5 3439/1/5
f 3471/2/5 3410/2/5 3409/2/5
f 3471/1/5 3439/1/5 3410/1/5
f 3472/1/5 3440/1/5 3471/1/5
f 3473/2/5 3413/2/5 3440/2/5
f 3473/1/5 3440/1/5 3472/1/5
f 3474/1/5 3414/1/5 3413/1/5
f 3474/2/5 3413/2/5 3473/2/5
f 3475/1/5 3414/1/5 3474/1/5
f 3476/2/5 3415/2/5 3414/2/5
f 3476/1/5 3414/1/5 3475/1/5
f 3477/3/5 3442/3/5 3441/3/5
f 3478/2/5 3443/2/5 3442/2/5
f 3478/3/5 3442/3/5 3477/3/5
f 3479/2/5 3443/2/5 3478/2/5
f 3480/1/5 3444/1/5 3443/1/5
f 3480/2/5 3443/2/5 3479/2/5
f 3481/3/5 3421/3/5 3251/3/5
f 3482/2/5 3422/2/5 3421/2/5
f 3482/3/5 3421/3/5 3481/3/5
f 3483/2/5 3384/2/5 3422/2/5
f 3483/2/5 3422/2/5 3482/2/5
f 3484/1/5 3423/1/5 3384/1/5
f 3484/2/5 3384/2/5 3483/2/5
f 3484/1/5 3447/1/5 3423/1/5
f 3484/1/5 3448/1/5 3447/1/5
f 3485/2/5 3450/2/5 3449/2/5
f 3485/1/5 3448/1/5 3484/1/5
f 3485/2/5 3449/2/5 3448/2/5
f 3486/3/5 3426/3/5 3450/3/5
f 3486/2/5 3450/2/5 3485/2/5
f 3487/5/5 3388/5/5 3426/5/5
f 3487/3/5 3426/3/5 3486/3/5
f 3488/2/5 3452/2/5 3451/2/5
f 3488/5/5 3388/5/5 3487/5/5
f 3488/2/5 3451/2/5 3388/2/5
f 3489/2/5 3452/2/5 3488/2/5
f 3490/1/5 3453/1/5 3452/1/5
f 3490/2/5 3452/2/5 3489/2/5
f 3490/1/5 3454/1/5 3453/1/5
f 3490/1/5 3455/1/5 3454/1/5
f 3491/2/5 3456/2/5 3455/2/5
f 3491/1/5 3455/1/5 3490/1/5
f 3492/2/5 3394/2/5 3456/2/5
f 3492/2/5 3456/2/5 3491/2/5
f 3492/2/5 3349/2/5 3394/2/5
f 3493/1/5 3460/1/5 3459/1/5
f 3493/1/5 3459/1/5 3458/1/5
f 3493/2/5 3458/2/5 3457/2/5
f 3494/1/5 3460/1/5 3493/1/5
f 3495/3/5 3461/3/5 3460/3/5
f 3495/1/5 3460/1/5 3494/1/5
f 3496/5/5 3462/5/5 3461/5/5
f 3496/3/5 3461/3/5 3495/3/5
f 3497/5/5 3462/5/5 3496/5/5
f 3498/2/5 3465/2/5 3464/2/5
f 3498/5/5 3462/5/5 3497/5/5
f 3498/2/5 3463/2/5 3462/2/5
f 3498/2/5 3464/2/5 3463/2/5
f 3499/5/5 3466/5/5 3465/5/5
f 3499/2/5 3465/2/5 3498/2/5
f 3500/5/5 3466/5/5 3499/5/5
f 3501/3/5 3467/3/5 3466/3/5
f 3501/5/5 3466/5/5 3500/5/5
f 3502/1/5 3469/1/5 3468/1/5
f 3502/3/5 3467/3/5 3501/3/5
f 3502/1/5 3468/1/5 3467/1/5
f 3503/1/5 3469/1/5 3502/1/5
f 3504/2/5 3470/2/5 3469/2/5
f 3504/1/5 3469/1/5 3503/1/5
f 3505/2/5 3472/2/5 3471/2/5
f 3505/2/5 3409/2/5 3368/2/5
f 3505/2/5 3471/2/5 3409/2/5
f 3506/1/5 3475/1/5 3474/1/5
f 3506/2/5 3472/2/5 3505/2/5
f 3506/1/5 3473/1/5 3472/1/5
f 3506/1/5 3474/1/5 3473/1/5
f 3507/2/5 3476/2/5 3475/2/5
f 3507/1/5 3475/1/5 3506/1/5
f 3508/2/5 3415/2/5 3476/2/5
f 3508/2/5 3476/2/5 3507/2/5
f 3509/5/5 3441/5/5 3415/5/5
f 3509/2/5 3415/2/5 3508/2/5
f 3510/3/5 3477/3/5 3441/3/5
f 3510/5/5 3441/5/5 3509/5/5
f 3511/2/5 3479/2/5 3478/2/5
f 3511/3/5 3477/3/5 3510/3/5
f 3511/2/5 3478/2/5 3477/2/5
f 3512/1/5 3480/1/5 3479/1/5
f 3512/2/5 3479/2/5 3511/2/5
f 3513/1/5 3419/1/5 3444/1/5
f 3513/1/5 3480/1/5 3512/1/5
f 3513/2/5 3446/2/5 3445/2/5
f 3513/2/5 3445/2/5 3419/2/5
f 3513/1/5 3444/1/5 3480/1/5
f 3514/2/5 3446/2/5 3513/2/5
f 3515/3/5 3306/3/5 3446/3/5
f 3515/2/5 3446/2/5 3514/2/5
f 3516/3/5 3306/3/5 3515/3/5
f 3517/5/5 3482/5/5 3481/5/5
f 3517/2/5 3483/2/5 3482/2/5
f 3518/2/5 3483/2/5 3517/2/5
f 3519/2/5 3483/2/5 3518/2/5
f 3520/1/5 3485/1/5 3484/1/5
f 3520/2/5 3483/2/5 3519/2/5
f 3520/1/5 3484/1/5 3483/1/5
f 3520/1/5 3486/1/5 3485/1/5
f 3521/2/5 3487/2/5 3486/2/5
f 3521/1/5 3486/1/5 3520/1/5
f 3522/5/5 3488/5/5 3487/5/5
f 3522/2/5 3487/2/5 3521/2/5
f 3523/3/5 3489/3/5 3488/3/5
f 3523/5/5 3488/5/5 3522/5/5
f 3524/3/5 3351/3/5 3350/3/5
f 3524/3/5 3350/3/5 3349/3/5
f 3525/2/5 3457/2/5 3395/2/5
f 3525/3/5 3351/3/5 3524/3/5
f 3525/2/5 3494/2/5 3493/2/5
f 3525/2/5 3395/2/5 3351/2/5
f 3525/2/5 3493/2/5 3457/2/5
f 3526/2/5 3494/2/5 3525/2/5
f 3527/2/5 3494/2/5 3526/2/5
f 3528/5/5 3497/5/5 3496/5/5
f 3528/2/5 3494/2/5 3527/2/5
f 3528/5/5 3496/5/5 3495/5/5
f 3528/5/5 3495/5/5 3494/5/5
f 3529/5/5 3497/5/5 3528/5/5
f 3530/5/5 3497/5/5 3529/5/5
f 3531/3/5 3498/3/5 3497/3/5
f 3531/5/5 3497/5/5 3530/5/5
f 3532/2/5 3499/2/5 3498/2/5
f 3532/3/5 3498/3/5 3531/3/5
f 3533/3/5 3500/3/5 3499/3/5
f 3533/2/5 3499/2/5 3532/2/5
f 3534/5/5 3503/5/5 3502/5/5
f 3534/3/5 3500/3/5 3533/3/5
f 3534/5/5 3501/5/5 3500/5/5
f 3534/5/5 3502/5/5 3501/5/5
f 3535/5/5 3503/5/5 3534/5/5
f 3536/5/5 3503/5/5 3535/5/5
f 3537/2/5 3504/2/5 3503/2/5
f 3537/5/5 3503/5/5 3536/5/5
f 3538/2/5 3504/2/5 3537/2/5
f 3539/2/5 3470/2/5 3504/2/5
f 3539/2/5 3504/2/5 3538/2/5
f 3539/2/5 3408/2/5 3470/2/5
f 3540/2/5 3366/2/5 3408/2/5
f 3540/2/5 3408/2/5 3539/2/5
f 3540/3/5 3367/3/5 3366/3/5
f 3540/3/5 3368/3/5 3367/3/5
f 3541/3/5 3368/3/5 3540/3/5
f 3542/3/5 3509/3/5 3508/3/5
f 3542/5/5 3510/5/5 3509/5/5
f 3543/2/5 3511/2/5 3510/2/5
f 3543/5/5 3510/5/5 3542/5/5
f 3544/1/5 3512/1/5 3511/1/5
f 3544/2/5 3511/2/5 3543/2/5
f 3544/1/5 3514/1/5 3513/1/5
f 3544/1/5 3513/1/5 3512/1/5
f 3545/2/5 3515/2/5 3514/2/5
f 3545/1/5 3514/1/5 3544/1/5
f 3546/2/5 3515/2/5 3545/2/5
f 3547/2/5 3515/2/5 3546/2/5
f 3548/5/5 3516/5/5 3515/5/5
f 3548/2/5 3515/2/5 3547/2/5
f 3549/2/5 3519/2/5 3518/2/5
f 3550/1/5 3520/1/5 3519/1/5
f 3550/2/5 3519/2/5 3549/2/5
f 3550/1/5 3522/1/5 3521/1/5
f 3550/1/5 3521/1/5 3520/1/5
f 3550/1/5 3523/1/5 3522/1/5
f 3551/1/5 3523/1/5 3550/1/5
f 3552/1/5 3523/1/5 3551/1/5
f 3553/1/5 3491/1/5 3490/1/5
f 3553/1/5 3490/1/5 3489/1/5
f 3553/1/5 3492/1/5 3491/1/5
f 3554/1/5 3492/1/5 3553/1/5
f 3555/2/5 3349/2/5 3492/2/5
f 3556/3/5 3524/3/5 3349/3/5
f 3556/2/5 3349/2/5 3555/2/5
f 3557/5/5 3526/5/5 3525/5/5
f 3557/3/5 3524/3/5 3556/3/5
f 3557/5/5 3525/5/5 3524/5/5
f 3558/5/5 3526/5/5 3557/5/5
f 3559/5/5 3526/5/5 3558/5/5
f 3560/5/5 3526/5/5 3559/5/5
f 3561/2/5 3527/2/5 3526/2/5
f 3561/5/5 3526/5/5 3560/5/5
f 3562/2/5 3527/2/5 3561/2/5
f 3563/5/5 3529/5/5 3528/5/5
f 3563/2/5 3527/2/5 3562/2/5
f 3563/5/5 3528/5/5 3527/5/5
f 3564/5/5 3529/5/5 3563/5/5
f 3565/3/5 3530/3/5 3529/3/5
f 3565/5/5 3529/5/5 3564/5/5
f 3566/1/5 3531/1/5 3530/1/5
f 3566/3/5 3530/3/5 3565/3/5
f 3567/2/5 3532/2/5 3531/2/5
f 3567/1/5 3531/1/5 3566/1/5
f 3567/2/5 3533/2/5 3532/2/5
f 3567/2/5 3534/2/5 3533/2/5
f 3568/2/5 3534/2/5 3567/2/5
f 3569/2/5 3534/2/5 3568/2/5
f 3570/1/5 3535/1/5 3534/1/5
f 3570/2/5 3534/2/5 3569/2/5
f 3571/3/5 3536/3/5 3535/3/5
f 3571/1/5 3535/1/5 3570/1/5
f 3572/5/5 3538/5/5 3537/5/5
f 3572/3/5 3536/3/5 3571/3/5
f 3572/5/5 3537/5/5 3536/5/5
f 3573/5/5 3538/5/5 3572/5/5
f 3574/2/5 3539/2/5 3538/2/5
f 3574/5/5 3538/5/5 3573/5/5
f 3575/2/5 3539/2/5 3574/2/5
f 3576/5/5 3540/5/5 3539/5/5
f 3576/2/5 3539/2/5 3575/2/5
f 3576/5/5 3541/5/5 3540/5/5
f 3577/5/5 3541/5/5 3576/5/5
f 3578/5/5 3541/5/5 3577/5/5
f 3579/5/5 3541/5/5 3578/5/5
f 3580/3/5 3368/3/5 3541/3/5
f 3580/5/5 3541/5/5 3579/5/5
f 3581/2/5 3505/2/5 3368/2/5
f 3581/3/5 3368/3/5 3580/3/5
f 3582/2/5 3505/2/5 3581/2/5
f 3583/1/5 3507/1/5 3506/1/5
f 3583/1/5 3506/1/5 3505/1/5
f 3583/1/5 3508/1/5 3507/1/5
f 3584/1/5 3508/1/5 3583/1/5
f 3585/1/5 3543/1/5 3542/1/5
f 3585/1/5 3544/1/5 3543/1/5
f 3585/1/5 3546/1/5 3545/1/5
f 3585/1/5 3545/1/5 3544/1/5
f 3586/1/5 3546/1/5 3585/1/5
f 3587/2/5 3547/2/5 3546/2/5
f 3587/1/5 3546/1/5 3586/1/5
f 3588/2/5 3547/2/5 3587/2/5
f 3589/3/5 3518/3/5 3517/3/5
f 3589/5/5 3517/5/5 3481/5/5
f 3590/2/5 3549/2/5 3518/2/5
f 3590/3/5 3518/3/5 3589/3/5
f 3591/2/5 3549/2/5 3590/2/5
f 3592/2/5 3549/2/5 3591/2/5
f 3593/1/5 3551/1/5 3550/1/5
f 3593/2/5 3549/2/5 3592/2/5
f 3593/1/5 3550/1/5 3549/1/5
f 3594/1/5 3551/1/5 3593/1/5
f 3595/2/5 3552/2/5 3551/2/5
f 3595/1/5 3551/1/5 3594/1/5
f 3596/1/5 3523/1/5 3552/1/5
f 3596/2/5 3552/2/5 3595/2/5
f 3597/1/5 3523/1/5 3596/1/5
f 3598/1/5 3523/1/5 3597/1/5
f 3599/3/5 3489/3/5 3523/3/5
f 3599/1/5 3523/1/5 3598/1/5
f 3600/1/5 3553/1/5 3489/1/5
f 3600/3/5 3489/3/5 3599/3/5
f 3601/1/5 3553/1/5 3600/1/5
f 3602/2/5 3554/2/5 3553/2/5
f 3602/1/5 3553/1/5 3601/1/5
f 3603/1/5 3492/1/5 3554/1/5
f 3603/2/5 3554/2/5 3602/2/5
f 3604/1/5 3492/1/5 3603/1/5
f 3605/1/5 3492/1/5 3604/1/5
f 3606/2/5 3555/2/5 3492/2/5
f 3606/1/5 3492/1/5 3605/1/5
f 3607/5/5 3556/5/5 3555/5/5
f 3607/2/5 3555/2/5 3606/2/5
f 3607/5/5 3557/5/5 3556/5/5
f 3607/5/5 3558/5/5 3557/5/5
f 3608/5/5 3558/5/5 3607/5/5
f 3609/2/5 3559/2/5 3558/2/5
f 3609/5/5 3558/5/5 3608/5/5
f 3610/3/5 3560/3/5 3559/3/5
f 3610/2/5 3559/2/5 3609/2/5
f 3611/3/5 3560/3/5 3610/3/5
f 3612/3/5 3562/3/5 3561/3/5
f 3612/5/5 3561/5/5 3560/5/5
f 3613/5/5 3563/5/5 3562/5/5
f 3613/3/5 3562/3/5 3612/3/5
f 3613/5/5 3564/5/5 3563/5/5
f 3614/5/5 3564/5/5 3613/5/5
f 3615/3/5 3565/3/5 3564/3/5
f 3615/5/5 3564/5/5 3614/5/5
f 3616/1/5 3568/1/5 3567/1/5
f 3616/3/5 3565/3/5 3615/3/5
f 3616/1/5 3566/1/5 3565/1/5
f 3616/1/5 3567/1/5 3566/1/5
f 3617/2/5 3569/2/5 3568/2/5
f 3617/1/5 3568/1/5 3616/1/5
f 3618/2/5 3569/2/5 3617/2/5
f 3619/2/5 3569/2/5 3618/2/5
f 3620/1/5 3571/1/5 3570/1/5
f 3620/2/5 3569/2/5 3619/2/5
f 3620/1/5 3570/1/5 3569/1/5
f 3620/1/5 3572/1/5 3571/1/5
f 3621/3/5 3573/3/5 3572/3/5
f 3621/1/5 3572/1/5 3620/1/5
f 3622/5/5 3575/5/5 3574/5/5
f 3622/3/5 3573/3/5 3621/3/5
f 3622/5/5 3574/5/5 3573/5/5
f 3623/5/5 3575/5/5 3622/5/5
f 3624/3/5 3576/3/5 3575/3/5
f 3624/5/5 3575/5/5 3623/5/5
f 3625/5/5 3577/5/5 3576/5/5
f 3625/3/5 3576/3/5 3624/3/5
f 3626/3/5 3578/3/5 3577/3/5
f 3627/2/5 3579/2/5 3578/2/5
f 3627/3/5 3578/3/5 3626/3/5
f 3628/5/5 3580/5/5 3579/5/5
f 3628/2/5 3579/2/5 3627/2/5
f 3628/5/5 3582/5/5 3581/5/5
f 3628/5/5 3581/5/5 3580/5/5
f 3629/5/5 3582/5/5 3628/5/5
f 3630/2/5 3505/2/5 3582/2/5
f 3630/5/5 3582/5/5 3629/5/5
f 3631/1/5 3583/1/5 3505/1/5
f 3631/2/5 3505/2/5 3630/2/5
f 3632/1/5 3583/1/5 3631/1/5
f 3633/1/5 3583/1/5 3632/1/5
f 3634/2/5 3584/2/5 3583/2/5
f 3634/1/5 3583/1/5 3633/1/5
f 3635/1/5 3508/1/5 3584/1/5
f 3635/2/5 3584/2/5 3634/2/5
f 3636/1/5 3508/1/5 3635/1/5
f 3637/3/5 3542/3/5 3508/3/5
f 3637/1/5 3508/1/5 3636/1/5
f 3638/1/5 3585/1/5 3542/1/5
f 3638/3/5 3542/3/5 3637/3/5
f 3639/1/5 3585/1/5 3638/1/5
f 3640/1/5 3585/1/5 3639/1/5
f 3641/2/5 3586/2/5 3585/2/5
f 3641/1/5 3585/1/5 3640/1/5
f 3642/1/5 3588/1/5 3587/1/5
f 3642/2/5 3586/2/5 3641/2/5
f 3642/1/5 3587/1/5 3586/1/5
f 3643/1/5 3588/1/5 3642/1/5
f 3644/2/5 3547/2/5 3588/2/5
f 3644/1/5 3588/1/5 3643/1/5
f 3645/2/5 3547/2/5 3644/2/5
f 3646/2/5 3547/2/5 3645/2/5
f 3647/3/5 3548/3/5 3547/3/5
f 3647/2/5 3547/2/5 3646/2/5
f 3648/5/5 3516/5/5 3548/5/5
f 3648/3/5 3548/3/5 3647/3/5
f 3649/5/5 3589/5/5 3481/5/5
f 3649/5/5 3590/5/5 3589/5/5
f 3650/5/5 3590/5/5 3649/5/5
f 3651/3/5 3591/3/5 3590/3/5
f 3651/5/5 3590/5/5 3650/5/5
f 3652/2/5 3592/2/5 3591/2/5
f 3652/3/5 3591/3/5 3651/3/5
f 3653/2/5 3592/2/5 3652/2/5
f 3654/1/5 3594/1/5 3593/1/5
f 3654/2/5 3592/2/5 3653/2/5
f 3654/1/5 3593/1/5 3592/1/5
f 3655/1/5 3594/1/5 3654/1/5
f 3656/2/5 3595/2/5 3594/2/5
f 3656/1/5 3594/1/5 3655/1/5
f 3656/2/5 3596/2/5 3595/2/5
f 3656/2/5 3597/2/5 3596/2/5
f 3657/1/5 3598/1/5 3597/1/5
f 3657/2/5 3597/2/5 3656/2/5
f 3658/1/5 3598/1/5 3657/1/5
f 3659/2/5 3599/2/5 3598/2/5
f 3659/1/5 3598/1/5 3658/1/5
f 3660/2/5 3599/2/5 3659/2/5
f 3661/2/5 3599/2/5 3660/2/5
f 3662/3/5 3601/3/5 3600/3/5
f 3662/2/5 3599/2/5 3661/2/5
f 3662/3/5 3600/3/5 3599/3/5
f 3663/3/5 3601/3/5 3662/3/5
f 3664/2/5 3602/2/5 3601/2/5
f 3664/3/5 3601/3/5 3663/3/5
f 3664/2/5 3604/2/5 3603/2/5
f 3664/2/5 3603/2/5 3602/2/5
f 3665/2/5 3604/2/5 3664/2/5
f 3666/1/5 3605/1/5 3604/1/5
f 3666/2/5 3604/2/5 3665/2/5
f 3667/3/5 3606/3/5 3605/3/5
f 3667/1/5 3605/1/5 3666/1/5
f 3668/5/5 3608/5/5 3607/5/5
f 3668/3/5 3606/3/5 3667/3/5
f 3668/5/5 3607/5/5 3606/5/5
f 3669/5/5 3608/5/5 3668/5/5
f 3670/2/5 3609/2/5 3608/2/5
f 3670/5/5 3608/5/5 3669/5/5
f 3670/2/5 3610/2/5 3609/2/5
f 3670/2/5 3611/2/5 3610/2/5
f 3671/2/5 3611/2/5 3670/2/5
f 3672/3/5 3560/3/5 3611/3/5
f 3672/2/5 3611/2/5 3671/2/5
f 3673/5/5 3613/5/5 3612/5/5
f 3673/3/5 3560/3/5 3672/3/5
f 3673/5/5 3614/5/5 3613/5/5
f 3673/5/5 3612/5/5 3560/5/5
f 3674/5/5 3614/5/5 3673/5/5
f 3675/3/5 3615/3/5 3614/3/5
f 3675/5/5 3614/5/5 3674/5/5
f 3676/2/5 3616/2/5 3615/2/5
f 3676/3/5 3615/3/5 3675/3/5
f 3677/1/5 3618/1/5 3617/1/5
f 3677/2/5 3616/2/5 3676/2/5
f 3677/1/5 3617/1/5 3616/1/5
f 3678/1/5 3618/1/5 3677/1/5
f 3679/2/5 3619/2/5 3618/2/5
f 3679/1/5 3618/1/5 3678/1/5
f 3680/2/5 3619/2/5 3679/2/5
f 3681/2/5 3619/2/5 3680/2/5
f 3682/1/5 3621/1/5 3620/1/5
f 3682/2/5 3619/2/5 3681/2/5
f 3682/1/5 3620/1/5 3619/1/5
f 3683/1/5 3621/1/5 3682/1/5
f 3684/2/5 3622/2/5 3621/2/5
f 3684/1/5 3621/1/5 3683/1/5
f 3685/3/5 3623/3/5 3622/3/5
f 3685/2/5 3622/2/5 3684/2/5
f 3686/5/5 3625/5/5 3624/5/5
f 3686/3/5 3623/3/5 3685/3/5
f 3686/5/5 3624/5/5 3623/5/5
f 3687/5/5 3625/5/5 3686/5/5
f 3688/3/5 3626/3/5 3577/3/5
f 3688/5/5 3625/5/5 3687/5/5
f 3688/5/5 3577/5/5 3625/5/5
f 3689/2/5 3627/2/5 3626/2/5
f 3689/3/5 3626/3/5 3688/3/5
f 3689/2/5 3629/2/5 3628/2/5
f 3689/2/5 3628/2/5 3627/2/5
f 3690/2/5 3629/2/5 3689/2/5
f 3691/5/5 3630/5/5 3629/5/5
f 3691/2/5 3629/2/5 3690/2/5
f 3691/5/5 3631/5/5 3630/5/5
f 3692/5/5 3631/5/5 3691/5/5
f 3693/3/5 3632/3/5 3631/3/5
f 3693/5/5 3631/5/5 3692/5/5
f 3694/1/5 3633/1/5 3632/1/5
f 3694/3/5 3632/3/5 3693/3/5
f 3695/2/5 3634/2/5 3633/2/5
f 3695/1/5 3633/1/5 3694/1/5
f 3695/2/5 3636/2/5 3635/2/5
f 3695/2/5 3635/2/5 3634/2/5
f 3696/2/5 3636/2/5 3695/2/5
f 3697/3/5 3637/3/5 3636/3/5
f 3697/2/5 3636/2/5 3696/2/5
f 3697/3/5 3638/3/5 3637/3/5
f 3698/3/5 3638/3/5 3697/3/5
f 3699/2/5 3639/2/5 3638/2/5
f 3699/3/5 3638/3/5 3698/3/5
f 3700/2/5 3639/2/5 3699/2/5
f 3701/2/5 3639/2/5 3700/2/5
f 3702/1/5 3640/1/5 3639/1/5
f 3702/2/5 3639/2/5 3701/2/5
f 3703/1/5 3640/1/5 3702/1/5
f 3704/2/5 3643/2/5 3642/2/5
f 3704/1/5 3640/1/5 3703/1/5
f 3704/2/5 3641/2/5 3640/2/5
f 3704/2/5 3642/2/5 3641/2/5
f 3705/1/5 3645/1/5 3644/1/5
f 3705/2/5 3643/2/5 3704/2/5
f 3705/1/5 3644/1/5 3643/1/5
f 3706/1/5 3645/1/5 3705/1/5
f 3707/2/5 3646/2/5 3645/2/5
f 3707/1/5 3645/1/5 3706/1/5
f 3708/2/5 3646/2/5 3707/2/5
f 3709/3/5 3647/3/5 3646/3/5
f 3709/2/5 3646/2/5 3708/2/5
f 3710/5/5 3648/5/5 3647/5/5
f 3710/3/5 3647/3/5 3709/3/5
f 3711/5/5 3516/5/5 3648/5/5
f 3711/5/5 3648/5/5 3710/5/5
f 3712/5/5 3516/5/5 3711/5/5
f 3713/5/5 3651/5/5 3650/5/5
f 3713/2/5 3650/2/5 3649/2/5
f 3713/5/5 3652/5/5 3651/5/5
f 3714/5/5 3652/5/5 3713/5/5
f 3715/3/5 3653/3/5 3652/3/5
f 3715/5/5 3652/5/5 3714/5/5
f 3716/1/5 3655/1/5 3654/1/5
f 3716/3/5 3653/3/5 3715/3/5
f 3716/1/5 3654/1/5 3653/1/5
f 3717/1/5 3655/1/5 3716/1/5
f 3718/1/5 3655/1/5 3717/1/5
f 3719/2/5 3656/2/5 3655/2/5
f 3719/1/5 3655/1/5 3718/1/5
f 3719/2/5 3657/2/5 3656/2/5
f 3719/2/5 3658/2/5 3657/2/5
f 3720/2/5 3658/2/5 3719/2/5
f 3721/1/5 3660/1/5 3659/1/5
f 3721/2/5 3658/2/5 3720/2/5
f 3721/1/5 3659/1/5 3658/1/5
f 3722/2/5 3661/2/5 3660/2/5
f 3722/1/5 3660/1/5 3721/1/5
f 3723/3/5 3663/3/5 3662/3/5
f 3723/2/5 3661/2/5 3722/2/5
f 3723/3/5 3662/3/5 3661/3/5
f 3724/5/5 3664/5/5 3663/5/5
f 3724/3/5 3663/3/5 3723/3/5
f 3725/2/5 3665/2/5 3664/2/5
f 3725/5/5 3664/5/5 3724/5/5
f 3726/2/5 3665/2/5 3725/2/5
f 3727/2/5 3665/2/5 3726/2/5
f 3728/5/5 3669/5/5 3668/5/5
f 3728/2/5 3665/2/5 3727/2/5
f 3728/5/5 3666/5/5 3665/5/5
f 3728/5/5 3668/5/5 3667/5/5
f 3728/5/5 3667/5/5 3666/5/5
f 3729/5/5 3669/5/5 3728/5/5
f 3730/5/5 3669/5/5 3729/5/5
f 3731/2/5 3670/2/5 3669/2/5
f 3731/5/5 3669/5/5 3730/5/5
f 3732/1/5 3671/1/5 3670/1/5
f 3732/2/5 3670/2/5 3731/2/5
f 3733/5/5 3674/5/5 3673/5/5
f 3733/2/5 3672/2/5 3671/2/5
f 3733/2/5 3673/2/5 3672/2/5
f 3734/5/5 3674/5/5 3733/5/5
f 3735/3/5 3675/3/5 3674/3/5
f 3735/5/5 3674/5/5 3734/5/5
f 3736/3/5 3675/3/5 3735/3/5
f 3737/2/5 3678/2/5 3677/2/5
f 3737/3/5 3675/3/5 3736/3/5
f 3737/2/5 3676/2/5 3675/2/5
f 3737/2/5 3677/2/5 3676/2/5
f 3738/1/5 3680/1/5 3679/1/5
f 3738/2/5 3678/2/5 3737/2/5
f 3738/1/5 3679/1/5 3678/1/5
f 3739/1/5 3680/1/5 3738/1/5
f 3740/2/5 3681/2/5 3680/2/5
f 3740/1/5 3680/1/5 3739/1/5
f 3741/2/5 3681/2/5 3740/2/5
f 3742/2/5 3681/2/5 3741/2/5
f 3743/1/5 3683/1/5 3682/1/5
f 3743/2/5 3681/2/5 3742/2/5
f 3743/1/5 3682/1/5 3681/1/5
f 3744/1/5 3683/1/5 3743/1/5
f 3745/2/5 3685/2/5 3684/2/5
f 3745/1/5 3683/1/5 3744/1/5
f 3745/2/5 3686/2/5 3685/2/5
f 3745/2/5 3684/2/5 3683/2/5
f 3746/3/5 3687/3/5 3686/3/5
f 3746/2/5 3686/2/5 3745/2/5
f 3747/3/5 3687/3/5 3746/3/5
f 3748/5/5 3688/5/5 3687/5/5
f 3748/3/5 3687/3/5 3747/3/5
f 3749/5/5 3688/5/5 3748/5/5
f 3750/2/5 3690/2/5 3689/2/5
f 3750/5/5 3688/5/5 3749/5/5
f 3750/2/5 3689/2/5 3688/2/5
f 3751/1/5 3691/1/5 3690/1/5
f 3751/2/5 3692/2/5 3691/2/5
f 3752/5/5 3694/5/5 3693/5/5
f 3752/2/5 3692/2/5 3751/2/5
f 3752/5/5 3693/5/5 3692/5/5
f 3752/5/5 3696/5/5 3695/5/5
f 3752/5/5 3695/5/5 3694/5/5
f 3753/5/5 3696/5/5 3752/5/5
f 3754/5/5 3696/5/5 3753/5/5
f 3755/2/5 3697/2/5 3696/2/5
f 3755/5/5 3696/5/5 3754/5/5
f 3756/2/5 3697/2/5 3755/2/5
f 3757/2/5 3697/2/5 3756/2/5
f 3758/5/5 3698/5/5 3697/5/5
f 3758/2/5 3697/2/5 3757/2/5
f 3759/3/5 3699/3/5 3698/3/5
f 3759/5/5 3698/5/5 3758/5/5
f 3759/3/5 3700/3/5 3699/3/5
f 3760/2/5 3701/2/5 3700/2/5
f 3760/3/5 3700/3/5 3759/3/5
f 3761/1/5 3703/1/5 3702/1/5
f 3761/2/5 3701/2/5 3760/2/5
f 3761/1/5 3702/1/5 3701/1/5
f 3762/2/5 3704/2/5 3703/2/5
f 3762/1/5 3703/1/5 3761/1/5
f 3762/2/5 3706/2/5 3705/2/5
f 3762/2/5 3705/2/5 3704/2/5
f 3763/2/5 3706/2/5 3762/2/5
f 3764/1/5 3708/1/5 3707/1/5
f 3764/2/5 3706/2/5 3763/2/5
f 3764/1/5 3707/1/5 3706/1/5
f 3765/1/5 3708/1/5 3764/1/5
f 3766/1/5 3708/1/5 3765/1/5
f 3767/3/5 3709/3/5 3708/3/5
f 3767/1/5 3708/1/5 3766/1/5
f 3768/5/5 3710/5/5 3709/5/5
f 3768/3/5 3709/3/5 3767/3/5
f 3768/5/5 3711/5/5 3710/5/5
f 3769/5/5 3711/5/5 3768/5/5
f 3770/2/5 3712/2/5 3711/2/5
f 3770/5/5 3711/5/5 3769/5/5
f 3771/2/5 3713/2/5 3649/2/5
f 3772/3/5 3714/3/5 3713/3/5
f 3772/2/5 3713/2/5 3771/2/5
f 3773/5/5 3715/5/5 3714/5/5
f 3773/3/5 3714/3/5 3772/3/5
f 3773/5/5 3716/5/5 3715/5/5
f 3774/3/5 3717/3/5 3716/3/5
f 3774/5/5 3716/5/5 3773/5/5
f 3775/5/5 3718/5/5 3717/5/5
f 3775/3/5 3717/3/5 3774/3/5
f 3776/3/5 3720/3/5 3719/3/5
f 3776/5/5 3718/5/5 3775/5/5
f 3776/3/5 3719/3/5 3718/3/5
f 3777/5/5 3726/5/5 3725/5/5
f 3777/3/5 3720/3/5 3776/3/5
f 3777/5/5 3722/5/5 3721/5/5
f 3777/5/5 3724/5/5 3723/5/5
f 3777/5/5 3721/5/5 3720/5/5
f 3777/5/5 3725/5/5 3724/5/5
f 3777/5/5 3723/5/5 3722/5/5
f 3778/3/5 3727/3/5 3726/3/5
f 3778/5/5 3726/5/5 3777/5/5
f 3779/5/5 3728/5/5 3727/5/5
f 3779/3/5 3727/3/5 3778/3/5
f 3779/5/5 3729/5/5 3728/5/5
f 3780/3/5 3730/3/5 3729/3/5
f 3780/5/5 3729/5/5 3779/5/5
f 3781/5/5 3731/5/5 3730/5/5
f 3781/3/5 3730/3/5 3780/3/5
f 3782/1/5 3732/1/5 3731/1/5
f 3782/5/5 3731/5/5 3781/5/5
f 3783/1/5 3671/1/5 3732/1/5
f 3783/1/5 3732/1/5 3782/1/5
f 3783/2/5 3734/2/5 3733/2/5
f 3783/2/5 3733/2/5 3671/2/5
f 3784/3/5 3736/3/5 3735/3/5
f 3784/2/5 3734/2/5 3783/2/5
f 3784/3/5 3735/3/5 3734/3/5
f 3785/2/5 3739/2/5 3738/2/5
f 3785/3/5 3736/3/5 3784/3/5
f 3785/2/5 3737/2/5 3736/2/5
f 3785/2/5 3738/2/5 3737/2/5
f 3786/1/5 3740/1/5 3739/1/5
f 3786/2/5 3739/2/5 3785/2/5
f 3786/1/5 3741/1/5 3740/1/5
f 3787/2/5 3742/2/5 3741/2/5
f 3787/1/5 3741/1/5 3786/1/5
f 3788/1/5 3744/1/5 3743/1/5
f 3788/2/5 3742/2/5 3787/2/5
f 3788/1/5 3743/1/5 3742/1/5
f 3789/2/5 3747/2/5 3746/2/5
f 3789/1/5 3744/1/5 3788/1/5
f 3789/2/5 3745/2/5 3744/2/5
f 3789/2/5 3746/2/5 3745/2/5
f 3790/3/5 3749/3/5 3748/3/5
f 3790/2/5 3747/2/5 3789/2/5
f 3790/3/5 3748/3/5 3747/3/5
f 3791/2/5 3750/2/5 3749/2/5
f 3791/3/5 3749/3/5 3790/3/5
f 3792/1/5 3751/1/5 3690/1/5
f 3792/2/5 3750/2/5 3791/2/5
f 3792/2/5 3690/2/5 3750/2/5
f 3792/1/5 3752/1/5 3751/1/5
f 3793/5/5 3753/5/5 3752/5/5
f 3793/1/5 3752/1/5 3792/1/5
f 3794/3/5 3754/3/5 3753/3/5
f 3794/5/5 3753/5/5 3793/5/5
f 3795/5/5 3756/5/5 3755/5/5
f 3795/3/5 3754/3/5 3794/3/5
f 3795/5/5 3755/5/5 3754/5/5
f 3796/3/5 3757/3/5 3756/3/5
f 3796/5/5 3756/5/5 3795/5/5
f 3797/5/5 3763/5/5 3762/5/5
f 3797/3/5 3757/3/5 3796/3/5
f 3797/5/5 3761/5/5 3760/5/5
f 3797/5/5 3759/5/5 3758/5/5
f 3797/5/5 3760/5/5 3759/5/5
f 3797/5/5 3758/5/5 3757/5/5
f 3797/5/5 3762/5/5 3761/5/5
f 3798/3/5 3765/3/5 3764/3/5
f 3798/5/5 3763/5/5 3797/5/5
f 3798/3/5 3764/3/5 3763/3/5
f 3799/5/5 3766/5/5 3765/5/5
f 3799/3/5 3765/3/5 3798/3/5
f 3800/3/5 3767/3/5 3766/3/5
f 3800/5/5 3766/5/5 3799/5/5
f 3801/5/5 3769/5/5 3768/5/5
f 3801/3/5 3767/3/5 3800/3/5
f 3801/5/5 3768/5/5 3767/5/5
f 3802/3/5 3770/3/5 3769/3/5
f 3802/5/5 3769/5/5 3801/5/5
f 3803/2/5 3712/2/5 3770/2/5
f 3803/3/5 3770/3/5 3802/3/5
f 3804/2/5 3712/2/5 3803/2/5
f 3805/2/6 3806/2/6 3839/2/6
f 3806/3/6 3807/3/6 3839/3/6
f 3807/5/6 3808/5/6 3840/5/6
f 3839/3/6 3807/3/6 3840/3/6
f 3840/5/6 3808/5/6 3841/5/6
f 3808/3/6 3809/3/6 3842/3/6
f 3841/5/6 3808/5/6 3842/5/6
f 3809/5/6 3810/5/6 3843/5/6
f 3842/3/6 3809/3/6 3843/3/6
f 3810/3/6 3811/3/6 3844/3/6
f 3843/5/6 3810/5/6 3844/5/6
f 3844/3/6 3811/3/6 3845/3/6
f 3811/5/6 3812/5/6 3846/5/6
f 3845/3/6 3811/3/6 3846/3/6
f 3846/5/6 3812/5/6 3847/5/6
f 3847/5/6 3812/5/6 3848/5/6
f 3848/5/6 3812/5/6 3849/5/6
f 3849/5/6 3812/5/6 3850/5/6
f 3850/5/6 3812/5/6 3851/5/6
f 3812/3/6 3813/3/6 3852/3/6
f 3851/5/6 3812/5/6 3852/5/6
f 3813/5/6 3814/5/6 3853/5/6
f 3852/3/6 3813/3/6 3853/3/6
f 3853/5/6 3814/5/6 3854/5/6
f 3814/3/6 3815/3/6 3855/3/6
f 3854/5/6 3814/5/6 3855/5/6
f 3815/5/6 3816/5/6 3856/5/6
f 3855/3/6 3815/3/6 3856/3/6
f 3816/1/6 3817/1/6 3857/1/6
f 3856/5/6 3816/5/6 3857/5/6
f 3857/1/6 3817/1/6 3858/1/6
f 3817/2/6 3818/2/6 3859/2/6
f 3818/3/6 3819/3/6 3860/3/6
f 3859/2/6 3818/2/6 3860/2/6
f 3860/3/6 3819/3/6 3861/3/6
f 3819/2/6 3820/2/6 3862/2/6
f 3861/3/6 3819/3/6 3862/3/6
f 3862/2/6 3820/2/6 3863/2/6
f 3863/2/6 3820/2/6 3864/2/6
f 3820/1/6 3821/1/6 3865/1/6
f 3864/2/6 3820/2/6 3865/2/6
f 3865/1/6 3821/1/6 3866/1/6
f 3821/2/6 3822/2/6 3867/2/6
f 3866/1/6 3821/1/6 3867/1/6
f 3822/1/6 3823/1/6 3868/1/6
f 3867/2/6 3822/2/6 3868/2/6
f 3868/1/6 3823/1/6 3869/1/6
f 3823/2/6 3824/2/6 3870/2/6
f 3869/1/6 3823/1/6 3870/1/6
f 3870/2/6 3824/2/6 3871/2/6
f 3871/2/6 3824/2/6 3872/2/6
f 3824/3/6 3825/3/6 3873/3/6
f 3872/2/6 3824/2/6 3873/2/6
f 3873/3/6 3825/3/6 3874/3/6
f 3825/2/6 3826/2/6 3875/2/6
f 3874/3/6 3825/3/6 3875/3/6
f 3875/2/6 3826/2/6 3876/2/6
f 3826/1/6 3827/1/6 3877/1/6
f 3827/5/6 3828/5/6 3878/5/6
f 3877/1/6 3827/1/6 3878/1/6
f 3828/3/6 3829/3/6 3879/3/6
f 3878/5/6 3828/5/6 3879/5/6
f 3829/5/6 3830/5/6 3880/5/6
f 3879/3/6 3829/3/6 3880/3/6
f 3880/5/6 3830/5/6 3881/5/6
f 3830/3/6 3831/3/6 3882/3/6
f 3881/5/6 3830/5/6 3882/5/6
f 3831/5/6 3832/5/6 3883/5/6
f 3882/3/6 3831/3/6 3883/3/6
f 3883/5/6 3832/5/6 3884/5/6
f 3884/5/6 3832/5/6 3885/5/6
f 3885/5/6 3832/5/6 3886/5/6
f 3886/5/6 3832/5/6 3887/5/6
f 3887/5/6 3832/5/6 3888/5/6
f 3832/3/6 3833/3/6 3889/3/6
f 3888/5/6 3832/5/6 3889/5/6
f 3889/3/6 3833/3/6 3890/3/6
f 3833/5/6 3834/5/6 3891/5/6
f 3890/3/6 3833/3/6 3891/3/6
f 3834/3/6 3835/3/6 3892/3/6
f 3891/5/6 3834/5/6 3892/5/6
f 3835/5/6 3836/5/6 3893/5/6
f 3892/3/6 3835/3/6 3893/3/6
f 3893/5/6 3836/5/6 3894/5/6
f 3836/3/6 3837/3/6 3895/3/6
f 3894/5/6 3836/5/6 3895/5/6
f 3837/2/6 3838/2/6 3896/2/6
f 3895/3/6 3837/3/6 3896/3/6
f 3805/2/6 3839/2/6 3897/2/6
f 3840/5/6 3841/5/6 3898/5/6
f 3897/2/6 3839/2/6 3898/2/6
f 3839/5/6 3840/5/6 3898/5/6
f 3898/5/6 3841/5/6 3899/5/6
f 3841/3/6 3842/3/6 3900/3/6
f 3899/5/6 3841/5/6 3900/5/6
f 3842/1/6 3843/1/6 3901/1/6
f 3900/3/6 3842/3/6 3901/3/6
f 3844/1/6 3845/1/6 3901/1/6
f 3843/1/6 3844/1/6 3901/1/6
f 3901/1/6 3845/1/6 3902/1/6
f 3845/2/6 3846/2/6 3903/2/6
f 3902/1/6 3845/1/6 3903/1/6
f 3846/2/6 3847/2/6 3903/2/6
f 3903/2/6 3847/2/6 3904/2/6
f 3904/2/6 3847/2/6 3905/2/6
f 3847/1/6 3848/1/6 3906/1/6
f 3905/2/6 3847/2/6 3906/2/6
f 3906/1/6 3848/1/6 3907/1/6
f 3848/2/6 3849/2/6 3908/2/6
f 3907/1/6 3848/1/6 3908/1/6
f 3849/3/6 3850/3/6 3909/3/6
f 3908/2/6 3849/2/6 3909/2/6
f 3909/3/6 3850/3/6 3910/3/6
f 3850/5/6 3851/5/6 3911/5/6
f 3910/3/6 3850/3/6 3911/3/6
f 3851/2/6 3852/2/6 3912/2/6
f 3911/5/6 3851/5/6 3912/5/6
f 3853/2/6 3854/2/6 3912/2/6
f 3852/2/6 3853/2/6 3912/2/6
f 3854/5/6 3855/5/6 3913/5/6
f 3912/2/6 3854/2/6 3913/2/6
f 3855/5/6 3856/5/6 3913/5/6
f 3856/5/6 3857/5/6 3913/5/6
f 3913/5/6 3857/5/6 3914/5/6
f 3914/5/6 3857/5/6 3915/5/6
f 3915/5/6 3857/5/6 3916/5/6
f 3857/2/6 3858/2/6 3917/2/6
f 3916/5/6 3857/5/6 3917/5/6
f 3858/1/6 3817/1/6 3918/1/6
f 3917/2/6 3858/2/6 3918/2/6
f 3817/2/6 3859/2/6 3919/2/6
f 3918/1/6 3817/1/6 3919/1/6
f 3919/2/6 3859/2/6 3920/2/6
f 3860/5/6 3861/5/6 3921/5/6
f 3920/2/6 3859/2/6 3921/2/6
f 3859/5/6 3860/5/6 3921/5/6
f 3861/3/6 3862/3/6 3922/3/6
f 3921/5/6 3861/5/6 3922/5/6
f 3862/3/6 3863/3/6 3922/3/6
f 3863/2/6 3864/2/6 3923/2/6
f 3922/3/6 3863/3/6 3923/3/6
f 3923/2/6 3864/2/6 3924/2/6
f 3924/2/6 3864/2/6 3925/2/6
f 3865/1/6 3866/1/6 3926/1/6
f 3925/2/6 3864/2/6 3926/2/6
f 3864/1/6 3865/1/6 3926/1/6
f 3926/1/6 3866/1/6 3927/1/6
f 3866/2/6 3867/2/6 3928/2/6
f 3927/1/6 3866/1/6 3928/1/6
f 3868/2/6 3869/2/6 3928/2/6
f 3867/2/6 3868/2/6 3928/2/6
f 3869/1/6 3870/1/6 3929/1/6
f 3928/2/6 3869/2/6 3929/2/6
f 3870/1/6 3871/1/6 3929/1/6
f 3929/1/6 3871/1/6 3930/1/6
f 3871/2/6 3872/2/6 3931/2/6
f 3930/1/6 3871/1/6 3931/1/6
f 3931/2/6 3872/2/6 3932/2/6
f 3932/2/6 3872/2/6 3933/2/6
f 3873/3/6 3874/3/6 3934/3/6
f 3933/2/6 3872/2/6 3934/2/6
f 3872/3/6 3873/3/6 3934/3/6
f 3874/5/6 3875/5/6 3935/5/6
f 3934/3/6 3874/3/6 3935/3/6
f 3875/5/6 3876/5/6 3935/5/6
f 3876/2/6 3826/2/6 3936/2/6
f 3935/5/6 3876/5/6 3936/5/6
f 3936/2/6 3826/2/6 3937/2/6
f 3826/1/6 3877/1/6 3938/1/6
f 3937/2/6 3826/2/6 3938/2/6
f 3877/2/6 3878/2/6 3939/2/6
f 3938/1/6 3877/1/6 3939/1/6
f 3878/5/6 3879/5/6 3940/5/6
f 3939/2/6 3878/2/6 3940/2/6
f 3880/5/6 3881/5/6 3940/5/6
f 3879/5/6 3880/5/6 3940/5/6
f 3940/5/6 3881/5/6 3941/5/6
f 3941/5/6 3881/5/6 3942/5/6
f 3942/5/6 3881/5/6 3943/5/6
f 3881/2/6 3882/2/6 3944/2/6
f 3943/5/6 3881/5/6 3944/5/6
f 3882/2/6 3883/2/6 3944/2/6
f 3883/2/6 3884/2/6 3944/2/6
f 3884/5/6 3885/5/6 3945/5/6
f 3944/2/6 3884/2/6 3945/2/6
f 3885/3/6 3886/3/6 3946/3/6
f 3945/5/6 3885/5/6 3946/5/6
f 3946/3/6 3886/3/6 3947/3/6
f 3886/2/6 3887/2/6 3948/2/6
f 3947/3/6 3886/3/6 3948/3/6
f 3887/1/6 3888/1/6 3949/1/6
f 3948/2/6 3887/2/6 3949/2/6
f 3949/1/6 3888/1/6 3950/1/6
f 3889/2/6 3890/2/6 3951/2/6
f 3950/1/6 3888/1/6 3951/1/6
f 3888/2/6 3889/2/6 3951/2/6
f 3951/2/6 3890/2/6 3952/2/6
f 3952/2/6 3890/2/6 3953/2/6
f 3890/1/6 3891/1/6 3954/1/6
f 3953/2/6 3890/2/6 3954/2/6
f 3891/1/6 3892/1/6 3954/1/6
f 3892/1/6 3893/1/6 3954/1/6
f 3954/1/6 3893/1/6 3955/1/6
f 3893/3/6 3894/3/6 3956/3/6
f 3955/1/6 3893/1/6 3956/1/6
f 3894/5/6 3895/5/6 3957/5/6
f 3956/3/6 3894/3/6 3957/3/6
f 3895/5/6 3896/5/6 3957/5/6
f 3957/5/6 3896/5/6 3958/5/6
f 3896/2/6 3838/2/6 3959/2/6
f 3958/5/6 3896/5/6 3959/5/6
f 3959/2/6 3838/2/6 3960/2/6
f 3898/5/6 3899/5/6 3961/5/6
f 3897/5/6 3898/5/6 3961/5/6
f 3899/3/6 3900/3/6 3962/3/6
f 3961/5/6 3899/5/6 3962/5/6
f 3901/2/6 3902/2/6 3963/2/6
f 3962/3/6 3900/3/6 3963/3/6
f 3900/2/6 3901/2/6 3963/2/6
f 3903/1/6 3904/1/6 3964/1/6
f 3963/2/6 3902/2/6 3964/2/6
f 3902/1/6 3903/1/6 3964/1/6
f 3964/1/6 3904/1/6 3965/1/6
f 3904/2/6 3905/2/6 3966/2/6
f 3965/1/6 3904/1/6 3966/1/6
f 3966/2/6 3905/2/6 3967/2/6
f 3967/2/6 3905/2/6 3968/2/6
f 3906/1/6 3907/1/6 3969/1/6
f 3968/2/6 3905/2/6 3969/2/6
f 3905/1/6 3906/1/6 3969/1/6
f 3909/2/6 3910/2/6 3970/2/6
f 3969/1/6 3907/1/6 3970/1/6
f 3908/2/6 3909/2/6 3970/2/6
f 3907/2/6 3908/2/6 3970/2/6
f 3910/3/6 3911/3/6 3971/3/6
f 3970/2/6 3910/2/6 3971/2/6
f 3911/3/6 3912/3/6 3971/3/6
f 3971/3/6 3912/3/6 3972/3/6
f 3913/2/6 3914/2/6 3973/2/6
f 3972/3/6 3912/3/6 3973/3/6
f 3912/2/6 3913/2/6 3973/2/6
f 3973/2/6 3914/2/6 3974/2/6
f 3974/2/6 3914/2/6 3975/2/6
f 3914/1/6 3915/1/6 3976/1/6
f 3975/2/6 3914/2/6 3976/2/6
f 3915/3/6 3916/3/6 3977/3/6
f 3976/1/6 3915/1/6 3977/1/6
f 3916/5/6 3917/5/6 3978/5/6
f 3977/3/6 3916/3/6 3978/3/6
f 3917/5/6 3918/5/6 3978/5/6
f 3978/5/6 3918/5/6 3979/5/6
f 3919/2/6 3920/2/6 3980/2/6
f 3979/5/6 3918/5/6 3980/5/6
f 3918/2/6 3919/2/6 3980/2/6
f 3980/2/6 3920/2/6 3981/2/6
f 3981/2/6 3920/2/6 3982/2/6
f 3920/3/6 3921/3/6 3983/3/6
f 3982/2/6 3920/2/6 3983/2/6
f 3921/5/6 3922/5/6 3984/5/6
f 3922/5/6 3923/5/6 3984/5/6
f 3984/5/6 3923/5/6 3985/5/6
f 3923/3/6 3924/3/6 3986/3/6
f 3985/5/6 3923/5/6 3986/5/6
f 3924/2/6 3925/2/6 3987/2/6
f 3986/3/6 3924/3/6 3987/3/6
f 3926/1/6 3927/1/6 3988/1/6
f 3987/2/6 3925/2/6 3988/2/6
f 3925/1/6 3926/1/6 3988/1/6
f 3988/1/6 3927/1/6 3989/1/6
f 3929/2/6 3930/2/6 3990/2/6
f 3989/1/6 3927/1/6 3990/1/6
f 3927/2/6 3928/2/6 3990/2/6
f 3928/2/6 3929/2/6 3990/2/6
f 3931/1/6 3932/1/6 3991/1/6
f 3990/2/6 3930/2/6 3991/2/6
f 3930/1/6 3931/1/6 3991/1/6
f 3991/1/6 3932/1/6 3992/1/6
f 3932/2/6 3933/2/6 3993/2/6
f 3992/1/6 3932/1/6 3993/1/6
f 3933/3/6 3934/3/6 3994/3/6
f 3993/2/6 3933/2/6 3994/2/6
f 3934/5/6 3935/5/6 3995/5/6
f 3994/3/6 3934/3/6 3995/3/6
f 3935/5/6 3936/5/6 3995/5/6
f 3995/5/6 3936/5/6 3996/5/6
f 3996/5/6 3936/5/6 3997/5/6
f 3936/3/6 3937/3/6 3998/3/6
f 3937/2/6 3938/2/6 3998/2/6
f 3938/2/6 3939/2/6 3998/2/6
f 3998/2/6 3939/2/6 3999/2/6
f 3999/2/6 3939/2/6 4000/2/6
f 3940/5/6 3941/5/6 4001/5/6
f 4000/2/6 3939/2/6 4001/2/6
f 3939/5/6 3940/5/6 4001/5/6
f 4001/5/6 3941/5/6 4002/5/6
f 3941/3/6 3942/3/6 4003/3/6
f 4002/5/6 3941/5/6 4003/5/6
f 3942/1/6 3943/1/6 4004/1/6
f 4003/3/6 3942/3/6 4004/3/6
f 3943/2/6 3944/2/6 4005/2/6
f 4004/1/6 3943/1/6 4005/1/6
f 3944/2/6 3945/2/6 4005/2/6
f 4005/2/6 3945/2/6 4006/2/6
f 4006/2/6 3945/2/6 4007/2/6
f 3945/3/6 3946/3/6 4008/3/6
f 4007/2/6 3945/2/6 4008/2/6
f 3946/3/6 3947/3/6 4008/3/6
f 4008/3/6 3947/3/6 4009/3/6
f 3947/2/6 3948/2/6 4010/2/6
f 4009/3/6 3947/3/6 4010/3/6
f 3949/2/6 3950/2/6 4010/2/6
f 3948/2/6 3949/2/6 4010/2/6
f 3951/1/6 3952/1/6 4011/1/6
f 4010/2/6 3950/2/6 4011/2/6
f 3950/1/6 3951/1/6 4011/1/6
f 3952/2/6 3953/2/6 4012/2/6
f 4011/1/6 3952/1/6 4012/1/6
f 4012/2/6 3953/2/6 4013/2/6
f 4013/2/6 3953/2/6 4014/2/6
f 3954/1/6 3955/1/6 4015/1/6
f 4014/2/6 3953/2/6 4015/2/6
f 3953/1/6 3954/1/6 4015/1/6
f 4015/1/6 3955/1/6 4016/1/6
f 3955/2/6 3956/2/6 4017/2/6
f 4016/1/6 3955/1/6 4017/1/6
f 3956/2/6 3957/2/6 4017/2/6
f 3957/3/6 3958/3/6 4018/3/6
f 4017/2/6 3957/2/6 4018/2/6
f 3959/5/6 3960/5/6 4019/5/6
f 4018/3/6 3958/3/6 4019/3/6
f 3958/5/6 3959/5/6 4019/5/6
f 4019/5/6 3960/5/6 4020/5/6
f 3965/1/6 3966/1/6 4021/1/6
f 3962/2/6 3963/2/6 4021/2/6
f 3964/2/6 3965/2/6 4021/2/6
f 3963/2/6 3964/2/6 4021/2/6
f 3966/1/6 3967/1/6 4021/1/6
f 4021/1/6 3967/1/6 4022/1/6
f 3967/2/6 3968/2/6 4023/2/6
f 4022/1/6 3967/1/6 4023/1/6
f 3968/1/6 3969/1/6 4024/1/6
f 4023/2/6 3968/2/6 4024/2/6
f 3969/1/6 3970/1/6 4024/1/6
f 3970/1/6 3971/1/6 4024/1/6
f 3973/1/6 3974/1/6 4025/1/6
f 3972/1/6 3973/1/6 4025/1/6
f 3974/2/6 3975/2/6 4025/2/6
f 3976/1/6 3977/1/6 4026/1/6
f 4025/2/6 3975/2/6 4026/2/6
f 3975/1/6 3976/1/6 4026/1/6
f 3977/1/6 3978/1/6 4026/1/6
f 3978/2/6 3979/2/6 4027/2/6
f 3979/5/6 3980/5/6 4027/5/6
f 3980/5/6 3981/5/6 4027/5/6
f 4027/5/6 3981/5/6 4028/5/6
f 4028/5/6 3981/5/6 4029/5/6
f 3981/2/6 3982/2/6 4030/2/6
f 4029/5/6 3981/5/6 4030/5/6
f 3982/3/6 3983/3/6 4031/3/6
f 4030/2/6 3982/2/6 4031/2/6
f 3983/3/6 3921/3/6 4032/3/6
f 4031/3/6 3983/3/6 4032/3/6
f 3921/5/6 3984/5/6 4032/5/6
f 3984/3/6 3985/3/6 4033/3/6
f 4032/5/6 3984/5/6 4033/5/6
f 3985/5/6 3986/5/6 4034/5/6
f 4033/3/6 3985/3/6 4034/3/6
f 3986/5/6 3987/5/6 4034/5/6
f 4034/5/6 3987/5/6 4035/5/6
f 3987/3/6 3988/3/6 4036/3/6
f 4035/5/6 3987/5/6 4036/5/6
f 3988/1/6 3989/1/6 4037/1/6
f 4036/3/6 3988/3/6 4037/3/6
f 4037/1/6 3989/1/6 4038/1/6
f 4038/1/6 3989/1/6 4039/1/6
f 3991/2/6 3992/2/6 4040/2/6
f 4039/1/6 3989/1/6 4040/1/6
f 3990/2/6 3991/2/6 4040/2/6
f 3989/2/6 3990/2/6 4040/2/6
f 3992/1/6 3993/1/6 4041/1/6
f 4040/2/6 3992/2/6 4041/2/6
f 4041/1/6 3993/1/6 4042/1/6
f 4042/1/6 3993/1/6 4043/1/6
f 3993/3/6 3994/3/6 4044/3/6
f 4043/1/6 3993/1/6 4044/1/6
f 3995/5/6 3996/5/6 4045/5/6
f 4044/3/6 3994/3/6 4045/3/6
f 3994/5/6 3995/5/6 4045/5/6
f 4045/5/6 3996/5/6 4046/5/6
f 3996/3/6 3997/3/6 4047/3/6
f 4046/5/6 3996/5/6 4047/5/6
f 3997/5/6 3936/5/6 4048/5/6
f 4047/3/6 3997/3/6 4048/3/6
f 3936/3/6 3998/3/6 4049/3/6
f 4048/5/6 3936/5/6 4049/5/6
f 3998/3/6 3999/3/6 4049/3/6
f 3999/2/6 4000/2/6 4050/2/6
f 4049/3/6 3999/3/6 4050/3/6
f 4000/5/6 4001/5/6 4051/5/6
f 4050/2/6 4000/2/6 4051/2/6
f 4001/5/6 4002/5/6 4051/5/6
f 4051/5/6 4002/5/6 4052/5/6
f 4052/5/6 4002/5/6 4053/5/6
f 4002/2/6 4003/2/6 4054/2/6
f 4053/5/6 4002/5/6 4054/5/6
f 4006/2/6 4007/2/6 4055/2/6
f 4004/1/6 4005/1/6 4055/1/6
f 4005/1/6 4006/1/6 4055/1/6
f 4003/1/6 4004/1/6 4055/1/6
f 4008/1/6 4009/1/6 4056/1/6
f 4055/2/6 4007/2/6 4056/2/6
f 4007/1/6 4008/1/6 4056/1/6
f 4013/2/6 4014/2/6 4057/2/6
f 4010/1/6 4011/1/6 4057/1/6
f 4012/1/6 4013/1/6 4057/1/6
f 4011/1/6 4012/1/6 4057/1/6
f 4015/1/6 4016/1/6 4058/1/6
f 4057/2/6 4014/2/6 4058/2/6
f 4014/1/6 4015/1/6 4058/1/6
f 4058/1/6 4016/1/6 4059/1/6
f 4016/2/6 4017/2/6 4060/2/6
f 4059/1/6 4016/1/6 4060/1/6
f 4017/2/6 4018/2/6 4060/2/6
f 4018/2/6 4019/2/6 4060/2/6
f 3897/5/6 3961/5/6 4061/5/6
f 3961/3/6 3962/3/6 4061/3/6
f 3962/2/6 4021/2/6 4062/2/6
f 4061/3/6 3962/3/6 4062/3/6
f 4021/2/6 4022/2/6 4062/2/6
f 4022/1/6 4023/1/6 4063/1/6
f 4062/2/6 4022/2/6 4063/2/6
f 4023/1/6 4024/1/6 4063/1/6
f 4063/1/6 4024/1/6 4064/1/6
f 4024/1/6 3971/1/6 4065/1/6
f 4064/1/6 4024/1/6 4065/1/6
f 4065/1/6 3971/1/6 4066/1/6
f 3971/3/6 3972/3/6 4067/3/6
f 4066/1/6 3971/1/6 4067/1/6
f 4030/5/6 4031/5/6 4068/5/6
f 4032/5/6 4033/5/6 4068/5/6
f 4028/3/6 4029/3/6 4068/3/6
f 4031/5/6 4032/5/6 4068/5/6
f 4029/5/6 4030/5/6 4068/5/6
f 4068/5/6 4033/5/6 4069/5/6
f 4033/2/6 4034/2/6 4070/2/6
f 4069/5/6 4033/5/6 4070/5/6
f 4034/2/6 4035/2/6 4070/2/6
f 4035/5/6 4036/5/6 4071/5/6
f 4070/2/6 4035/2/6 4071/2/6
f 4036/5/6 4037/5/6 4071/5/6
f 4071/5/6 4037/5/6 4072/5/6
f 4037/3/6 4038/3/6 4073/3/6
f 4072/5/6 4037/5/6 4073/5/6
f 4038/1/6 4039/1/6 4074/1/6
f 4073/3/6 4038/3/6 4074/3/6
f 4041/2/6 4042/2/6 4075/2/6
f 4074/1/6 4039/1/6 4075/1/6
f 4039/2/6 4040/2/6 4075/2/6
f 4040/2/6 4041/2/6 4075/2/6
f 4075/2/6 4042/2/6 4076/2/6
f 4076/2/6 4042/2/6 4077/2/6
f 4042/1/6 4043/1/6 4078/1/6
f 4077/2/6 4042/2/6 4078/2/6
f 4043/3/6 4044/3/6 4079/3/6
f 4078/1/6 4043/1/6 4079/1/6
f 4045/5/6 4046/5/6 4080/5/6
f 4079/3/6 4044/3/6 4080/3/6
f 4044/5/6 4045/5/6 4080/5/6
f 4080/5/6 4046/5/6 4081/5/6
f 4046/2/6 4047/2/6 4082/2/6
f 4081/5/6 4046/5/6 4082/5/6
f 4047/2/6 4048/2/6 4082/2/6
f 4050/5/6 4051/5/6 4083/5/6
f 4082/2/6 4048/2/6 4083/2/6
f 4048/5/6 4049/5/6 4083/5/6
f 4049/5/6 4050/5/6 4083/5/6
f 4051/5/6 4052/5/6 4083/5/6
f 4083/5/6 4052/5/6 4084/5/6
f 4052/3/6 4053/3/6 4085/3/6
f 4084/5/6 4052/5/6 4085/5/6
f 4010/1/6 4057/1/6 4086/1/6
f 4058/1/6 4059/1/6 4086/1/6
f 4057/1/6 4058/1/6 4086/1/6
f 4009/3/6 4010/3/6 4086/3/6
f 4086/1/6 4059/1/6 4087/1/6
f 4087/1/6 4059/1/6 4088/1/6
f 4088/1/6 4059/1/6 4089/1/6
f 4059/2/6 4060/2/6 4090/2/6
f 4089/1/6 4059/1/6 4090/1/6
f 4060/2/6 4019/2/6 4091/2/6
f 4090/2/6 4060/2/6 4091/2/6
f 4019/3/6 4020/3/6 4091/3/6
f 4020/5/6 3960/5/6 4092/5/6
f 4091/3/6 4020/3/6 4092/3/6
f 3897/5/6 4061/5/6 4093/5/6
f 4061/2/6 4062/2/6 4094/2/6
f 4093/5/6 4061/5/6 4094/5/6
f 4063/2/6 4064/2/6 4094/2/6
f 4062/2/6 4063/2/6 4094/2/6
f 4064/1/6 4065/1/6 4095/1/6
f 4094/2/6 4064/2/6 4095/2/6
f 4095/1/6 4065/1/6 4096/1/6
f 4096/1/6 4065/1/6 4097/1/6
f 4065/2/6 4066/2/6 4098/2/6
f 4097/1/6 4065/1/6 4098/1/6
f 4066/5/6 4067/5/6 4099/5/6
f 4098/2/6 4066/2/6 4099/2/6
f 4067/3/6 3972/3/6 4100/3/6
f 4099/5/6 4067/5/6 4100/5/6
f 3972/1/6 4025/1/6 4101/1/6
f 4100/3/6 3972/3/6 4101/3/6
f 4025/1/6 4026/1/6 4101/1/6
f 4101/1/6 4026/1/6 4102/1/6
f 4026/1/6 3978/1/6 4103/1/6
f 4102/1/6 4026/1/6 4103/1/6
f 3978/2/6 4027/2/6 4104/2/6
f 4103/1/6 3978/1/6 4104/1/6
f 4027/2/6 4028/2/6 4104/2/6
f 4069/2/6 4070/2/6 4105/2/6
f 4071/2/6 4072/2/6 4105/2/6
f 4070/2/6 4071/2/6 4105/2/6
f 4072/5/6 4073/5/6 4106/5/6
f 4105/2/6 4072/2/6 4106/2/6
f 4074/5/6 4075/5/6 4106/5/6
f 4073/5/6 4074/5/6 4106/5/6
f 4106/5/6 4075/5/6 4107/5/6
f 4107/5/6 4075/5/6 4108/5/6
f 4075/3/6 4076/3/6 4109/3/6
f 4108/5/6 4075/5/6 4109/5/6
f 4076/2/6 4077/2/6 4110/2/6
f 4109/3/6 4076/3/6 4110/3/6
f 4077/3/6 4078/3/6 4111/3/6
f 4110/2/6 4077/2/6 4111/2/6
f 4080/5/6 4081/5/6 4112/5/6
f 4111/3/6 4078/3/6 4112/3/6
f 4078/5/6 4079/5/6 4112/5/6
f 4079/5/6 4080/5/6 4112/5/6
f 4112/5/6 4081/5/6 4113/5/6
f 4113/5/6 4081/5/6 4114/5/6
f 4082/2/6 4083/2/6 4115/2/6
f 4114/5/6 4081/5/6 4115/5/6
f 4083/2/6 4084/2/6 4115/2/6
f 4081/2/6 4082/2/6 4115/2/6
f 4115/2/6 4084/2/6 4116/2/6
f 4054/2/6 4003/2/6 4117/2/6
f 4003/1/6 4055/1/6 4117/1/6
f 4055/1/6 4056/1/6 4117/1/6
f 4053/2/6 4054/2/6 4117/2/6
f 4117/1/6 4056/1/6 4118/1/6
f 4056/1/6 4009/1/6 4119/1/6
f 4118/1/6 4056/1/6 4119/1/6
f 4009/3/6 4086/3/6 4120/3/6
f 4119/1/6 4009/1/6 4120/1/6
f 4086/5/6 4087/5/6 4121/5/6
f 4120/3/6 4086/3/6 4121/3/6
f 4087/2/6 4088/2/6 4122/2/6
f 4121/5/6 4087/5/6 4122/5/6
f 4088/1/6 4089/1/6 4123/1/6
f 4122/2/6 4088/2/6 4123/2/6
f 4123/1/6 4089/1/6 4124/1/6
f 4124/1/6 4089/1/6 4125/1/6
f 4089/2/6 4090/2/6 4126/2/6
f 4125/1/6 4089/1/6 4126/1/6
f 4090/2/6 4091/2/6 4126/2/6
f 4091/2/6 4092/2/6 4126/2/6
f 4092/5/6 3960/5/6 4127/5/6
f 4126/2/6 4092/2/6 4127/2/6
f 4127/5/6 3960/5/6 4128/5/6
f 4096/1/6 4097/1/6 4129/1/6
f 4097/2/6 4098/2/6 4130/2/6
f 4129/1/6 4097/1/6 4130/1/6
f 4130/2/6 4098/2/6 4131/2/6
f 4098/3/6 4099/3/6 4132/3/6
f 4131/2/6 4098/2/6 4132/2/6
f 4101/2/6 4102/2/6 4133/2/6
f 4100/2/6 4101/2/6 4133/2/6
f 4102/1/6 4103/1/6 4134/1/6
f 4133/2/6 4102/2/6 4134/2/6
f 4134/1/6 4103/1/6 4135/1/6
f 4135/1/6 4103/1/6 4136/1/6
f 4103/2/6 4104/2/6 4137/2/6
f 4136/1/6 4103/1/6 4137/1/6
f 4137/2/6 4104/2/6 4138/2/6
f 4069/2/6 4105/2/6 4139/2/6
f 4106/1/6 4107/1/6 4140/1/6
f 4139/2/6 4105/2/6 4140/2/6
f 4105/1/6 4106/1/6 4140/1/6
f 4140/1/6 4107/1/6 4141/1/6
f 4107/3/6 4108/3/6 4142/3/6
f 4141/1/6 4107/1/6 4142/1/6
f 4108/5/6 4109/5/6 4143/5/6
f 4142/3/6 4108/3/6 4143/3/6
f 4109/5/6 4110/5/6 4143/5/6
f 4110/2/6 4111/2/6 4144/2/6
f 4143/5/6 4110/5/6 4144/5/6
f 4144/2/6 4111/2/6 4145/2/6
f 4145/2/6 4111/2/6 4146/2/6
f 4112/5/6 4113/5/6 4147/5/6
f 4146/2/6 4111/2/6 4147/2/6
f 4111/5/6 4112/5/6 4147/5/6
f 4113/3/6 4114/3/6 4148/3/6
f 4147/5/6 4113/5/6 4148/5/6
f 4115/1/6 4116/1/6 4149/1/6
f 4148/3/6 4114/3/6 4149/3/6
f 4114/1/6 4115/1/6 4149/1/6
f 4149/1/6 4116/1/6 4150/1/6
f 4116/2/6 4084/2/6 4151/2/6
f 4150/1/6 4116/1/6 4151/1/6
f 4151/2/6 4084/2/6 4152/2/6
f 4117/2/6 4118/2/6 4153/2/6
f 4118/1/6 4119/1/6 4154/1/6
f 4153/2/6 4118/2/6 4154/2/6
f 4154/1/6 4119/1/6 4155/1/6
f 4155/1/6 4119/1/6 4156/1/6
f 4120/2/6 4121/2/6 4157/2/6
f 4156/1/6 4119/1/6 4157/1/6
f 4119/2/6 4120/2/6 4157/2/6
f 4157/2/6 4121/2/6 4158/2/6
f 4123/2/6 4124/2/6 4159/2/6
f 4122/3/6 4123/3/6 4159/3/6
f 4159/2/6 4124/2/6 4160/2/6
f 4124/1/6 4125/1/6 4161/1/6
f 4160/2/6 4124/2/6 4161/2/6
f 4161/1/6 4125/1/6 4162/1/6
f 4095/2/6 4096/2/6 4163/2/6
f 4093/3/6 4094/3/6 4163/3/6
f 4094/2/6 4095/2/6 4163/2/6
f 4163/2/6 4096/2/6 4164/2/6
f 4096/1/6 4129/1/6 4165/1/6
f 4130/2/6 4131/2/6 4166/2/6
f 4165/1/6 4129/1/6 4166/1/6
f 4129/2/6 4130/2/6 4166/2/6
f 4131/3/6 4132/3/6 4167/3/6
f 4166/2/6 4131/2/6 4167/2/6
f 4099/5/6 4100/5/6 4168/5/6
f 4167/3/6 4132/3/6 4168/3/6
f 4132/3/6 4099/3/6 4168/3/6
f 4135/2/6 4136/2/6 4169/2/6
f 4137/1/6 4138/1/6 4169/1/6
f 4136/1/6 4137/1/6 4169/1/6
f 4169/1/6 4138/1/6 4170/1/6
f 4141/2/6 4142/2/6 4171/2/6
f 4142/2/6 4143/2/6 4171/2/6
f 4143/3/6 4144/3/6 4171/3/6
f 4144/3/6 4145/3/6 4171/3/6
f 4171/3/6 4145/3/6 4172/3/6
f 4172/3/6 4145/3/6 4173/3/6
f 4173/3/6 4145/3/6 4174/3/6
f 4145/2/6 4146/2/6 4175/2/6
f 4174/3/6 4145/3/6 4175/3/6
f 4146/3/6 4147/3/6 4176/3/6
f 4175/2/6 4146/2/6 4176/2/6
f 4147/3/6 4148/3/6 4176/3/6
f 4176/3/6 4148/3/6 4177/3/6
f 4177/3/6 4148/3/6 4178/3/6
f 4178/3/6 4148/3/6 4179/3/6
f 4149/2/6 4150/2/6 4180/2/6
f 4179/3/6 4148/3/6 4180/3/6
f 4148/2/6 4149/2/6 4180/2/6
f 4154/1/6 4155/1/6 4181/1/6
f 4153/1/6 4154/1/6 4181/1/6
f 4155/2/6 4156/2/6 4182/2/6
f 4181/1/6 4155/1/6 4182/1/6
f 4159/3/6 4160/3/6 4183/3/6
f 4121/5/6 4122/5/6 4183/5/6
f 4122/3/6 4159/3/6 4183/3/6
f 4161/2/6 4162/2/6 4184/2/6
f 4183/3/6 4160/3/6 4184/3/6
f 4160/2/6 4161/2/6 4184/2/6
f 4162/1/6 4125/1/6 4185/1/6
f 4184/2/6 4162/2/6 4185/2/6
f 4185/1/6 4125/1/6 4186/1/6
f 4125/2/6 4126/2/6 4187/2/6
f 4126/2/6 4127/2/6 4187/2/6
f 4127/3/6 4128/3/6 4188/3/6
f 4187/2/6 4127/2/6 4188/2/6
f 4164/2/6 4096/2/6 4189/2/6
f 4096/1/6 4165/1/6 4190/1/6
f 4189/2/6 4096/2/6 4190/2/6
f 4166/2/6 4167/2/6 4191/2/6
f 4165/2/6 4166/2/6 4191/2/6
f 4167/5/6 4168/5/6 4192/5/6
f 4191/2/6 4167/2/6 4192/2/6
f 4192/5/6 4168/5/6 4193/5/6
f 4100/2/6 4133/2/6 4194/2/6
f 4193/5/6 4168/5/6 4194/5/6
f 4168/5/6 4100/5/6 4194/5/6
f 4133/1/6 4134/1/6 4195/1/6
f 4194/2/6 4133/2/6 4195/2/6
f 4134/1/6 4135/1/6 4195/1/6
f 4169/2/6 4170/2/6 4196/2/6
f 4195/1/6 4135/1/6 4196/1/6
f 4135/2/6 4169/2/6 4196/2/6
f 4170/1/6 4138/1/6 4197/1/6
f 4196/2/6 4170/2/6 4197/2/6
f 4197/1/6 4138/1/6 4198/1/6
f 4138/2/6 4104/2/6 4199/2/6
f 4198/1/6 4138/1/6 4199/1/6
f 4104/2/6 4028/2/6 4200/2/6
f 4199/2/6 4104/2/6 4200/2/6
f 4069/2/6 4139/2/6 4201/2/6
f 4139/1/6 4140/1/6 4202/1/6
f 4201/2/6 4139/2/6 4202/2/6
f 4140/1/6 4141/1/6 4202/1/6
f 4202/1/6 4141/1/6 4203/1/6
f 4141/2/6 4171/2/6 4204/2/6
f 4203/1/6 4141/1/6 4204/1/6
f 4171/2/6 4172/2/6 4204/2/6
f 4172/3/6 4173/3/6 4205/3/6
f 4204/2/6 4172/2/6 4205/2/6
f 4173/5/6 4174/5/6 4206/5/6
f 4205/3/6 4173/3/6 4206/3/6
f 4174/3/6 4175/3/6 4207/3/6
f 4175/3/6 4176/3/6 4207/3/6
f 4176/3/6 4177/3/6 4207/3/6
f 4207/3/6 4177/3/6 4208/3/6
f 4178/3/6 4179/3/6 4209/3/6
f 4177/5/6 4178/5/6 4209/5/6
f 4179/2/6 4180/2/6 4210/2/6
f 4209/3/6 4179/3/6 4210/3/6
f 4180/2/6 4150/2/6 4211/2/6
f 4210/2/6 4180/2/6 4211/2/6
f 4150/1/6 4151/1/6 4211/1/6
f 4151/1/6 4152/1/6 4211/1/6
f 4211/1/6 4152/1/6 4212/1/6
f 4152/2/6 4084/2/6 4213/2/6
f 4212/1/6 4152/1/6 4213/1/6
f 4213/2/6 4084/2/6 4214/2/6
f 4117/2/6 4153/2/6 4215/2/6
f 4053/2/6 4117/2/6 4215/2/6
f 4153/1/6 4181/1/6 4216/1/6
f 4215/2/6 4153/2/6 4216/2/6
f 4216/1/6 4181/1/6 4217/1/6
f 4181/2/6 4182/2/6 4218/2/6
f 4217/1/6 4181/1/6 4218/1/6
f 4182/2/6 4156/2/6 4219/2/6
f 4218/2/6 4182/2/6 4219/2/6
f 4157/1/6 4158/1/6 4219/1/6
f 4156/1/6 4157/1/6 4219/1/6
f 4158/2/6 4121/2/6 4220/2/6
f 4219/1/6 4158/1/6 4220/1/6
f 4183/5/6 4184/5/6 4221/5/6
f 4220/2/6 4121/2/6 4221/2/6
f 4121/5/6 4183/5/6 4221/5/6
f 4221/5/6 4184/5/6 4222/5/6
f 4184/2/6 4185/2/6 4223/2/6
f 4222/5/6 4184/5/6 4223/5/6
f 4185/2/6 4186/2/6 4223/2/6
f 4223/2/6 4186/2/6 4224/2/6
f 4186/1/6 4125/1/6 4225/1/6
f 4125/2/6 4187/2/6 4225/2/6
f 4225/2/6 4187/2/6 4226/2/6
f 4164/2/6 4189/2/6 4227/2/6
f 4163/3/6 4164/3/6 4227/3/6
f 4227/2/6 4189/2/6 4228/2/6
f 4228/2/6 4189/2/6 4229/2/6
f 4189/1/6 4190/1/6 4230/1/6
f 4229/2/6 4189/2/6 4230/2/6
f 4190/1/6 4165/1/6 4231/1/6
f 4230/1/6 4190/1/6 4231/1/6
f 4165/2/6 4191/2/6 4232/2/6
f 4231/1/6 4165/1/6 4232/1/6
f 4191/3/6 4192/3/6 4233/3/6
f 4232/2/6 4191/2/6 4233/2/6
f 4192/5/6 4193/5/6 4234/5/6
f 4233/3/6 4192/3/6 4234/3/6
f 4197/2/6 4198/2/6 4235/2/6
f 4195/2/6 4196/2/6 4235/2/6
f 4194/5/6 4195/5/6 4235/5/6
f 4196/2/6 4197/2/6 4235/2/6
f 4235/2/6 4198/2/6 4236/2/6
f 4198/1/6 4199/1/6 4237/1/6
f 4236/2/6 4198/2/6 4237/2/6
f 4199/1/6 4200/1/6 4237/1/6
f 4237/1/6 4200/1/6 4238/1/6
f 4200/2/6 4028/2/6 4239/2/6
f 4238/1/6 4200/1/6 4239/1/6
f 4239/2/6 4028/2/6 4240/2/6
f 4068/3/6 4069/3/6 4241/3/6
f 4240/2/6 4028/2/6 4241/2/6
f 4028/3/6 4068/3/6 4241/3/6
f 4241/3/6 4069/3/6 4242/3/6
f 4069/2/6 4201/2/6 4243/2/6
f 4242/3/6 4069/3/6 4243/3/6
f 4201/1/6 4202/1/6 4244/1/6
f 4243/2/6 4201/2/6 4244/2/6
f 4202/1/6 4203/1/6 4244/1/6
f 4204/2/6 4205/2/6 4245/2/6
f 4244/1/6 4203/1/6 4245/1/6
f 4203/2/6 4204/2/6 4245/2/6
f 4245/2/6 4205/2/6 4246/2/6
f 4206/5/6 4174/5/6 4247/5/6
f 4205/5/6 4206/5/6 4247/5/6
f 4174/3/6 4207/3/6 4248/3/6
f 4247/5/6 4174/5/6 4248/5/6
f 4248/3/6 4207/3/6 4249/3/6
f 4207/2/6 4208/2/6 4250/2/6
f 4249/3/6 4207/3/6 4250/3/6
f 4208/3/6 4177/3/6 4251/3/6
f 4250/2/6 4208/2/6 4251/2/6
f 4251/3/6 4177/3/6 4252/3/6
f 4209/5/6 4210/5/6 4253/5/6
f 4252/3/6 4177/3/6 4253/3/6
f 4177/5/6 4209/5/6 4253/5/6
f 4253/5/6 4210/5/6 4254/5/6
f 4211/2/6 4212/2/6 4255/2/6
f 4210/2/6 4211/2/6 4255/2/6
f 4212/1/6 4213/1/6 4256/1/6
f 4255/2/6 4212/2/6 4256/2/6
f 4213/1/6 4214/1/6 4256/1/6
f 4214/2/6 4084/2/6 4257/2/6
f 4256/1/6 4214/1/6 4257/1/6
f 4084/3/6 4085/3/6 4258/3/6
f 4257/2/6 4084/2/6 4258/2/6
f 4085/3/6 4053/3/6 4259/3/6
f 4258/3/6 4085/3/6 4259/3/6
f 4053/2/6 4215/2/6 4260/2/6
f 4259/3/6 4053/3/6 4260/3/6
f 4260/2/6 4215/2/6 4261/2/6
f 4215/1/6 4216/1/6 4262/1/6
f 4261/2/6 4215/2/6 4262/2/6
f 4216/1/6 4217/1/6 4262/1/6
f 4262/1/6 4217/1/6 4263/1/6
f 4217/2/6 4218/2/6 4264/2/6
f 4263/1/6 4217/1/6 4264/1/6
f 4218/2/6 4219/2/6 4264/2/6
f 4219/2/6 4220/2/6 4264/2/6
f 4264/2/6 4220/2/6 4265/2/6
f 4220/5/6 4221/5/6 4266/5/6
f 4265/2/6 4220/2/6 4266/2/6
f 4223/3/6 4224/3/6 4267/3/6
f 4222/5/6 4223/5/6 4267/5/6
f 4224/2/6 4186/2/6 4268/2/6
f 4267/3/6 4224/3/6 4268/3/6
f 4225/1/6 4226/1/6 4269/1/6
f 4268/2/6 4186/2/6 4269/2/6
f 4186/1/6 4225/1/6 4269/1/6
f 4269/1/6 4226/1/6 4270/1/6
f 4226/2/6 4187/2/6 4271/2/6
f 4270/1/6 4226/1/6 4271/1/6
f 4271/2/6 4187/2/6 4272/2/6
f 4272/2/6 4187/2/6 4273/2/6
f 4187/3/6 4188/3/6 4274/3/6
f 4273/2/6 4187/2/6 4274/2/6
f 4227/3/6 4228/3/6 4275/3/6
f 4163/3/6 4227/3/6 4275/3/6
f 4228/2/6 4229/2/6 4276/2/6
f 4275/3/6 4228/3/6 4276/3/6
f 4276/2/6 4229/2/6 4277/2/6
f 4234/5/6 4193/5/6 4278/5/6
f 4233/5/6 4234/5/6 4278/5/6
f 4193/3/6 4194/3/6 4279/3/6
f 4278/5/6 4193/5/6 4279/5/6
f 4279/3/6 4194/3/6 4280/3/6
f 4235/5/6 4236/5/6 4281/5/6
f 4280/3/6 4194/3/6 4281/3/6
f 4194/5/6 4235/5/6 4281/5/6
f 4237/2/6 4238/2/6 4282/2/6
f 4281/5/6 4236/5/6 4282/5/6
f 4236/2/6 4237/2/6 4282/2/6
f 4282/2/6 4238/2/6 4283/2/6
f 4283/2/6 4238/2/6 4284/2/6
f 4243/1/6 4244/1/6 4285/1/6
f 4245/1/6 4246/1/6 4285/1/6
f 4242/1/6 4243/1/6 4285/1/6
f 4244/1/6 4245/1/6 4285/1/6
f 4285/1/6 4246/1/6 4286/1/6
f 4246/2/6 4205/2/6 4287/2/6
f 4286/1/6 4246/1/6 4287/1/6
f 4287/2/6 4205/2/6 4288/2/6
f 4210/2/6 4255/2/6 4289/2/6
f 4257/1/6 4258/1/6 4290/1/6
f 4289/2/6 4255/2/6 4290/2/6
f 4256/1/6 4257/1/6 4290/1/6
f 4258/1/6 4259/1/6 4290/1/6
f 4255/1/6 4256/1/6 4290/1/6
f 4290/1/6 4259/1/6 4291/1/6
f 4291/1/6 4259/1/6 4292/1/6
f 4264/2/6 4265/2/6 4293/2/6
f 4263/2/6 4264/2/6 4293/2/6
f 4293/2/6 4265/2/6 4294/2/6
f 4265/5/6 4266/5/6 4295/5/6
f 4294/2/6 4265/2/6 4295/2/6
f 4221/3/6 4222/3/6 4296/3/6
f 4295/5/6 4266/5/6 4296/5/6
f 4266/5/6 4221/5/6 4296/5/6
f 4296/3/6 4222/3/6 4297/3/6
f 4222/5/6 4267/5/6 4298/5/6
f 4297/3/6 4222/3/6 4298/3/6
f 4267/5/6 4268/5/6 4298/5/6
f 4298/5/6 4268/5/6 4299/5/6
f 4272/2/6 4273/2/6 4300/2/6
f 4273/3/6 4274/3/6 4301/3/6
f 4300/2/6 4273/2/6 4301/2/6
f 4274/3/6 4188/3/6 4302/3/6
f 4301/3/6 4274/3/6 4302/3/6
f 4093/3/6 4163/3/6 4303/3/6
f 4163/3/6 4275/3/6 4303/3/6
f 4276/5/6 4277/5/6 4304/5/6
f 4303/3/6 4275/3/6 4304/3/6
f 4275/5/6 4276/5/6 4304/5/6
f 4304/5/6 4277/5/6 4305/5/6
f 4305/5/6 4277/5/6 4306/5/6
f 4277/2/6 4229/2/6 4307/2/6
f 4306/5/6 4277/5/6 4307/5/6
f 4229/1/6 4230/1/6 4308/1/6
f 4307/2/6 4229/2/6 4308/2/6
f 4230/1/6 4231/1/6 4308/1/6
f 4308/1/6 4231/1/6 4309/1/6
f 4232/2/6 4233/2/6 4310/2/6
f 4309/1/6 4231/1/6 4310/1/6
f 4231/2/6 4232/2/6 4310/2/6
f 4310/2/6 4233/2/6 4311/2/6
f 4233/5/6 4278/5/6 4312/5/6
f 4311/2/6 4233/2/6 4312/2/6
f 4278/3/6 4279/3/6 4313/3/6
f 4312/5/6 4278/5/6 4313/5/6
f 4279/2/6 4280/2/6 4314/2/6
f 4313/3/6 4279/3/6 4314/3/6
f 4280/1/6 4281/1/6 4315/1/6
f 4282/5/6 4283/5/6 4315/5/6
f 4281/1/6 4282/1/6 4315/1/6
f 4283/3/6 4284/3/6 4316/3/6
f 4315/5/6 4283/5/6 4316/5/6
f 4284/2/6 4238/2/6 4317/2/6
f 4316/3/6 4284/3/6 4317/3/6
f 4317/2/6 4238/2/6 4318/2/6
f 4239/1/6 4240/1/6 4319/1/6
f 4318/2/6 4238/2/6 4319/2/6
f 4238/1/6 4239/1/6 4319/1/6
f 4319/1/6 4240/1/6 4320/1/6
f 4241/3/6 4242/3/6 4321/3/6
f 4320/1/6 4240/1/6 4321/1/6
f 4240/3/6 4241/3/6 4321/3/6
f 4242/1/6 4285/1/6 4322/1/6
f 4321/3/6 4242/3/6 4322/3/6
f 4285/2/6 4286/2/6 4323/2/6
f 4322/1/6 4285/1/6 4323/1/6
f 4287/1/6 4288/1/6 4324/1/6
f 4323/2/6 4286/2/6 4324/2/6
f 4286/1/6 4287/1/6 4324/1/6
f 4324/1/6 4288/1/6 4325/1/6
f 4288/2/6 4205/2/6 4326/2/6
f 4325/1/6 4288/1/6 4326/1/6
f 4205/5/6 4247/5/6 4327/5/6
f 4326/2/6 4205/2/6 4327/2/6
f 4247/3/6 4248/3/6 4328/3/6
f 4327/5/6 4247/5/6 4328/5/6
f 4248/3/6 4249/3/6 4328/3/6
f 4328/3/6 4249/3/6 4329/3/6
f 4249/2/6 4250/2/6 4330/2/6
f 4329/3/6 4249/3/6 4330/3/6
f 4251/2/6 4252/2/6 4330/2/6
f 4250/2/6 4251/2/6 4330/2/6
f 4253/3/6 4254/3/6 4331/3/6
f 4330/2/6 4252/2/6 4331/2/6
f 4252/3/6 4253/3/6 4331/3/6
f 4331/3/6 4254/3/6 4332/3/6
f 4254/5/6 4210/5/6 4333/5/6
f 4332/3/6 4254/3/6 4333/3/6
f 4210/2/6 4289/2/6 4334/2/6
f 4333/5/6 4210/5/6 4334/5/6
f 4290/1/6 4291/1/6 4335/1/6
f 4334/2/6 4289/2/6 4335/2/6
f 4289/1/6 4290/1/6 4335/1/6
f 4335/1/6 4291/1/6 4336/1/6
f 4291/2/6 4292/2/6 4337/2/6
f 4336/1/6 4291/1/6 4337/1/6
f 4292/1/6 4259/1/6 4338/1/6
f 4337/2/6 4292/2/6 4338/2/6
f 4260/3/6 4261/3/6 4339/3/6
f 4338/1/6 4259/1/6 4339/1/6
f 4259/3/6 4260/3/6 4339/3/6
f 4262/1/6 4263/1/6 4340/1/6
f 4339/3/6 4261/3/6 4340/3/6
f 4261/1/6 4262/1/6 4340/1/6
f 4340/1/6 4263/1/6 4341/1/6
f 4263/2/6 4293/2/6 4342/2/6
f 4341/1/6 4263/1/6 4342/1/6
f 4342/2/6 4293/2/6 4343/2/6
f 4293/3/6 4294/3/6 4344/3/6
f 4343/2/6 4293/2/6 4344/2/6
f 4294/5/6 4295/5/6 4345/5/6
f 4344/3/6 4294/3/6 4345/3/6
f 4296/1/6 4297/1/6 4346/1/6
f 4345/5/6 4295/5/6 4346/5/6
f 4295/1/6 4296/1/6 4346/1/6
f 4298/3/6 4299/3/6 4347/3/6
f 4297/2/6 4298/2/6 4347/2/6
f 4299/5/6 4268/5/6 4348/5/6
f 4347/3/6 4299/3/6 4348/3/6
f 4269/2/6 4270/2/6 4349/2/6
f 4348/5/6 4268/5/6 4349/5/6
f 4268/2/6 4269/2/6 4349/2/6
f 4349/2/6 4270/2/6 4350/2/6
f 4270/1/6 4271/1/6 4351/1/6
f 4350/2/6 4270/2/6 4351/2/6
f 4271/1/6 4272/1/6 4351/1/6
f 4351/1/6 4272/1/6 4352/1/6
f 4272/2/6 4300/2/6 4353/2/6
f 4352/1/6 4272/1/6 4353/1/6
f 4301/5/6 4302/5/6 4354/5/6
f 4353/2/6 4300/2/6 4354/2/6
f 4300/5/6 4301/5/6 4354/5/6
f 4354/5/6 4302/5/6 4355/5/6
f 4355/5/6 4302/5/6 4356/5/6
f 4302/3/6 4188/3/6 4357/3/6
f 4356/5/6 4302/5/6 4357/5/6
f 4188/3/6 4128/3/6 4358/3/6
f 4357/3/6 4188/3/6 4358/3/6
f 4303/2/6 4304/2/6 4359/2/6
f 4305/3/6 4306/3/6 4359/3/6
f 4304/2/6 4305/2/6 4359/2/6
f 4306/5/6 4307/5/6 4360/5/6
f 4359/3/6 4306/3/6 4360/3/6
f 4307/5/6 4308/5/6 4360/5/6
f 4360/5/6 4308/5/6 4361/5/6
f 4308/1/6 4309/1/6 4362/1/6
f 4361/5/6 4308/5/6 4362/5/6
f 4362/1/6 4309/1/6 4363/1/6
f 4310/2/6 4311/2/6 4364/2/6
f 4309/2/6 4310/2/6 4364/2/6
f 4311/3/6 4312/3/6 4365/3/6
f 4364/2/6 4311/2/6 4365/2/6
f 4312/5/6 4313/5/6 4366/5/6
f 4365/3/6 4312/3/6 4366/3/6
f 4313/2/6 4314/2/6 4367/2/6
f 4366/5/6 4313/5/6 4367/5/6
f 4315/2/6 4316/2/6 4368/2/6
f 4317/3/6 4318/3/6 4368/3/6
f 4316/3/6 4317/3/6 4368/3/6
f 4368/3/6 4318/3/6 4369/3/6
f 4319/2/6 4320/2/6 4370/2/6
f 4369/3/6 4318/3/6 4370/3/6
f 4318/2/6 4319/2/6 4370/2/6
f 4370/2/6 4320/2/6 4371/2/6
f 4371/2/6 4320/2/6 4372/2/6
f 4321/3/6 4322/3/6 4373/3/6
f 4372/2/6 4320/2/6 4373/2/6
f 4320/3/6 4321/3/6 4373/3/6
f 4373/3/6 4322/3/6 4374/3/6
f 4322/2/6 4323/2/6 4375/2/6
f 4374/3/6 4322/3/6 4375/3/6
f 4324/2/6 4325/2/6 4375/2/6
f 4323/2/6 4324/2/6 4375/2/6
f 4375/2/6 4325/2/6 4376/2/6
f 4326/1/6 4327/1/6 4377/1/6
f 4376/2/6 4325/2/6 4377/2/6
f 4325/1/6 4326/1/6 4377/1/6
f 4377/1/6 4327/1/6 4378/1/6
f 4331/2/6 4332/2/6 4379/2/6
f 4330/2/6 4331/2/6 4379/2/6
f 4329/2/6 4330/2/6 4379/2/6
f 4379/2/6 4332/2/6 4380/2/6
f 4334/1/6 4335/1/6 4381/1/6
f 4335/1/6 4336/1/6 4381/1/6
f 4338/2/6 4339/2/6 4382/2/6
f 4381/1/6 4336/1/6 4382/1/6
f 4337/2/6 4338/2/6 4382/2/6
f 4336/2/6 4337/2/6 4382/2/6
f 4382/2/6 4339/2/6 4383/2/6
f 4340/3/6 4341/3/6 4384/3/6
f 4383/2/6 4339/2/6 4384/2/6
f 4339/3/6 4340/3/6 4384/3/6
f 4384/3/6 4341/3/6 4385/3/6
f 4341/2/6 4342/2/6 4386/2/6
f 4385/3/6 4341/3/6 4386/3/6
f 4342/2/6 4343/2/6 4386/2/6
f 4386/2/6 4343/2/6 4387/2/6
f 4387/2/6 4343/2/6 4388/2/6
f 4344/3/6 4345/3/6 4389/3/6
f 4388/2/6 4343/2/6 4389/2/6
f 4343/3/6 4344/3/6 4389/3/6
f 4389/3/6 4345/3/6 4390/3/6
f 4345/2/6 4346/2/6 4391/2/6
f 4390/3/6 4345/3/6 4391/3/6
f 4347/2/6 4348/2/6 4392/2/6
f 4348/5/6 4349/5/6 4392/5/6
f 4349/3/6 4350/3/6 4393/3/6
f 4392/5/6 4349/5/6 4393/5/6
f 4350/2/6 4351/2/6 4394/2/6
f 4393/3/6 4350/3/6 4394/3/6
f 4351/2/6 4352/2/6 4394/2/6
f 4394/2/6 4352/2/6 4395/2/6
f 4352/1/6 4353/1/6 4396/1/6
f 4353/5/6 4354/5/6 4397/5/6
f 4396/1/6 4353/1/6 4397/1/6
f 4354/5/6 4355/5/6 4397/5/6
f 4397/5/6 4355/5/6 4398/5/6
f 4355/3/6 4356/3/6 4399/3/6
f 4398/5/6 4355/5/6 4399/5/6
f 4356/2/6 4357/2/6 4400/2/6
f 4399/3/6 4356/3/6 4400/3/6
f 4357/2/6 4358/2/6 4400/2/6
f 4360/3/6 4361/3/6 4401/3/6
f 4359/2/6 4360/2/6 4401/2/6
f 4361/5/6 4362/5/6 4402/5/6
f 4401/3/6 4361/3/6 4402/3/6
f 4362/5/6 4363/5/6 4402/5/6
f 4402/5/6 4363/5/6 4403/5/6
f 4363/1/6 4309/1/6 4404/1/6
f 4403/5/6 4363/5/6 4404/5/6
f 4404/1/6 4309/1/6 4405/1/6
f 4309/2/6 4364/2/6 4406/2/6
f 4405/1/6 4309/1/6 4406/1/6
f 4406/2/6 4364/2/6 4407/2/6
f 4407/2/6 4364/2/6 4408/2/6
f 4364/3/6 4365/3/6 4409/3/6
f 4408/2/6 4364/2/6 4409/2/6
f 4365/3/6 4366/3/6 4409/3/6
f 4409/3/6 4366/3/6 4410/3/6
f 4366/2/6 4367/2/6 4411/2/6
f 4410/3/6 4366/3/6 4411/3/6
f 4368/2/6 4369/2/6 4412/2/6
f 4370/3/6 4371/3/6 4412/3/6
f 4369/3/6 4370/3/6 4412/3/6
f 4412/3/6 4371/3/6 4413/3/6
f 4371/5/6 4372/5/6 4414/5/6
f 4373/3/6 4374/3/6 4415/3/6
f 4414/5/6 4372/5/6 4415/5/6
f 4372/3/6 4373/3/6 4415/3/6
f 4415/3/6 4374/3/6 4416/3/6
f 4374/5/6 4375/5/6 4417/5/6
f 4416/3/6 4374/3/6 4417/3/6
f 4377/2/6 4378/2/6 4418/2/6
f 4375/3/6 4376/3/6 4418/3/6
f 4376/2/6 4377/2/6 4418/2/6
f 4418/2/6 4378/2/6 4419/2/6
f 4378/1/6 4327/1/6 4420/1/6
f 4419/2/6 4378/2/6 4420/2/6
f 4420/1/6 4327/1/6 4421/1/6
f 4421/1/6 4327/1/6 4422/1/6
f 4328/3/6 4329/3/6 4423/3/6
f 4422/1/6 4327/1/6 4423/1/6
f 4327/3/6 4328/3/6 4423/3/6
f 4329/2/6 4379/2/6 4424/2/6
f 4423/3/6 4329/3/6 4424/3/6
f 4379/1/6 4380/1/6 4425/1/6
f 4424/2/6 4379/2/6 4425/2/6
f 4380/2/6 4332/2/6 4426/2/6
f 4425/1/6 4380/1/6 4426/1/6
f 4332/3/6 4333/3/6 4427/3/6
f 4426/2/6 4332/2/6 4427/2/6
f 4333/3/6 4334/3/6 4427/3/6
f 4334/1/6 4381/1/6 4428/1/6
f 4427/3/6 4334/3/6 4428/3/6
f 4428/1/6 4381/1/6 4429/1/6
f 4429/1/6 4381/1/6 4430/1/6
f 4382/2/6 4383/2/6 4431/2/6
f 4430/1/6 4381/1/6 4431/1/6
f 4381/2/6 4382/2/6 4431/2/6
f 4431/2/6 4383/2/6 4432/2/6
f 4383/3/6 4384/3/6 4433/3/6
f 4432/2/6 4383/2/6 4433/2/6
f 4386/3/6 4387/3/6 4434/3/6
f 4384/5/6 4385/5/6 4434/5/6
f 4385/3/6 4386/3/6 4434/3/6
f 4434/3/6 4387/3/6 4435/3/6
f 4387/5/6 4388/5/6 4436/5/6
f 4435/3/6 4387/3/6 4436/3/6
f 4436/5/6 4388/5/6 4437/5/6
f 4388/3/6 4389/3/6 4438/3/6
f 4389/3/6 4390/3/6 4438/3/6
f 4390/2/6 4391/2/6 4439/2/6
f 4438/3/6 4390/3/6 4439/3/6
f 4392/2/6 4393/2/6 4440/2/6
f 4394/3/6 4395/3/6 4440/3/6
f 4393/3/6 4394/3/6 4440/3/6
f 4440/3/6 4395/3/6 4441/3/6
f 4395/2/6 4352/2/6 4442/2/6
f 4441/3/6 4395/3/6 4442/3/6
f 4442/2/6 4352/2/6 4443/2/6
f 4443/2/6 4352/2/6 4444/2/6
f 4352/1/6 4396/1/6 4445/1/6
f 4444/2/6 4352/2/6 4445/2/6
f 4445/1/6 4396/1/6 4446/1/6
f 4397/5/6 4398/5/6 4447/5/6
f 4446/1/6 4396/1/6 4447/1/6
f 4396/5/6 4397/5/6 4447/5/6
f 4447/5/6 4398/5/6 4448/5/6
f 4398/3/6 4399/3/6 4449/3/6
f 4448/5/6 4398/5/6 4449/5/6
f 4399/2/6 4400/2/6 4450/2/6
f 4449/3/6 4399/3/6 4450/3/6
f 4402/3/6 4403/3/6 4451/3/6
f 4401/1/6 4402/1/6 4451/1/6
f 4404/5/6 4405/5/6 4452/5/6
f 4451/3/6 4403/3/6 4452/3/6
f 4403/5/6 4404/5/6 4452/5/6
f 4452/5/6 4405/5/6 4453/5/6
f 4406/1/6 4407/1/6 4454/1/6
f 4453/5/6 4405/5/6 4454/5/6
f 4405/1/6 4406/1/6 4454/1/6
f 4454/1/6 4407/1/6 4455/1/6
f 4407/2/6 4408/2/6 4456/2/6
f 4455/1/6 4407/1/6 4456/1/6
f 4456/2/6 4408/2/6 4457/2/6
f 4457/2/6 4408/2/6 4458/2/6
f 4409/5/6 4410/5/6 4459/5/6
f 4458/2/6 4408/2/6 4459/2/6
f 4408/5/6 4409/5/6 4459/5/6
f 4459/5/6 4410/5/6 4460/5/6
f 4410/2/6 4411/2/6 4461/2/6
f 4460/5/6 4410/5/6 4461/5/6
f 4412/2/6 4413/2/6 4462/2/6
f 4280/1/6 4315/1/6 4462/1/6
f 4315/2/6 4368/2/6 4462/2/6
f 4368/2/6 4412/2/6 4462/2/6
f 4462/2/6 4413/2/6 4463/2/6
f 4414/3/6 4415/3/6 4464/3/6
f 4415/3/6 4416/3/6 4464/3/6
f 4464/3/6 4416/3/6 4465/3/6
f 4465/3/6 4416/3/6 4466/3/6
f 4416/5/6 4417/5/6 4467/5/6
f 4466/3/6 4416/3/6 4467/3/6
f 4467/5/6 4417/5/6 4468/5/6
f 4417/5/6 4375/5/6 4469/5/6
f 4468/5/6 4417/5/6 4469/5/6
f 4418/3/6 4419/3/6 4470/3/6
f 4469/5/6 4375/5/6 4470/5/6
f 4375/3/6 4418/3/6 4470/3/6
f 4470/3/6 4419/3/6 4471/3/6
f 4421/1/6 4422/1/6 4472/1/6
f 4420/2/6 4421/2/6 4472/2/6
f 4419/2/6 4420/2/6 4472/2/6
f 4472/1/6 4422/1/6 4473/1/6
f 4422/3/6 4423/3/6 4474/3/6
f 4473/1/6 4422/1/6 4474/1/6
f 4423/3/6 4424/3/6 4474/3/6
f 4474/3/6 4424/3/6 4475/3/6
f 4475/3/6 4424/3/6 4476/3/6
f 4425/1/6 4426/1/6 4477/1/6
f 4476/3/6 4424/3/6 4477/3/6
f 4426/1/6 4427/1/6 4477/1/6
f 4424/1/6 4425/1/6 4477/1/6
f 4428/3/6 4429/3/6 4478/3/6
f 4477/1/6 4427/1/6 4478/1/6
f 4427/3/6 4428/3/6 4478/3/6
f 4478/3/6 4429/3/6 4479/3/6
f 4479/3/6 4429/3/6 4480/3/6
f 4429/1/6 4430/1/6 4481/1/6
f 4480/3/6 4429/3/6 4481/3/6
f 4481/1/6 4430/1/6 4482/1/6
f 4431/2/6 4432/2/6 4483/2/6
f 4482/1/6 4430/1/6 4483/1/6
f 4430/2/6 4431/2/6 4483/2/6
f 4433/3/6 4384/3/6 4484/3/6
f 4432/3/6 4433/3/6 4484/3/6
f 4434/5/6 4435/5/6 4485/5/6
f 4484/3/6 4384/3/6 4485/3/6
f 4384/5/6 4434/5/6 4485/5/6
f 4485/5/6 4435/5/6 4486/5/6
f 4486/5/6 4435/5/6 4487/5/6
f 4436/3/6 4437/3/6 4488/3/6
f 4487/5/6 4435/5/6 4488/5/6
f 4435/3/6 4436/3/6 4488/3/6
f 4488/3/6 4437/3/6 4489/3/6
f 4489/3/6 4437/3/6 4490/3/6
f 4490/3/6 4437/3/6 4491/3/6
f 4391/2/6 4346/2/6 4492/2/6
f 4439/2/6 4391/2/6 4492/2/6
f 4438/2/6 4439/2/6 4492/2/6
f 4346/1/6 4297/1/6 4493/1/6
f 4492/2/6 4346/2/6 4493/2/6
f 4440/2/6 4441/2/6 4494/2/6
f 4441/5/6 4442/5/6 4494/5/6
f 4442/5/6 4443/5/6 4494/5/6
f 4494/5/6 4443/5/6 4495/5/6
f 4443/2/6 4444/2/6 4496/2/6
f 4495/5/6 4443/5/6 4496/5/6
f 4496/2/6 4444/2/6 4497/2/6
f 4497/2/6 4444/2/6 4498/2/6
f 4445/1/6 4446/1/6 4499/1/6
f 4498/2/6 4444/2/6 4499/2/6
f 4444/1/6 4445/1/6 4499/1/6
f 4499/1/6 4446/1/6 4500/1/6
f 4447/5/6 4448/5/6 4501/5/6
f 4500/1/6 4446/1/6 4501/1/6
f 4446/5/6 4447/5/6 4501/5/6
f 4501/5/6 4448/5/6 4502/5/6
f 4448/3/6 4449/3/6 4503/3/6
f 4502/5/6 4448/5/6 4503/5/6
f 4449/1/6 4450/1/6 4504/1/6
f 4503/3/6 4449/3/6 4504/3/6
f 4452/3/6 4453/3/6 4505/3/6
f 4451/1/6 4452/1/6 4505/1/6
f 4454/5/6 4455/5/6 4506/5/6
f 4505/3/6 4453/3/6 4506/3/6
f 4453/5/6 4454/5/6 4506/5/6
f 4506/5/6 4455/5/6 4507/5/6
f 4456/2/6 4457/2/6 4508/2/6
f 4507/5/6 4455/5/6 4508/5/6
f 4455/2/6 4456/2/6 4508/2/6
f 4508/2/6 4457/2/6 4509/2/6
f 4457/3/6 4458/3/6 4510/3/6
f 4509/2/6 4457/2/6 4510/2/6
f 4459/5/6 4460/5/6 4511/5/6
f 4510/3/6 4458/3/6 4511/3/6
f 4458/5/6 4459/5/6 4511/5/6
f 4511/5/6 4460/5/6 4512/5/6
f 4460/2/6 4461/2/6 4513/2/6
f 4512/5/6 4460/5/6 4513/5/6
f 4413/3/6 4371/3/6 4514/3/6
f 4463/2/6 4413/2/6 4514/2/6
f 4371/5/6 4414/5/6 4515/5/6
f 4514/3/6 4371/3/6 4515/3/6
f 4414/3/6 4464/3/6 4516/3/6
f 4515/5/6 4414/5/6 4516/5/6
f 4464/2/6 4465/2/6 4517/2/6
f 4516/3/6 4464/3/6 4517/3/6
f 4465/3/6 4466/3/6 4518/3/6
f 4517/2/6 4465/2/6 4518/2/6
f 4467/5/6 4468/5/6 4519/5/6
f 4518/3/6 4466/3/6 4519/3/6
f 4466/5/6 4467/5/6 4519/5/6
f 4468/3/6 4469/3/6 4520/3/6
f 4519/5/6 4468/5/6 4520/5/6
f 4520/3/6 4469/3/6 4521/3/6
f 4470/5/6 4471/5/6 4522/5/6
f 4521/3/6 4469/3/6 4522/3/6
f 4469/5/6 4470/5/6 4522/5/6
f 4522/5/6 4471/5/6 4523/5/6
f 4471/3/6 4419/3/6 4524/3/6
f 4523/5/6 4471/5/6 4524/5/6
f 4472/2/6 4473/2/6 4525/2/6
f 4524/3/6 4419/3/6 4525/3/6
f 4419/2/6 4472/2/6 4525/2/6
f 4525/2/6 4473/2/6 4526/2/6
f 4526/2/6 4473/2/6 4527/2/6
f 4474/3/6 4475/3/6 4528/3/6
f 4527/2/6 4473/2/6 4528/2/6
f 4473/3/6 4474/3/6 4528/3/6
f 4476/1/6 4477/1/6 4529/1/6
f 4478/1/6 4479/1/6 4529/1/6
f 4477/1/6 4478/1/6 4529/1/6
f 4529/1/6 4479/1/6 4530/1/6
f 4482/2/6 4483/2/6 4531/2/6
f 4481/3/6 4482/3/6 4531/3/6
f 4480/3/6 4481/3/6 4531/3/6
f 4483/2/6 4432/2/6 4532/2/6
f 4531/2/6 4483/2/6 4532/2/6
f 4532/2/6 4432/2/6 4533/2/6
f 4432/3/6 4484/3/6 4534/3/6
f 4533/2/6 4432/2/6 4534/2/6
f 4485/5/6 4486/5/6 4535/5/6
f 4534/3/6 4484/3/6 4535/3/6
f 4484/5/6 4485/5/6 4535/5/6
f 4535/5/6 4486/5/6 4536/5/6
f 4486/3/6 4487/3/6 4537/3/6
f 4536/5/6 4486/5/6 4537/5/6
f 4537/3/6 4487/3/6 4538/3/6
f 4488/5/6 4489/5/6 4539/5/6
f 4538/3/6 4487/3/6 4539/3/6
f 4487/5/6 4488/5/6 4539/5/6
f 4489/3/6 4490/3/6 4540/3/6
f 4539/5/6 4489/5/6 4540/5/6
f 4490/2/6 4491/2/6 4541/2/6
f 4540/3/6 4490/3/6 4541/3/6
f 4491/3/6 4437/3/6 4542/3/6
f 4541/2/6 4491/2/6 4542/2/6
f 4437/5/6 4388/5/6 4543/5/6
f 4542/3/6 4437/3/6 4543/3/6
f 4388/3/6 4438/3/6 4544/3/6
f 4543/5/6 4388/5/6 4544/5/6
f 4438/2/6 4492/2/6 4545/2/6
f 4544/3/6 4438/3/6 4545/3/6
f 4496/5/6 4497/5/6 4546/5/6
f 4494/2/6 4495/2/6 4546/2/6
f 4495/5/6 4496/5/6 4546/5/6
f 4546/5/6 4497/5/6 4547/5/6
f 4497/3/6 4498/3/6 4548/3/6
f 4547/5/6 4497/5/6 4548/5/6
f 4499/2/6 4500/2/6 4549/2/6
f 4548/3/6 4498/3/6 4549/3/6
f 4498/2/6 4499/2/6 4549/2/6
f 4549/2/6 4500/2/6 4550/2/6
f 4501/5/6 4502/5/6 4551/5/6
f 4550/2/6 4500/2/6 4551/2/6
f 4500/5/6 4501/5/6 4551/5/6
f 4551/5/6 4502/5/6 4552/5/6
f 4502/3/6 4503/3/6 4553/3/6
f 4552/5/6 4502/5/6 4553/5/6
f 4503/1/6 4504/1/6 4554/1/6
f 4553/3/6 4503/3/6 4554/3/6
f 4508/3/6 4509/3/6 4555/3/6
f 4507/5/6 4508/5/6 4555/5/6
f 4555/3/6 4509/3/6 4556/3/6
f 4509/5/6 4510/5/6 4557/5/6
f 4556/3/6 4509/3/6 4557/3/6
f 4511/5/6 4512/5/6 4557/5/6
f 4510/5/6 4511/5/6 4557/5/6
f 4557/5/6 4512/5/6 4558/5/6
f 4512/2/6 4513/2/6 4559/2/6
f 4558/5/6 4512/5/6 4559/5/6
f 4513/2/6 4461/2/6 4560/2/6
f 4559/2/6 4513/2/6 4560/2/6
f 4314/2/6 4280/2/6 4560/2/6
f 4411/2/6 4367/2/6 4560/2/6
f 4367/2/6 4314/2/6 4560/2/6
f 4461/2/6 4411/2/6 4560/2/6
f 4462/1/6 4463/1/6 4561/1/6
f 4560/2/6 4280/2/6 4561/2/6
f 4280/1/6 4462/1/6 4561/1/6
f 4463/2/6 4514/2/6 4562/2/6
f 4561/1/6 4463/1/6 4562/1/6
f 4562/2/6 4514/2/6 4563/2/6
f 4563/2/6 4514/2/6 4564/2/6
f 4514/5/6 4515/5/6 4565/5/6
f 4564/2/6 4514/2/6 4565/2/6
f 4515/3/6 4516/3/6 4566/3/6
f 4565/5/6 4515/5/6 4566/5/6
f 4518/2/6 4519/2/6 4567/2/6
f 4566/3/6 4516/3/6 4567/3/6
f 4517/2/6 4518/2/6 4567/2/6
f 4516/2/6 4517/2/6 4567/2/6
f 4567/2/6 4519/2/6 4568/2/6
f 4520/1/6 4521/1/6 4569/1/6
f 4568/2/6 4519/2/6 4569/2/6
f 4519/1/6 4520/1/6 4569/1/6
f 4522/3/6 4523/3/6 4570/3/6
f 4521/2/6 4522/2/6 4570/2/6
f 4523/5/6 4524/5/6 4571/5/6
f 4570/3/6 4523/3/6 4571/3/6
f 4524/5/6 4525/5/6 4571/5/6
f 4571/5/6 4525/5/6 4572/5/6
f 4525/3/6 4526/3/6 4573/3/6
f 4572/5/6 4525/5/6 4573/5/6
f 4526/2/6 4527/2/6 4574/2/6
f 4573/3/6 4526/3/6 4574/3/6
f 4574/2/6 4527/2/6 4575/2/6
f 4575/2/6 4527/2/6 4576/2/6
f 4527/3/6 4528/3/6 4577/3/6
f 4576/2/6 4527/2/6 4577/2/6
f 4528/3/6 4475/3/6 4578/3/6
f 4577/3/6 4528/3/6 4578/3/6
f 4475/5/6 4476/5/6 4579/5/6
f 4578/3/6 4475/3/6 4579/3/6
f 4476/1/6 4529/1/6 4580/1/6
f 4529/2/6 4530/2/6 4581/2/6
f 4580/1/6 4529/1/6 4581/1/6
f 4530/1/6 4479/1/6 4582/1/6
f 4581/2/6 4530/2/6 4582/2/6
f 4582/1/6 4479/1/6 4583/1/6
f 4480/3/6 4531/3/6 4584/3/6
f 4479/5/6 4480/5/6 4584/5/6
f 4531/3/6 4532/3/6 4584/3/6
f 4584/3/6 4532/3/6 4585/3/6
f 4532/2/6 4533/2/6 4586/2/6
f 4585/3/6 4532/3/6 4586/3/6
f 4586/2/6 4533/2/6 4587/2/6
f 4587/2/6 4533/2/6 4588/2/6
f 4533/3/6 4534/3/6 4589/3/6
f 4588/2/6 4533/2/6 4589/2/6
f 4534/5/6 4535/5/6 4590/5/6
f 4589/3/6 4534/3/6 4590/3/6
f 4535/5/6 4536/5/6 4590/5/6
f 4590/5/6 4536/5/6 4591/5/6
f 4536/3/6 4537/3/6 4592/3/6
f 4591/5/6 4536/5/6 4592/5/6
f 4537/2/6 4538/2/6 4593/2/6
f 4592/3/6 4537/3/6 4593/3/6
f 4540/2/6 4541/2/6 4594/2/6
f 4539/1/6 4540/1/6 4594/1/6
f 4538/1/6 4539/1/6 4594/1/6
f 4541/2/6 4542/2/6 4594/2/6
f 4542/2/6 4543/2/6 4594/2/6
f 4594/2/6 4543/2/6 4595/2/6
f 4543/3/6 4544/3/6 4596/3/6
f 4595/2/6 4543/2/6 4596/2/6
f 4544/5/6 4545/5/6 4597/5/6
f 4596/3/6 4544/3/6 4597/3/6
f 4545/2/6 4492/2/6 4598/2/6
f 4597/5/6 4545/5/6 4598/5/6
f 4598/2/6 4492/2/6 4599/2/6
f 4599/2/6 4492/2/6 4600/2/6
f 4492/1/6 4493/1/6 4601/1/6
f 4600/2/6 4492/2/6 4601/2/6
f 4546/2/6 4547/2/6 4602/2/6
f 4601/1/6 4493/1/6 4602/1/6
f 4493/1/6 4297/1/6 4602/1/6
f 4440/2/6 4494/2/6 4602/2/6
f 4297/2/6 4347/2/6 4602/2/6
f 4347/2/6 4392/2/6 4602/2/6
f 4494/2/6 4546/2/6 4602/2/6
f 4392/2/6 4440/2/6 4602/2/6
f 4602/2/6 4547/2/6 4603/2/6
f 4547/5/6 4548/5/6 4604/5/6
f 4603/2/6 4547/2/6 4604/2/6
f 4549/5/6 4550/5/6 4604/5/6
f 4548/5/6 4549/5/6 4604/5/6
f 4604/5/6 4550/5/6 4605/5/6
f 4550/3/6 4551/3/6 4606/3/6
f 4605/5/6 4550/5/6 4606/5/6
f 4606/3/6 4551/3/6 4607/3/6
f 4551/5/6 4552/5/6 4608/5/6
f 4607/3/6 4551/3/6 4608/3/6
f 4555/5/6 4556/5/6 4609/5/6
f 4507/5/6 4555/5/6 4609/5/6
f 4506/1/6 4507/1/6 4609/1/6
f 4505/1/6 4506/1/6 4609/1/6
f 4556/3/6 4557/3/6 4610/3/6
f 4609/5/6 4556/5/6 4610/5/6
f 4557/3/6 4558/3/6 4610/3/6
f 4558/2/6 4559/2/6 4611/2/6
f 4559/2/6 4560/2/6 4611/2/6
f 4560/1/6 4561/1/6 4612/1/6
f 4611/2/6 4560/2/6 4612/2/6
f 4562/1/6 4563/1/6 4612/1/6
f 4561/1/6 4562/1/6 4612/1/6
f 4612/1/6 4563/1/6 4613/1/6
f 4613/1/6 4563/1/6 4614/1/6
f 4563/2/6 4564/2/6 4615/2/6
f 4614/1/6 4563/1/6 4615/1/6
f 4564/3/6 4565/3/6 4616/3/6
f 4615/2/6 4564/2/6 4616/2/6
f 4565/5/6 4566/5/6 4617/5/6
f 4616/3/6 4565/3/6 4617/3/6
f 4567/2/6 4568/2/6 4618/2/6
f 4566/2/6 4567/2/6 4618/2/6
f 4568/1/6 4569/1/6 4619/1/6
f 4618/2/6 4568/2/6 4619/2/6
f 4569/1/6 4521/1/6 4620/1/6
f 4619/1/6 4569/1/6 4620/1/6
f 4521/2/6 4570/2/6 4621/2/6
f 4620/1/6 4521/1/6 4621/1/6
f 4570/2/6 4571/2/6 4621/2/6
f 4571/3/6 4572/3/6 4622/3/6
f 4621/2/6 4571/2/6 4622/2/6
f 4572/5/6 4573/5/6 4623/5/6
f 4622/3/6 4572/3/6 4623/3/6
f 4573/5/6 4574/5/6 4623/5/6
f 4623/5/6 4574/5/6 4624/5/6
f 4574/3/6 4575/3/6 4625/3/6
f 4624/5/6 4574/5/6 4625/5/6
f 4625/3/6 4575/3/6 4626/3/6
f 4575/2/6 4576/2/6 4627/2/6
f 4626/3/6 4575/3/6 4627/3/6
f 4577/3/6 4578/3/6 4628/3/6
f 4627/2/6 4576/2/6 4628/2/6
f 4576/3/6 4577/3/6 4628/3/6
f 4628/3/6 4578/3/6 4629/3/6
f 4629/3/6 4578/3/6 4630/3/6
f 4476/1/6 4580/1/6 4631/1/6
f 4581/2/6 4582/2/6 4632/2/6
f 4631/1/6 4580/1/6 4632/1/6
f 4582/2/6 4583/2/6 4632/2/6
f 4580/2/6 4581/2/6 4632/2/6
f 4583/1/6 4479/1/6 4633/1/6
f 4632/2/6 4583/2/6 4633/2/6
f 4633/1/6 4479/1/6 4634/1/6
f 4585/3/6 4586/3/6 4635/3/6
f 4586/3/6 4587/3/6 4635/3/6
f 4635/3/6 4587/3/6 4636/3/6
f 4587/2/6 4588/2/6 4637/2/6
f 4636/3/6 4587/3/6 4637/3/6
f 4588/3/6 4589/3/6 4638/3/6
f 4637/2/6 4588/2/6 4638/2/6
f 4638/3/6 4589/3/6 4639/3/6
f 4590/5/6 4591/5/6 4640/5/6
f 4639/3/6 4589/3/6 4640/3/6
f 4589/5/6 4590/5/6 4640/5/6
f 4640/5/6 4591/5/6 4641/5/6
f 4591/3/6 4592/3/6 4642/3/6
f 4641/5/6 4591/5/6 4642/5/6
f 4592/2/6 4593/2/6 4643/2/6
f 4642/3/6 4592/3/6 4643/3/6
f 4593/2/6 4538/2/6 4644/2/6
f 4643/2/6 4593/2/6 4644/2/6
f 4594/1/6 4595/1/6 4644/1/6
f 4538/1/6 4594/1/6 4644/1/6
f 4644/1/6 4595/1/6 4645/1/6
f 4596/2/6 4597/2/6 4646/2/6
f 4645/1/6 4595/1/6 4646/1/6
f 4595/2/6 4596/2/6 4646/2/6
f 4646/2/6 4597/2/6 4647/2/6
f 4598/3/6 4599/3/6 4648/3/6
f 4597/5/6 4598/5/6 4648/5/6
f 4599/2/6 4600/2/6 4649/2/6
f 4648/3/6 4599/3/6 4649/3/6
f 4600/1/6 4601/1/6 4650/1/6
f 4649/2/6 4600/2/6 4650/2/6
f 4602/1/6 4603/1/6 4650/1/6
f 4601/1/6 4602/1/6 4650/1/6
f 4650/1/6 4603/1/6 4651/1/6
f 4651/1/6 4603/1/6 4652/1/6
f 4603/2/6 4604/2/6 4653/2/6
f 4652/1/6 4603/1/6 4653/1/6
f 4604/2/6 4605/2/6 4653/2/6
f 4653/2/6 4605/2/6 4654/2/6
f 4607/5/6 4608/5/6 4655/5/6
f 4605/3/6 4606/3/6 4655/3/6
f 4606/3/6 4607/3/6 4655/3/6
f 4608/5/6 4552/5/6 4656/5/6
f 4655/5/6 4608/5/6 4656/5/6
f 4553/1/6 4554/1/6 4656/1/6
f 4552/1/6 4553/1/6 4656/1/6
f 4505/1/6 4609/1/6 4657/1/6
f 4609/2/6 4610/2/6 4657/2/6
f 4657/2/6 4610/2/6 4658/2/6
f 4610/3/6 4558/3/6 4659/3/6
f 4658/2/6 4610/2/6 4659/2/6
f 4659/3/6 4558/3/6 4660/3/6
f 4558/2/6 4611/2/6 4661/2/6
f 4612/1/6 4613/1/6 4662/1/6
f 4661/2/6 4611/2/6 4662/2/6
f 4611/1/6 4612/1/6 4662/1/6
f 4662/1/6 4613/1/6 4663/1/6
f 4613/2/6 4614/2/6 4664/2/6
f 4663/1/6 4613/1/6 4664/1/6
f 4615/1/6 4616/1/6 4665/1/6
f 4664/2/6 4614/2/6 4665/2/6
f 4614/1/6 4615/1/6 4665/1/6
f 4665/1/6 4616/1/6 4666/1/6
f 4616/5/6 4617/5/6 4667/5/6
f 4666/1/6 4616/1/6 4667/1/6
f 4617/5/6 4566/5/6 4668/5/6
f 4667/5/6 4617/5/6 4668/5/6
f 4566/2/6 4618/2/6 4668/2/6
f 4618/1/6 4619/1/6 4669/1/6
f 4668/2/6 4618/2/6 4669/2/6
f 4619/1/6 4620/1/6 4669/1/6
f 4621/2/6 4622/2/6 4670/2/6
f 4620/2/6 4621/2/6 4670/2/6
f 4623/3/6 4624/3/6 4670/3/6
f 4622/2/6 4623/2/6 4670/2/6
f 4624/5/6 4625/5/6 4671/5/6
f 4670/3/6 4624/3/6 4671/3/6
f 4626/5/6 4627/5/6 4672/5/6
f 4627/5/6 4628/5/6 4672/5/6
f 4625/2/6 4626/2/6 4672/2/6
f 4628/3/6 4629/3/6 4673/3/6
f 4672/5/6 4628/5/6 4673/5/6
f 4629/2/6 4630/2/6 4674/2/6
f 4673/3/6 4629/3/6 4674/3/6
f 4630/3/6 4578/3/6 4675/3/6
f 4674/2/6 4630/2/6 4675/2/6
f 4578/5/6 4579/5/6 4676/5/6
f 4675/3/6 4578/3/6 4676/3/6
f 4476/1/6 4631/1/6 4677/1/6
f 4676/5/6 4579/5/6 4677/5/6
f 4579/5/6 4476/5/6 4677/5/6
f 4631/2/6 4632/2/6 4678/2/6
f 4677/1/6 4631/1/6 4678/1/6
f 4632/2/6 4633/2/6 4678/2/6
f 4633/2/6 4634/2/6 4678/2/6
f 4634/1/6 4479/1/6 4679/1/6
f 4678/2/6 4634/2/6 4679/2/6
f 4584/5/6 4585/5/6 4680/5/6
f 4679/1/6 4479/1/6 4680/1/6
f 4479/5/6 4584/5/6 4680/5/6
f 4585/3/6 4635/3/6 4681/3/6
f 4680/5/6 4585/5/6 4681/5/6
f 4635/2/6 4636/2/6 4682/2/6
f 4681/3/6 4635/3/6 4682/3/6
f 4636/3/6 4637/3/6 4683/3/6
f 4682/2/6 4636/2/6 4683/2/6
f 4638/5/6 4639/5/6 4684/5/6
f 4683/3/6 4637/3/6 4684/3/6
f 4637/5/6 4638/5/6 4684/5/6
f 4639/2/6 4640/2/6 4685/2/6
f 4684/5/6 4639/5/6 4685/5/6
f 4641/3/6 4642/3/6 4686/3/6
f 4640/5/6 4641/5/6 4686/5/6
f 4642/2/6 4643/2/6 4687/2/6
f 4686/3/6 4642/3/6 4687/3/6
f 4644/2/6 4645/2/6 4687/2/6
f 4643/2/6 4644/2/6 4687/2/6
f 4645/1/6 4646/1/6 4688/1/6
f 4647/2/6 4597/2/6 4688/2/6
f 4646/1/6 4647/1/6 4688/1/6
f 4648/5/6 4649/5/6 4689/5/6
f 4688/2/6 4597/2/6 4689/2/6
f 4597/5/6 4648/5/6 4689/5/6
f 4650/1/6 4651/1/6 4690/1/6
f 4689/5/6 4649/5/6 4690/5/6
f 4649/1/6 4650/1/6 4690/1/6
f 4690/1/6 4651/1/6 4691/1/6
f 4651/2/6 4652/2/6 4692/2/6
f 4691/1/6 4651/1/6 4692/1/6
f 4653/1/6 4654/1/6 4693/1/6
f 4692/2/6 4652/2/6 4693/2/6
f 4652/1/6 4653/1/6 4693/1/6
f 4693/1/6 4654/1/6 4694/1/6
f 4654/2/6 4605/2/6 4695/2/6
f 4694/1/6 4654/1/6 4695/1/6
f 4695/2/6 4605/2/6 4696/2/6
f 4605/3/6 4655/3/6 4697/3/6
f 4655/2/6 4656/2/6 4698/2/6
f 4697/3/6 4655/3/6 4698/3/6
f 4698/2/6 4656/2/6 4699/2/6
f 4656/1/6 4554/1/6 4700/1/6
f 4699/2/6 4656/2/6 4700/2/6
f 4558/2/6 4661/2/6 4701/2/6
f 4662/1/6 4663/1/6 4702/1/6
f 4701/2/6 4661/2/6 4702/2/6
f 4661/1/6 4662/1/6 4702/1/6
f 4663/2/6 4664/2/6 4703/2/6
f 4667/1/6 4668/1/6 4703/1/6
f 4668/1/6 4669/1/6 4703/1/6
f 4666/1/6 4667/1/6 4703/1/6
f 4665/2/6 4666/2/6 4703/2/6
f 4664/2/6 4665/2/6 4703/2/6
f 4703/1/6 4669/1/6 4704/1/6
f 4704/1/6 4669/1/6 4705/1/6
f 4675/1/6 4676/1/6 4706/1/6
f 4676/3/6 4677/3/6 4706/3/6
f 4677/3/6 4678/3/6 4706/3/6
f 4706/3/6 4678/3/6 4707/3/6
f 4678/2/6 4679/2/6 4708/2/6
f 4707/3/6 4678/3/6 4708/3/6
f 4708/2/6 4679/2/6 4709/2/6
f 4709/2/6 4679/2/6 4710/2/6
f 4679/3/6 4680/3/6 4711/3/6
f 4710/2/6 4679/2/6 4711/2/6
f 4680/3/6 4681/3/6 4711/3/6
f 4711/3/6 4681/3/6 4712/3/6
f 4681/1/6 4682/1/6 4713/1/6
f 4712/3/6 4681/3/6 4713/3/6
f 4690/1/6 4691/1/6 4714/1/6
f 4688/1/6 4689/1/6 4714/1/6
f 4689/1/6 4690/1/6 4714/1/6
f 4714/1/6 4691/1/6 4715/1/6
f 4693/2/6 4694/2/6 4716/2/6
f 4715/1/6 4691/1/6 4716/1/6
f 4691/2/6 4692/2/6 4716/2/6
f 4692/2/6 4693/2/6 4716/2/6
f 4696/2/6 4605/2/6 4717/2/6
f 4695/1/6 4696/1/6 4717/1/6
f 4694/1/6 4695/1/6 4717/1/6
f 4717/2/6 4605/2/6 4718/2/6
f 4303/2/6 4359/2/6 4719/2/6
f 4359/2/6 4401/2/6 4719/2/6
f 4657/1/6 4658/1/6 4720/1/6
f 4719/2/6 4401/2/6 4720/2/6
f 4451/1/6 4505/1/6 4720/1/6
f 4505/1/6 4657/1/6 4720/1/6
f 4401/1/6 4451/1/6 4720/1/6
f 4660/3/6 4558/3/6 4721/3/6
f 4558/2/6 4701/2/6 4721/2/6
f 4721/2/6 4701/2/6 4722/2/6
f 4701/1/6 4702/1/6 4723/1/6
f 4722/2/6 4701/2/6 4723/2/6
f 4702/1/6 4663/1/6 4724/1/6
f 4723/1/6 4702/1/6 4724/1/6
f 4663/2/6 4703/2/6 4725/2/6
f 4724/1/6 4663/1/6 4725/1/6
f 4703/2/6 4704/2/6 4725/2/6
f 4725/2/6 4704/2/6 4726/2/6
f 4704/3/6 4705/3/6 4727/3/6
f 4726/2/6 4704/2/6 4727/2/6
f 4705/1/6 4669/1/6 4728/1/6
f 4727/3/6 4705/3/6 4728/3/6
f 4728/1/6 4669/1/6 4729/1/6
f 4706/1/6 4707/1/6 4730/1/6
f 4707/5/6 4708/5/6 4730/5/6
f 4730/5/6 4708/5/6 4731/5/6
f 4708/3/6 4709/3/6 4732/3/6
f 4731/5/6 4708/5/6 4732/5/6
f 4709/2/6 4710/2/6 4733/2/6
f 4732/3/6 4709/3/6 4733/3/6
f 4710/3/6 4711/3/6 4734/3/6
f 4733/2/6 4710/2/6 4734/2/6
f 4711/5/6 4712/5/6 4735/5/6
f 4734/3/6 4711/3/6 4735/3/6
f 4735/5/6 4712/5/6 4736/5/6
f 4712/1/6 4713/1/6 4737/1/6
f 4736/5/6 4712/5/6 4737/5/6
f 4688/1/6 4714/1/6 4738/1/6
f 4714/3/6 4715/3/6 4739/3/6
f 4738/1/6 4714/1/6 4739/1/6
f 4715/2/6 4716/2/6 4740/2/6
f 4739/3/6 4715/3/6 4740/3/6
f 4716/2/6 4694/2/6 4741/2/6
f 4740/2/6 4716/2/6 4741/2/6
f 4694/1/6 4717/1/6 4742/1/6
f 4741/2/6 4694/2/6 4742/2/6
f 4717/1/6 4718/1/6 4742/1/6
f 4742/1/6 4718/1/6 4743/1/6
f 4718/2/6 4605/2/6 4744/2/6
f 4743/1/6 4718/1/6 4744/1/6
f 4744/2/6 4605/2/6 4745/2/6
f 4605/3/6 4697/3/6 4746/3/6
f 4745/2/6 4605/2/6 4746/2/6
f 4554/1/6 4504/1/6 4747/1/6
f 4699/1/6 4700/1/6 4747/1/6
f 4700/1/6 4554/1/6 4747/1/6
f 4450/2/6 4400/2/6 4747/2/6
f 4504/1/6 4450/1/6 4747/1/6
f 4400/2/6 4358/2/6 4748/2/6
f 4747/2/6 4400/2/6 4748/2/6
f 4303/2/6 4719/2/6 4749/2/6
f 4719/1/6 4720/1/6 4750/1/6
f 4749/2/6 4719/2/6 4750/2/6
f 4721/3/6 4722/3/6 4751/3/6
f 4658/2/6 4659/2/6 4751/2/6
f 4659/2/6 4660/2/6 4751/2/6
f 4660/3/6 4721/3/6 4751/3/6
f 4751/3/6 4722/3/6 4752/3/6
f 4722/1/6 4723/1/6 4753/1/6
f 4723/1/6 4724/1/6 4753/1/6
f 4725/2/6 4726/2/6 4754/2/6
f 4753/1/6 4724/1/6 4754/1/6
f 4724/2/6 4725/2/6 4754/2/6
f 4754/2/6 4726/2/6 4755/2/6
f 4726/3/6 4727/3/6 4756/3/6
f 4755/2/6 4726/2/6 4756/2/6
f 4727/3/6 4728/3/6 4756/3/6
f 4756/3/6 4728/3/6 4757/3/6
f 4728/2/6 4729/2/6 4758/2/6
f 4757/3/6 4728/3/6 4758/3/6
f 4729/1/6 4669/1/6 4759/1/6
f 4669/1/6 4620/1/6 4760/1/6
f 4759/1/6 4669/1/6 4760/1/6
f 4670/2/6 4671/2/6 4761/2/6
f 4760/1/6 4620/1/6 4761/1/6
f 4620/2/6 4670/2/6 4761/2/6
f 4761/2/6 4671/2/6 4762/2/6
f 4762/2/6 4671/2/6 4763/2/6
f 4671/5/6 4625/5/6 4764/5/6
f 4763/2/6 4671/2/6 4764/2/6
f 4672/2/6 4673/2/6 4765/2/6
f 4764/5/6 4625/5/6 4765/5/6
f 4625/2/6 4672/2/6 4765/2/6
f 4673/2/6 4674/2/6 4765/2/6
f 4674/2/6 4675/2/6 4765/2/6
f 4765/2/6 4675/2/6 4766/2/6
f 4675/1/6 4706/1/6 4767/1/6
f 4766/2/6 4675/2/6 4767/2/6
f 4706/1/6 4730/1/6 4767/1/6
f 4731/5/6 4732/5/6 4768/5/6
f 4732/5/6 4733/5/6 4768/5/6
f 4730/2/6 4731/2/6 4768/2/6
f 4768/5/6 4733/5/6 4769/5/6
f 4733/2/6 4734/2/6 4770/2/6
f 4769/5/6 4733/5/6 4770/5/6
f 4770/2/6 4734/2/6 4771/2/6
f 4771/2/6 4734/2/6 4772/2/6
f 4772/2/6 4734/2/6 4773/2/6
f 4773/2/6 4734/2/6 4774/2/6
f 4735/5/6 4736/5/6 4775/5/6
f 4774/2/6 4734/2/6 4775/2/6
f 4734/5/6 4735/5/6 4775/5/6
f 4775/5/6 4736/5/6 4776/5/6
f 4736/2/6 4737/2/6 4777/2/6
f 4776/5/6 4736/5/6 4777/5/6
f 4713/1/6 4682/1/6 4778/1/6
f 4683/2/6 4684/2/6 4778/2/6
f 4682/2/6 4683/2/6 4778/2/6
f 4737/1/6 4713/1/6 4778/1/6
f 4684/2/6 4685/2/6 4778/2/6
f 4778/2/6 4685/2/6 4779/2/6
f 4640/5/6 4686/5/6 4780/5/6
f 4779/2/6 4685/2/6 4780/2/6
f 4685/2/6 4640/2/6 4780/2/6
f 4686/2/6 4687/2/6 4781/2/6
f 4780/5/6 4686/5/6 4781/5/6
f 4687/2/6 4645/2/6 4782/2/6
f 4781/2/6 4687/2/6 4782/2/6
f 4782/2/6 4645/2/6 4783/2/6
f 4645/1/6 4688/1/6 4784/1/6
f 4783/2/6 4645/2/6 4784/2/6
f 4688/1/6 4738/1/6 4784/1/6
f 4784/1/6 4738/1/6 4785/1/6
f 4785/1/6 4738/1/6 4786/1/6
f 4740/3/6 4741/3/6 4787/3/6
f 4739/3/6 4740/3/6 4787/3/6
f 4738/2/6 4739/2/6 4787/2/6
f 4787/3/6 4741/3/6 4788/3/6
f 4742/2/6 4743/2/6 4789/2/6
f 4788/3/6 4741/3/6 4789/3/6
f 4741/2/6 4742/2/6 4789/2/6
f 4789/2/6 4743/2/6 4790/2/6
f 4743/1/6 4744/1/6 4791/1/6
f 4790/2/6 4743/2/6 4791/2/6
f 4744/1/6 4745/1/6 4791/1/6
f 4791/1/6 4745/1/6 4792/1/6
f 4746/3/6 4697/3/6 4793/3/6
f 4745/3/6 4746/3/6 4793/3/6
f 4698/2/6 4699/2/6 4794/2/6
f 4793/3/6 4697/3/6 4794/3/6
f 4697/2/6 4698/2/6 4794/2/6
f 4748/2/6 4358/2/6 4795/2/6
f 4747/1/6 4748/1/6 4795/1/6
f 4795/2/6 4358/2/6 4796/2/6
f 4720/1/6 4658/1/6 4797/1/6
f 4750/1/6 4720/1/6 4797/1/6
f 4749/1/6 4750/1/6 4797/1/6
f 4658/2/6 4751/2/6 4797/2/6
f 4751/1/6 4752/1/6 4798/1/6
f 4797/2/6 4751/2/6 4798/2/6
f 4722/1/6 4753/1/6 4799/1/6
f 4754/2/6 4755/2/6 4800/2/6
f 4799/1/6 4753/1/6 4800/1/6
f 4753/2/6 4754/2/6 4800/2/6
f 4800/2/6 4755/2/6 4801/2/6
f 4756/3/6 4757/3/6 4802/3/6
f 4801/2/6 4755/2/6 4802/2/6
f 4755/3/6 4756/3/6 4802/3/6
f 4802/3/6 4757/3/6 4803/3/6
f 4758/2/6 4729/2/6 4804/2/6
f 4757/2/6 4758/2/6 4804/2/6
f 4729/1/6 4759/1/6 4805/1/6
f 4804/2/6 4729/2/6 4805/2/6
f 4805/1/6 4759/1/6 4806/1/6
f 4759/2/6 4760/2/6 4807/2/6
f 4806/1/6 4759/1/6 4807/1/6
f 4761/1/6 4762/1/6 4808/1/6
f 4807/2/6 4760/2/6 4808/2/6
f 4760/1/6 4761/1/6 4808/1/6
f 4808/1/6 4762/1/6 4809/1/6
f 4763/3/6 4764/3/6 4810/3/6
f 4764/3/6 4765/3/6 4810/3/6
f 4765/2/6 4766/2/6 4811/2/6
f 4810/3/6 4765/3/6 4811/3/6
f 4767/1/6 4730/1/6 4812/1/6
f 4766/1/6 4767/1/6 4812/1/6
f 4768/2/6 4769/2/6 4813/2/6
f 4812/1/6 4730/1/6 4813/1/6
f 4730/2/6 4768/2/6 4813/2/6
f 4770/5/6 4771/5/6 4814/5/6
f 4813/2/6 4769/2/6 4814/2/6
f 4769/5/6 4770/5/6 4814/5/6
f 4814/5/6 4771/5/6 4815/5/6
f 4771/3/6 4772/3/6 4816/3/6
f 4815/5/6 4771/5/6 4816/5/6
f 4772/2/6 4773/2/6 4817/2/6
f 4816/3/6 4772/3/6 4817/3/6
f 4773/3/6 4774/3/6 4818/3/6
f 4817/2/6 4773/2/6 4818/2/6
f 4774/5/6 4775/5/6 4819/5/6
f 4818/3/6 4774/3/6 4819/3/6
f 4775/5/6 4776/5/6 4819/5/6
f 4819/5/6 4776/5/6 4820/5/6
f 4776/2/6 4777/2/6 4821/2/6
f 4820/5/6 4776/5/6 4821/5/6
f 4778/1/6 4779/1/6 4822/1/6
f 4821/2/6 4777/2/6 4822/2/6
f 4777/2/6 4737/2/6 4822/2/6
f 4737/1/6 4778/1/6 4822/1/6
f 4822/1/6 4779/1/6 4823/1/6
f 4780/3/6 4781/3/6 4824/3/6
f 4779/2/6 4780/2/6 4824/2/6
f 4781/3/6 4782/3/6 4824/3/6
f 4824/3/6 4782/3/6 4825/3/6
f 4784/1/6 4785/1/6 4826/1/6
f 4783/1/6 4784/1/6 4826/1/6
f 4785/2/6 4786/2/6 4827/2/6
f 4826/1/6 4785/1/6 4827/1/6
f 4786/1/6 4738/1/6 4828/1/6
f 4827/2/6 4786/2/6 4828/2/6
f 4828/1/6 4738/1/6 4829/1/6
f 4787/2/6 4788/2/6 4830/2/6
f 4829/1/6 4738/1/6 4830/1/6
f 4738/2/6 4787/2/6 4830/2/6
f 4830/2/6 4788/2/6 4831/2/6
f 4789/3/6 4790/3/6 4832/3/6
f 4788/3/6 4789/3/6 4832/3/6
f 4791/2/6 4792/2/6 4833/2/6
f 4832/3/6 4790/3/6 4833/3/6
f 4790/2/6 4791/2/6 4833/2/6
f 4833/2/6 4792/2/6 4834/2/6
f 4792/1/6 4745/1/6 4835/1/6
f 4834/2/6 4792/2/6 4835/2/6
f 4835/1/6 4745/1/6 4836/1/6
f 4794/2/6 4699/2/6 4837/2/6
f 4793/1/6 4794/1/6 4837/1/6
f 4795/1/6 4796/1/6 4838/1/6
f 4837/2/6 4699/2/6 4838/2/6
f 4747/1/6 4795/1/6 4838/1/6
f 4699/1/6 4747/1/6 4838/1/6
f 4303/2/6 4749/2/6 4839/2/6
f 4749/1/6 4797/1/6 4840/1/6
f 4839/2/6 4749/2/6 4840/2/6
f 4797/1/6 4798/1/6 4840/1/6
f 4752/3/6 4722/3/6 4841/3/6
f 4722/1/6 4799/1/6 4841/1/6
f 4841/1/6 4799/1/6 4842/1/6
f 4800/2/6 4801/2/6 4843/2/6
f 4842/1/6 4799/1/6 4843/1/6
f 4799/2/6 4800/2/6 4843/2/6
f 4843/2/6 4801/2/6 4844/2/6
f 4801/3/6 4802/3/6 4845/3/6
f 4844/2/6 4801/2/6 4845/2/6
f 4802/5/6 4803/5/6 4846/5/6
f 4845/3/6 4802/3/6 4846/3/6
f 4809/1/6 4762/1/6 4847/1/6
f 4806/2/6 4807/2/6 4847/2/6
f 4808/2/6 4809/2/6 4847/2/6
f 4807/2/6 4808/2/6 4847/2/6
f 4847/1/6 4762/1/6 4848/1/6
f 4762/2/6 4763/2/6 4849/2/6
f 4848/1/6 4762/1/6 4849/1/6
f 4849/2/6 4763/2/6 4850/2/6
f 4850/2/6 4763/2/6 4851/2/6
f 4763/3/6 4810/3/6 4852/3/6
f 4851/2/6 4763/2/6 4852/2/6
f 4811/2/6 4766/2/6 4853/2/6
f 4810/2/6 4811/2/6 4853/2/6
f 4766/1/6 4812/1/6 4854/1/6
f 4853/2/6 4766/2/6 4854/2/6
f 4816/5/6 4817/5/6 4855/5/6
f 4813/2/6 4814/2/6 4855/2/6
f 4814/2/6 4815/2/6 4855/2/6
f 4815/5/6 4816/5/6 4855/5/6
f 4812/2/6 4813/2/6 4855/2/6
f 4855/5/6 4817/5/6 4856/5/6
f 4817/3/6 4818/3/6 4857/3/6
f 4856/5/6 4817/5/6 4857/5/6
f 4857/3/6 4818/3/6 4858/3/6
f 4858/3/6 4818/3/6 4859/3/6
f 4818/5/6 4819/5/6 4860/5/6
f 4859/3/6 4818/3/6 4860/3/6
f 4819/5/6 4820/5/6 4860/5/6
f 4860/5/6 4820/5/6 4861/5/6
f 4820/2/6 4821/2/6 4862/2/6
f 4861/5/6 4820/5/6 4862/5/6
f 4822/2/6 4823/2/6 4862/2/6
f 4821/2/6 4822/2/6 4862/2/6
f 4823/1/6 4779/1/6 4863/1/6
f 4824/2/6 4825/2/6 4863/2/6
f 4779/2/6 4824/2/6 4863/2/6
f 4863/2/6 4825/2/6 4864/2/6
f 4782/2/6 4783/2/6 4865/2/6
f 4825/3/6 4782/3/6 4865/3/6
f 4865/2/6 4783/2/6 4866/2/6
f 4866/2/6 4783/2/6 4867/2/6
f 4783/1/6 4826/1/6 4868/1/6
f 4867/2/6 4783/2/6 4868/2/6
f 4868/1/6 4826/1/6 4869/1/6
f 4828/2/6 4829/2/6 4870/2/6
f 4869/1/6 4826/1/6 4870/1/6
f 4826/2/6 4827/2/6 4870/2/6
f 4827/2/6 4828/2/6 4870/2/6
f 4832/5/6 4833/5/6 4871/5/6
f 4833/3/6 4834/3/6 4871/3/6
f 4834/2/6 4835/2/6 4872/2/6
f 4871/3/6 4834/3/6 4872/3/6
f 4835/2/6 4836/2/6 4872/2/6
f 4872/2/6 4836/2/6 4873/2/6
f 4836/1/6 4745/1/6 4874/1/6
f 4873/2/6 4836/2/6 4874/2/6
f 4874/1/6 4745/1/6 4875/1/6
f 4745/3/6 4793/3/6 4876/3/6
f 4875/1/6 4745/1/6 4876/1/6
f 4796/2/6 4358/2/6 4877/2/6
f 4838/1/6 4796/1/6 4877/1/6
f 4837/1/6 4838/1/6 4877/1/6
f 4877/2/6 4358/2/6 4878/2/6
f 4303/2/6 4839/2/6 4879/2/6
f 4839/1/6 4840/1/6 4880/1/6
f 4879/2/6 4839/2/6 4880/2/6
f 4840/1/6 4798/1/6 4881/1/6
f 4880/1/6 4840/1/6 4881/1/6
f 4798/1/6 4752/1/6 4882/1/6
f 4881/1/6 4798/1/6 4882/1/6
f 4752/3/6 4841/3/6 4882/3/6
f 4843/2/6 4844/2/6 4883/2/6
f 4842/2/6 4843/2/6 4883/2/6
f 4841/5/6 4842/5/6 4883/5/6
f 4883/2/6 4844/2/6 4884/2/6
f 4844/3/6 4845/3/6 4885/3/6
f 4884/2/6 4844/2/6 4885/2/6
f 4845/5/6 4846/5/6 4886/5/6
f 4885/3/6 4845/3/6 4886/3/6
f 4757/2/6 4804/2/6 4887/2/6
f 4803/3/6 4757/3/6 4887/3/6
f 4805/1/6 4806/1/6 4888/1/6
f 4887/2/6 4804/2/6 4888/2/6
f 4804/1/6 4805/1/6 4888/1/6
f 4847/2/6 4848/2/6 4889/2/6
f 4849/1/6 4850/1/6 4889/1/6
f 4848/1/6 4849/1/6 4889/1/6
f 4889/1/6 4850/1/6 4890/1/6
f 4850/2/6 4851/2/6 4891/2/6
f 4890/1/6 4850/1/6 4891/1/6
f 4891/2/6 4851/2/6 4892/2/6
f 4851/3/6 4852/3/6 4893/3/6
f 4892/2/6 4851/2/6 4893/2/6
f 4852/3/6 4810/3/6 4894/3/6
f 4893/3/6 4852/3/6 4894/3/6
f 4810/2/6 4853/2/6 4895/2/6
f 4894/3/6 4810/3/6 4895/3/6
f 4895/2/6 4853/2/6 4896/2/6
f 4896/2/6 4853/2/6 4897/2/6
f 4853/1/6 4854/1/6 4898/1/6
f 4897/2/6 4853/2/6 4898/2/6
f 4854/1/6 4812/1/6 4899/1/6
f 4898/1/6 4854/1/6 4899/1/6
f 4855/2/6 4856/2/6 4900/2/6
f 4899/1/6 4812/1/6 4900/1/6
f 4812/2/6 4855/2/6 4900/2/6
f 4857/5/6 4858/5/6 4901/5/6
f 4900/2/6 4856/2/6 4901/2/6
f 4856/5/6 4857/5/6 4901/5/6
f 4901/5/6 4858/5/6 4902/5/6
f 4858/3/6 4859/3/6 4903/3/6
f 4902/5/6 4858/5/6 4903/5/6
f 4860/5/6 4861/5/6 4904/5/6
f 4903/3/6 4859/3/6 4904/3/6
f 4859/5/6 4860/5/6 4904/5/6
f 4904/5/6 4861/5/6 4905/5/6
f 4861/2/6 4862/2/6 4906/2/6
f 4905/5/6 4861/5/6 4906/5/6
f 4862/2/6 4823/2/6 4907/2/6
f 4906/2/6 4862/2/6 4907/2/6
f 4863/1/6 4864/1/6 4907/1/6
f 4823/1/6 4863/1/6 4907/1/6
f 4907/1/6 4864/1/6 4908/1/6
f 4864/2/6 4825/2/6 4909/2/6
f 4908/1/6 4864/1/6 4909/1/6
f 4909/2/6 4825/2/6 4910/2/6
f 4910/2/6 4825/2/6 4911/2/6
f 4825/3/6 4865/3/6 4912/3/6
f 4911/2/6 4825/2/6 4912/2/6
f 4865/3/6 4866/3/6 4912/3/6
f 4912/3/6 4866/3/6 4913/3/6
f 4866/2/6 4867/2/6 4914/2/6
f 4913/3/6 4866/3/6 4914/3/6
f 4914/2/6 4867/2/6 4915/2/6
f 4868/1/6 4869/1/6 4916/1/6
f 4915/2/6 4867/2/6 4916/2/6
f 4867/1/6 4868/1/6 4916/1/6
f 4916/1/6 4869/1/6 4917/1/6
f 4869/2/6 4870/2/6 4918/2/6
f 4917/1/6 4869/1/6 4918/1/6
f 4829/1/6 4830/1/6 4919/1/6
f 4831/2/6 4788/2/6 4919/2/6
f 4830/1/6 4831/1/6 4919/1/6
f 4788/3/6 4832/3/6 4920/3/6
f 4919/2/6 4788/2/6 4920/2/6
f 4872/3/6 4873/3/6 4921/3/6
f 4871/5/6 4872/5/6 4921/5/6
f 4874/2/6 4875/2/6 4922/2/6
f 4921/3/6 4873/3/6 4922/3/6
f 4873/2/6 4874/2/6 4922/2/6
f 4922/2/6 4875/2/6 4923/2/6
f 4875/5/6 4876/5/6 4924/5/6
f 4923/2/6 4875/2/6 4924/2/6
f 4876/3/6 4793/3/6 4925/3/6
f 4793/1/6 4837/1/6 4925/1/6
f 4837/1/6 4877/1/6 4925/1/6
f 4877/1/6 4878/1/6 4925/1/6
f 4925/1/6 4878/1/6 4926/1/6
f 4878/2/6 4358/2/6 4927/2/6
f 4926/1/6 4878/1/6 4927/1/6
f 4927/2/6 4358/2/6 4928/2/6
f 4879/1/6 4880/1/6 4929/1/6
f 4880/1/6 4881/1/6 4929/1/6
f 4929/1/6 4881/1/6 4930/1/6
f 4882/3/6 4841/3/6 4931/3/6
f 4881/2/6 4882/2/6 4931/2/6
f 4841/5/6 4883/5/6 4932/5/6
f 4931/3/6 4841/3/6 4932/3/6
f 4883/5/6 4884/5/6 4932/5/6
f 4932/5/6 4884/5/6 4933/5/6
f 4884/3/6 4885/3/6 4934/3/6
f 4933/5/6 4884/5/6 4934/5/6
f 4934/3/6 4885/3/6 4935/3/6
f 4935/3/6 4885/3/6 4936/3/6
f 4885/5/6 4886/5/6 4937/5/6
f 4936/3/6 4885/3/6 4937/3/6
f 4886/5/6 4846/5/6 4938/5/6
f 4937/5/6 4886/5/6 4938/5/6
f 4803/3/6 4887/3/6 4939/3/6
f 4938/5/6 4846/5/6 4939/5/6
f 4846/5/6 4803/5/6 4939/5/6
f 4887/3/6 4888/3/6 4939/3/6
f 4939/3/6 4888/3/6 4940/3/6
f 4888/1/6 4806/1/6 4941/1/6
f 4940/3/6 4888/3/6 4941/3/6
f 4941/1/6 4806/1/6 4942/1/6
f 4889/2/6 4890/2/6 4943/2/6
f 4891/1/6 4892/1/6 4943/1/6
f 4890/1/6 4891/1/6 4943/1/6
f 4943/1/6 4892/1/6 4944/1/6
f 4944/1/6 4892/1/6 4945/1/6
f 4893/3/6 4894/3/6 4946/3/6
f 4945/1/6 4892/1/6 4946/1/6
f 4892/3/6 4893/3/6 4946/3/6
f 4946/3/6 4894/3/6 4947/3/6
f 4894/1/6 4895/1/6 4948/1/6
f 4947/3/6 4894/3/6 4948/3/6
f 4895/1/6 4896/1/6 4948/1/6
f 4896/2/6 4897/2/6 4949/2/6
f 4948/1/6 4896/1/6 4949/1/6
f 4898/1/6 4899/1/6 4950/1/6
f 4949/2/6 4897/2/6 4950/2/6
f 4897/1/6 4898/1/6 4950/1/6
f 4902/5/6 4903/5/6 4951/5/6
f 4901/3/6 4902/3/6 4951/3/6
f 4903/5/6 4904/5/6 4951/5/6
f 4904/5/6 4905/5/6 4951/5/6
f 4905/3/6 4906/3/6 4952/3/6
f 4951/5/6 4905/5/6 4952/5/6
f 4910/2/6 4911/2/6 4953/2/6
f 4909/1/6 4910/1/6 4953/1/6
f 4908/1/6 4909/1/6 4953/1/6
f 4912/1/6 4913/1/6 4954/1/6
f 4953/2/6 4911/2/6 4954/2/6
f 4911/1/6 4912/1/6 4954/1/6
f 4914/3/6 4915/3/6 4955/3/6
f 4954/1/6 4913/1/6 4955/1/6
f 4913/3/6 4914/3/6 4955/3/6
f 4955/3/6 4915/3/6 4956/3/6
f 4916/1/6 4917/1/6 4957/1/6
f 4956/3/6 4915/3/6 4957/3/6
f 4915/1/6 4916/1/6 4957/1/6
f 4957/1/6 4917/1/6 4958/1/6
f 4958/1/6 4917/1/6 4959/1/6
f 4917/2/6 4918/2/6 4960/2/6
f 4959/1/6 4917/1/6 4960/1/6
f 4829/1/6 4919/1/6 4961/1/6
f 4919/3/6 4920/3/6 4962/3/6
f 4961/1/6 4919/1/6 4962/1/6
f 4920/3/6 4832/3/6 4963/3/6
f 4962/3/6 4920/3/6 4963/3/6
f 4832/5/6 4871/5/6 4964/5/6
f 4963/3/6 4832/3/6 4964/3/6
f 4871/5/6 4921/5/6 4964/5/6
f 4921/5/6 4922/5/6 4964/5/6
f 4964/5/6 4922/5/6 4965/5/6
f 4922/3/6 4923/3/6 4966/3/6
f 4965/5/6 4922/5/6 4966/5/6
f 4966/3/6 4923/3/6 4967/3/6
f 4967/3/6 4923/3/6 4968/3/6
f 4923/5/6 4924/5/6 4969/5/6
f 4968/3/6 4923/3/6 4969/3/6
f 4924/5/6 4876/5/6 4970/5/6
f 4969/5/6 4924/5/6 4970/5/6
f 4876/3/6 4925/3/6 4971/3/6
f 4970/5/6 4876/5/6 4971/5/6
f 4925/2/6 4926/2/6 4972/2/6
f 4971/3/6 4925/3/6 4972/3/6
f 4927/1/6 4928/1/6 4973/1/6
f 4926/1/6 4927/1/6 4973/1/6
f 4973/1/6 4928/1/6 4974/1/6
f 4879/1/6 4929/1/6 4975/1/6
f 4929/2/6 4930/2/6 4976/2/6
f 4975/1/6 4929/1/6 4976/1/6
f 4930/1/6 4881/1/6 4977/1/6
f 4976/2/6 4930/2/6 4977/2/6
f 4977/1/6 4881/1/6 4978/1/6
f 4881/2/6 4931/2/6 4979/2/6
f 4978/1/6 4881/1/6 4979/1/6
f 4979/2/6 4931/2/6 4980/2/6
f 4931/5/6 4932/5/6 4981/5/6
f 4980/2/6 4931/2/6 4981/2/6
f 4932/3/6 4933/3/6 4982/3/6
f 4934/2/6 4935/2/6 4983/2/6
f 4982/3/6 4933/3/6 4983/3/6
f 4933/2/6 4934/2/6 4983/2/6
f 4935/3/6 4936/3/6 4984/3/6
f 4983/2/6 4935/2/6 4984/2/6
f 4936/2/6 4937/2/6 4985/2/6
f 4984/3/6 4936/3/6 4985/3/6
f 4937/2/6 4938/2/6 4985/2/6
f 4939/3/6 4940/3/6 4986/3/6
f 4985/2/6 4938/2/6 4986/2/6
f 4938/3/6 4939/3/6 4986/3/6
f 4986/3/6 4940/3/6 4987/3/6
f 4941/2/6 4942/2/6 4988/2/6
f 4940/5/6 4941/5/6 4988/5/6
f 4942/1/6 4806/1/6 4989/1/6
f 4988/2/6 4942/2/6 4989/2/6
f 4889/2/6 4943/2/6 4990/2/6
f 4989/1/6 4806/1/6 4990/1/6
f 4943/2/6 4944/2/6 4990/2/6
f 4806/2/6 4847/2/6 4990/2/6
f 4847/2/6 4889/2/6 4990/2/6
f 4990/2/6 4944/2/6 4991/2/6
f 4944/1/6 4945/1/6 4992/1/6
f 4991/2/6 4944/2/6 4992/2/6
f 4946/5/6 4947/5/6 4993/5/6
f 4992/1/6 4945/1/6 4993/1/6
f 4945/5/6 4946/5/6 4993/5/6
f 4993/5/6 4947/5/6 4994/5/6
f 4949/1/6 4950/1/6 4995/1/6
f 4994/5/6 4947/5/6 4995/5/6
f 4948/1/6 4949/1/6 4995/1/6
f 4947/1/6 4948/1/6 4995/1/6
f 4951/3/6 4952/3/6 4996/3/6
f 4996/3/6 4952/3/6 4997/3/6
f 4953/1/6 4954/1/6 4998/1/6
f 4955/1/6 4956/1/6 4998/1/6
f 4954/1/6 4955/1/6 4998/1/6
f 4957/5/6 4958/5/6 4998/5/6
f 4956/5/6 4957/5/6 4998/5/6
f 4998/5/6 4958/5/6 4999/5/6
f 4958/1/6 4959/1/6 5000/1/6
f 4999/5/6 4958/5/6 5000/5/6
f 4959/2/6 4960/2/6 5001/2/6
f 5000/1/6 4959/1/6 5001/1/6
f 4960/2/6 4918/2/6 5002/2/6
f 5001/2/6 4960/2/6 5002/2/6
f 4918/2/6 4870/2/6 5002/2/6
f 4870/2/6 4829/2/6 5003/2/6
f 5002/2/6 4870/2/6 5003/2/6
f 4829/1/6 4961/1/6 5003/1/6
f 4961/2/6 4962/2/6 5004/2/6
f 5003/1/6 4961/1/6 5004/1/6
f 4962/5/6 4963/5/6 5005/5/6
f 5004/2/6 4962/2/6 5005/2/6
f 4964/3/6 4965/3/6 5006/3/6
f 4963/3/6 4964/3/6 5006/3/6
f 4966/2/6 4967/2/6 5007/2/6
f 5006/3/6 4965/3/6 5007/3/6
f 4965/2/6 4966/2/6 5007/2/6
f 4967/3/6 4968/3/6 5008/3/6
f 5007/2/6 4967/2/6 5008/2/6
f 4968/2/6 4969/2/6 5009/2/6
f 5008/3/6 4968/3/6 5009/3/6
f 4969/2/6 4970/2/6 5009/2/6
f 4970/3/6 4971/3/6 5010/3/6
f 5009/2/6 4970/2/6 5010/2/6
f 5010/3/6 4971/3/6 5011/3/6
f 4972/2/6 4926/2/6 5012/2/6
f 4971/5/6 4972/5/6 5012/5/6
f 5012/2/6 4926/2/6 5013/2/6
f 4926/1/6 4973/1/6 5014/1/6
f 5013/2/6 4926/2/6 5014/2/6
f 5014/1/6 4973/1/6 5015/1/6
f 4973/2/6 4974/2/6 5016/2/6
f 5015/1/6 4973/1/6 5016/1/6
f 4974/1/6 4928/1/6 5017/1/6
f 5016/2/6 4974/2/6 5017/2/6
f 5017/1/6 4928/1/6 5018/1/6
f 4879/1/6 4975/1/6 5019/1/6
f 4975/2/6 4976/2/6 5020/2/6
f 5019/1/6 4975/1/6 5020/1/6
f 4976/2/6 4977/2/6 5020/2/6
f 4977/2/6 4978/2/6 5020/2/6
f 4978/1/6 4979/1/6 5021/1/6
f 5020/2/6 4978/2/6 5021/2/6
f 4979/1/6 4980/1/6 5021/1/6
f 5021/1/6 4980/1/6 5022/1/6
f 4990/2/6 4991/2/6 5023/2/6
f 4988/3/6 4989/3/6 5023/3/6
f 4989/3/6 4990/3/6 5023/3/6
f 5023/2/6 4991/2/6 5024/2/6
f 4991/5/6 4992/5/6 5025/5/6
f 5024/2/6 4991/2/6 5025/2/6
f 5025/5/6 4992/5/6 5026/5/6
f 4992/3/6 4993/3/6 5027/3/6
f 5026/5/6 4992/5/6 5027/5/6
f 4993/5/6 4994/5/6 5028/5/6
f 5027/3/6 4993/3/6 5028/3/6
f 4994/3/6 4995/3/6 5029/3/6
f 5028/5/6 4994/5/6 5029/5/6
f 4950/1/6 4899/1/6 5030/1/6
f 4900/2/6 4901/2/6 5030/2/6
f 4899/2/6 4900/2/6 5030/2/6
f 4995/1/6 4950/1/6 5030/1/6
f 5030/2/6 4901/2/6 5031/2/6
f 4901/3/6 4951/3/6 5032/3/6
f 4951/3/6 4996/3/6 5032/3/6
f 4996/2/6 4997/2/6 5033/2/6
f 5032/3/6 4996/3/6 5033/3/6
f 4997/3/6 4952/3/6 5034/3/6
f 5033/2/6 4997/2/6 5034/2/6
f 4952/3/6 4906/3/6 5035/3/6
f 5034/3/6 4952/3/6 5035/3/6
f 4907/2/6 4908/2/6 5036/2/6
f 4906/2/6 4907/2/6 5036/2/6
f 4953/1/6 4998/1/6 5037/1/6
f 5036/2/6 4908/2/6 5037/2/6
f 4908/1/6 4953/1/6 5037/1/6
f 4999/5/6 5000/5/6 5038/5/6
f 4998/3/6 4999/3/6 5038/3/6
f 5000/3/6 5001/3/6 5039/3/6
f 5038/5/6 5000/5/6 5039/5/6
f 5001/5/6 5002/5/6 5040/5/6
f 5039/3/6 5001/3/6 5040/3/6
f 5040/5/6 5002/5/6 5041/5/6
f 5002/2/6 5003/2/6 5042/2/6
f 5041/5/6 5002/5/6 5042/5/6
f 5042/2/6 5003/2/6 5043/2/6
f 5003/3/6 5004/3/6 5044/3/6
f 5043/2/6 5003/2/6 5044/2/6
f 5004/3/6 5005/3/6 5044/3/6
f 5014/1/6 5015/1/6 5045/1/6
f 5013/1/6 5014/1/6 5045/1/6
f 5017/2/6 5018/2/6 5046/2/6
f 5045/1/6 5015/1/6 5046/1/6
f 5016/2/6 5017/2/6 5046/2/6
f 5015/2/6 5016/2/6 5046/2/6
f 5018/1/6 4928/1/6 5047/1/6
f 5046/2/6 5018/2/6 5047/2/6
f 5047/1/6 4928/1/6 5048/1/6
f 5022/1/6 4980/1/6 5049/1/6
f 5019/2/6 5020/2/6 5049/2/6
f 5021/2/6 5022/2/6 5049/2/6
f 5020/2/6 5021/2/6 5049/2/6
f 5049/1/6 4980/1/6 5050/1/6
f 4980/3/6 4981/3/6 5051/3/6
f 5050/1/6 4980/1/6 5051/1/6
f 4981/5/6 4932/5/6 5052/5/6
f 5051/3/6 4981/3/6 5052/3/6
f 4932/3/6 4982/3/6 5053/3/6
f 5052/5/6 4932/5/6 5053/5/6
f 4984/2/6 4985/2/6 5054/2/6
f 5053/3/6 4982/3/6 5054/3/6
f 4983/2/6 4984/2/6 5054/2/6
f 4982/2/6 4983/2/6 5054/2/6
f 4986/2/6 4987/2/6 5054/2/6
f 4985/2/6 4986/2/6 5054/2/6
f 4987/3/6 4940/3/6 5055/3/6
f 5054/2/6 4987/2/6 5055/2/6
f 4940/5/6 4988/5/6 5056/5/6
f 5055/3/6 4940/3/6 5056/3/6
f 5023/3/6 5024/3/6 5057/3/6
f 5024/5/6 5025/5/6 5058/5/6
f 5057/3/6 5024/3/6 5058/3/6
f 5025/5/6 5026/5/6 5058/5/6
f 5058/5/6 5026/5/6 5059/5/6
f 5028/3/6 5029/3/6 5060/3/6
f 5059/5/6 5026/5/6 5060/5/6
f 5026/3/6 5027/3/6 5060/3/6
f 5027/3/6 5028/3/6 5060/3/6
f 5060/3/6 5029/3/6 5061/3/6
f 5061/3/6 5029/3/6 5062/3/6
f 5029/3/6 4995/3/6 5063/3/6
f 5062/3/6 5029/3/6 5063/3/6
f 4995/1/6 5030/1/6 5063/1/6
f 5030/1/6 5031/1/6 5063/1/6
f 5063/1/6 5031/1/6 5064/1/6
f 5064/1/6 5031/1/6 5065/1/6
f 5065/1/6 5031/1/6 5066/1/6
f 5066/1/6 5031/1/6 5067/1/6
f 5031/2/6 4901/2/6 5068/2/6
f 4901/3/6 5032/3/6 5069/3/6
f 5068/2/6 4901/2/6 5069/2/6
f 5035/3/6 4906/3/6 5070/3/6
f 4906/2/6 5036/2/6 5070/2/6
f 5070/2/6 5036/2/6 5071/2/6
f 5037/1/6 4998/1/6 5072/1/6
f 5036/1/6 5037/1/6 5072/1/6
f 5072/1/6 4998/1/6 5073/1/6
f 5073/1/6 4998/1/6 5074/1/6
f 5074/1/6 4998/1/6 5075/1/6
f 5040/3/6 5041/3/6 5076/3/6
f 5075/1/6 4998/1/6 5076/1/6
f 5038/3/6 5039/3/6 5076/3/6
f 4998/3/6 5038/3/6 5076/3/6
f 5039/3/6 5040/3/6 5076/3/6
f 5076/3/6 5041/3/6 5077/3/6
f 5077/3/6 5041/3/6 5078/3/6
f 5042/5/6 5043/5/6 5079/5/6
f 5078/3/6 5041/3/6 5079/3/6
f 5041/5/6 5042/5/6 5079/5/6
f 5079/5/6 5043/5/6 5080/5/6
f 5043/3/6 5044/3/6 5081/3/6
f 5080/5/6 5043/5/6 5081/5/6
f 5081/3/6 5044/3/6 5082/3/6
f 5005/5/6 4963/5/6 5083/5/6
f 4963/3/6 5006/3/6 5083/3/6
f 5007/2/6 5008/2/6 5084/2/6
f 5083/3/6 5006/3/6 5084/3/6
f 5009/2/6 5010/2/6 5084/2/6
f 5006/2/6 5007/2/6 5084/2/6
f 5008/2/6 5009/2/6 5084/2/6
f 5010/2/6 5011/2/6 5084/2/6
f 5011/3/6 4971/3/6 5085/3/6
f 5084/2/6 5011/2/6 5085/2/6
f 4971/5/6 5012/5/6 5086/5/6
f 5085/3/6 4971/3/6 5086/3/6
f 5012/3/6 5013/3/6 5087/3/6
f 5086/5/6 5012/5/6 5087/5/6
f 5013/1/6 5045/1/6 5088/1/6
f 5087/3/6 5013/3/6 5088/3/6
f 5088/1/6 5045/1/6 5089/1/6
f 5047/2/6 5048/2/6 5090/2/6
f 5089/1/6 5045/1/6 5090/1/6
f 5046/2/6 5047/2/6 5090/2/6
f 5045/2/6 5046/2/6 5090/2/6
f 5019/2/6 5049/2/6 5091/2/6
f 5049/2/6 5050/2/6 5091/2/6
f 5051/3/6 5052/3/6 5092/3/6
f 5091/2/6 5050/2/6 5092/2/6
f 5050/3/6 5051/3/6 5092/3/6
f 5052/1/6 5053/1/6 5093/1/6
f 5092/3/6 5052/3/6 5093/3/6
f 5053/1/6 5054/1/6 5093/1/6
f 5093/1/6 5054/1/6 5094/1/6
f 5054/2/6 5055/2/6 5095/2/6
f 5094/1/6 5054/1/6 5095/1/6
f 5095/2/6 5055/2/6 5096/2/6
f 5055/5/6 5056/5/6 5097/5/6
f 5096/2/6 5055/2/6 5097/2/6
f 5023/3/6 5057/3/6 5098/3/6
f 5097/5/6 5056/5/6 5098/5/6
f 5056/5/6 4988/5/6 5098/5/6
f 4988/3/6 5023/3/6 5098/3/6
f 5098/3/6 5057/3/6 5099/3/6
f 5058/1/6 5059/1/6 5100/1/6
f 5099/3/6 5057/3/6 5100/3/6
f 5057/1/6 5058/1/6 5100/1/6
f 5060/2/6 5061/2/6 5101/2/6
f 5100/1/6 5059/1/6 5101/1/6
f 5059/2/6 5060/2/6 5101/2/6
f 5101/2/6 5061/2/6 5102/2/6
f 5102/2/6 5061/2/6 5103/2/6
f 5061/1/6 5062/1/6 5104/1/6
f 5103/2/6 5061/2/6 5104/2/6
f 5063/3/6 5064/3/6 5105/3/6
f 5104/1/6 5062/1/6 5105/1/6
f 5062/3/6 5063/3/6 5105/3/6
f 5105/3/6 5064/3/6 5106/3/6
f 5064/2/6 5065/2/6 5107/2/6
f 5106/3/6 5064/3/6 5107/3/6
f 5107/2/6 5065/2/6 5108/2/6
f 5065/1/6 5066/1/6 5109/1/6
f 5066/2/6 5067/2/6 5110/2/6
f 5109/1/6 5066/1/6 5110/1/6
f 5067/1/6 5031/1/6 5111/1/6
f 5031/2/6 5068/2/6 5111/2/6
f 5111/2/6 5068/2/6 5112/2/6
f 5069/3/6 5032/3/6 5113/3/6
f 5068/3/6 5069/3/6 5113/3/6
f 5032/2/6 5033/2/6 5114/2/6
f 5113/3/6 5032/3/6 5114/3/6
f 5034/2/6 5035/2/6 5114/2/6
f 5033/2/6 5034/2/6 5114/2/6
f 5070/3/6 5071/3/6 5115/3/6
f 5114/2/6 5035/2/6 5115/2/6
f 5035/3/6 5070/3/6 5115/3/6
f 5115/3/6 5071/3/6 5116/3/6
f 5071/2/6 5036/2/6 5117/2/6
f 5036/1/6 5072/1/6 5118/1/6
f 5117/2/6 5036/2/6 5118/2/6
f 5073/1/6 5074/1/6 5119/1/6
f 5072/2/6 5073/2/6 5119/2/6
f 5119/1/6 5074/1/6 5120/1/6
f 5074/2/6 5075/2/6 5121/2/6
f 5075/3/6 5076/3/6 5122/3/6
f 5121/2/6 5075/2/6 5122/2/6
f 5076/3/6 5077/3/6 5122/3/6
f 5122/3/6 5077/3/6 5123/3/6
f 5077/1/6 5078/1/6 5124/1/6
f 5123/3/6 5077/3/6 5124/3/6
f 5078/2/6 5079/2/6 5125/2/6
f 5124/1/6 5078/1/6 5125/1/6
f 5079/2/6 5080/2/6 5125/2/6
f 5125/2/6 5080/2/6 5126/2/6
f 5126/2/6 5080/2/6 5127/2/6
f 5080/1/6 5081/1/6 5128/1/6
f 5127/2/6 5080/2/6 5128/2/6
f 5081/1/6 5082/1/6 5128/1/6
f 5082/3/6 5044/3/6 5129/3/6
f 5128/1/6 5082/1/6 5129/1/6
f 5044/3/6 5005/3/6 5130/3/6
f 5129/3/6 5044/3/6 5130/3/6
f 5005/5/6 5083/5/6 5131/5/6
f 5130/3/6 5005/3/6 5131/3/6
f 5083/5/6 5084/5/6 5131/5/6
f 5084/2/6 5085/2/6 5132/2/6
f 5131/5/6 5084/5/6 5132/5/6
f 5132/2/6 5085/2/6 5133/2/6
f 5086/1/6 5087/1/6 5134/1/6
f 5133/2/6 5085/2/6 5134/2/6
f 5085/1/6 5086/1/6 5134/1/6
f 5134/1/6 5087/1/6 5135/1/6
f 5088/3/6 5089/3/6 5136/3/6
f 5135/1/6 5087/1/6 5136/1/6
f 5087/3/6 5088/3/6 5136/3/6
f 5089/2/6 5090/2/6 5137/2/6
f 5136/3/6 5089/3/6 5137/3/6
f 5090/2/6 5048/2/6 5138/2/6
f 5137/2/6 5090/2/6 5138/2/6
f 5019/2/6 5091/2/6 5139/2/6
f 5139/2/6 5091/2/6 5140/2/6
f 5091/5/6 5092/5/6 5141/5/6
f 5140/2/6 5091/2/6 5141/2/6
f 5093/5/6 5094/5/6 5141/5/6
f 5092/5/6 5093/5/6 5141/5/6
f 5141/5/6 5094/5/6 5142/5/6
f 5142/5/6 5094/5/6 5143/5/6
f 5143/5/6 5094/5/6 5144/5/6
f 5144/5/6 5094/5/6 5145/5/6
f 5145/5/6 5094/5/6 5146/5/6
f 5146/5/6 5094/5/6 5147/5/6
f 5096/2/6 5097/2/6 5148/2/6
f 5095/1/6 5096/1/6 5148/1/6
f 5094/1/6 5095/1/6 5148/1/6
f 5148/2/6 5097/2/6 5149/2/6
f 5098/3/6 5099/3/6 5150/3/6
f 5097/3/6 5098/3/6 5150/3/6
f 5099/2/6 5100/2/6 5151/2/6
f 5150/3/6 5099/3/6 5151/3/6
f 5101/1/6 5102/1/6 5152/1/6
f 5151/2/6 5100/2/6 5152/2/6
f 5100/1/6 5101/1/6 5152/1/6
f 5107/3/6 5108/3/6 5153/3/6
f 5108/2/6 5065/2/6 5153/2/6
f 5106/3/6 5107/3/6 5153/3/6
f 5153/2/6 5065/2/6 5154/2/6
f 5065/1/6 5109/1/6 5155/1/6
f 5109/2/6 5110/2/6 5156/2/6
f 5155/1/6 5109/1/6 5156/1/6
f 5110/2/6 5067/2/6 5157/2/6
f 5156/2/6 5110/2/6 5157/2/6
f 5067/1/6 5111/1/6 5157/1/6
f 5111/1/6 5112/1/6 5157/1/6
f 5157/1/6 5112/1/6 5158/1/6
f 5112/2/6 5068/2/6 5159/2/6
f 5158/1/6 5112/1/6 5159/1/6
f 5068/3/6 5113/3/6 5160/3/6
f 5159/2/6 5068/2/6 5160/2/6
f 5116/3/6 5071/3/6 5161/3/6
f 5071/2/6 5117/2/6 5161/2/6
f 5117/1/6 5118/1/6 5162/1/6
f 5161/2/6 5117/2/6 5162/2/6
f 5118/1/6 5072/1/6 5163/1/6
f 5162/1/6 5118/1/6 5163/1/6
f 5119/2/6 5120/2/6 5164/2/6
f 5163/1/6 5072/1/6 5164/1/6
f 5072/2/6 5119/2/6 5164/2/6
f 5120/1/6 5074/1/6 5165/1/6
f 5164/2/6 5120/2/6 5165/2/6
f 5165/1/6 5074/1/6 5166/1/6
f 5074/2/6 5121/2/6 5167/2/6
f 5122/3/6 5123/3/6 5168/3/6
f 5167/2/6 5121/2/6 5168/2/6
f 5121/3/6 5122/3/6 5168/3/6
f 5129/2/6 5130/2/6 5169/2/6
f 5127/1/6 5128/1/6 5169/1/6
f 5128/1/6 5129/1/6 5169/1/6
f 5131/3/6 5132/3/6 5170/3/6
f 5169/2/6 5130/2/6 5170/2/6
f 5130/3/6 5131/3/6 5170/3/6
f 5170/3/6 5132/3/6 5171/3/6
f 5132/2/6 5133/2/6 5172/2/6
f 5134/1/6 5135/1/6 5173/1/6
f 5172/2/6 5133/2/6 5173/2/6
f 5133/1/6 5134/1/6 5173/1/6
f 5136/5/6 5137/5/6 5174/5/6
f 5137/5/6 5138/5/6 5174/5/6
f 5135/5/6 5136/5/6 5174/5/6
f 5174/5/6 5138/5/6 5175/5/6
f 5175/5/6 5138/5/6 5176/5/6
f 5176/5/6 5138/5/6 5177/5/6
f 5177/5/6 5138/5/6 5178/5/6
f 5178/5/6 5138/5/6 5179/5/6
f 5138/2/6 5048/2/6 5180/2/6
f 5179/5/6 5138/5/6 5180/5/6
f 5180/2/6 5048/2/6 5181/2/6
f 5181/2/6 5048/2/6 5182/2/6
f 5019/2/6 5139/2/6 5183/2/6
f 5183/2/6 5139/2/6 5184/2/6
f 5139/3/6 5140/3/6 5185/3/6
f 5184/2/6 5139/2/6 5185/2/6
f 5140/5/6 5141/5/6 5186/5/6
f 5185/3/6 5140/3/6 5186/3/6
f 5141/5/6 5142/5/6 5186/5/6
f 5186/5/6 5142/5/6 5187/5/6
f 5142/3/6 5143/3/6 5188/3/6
f 5187/5/6 5142/5/6 5188/5/6
f 5143/2/6 5144/2/6 5189/2/6
f 5188/3/6 5143/3/6 5189/3/6
f 5189/2/6 5144/2/6 5190/2/6
f 5144/3/6 5145/3/6 5191/3/6
f 5190/2/6 5144/2/6 5191/2/6
f 5145/5/6 5146/5/6 5192/5/6
f 5191/3/6 5145/3/6 5192/3/6
f 5146/3/6 5147/3/6 5193/3/6
f 5192/5/6 5146/5/6 5193/5/6
f 5149/2/6 5097/2/6 5194/2/6
f 5148/1/6 5149/1/6 5194/1/6
f 5194/2/6 5097/2/6 5195/2/6
f 5097/3/6 5150/3/6 5196/3/6
f 5151/1/6 5152/1/6 5197/1/6
f 5196/3/6 5150/3/6 5197/3/6
f 5150/1/6 5151/1/6 5197/1/6
f 5152/1/6 5102/1/6 5198/1/6
f 5197/1/6 5152/1/6 5198/1/6
f 5198/1/6 5102/1/6 5199/1/6
f 5153/3/6 5154/3/6 5200/3/6
f 5106/3/6 5153/3/6 5200/3/6
f 5103/1/6 5104/1/6 5200/1/6
f 5105/1/6 5106/1/6 5200/1/6
f 5104/1/6 5105/1/6 5200/1/6
f 5200/3/6 5154/3/6 5201/3/6
f 5201/3/6 5154/3/6 5202/3/6
f 5154/2/6 5065/2/6 5203/2/6
f 5202/3/6 5154/3/6 5203/3/6
f 5203/2/6 5065/2/6 5204/2/6
f 5065/1/6 5155/1/6 5205/1/6
f 5204/2/6 5065/2/6 5205/2/6
f 5158/1/6 5159/1/6 5206/1/6
f 5157/2/6 5158/2/6 5206/2/6
f 5155/2/6 5156/2/6 5206/2/6
f 5156/2/6 5157/2/6 5206/2/6
f 5206/1/6 5159/1/6 5207/1/6
f 5207/1/6 5159/1/6 5208/1/6
f 5159/3/6 5160/3/6 5209/3/6
f 5208/1/6 5159/1/6 5209/1/6
f 5209/3/6 5160/3/6 5210/3/6
f 5160/3/6 5113/3/6 5211/3/6
f 5210/3/6 5160/3/6 5211/3/6
f 5113/2/6 5114/2/6 5211/2/6
f 5114/2/6 5115/2/6 5211/2/6
f 5115/2/6 5116/2/6 5211/2/6
f 5161/3/6 5162/3/6 5212/3/6
f 5211/2/6 5116/2/6 5212/2/6
f 5116/3/6 5161/3/6 5212/3/6
f 5212/3/6 5162/3/6 5213/3/6
f 5162/1/6 5163/1/6 5214/1/6
f 5213/3/6 5162/3/6 5214/3/6
f 5214/1/6 5163/1/6 5215/1/6
f 5215/1/6 5163/1/6 5216/1/6
f 5163/2/6 5164/2/6 5217/2/6
f 5216/1/6 5163/1/6 5217/1/6
f 5165/2/6 5166/2/6 5217/2/6
f 5164/2/6 5165/2/6 5217/2/6
f 5074/2/6 5167/2/6 5218/2/6
f 5166/1/6 5074/1/6 5218/1/6
f 5218/2/6 5167/2/6 5219/2/6
f 5167/3/6 5168/3/6 5220/3/6
f 5219/2/6 5167/2/6 5220/2/6
f 5168/3/6 5123/3/6 5221/3/6
f 5220/3/6 5168/3/6 5221/3/6
f 5221/3/6 5123/3/6 5222/3/6
f 5123/1/6 5124/1/6 5223/1/6
f 5222/3/6 5123/3/6 5223/3/6
f 5124/1/6 5125/1/6 5223/1/6
f 5125/1/6 5126/1/6 5223/1/6
f 5170/1/6 5171/1/6 5224/1/6
f 5169/1/6 5170/1/6 5224/1/6
f 5127/1/6 5169/1/6 5224/1/6
f 5224/1/6 5171/1/6 5225/1/6
f 5171/3/6 5132/3/6 5226/3/6
f 5225/1/6 5171/1/6 5226/1/6
f 5226/3/6 5132/3/6 5227/3/6
f 5132/2/6 5172/2/6 5228/2/6
f 5172/1/6 5173/1/6 5229/1/6
f 5228/2/6 5172/2/6 5229/2/6
f 5174/3/6 5175/3/6 5230/3/6
f 5175/5/6 5176/5/6 5230/5/6
f 5176/3/6 5177/3/6 5231/3/6
f 5230/5/6 5176/5/6 5231/5/6
f 5177/2/6 5178/2/6 5232/2/6
f 5231/3/6 5177/3/6 5232/3/6
f 5232/2/6 5178/2/6 5233/2/6
f 5178/3/6 5179/3/6 5234/3/6
f 5233/2/6 5178/2/6 5234/2/6
f 5179/5/6 5180/5/6 5235/5/6
f 5234/3/6 5179/3/6 5235/3/6
f 5180/5/6 5181/5/6 5235/5/6
f 5235/5/6 5181/5/6 5236/5/6
f 5181/3/6 5182/3/6 5237/3/6
f 5236/5/6 5181/5/6 5237/5/6
f 5182/2/6 5048/2/6 5238/2/6
f 5237/3/6 5182/3/6 5238/3/6
f 5238/2/6 5048/2/6 5239/2/6
f 5239/2/6 5048/2/6 5240/2/6
f 5184/5/6 5185/5/6 5241/5/6
f 5186/5/6 5187/5/6 5241/5/6
f 5185/5/6 5186/5/6 5241/5/6
f 5241/5/6 5187/5/6 5242/5/6
f 5189/2/6 5190/2/6 5243/2/6
f 5242/5/6 5187/5/6 5243/5/6
f 5187/2/6 5188/2/6 5243/2/6
f 5188/2/6 5189/2/6 5243/2/6
f 5192/3/6 5193/3/6 5244/3/6
f 5191/1/6 5192/1/6 5244/1/6
f 5190/1/6 5191/1/6 5244/1/6
f 5193/3/6 5147/3/6 5245/3/6
f 5244/3/6 5193/3/6 5245/3/6
f 5147/5/6 5094/5/6 5246/5/6
f 5245/3/6 5147/3/6 5246/3/6
f 5148/1/6 5194/1/6 5247/1/6
f 5246/5/6 5094/5/6 5247/5/6
f 5194/1/6 5195/1/6 5247/1/6
f 5094/1/6 5148/1/6 5247/1/6
f 5247/1/6 5195/1/6 5248/1/6
f 5248/1/6 5195/1/6 5249/1/6
f 5249/1/6 5195/1/6 5250/1/6
f 5195/2/6 5097/2/6 5251/2/6
f 5250/1/6 5195/1/6 5251/1/6
f 5097/3/6 5196/3/6 5252/3/6
f 5251/2/6 5097/2/6 5252/2/6
f 5252/3/6 5196/3/6 5253/3/6
f 5196/1/6 5197/1/6 5254/1/6
f 5253/3/6 5196/3/6 5254/3/6
f 5197/1/6 5198/1/6 5254/1/6
f 5254/1/6 5198/1/6 5255/1/6
f 5198/2/6 5199/2/6 5256/2/6
f 5255/1/6 5198/1/6 5256/1/6
f 5199/1/6 5102/1/6 5257/1/6
f 5256/2/6 5199/2/6 5257/2/6
f 5257/1/6 5102/1/6 5258/1/6
f 5102/2/6 5103/2/6 5259/2/6
f 5258/1/6 5102/1/6 5259/1/6
f 5259/2/6 5103/2/6 5260/2/6
f 5103/1/6 5200/1/6 5261/1/6
f 5200/2/6 5201/2/6 5262/2/6
f 5261/1/6 5200/1/6 5262/1/6
f 5202/5/6 5203/5/6 5263/5/6
f 5203/4/6 5204/4/6 5263/4/6
f 5204/3/6 5205/3/6 5264/3/6
f 5263/4/6 5204/4/6 5264/4/6
f 5205/1/6 5155/1/6 5265/1/6
f 5264/3/6 5205/3/6 5265/3/6
f 5206/2/6 5207/2/6 5266/2/6
f 5265/1/6 5155/1/6 5266/1/6
f 5155/2/6 5206/2/6 5266/2/6
f 5207/3/6 5208/3/6 5267/3/6
f 5266/2/6 5207/2/6 5267/2/6
f 5209/5/6 5210/5/6 5268/5/6
f 5267/3/6 5208/3/6 5268/3/6
f 5208/5/6 5209/5/6 5268/5/6
f 5268/5/6 5210/5/6 5269/5/6
f 5210/1/6 5211/1/6 5270/1/6
f 5269/5/6 5210/5/6 5270/5/6
f 5212/1/6 5213/1/6 5270/1/6
f 5211/1/6 5212/1/6 5270/1/6
f 5214/5/6 5215/5/6 5271/5/6
f 5270/1/6 5213/1/6 5271/1/6
f 5213/5/6 5214/5/6 5271/5/6
f 5271/5/6 5215/5/6 5272/5/6
f 5215/3/6 5216/3/6 5273/3/6
f 5272/5/6 5215/5/6 5273/5/6
f 5216/2/6 5217/2/6 5274/2/6
f 5273/3/6 5216/3/6 5274/3/6
f 5217/2/6 5166/2/6 5275/2/6
f 5274/2/6 5217/2/6 5275/2/6
f 5166/1/6 5218/1/6 5275/1/6
f 5218/3/6 5219/3/6 5276/3/6
f 5275/1/6 5218/1/6 5276/1/6
f 5219/4/6 5220/4/6 5277/4/6
f 5276/3/6 5219/3/6 5277/3/6
f 5220/5/6 5221/5/6 5278/5/6
f 5277/4/6 5220/4/6 5278/4/6
f 5223/1/6 5126/1/6 5279/1/6
f 5222/2/6 5223/2/6 5279/2/6
f 5279/1/6 5126/1/6 5280/1/6
f 5126/2/6 5127/2/6 5281/2/6
f 5127/1/6 5224/1/6 5282/1/6
f 5281/2/6 5127/2/6 5282/2/6
f 5282/1/6 5224/1/6 5283/1/6
f 5224/2/6 5225/2/6 5284/2/6
f 5283/1/6 5224/1/6 5284/1/6
f 5226/1/6 5227/1/6 5285/1/6
f 5284/2/6 5225/2/6 5285/2/6
f 5225/1/6 5226/1/6 5285/1/6
f 5285/1/6 5227/1/6 5286/1/6
f 5227/3/6 5132/3/6 5287/3/6
f 5286/1/6 5227/1/6 5287/1/6
f 5287/3/6 5132/3/6 5288/3/6
f 5132/2/6 5228/2/6 5289/2/6
f 5288/3/6 5132/3/6 5289/3/6
f 5228/1/6 5229/1/6 5290/1/6
f 5289/2/6 5228/2/6 5290/2/6
f 5229/1/6 5173/1/6 5291/1/6
f 5290/1/6 5229/1/6 5291/1/6
f 5173/1/6 5135/1/6 5292/1/6
f 5291/1/6 5173/1/6 5292/1/6
f 5292/1/6 5135/1/6 5293/1/6
f 5135/5/6 5174/5/6 5294/5/6
f 5293/1/6 5135/1/6 5294/1/6
f 5174/3/6 5230/3/6 5295/3/6
f 5294/5/6 5174/5/6 5295/5/6
f 5230/3/6 5231/3/6 5295/3/6
f 5295/3/6 5231/3/6 5296/3/6
f 5232/1/6 5233/1/6 5297/1/6
f 5296/3/6 5231/3/6 5297/3/6
f 5231/1/6 5232/1/6 5297/1/6
f 5234/2/6 5235/2/6 5298/2/6
f 5236/5/6 5237/5/6 5298/5/6
f 5237/5/6 5238/5/6 5298/5/6
f 5233/2/6 5234/2/6 5298/2/6
f 5235/2/6 5236/2/6 5298/2/6
f 5238/5/6 5239/5/6 5298/5/6
f 5298/5/6 5239/5/6 5299/5/6
f 5299/5/6 5239/5/6 5300/5/6
f 5245/5/6 5246/5/6 5301/5/6
f 5246/3/6 5247/3/6 5301/3/6
f 5247/3/6 5248/3/6 5301/3/6
f 5301/3/6 5248/3/6 5302/3/6
f 5248/1/6 5249/1/6 5303/1/6
f 5302/3/6 5248/3/6 5303/3/6
f 5303/1/6 5249/1/6 5304/1/6
f 5249/2/6 5250/2/6 5305/2/6
f 5304/1/6 5249/1/6 5305/1/6
f 5250/1/6 5251/1/6 5306/1/6
f 5305/2/6 5250/2/6 5306/2/6
f 5251/1/6 5252/1/6 5306/1/6
f 5306/1/6 5252/1/6 5307/1/6
f 5252/3/6 5253/3/6 5308/3/6
f 5253/2/6 5254/2/6 5308/2/6
f 5254/1/6 5255/1/6 5309/1/6
f 5308/2/6 5254/2/6 5309/2/6
f 5257/2/6 5258/2/6 5310/2/6
f 5255/2/6 5256/2/6 5310/2/6
f 5258/1/6 5259/1/6 5310/1/6
f 5256/2/6 5257/2/6 5310/2/6
f 5259/1/6 5260/1/6 5310/1/6
f 5310/1/6 5260/1/6 5311/1/6
f 5260/2/6 5103/2/6 5312/2/6
f 5311/1/6 5260/1/6 5312/1/6
f 5103/1/6 5261/1/6 5313/1/6
f 5312/2/6 5103/2/6 5313/2/6
f 5262/2/6 5201/2/6 5314/2/6
f 5261/2/6 5262/2/6 5314/2/6
f 5201/3/6 5202/3/6 5314/3/6
f 5263/5/6 5264/5/6 5315/5/6
f 5314/3/6 5202/3/6 5315/3/6
f 5202/5/6 5263/5/6 5315/5/6
f 5315/5/6 5264/5/6 5316/5/6
f 5264/3/6 5265/3/6 5317/3/6
f 5316/5/6 5264/5/6 5317/5/6
f 5265/5/6 5266/5/6 5318/5/6
f 5317/3/6 5265/3/6 5318/3/6
f 5318/5/6 5266/5/6 5319/5/6
f 5266/3/6 5267/3/6 5320/3/6
f 5319/5/6 5266/5/6 5320/5/6
f 5320/3/6 5267/3/6 5321/3/6
f 5268/5/6 5269/5/6 5322/5/6
f 5321/3/6 5267/3/6 5322/3/6
f 5267/5/6 5268/5/6 5322/5/6
f 5322/5/6 5269/5/6 5323/5/6
f 5271/1/6 5272/1/6 5324/1/6
f 5323/5/6 5269/5/6 5324/5/6
f 5270/1/6 5271/1/6 5324/1/6
f 5269/1/6 5270/1/6 5324/1/6
f 5273/5/6 5274/5/6 5325/5/6
f 5324/1/6 5272/1/6 5325/1/6
f 5272/5/6 5273/5/6 5325/5/6
f 5325/5/6 5274/5/6 5326/5/6
f 5274/3/6 5275/3/6 5327/3/6
f 5326/5/6 5274/5/6 5327/5/6
f 5327/3/6 5275/3/6 5328/3/6
f 5275/5/6 5276/5/6 5329/5/6
f 5328/3/6 5275/3/6 5329/3/6
f 5329/5/6 5276/5/6 5330/5/6
f 5276/3/6 5277/3/6 5331/3/6
f 5330/5/6 5276/5/6 5331/5/6
f 5277/5/6 5278/5/6 5332/5/6
f 5331/3/6 5277/3/6 5332/3/6
f 5278/5/6 5221/5/6 5333/5/6
f 5332/5/6 5278/5/6 5333/5/6
f 5221/3/6 5222/3/6 5334/3/6
f 5333/5/6 5221/5/6 5334/5/6
f 5279/2/6 5280/2/6 5335/2/6
f 5334/3/6 5222/3/6 5335/3/6
f 5222/2/6 5279/2/6 5335/2/6
f 5280/1/6 5126/1/6 5336/1/6
f 5126/2/6 5281/2/6 5336/2/6
f 5282/1/6 5283/1/6 5337/1/6
f 5336/2/6 5281/2/6 5337/2/6
f 5281/1/6 5282/1/6 5337/1/6
f 5337/1/6 5283/1/6 5338/1/6
f 5285/2/6 5286/2/6 5339/2/6
f 5338/1/6 5283/1/6 5339/1/6
f 5283/2/6 5284/2/6 5339/2/6
f 5284/2/6 5285/2/6 5339/2/6
f 5287/2/6 5288/2/6 5340/2/6
f 5286/1/6 5287/1/6 5340/1/6
f 5288/3/6 5289/3/6 5341/3/6
f 5340/2/6 5288/2/6 5341/2/6
f 5290/1/6 5291/1/6 5342/1/6
f 5289/1/6 5290/1/6 5342/1/6
f 5291/2/6 5292/2/6 5343/2/6
f 5342/1/6 5291/1/6 5343/1/6
f 5292/1/6 5293/1/6 5344/1/6
f 5343/2/6 5292/2/6 5344/2/6
f 5344/1/6 5293/1/6 5345/1/6
f 5293/3/6 5294/3/6 5346/3/6
f 5345/1/6 5293/1/6 5346/1/6
f 5294/3/6 5295/3/6 5346/3/6
f 5346/3/6 5295/3/6 5347/3/6
f 5295/5/6 5296/5/6 5348/5/6
f 5347/3/6 5295/3/6 5348/3/6
f 5241/3/6 5242/3/6 5349/3/6
f 5184/5/6 5241/5/6 5349/5/6
f 5242/2/6 5243/2/6 5350/2/6
f 5349/3/6 5242/3/6 5350/3/6
f 5301/5/6 5302/5/6 5351/5/6
f 5244/1/6 5245/1/6 5351/1/6
f 5245/5/6 5301/5/6 5351/5/6
f 5351/5/6 5302/5/6 5352/5/6
f 5305/2/6 5306/2/6 5353/2/6
f 5307/1/6 5252/1/6 5353/1/6
f 5304/2/6 5305/2/6 5353/2/6
f 5306/2/6 5307/2/6 5353/2/6
f 5353/1/6 5252/1/6 5354/1/6
f 5312/1/6 5313/1/6 5355/1/6
f 5310/2/6 5311/2/6 5355/2/6
f 5311/1/6 5312/1/6 5355/1/6
f 5355/1/6 5313/1/6 5356/1/6
f 5313/1/6 5261/1/6 5357/1/6
f 5356/1/6 5313/1/6 5357/1/6
f 5261/2/6 5314/2/6 5358/2/6
f 5357/1/6 5261/1/6 5358/1/6
f 5314/2/6 5315/2/6 5358/2/6
f 5358/2/6 5315/2/6 5359/2/6
f 5315/5/6 5316/5/6 5360/5/6
f 5359/2/6 5315/2/6 5360/2/6
f 5360/5/6 5316/5/6 5361/5/6
f 5316/4/6 5317/4/6 5362/4/6
f 5361/5/6 5316/5/6 5362/5/6
f 5317/3/6 5318/3/6 5363/3/6
f 5362/4/6 5317/4/6 5363/4/6
f 5318/2/6 5319/2/6 5364/2/6
f 5363/3/6 5318/3/6 5364/3/6
f 5320/5/6 5321/5/6 5365/5/6
f 5364/2/6 5319/2/6 5365/2/6
f 5319/5/6 5320/5/6 5365/5/6
f 5365/5/6 5321/5/6 5366/5/6
f 5366/5/6 5321/5/6 5367/5/6
f 5322/3/6 5323/3/6 5368/3/6
f 5367/5/6 5321/5/6 5368/5/6
f 5321/3/6 5322/3/6 5368/3/6
f 5368/3/6 5323/3/6 5369/3/6
f 5323/2/6 5324/2/6 5370/2/6
f 5369/3/6 5323/3/6 5370/3/6
f 5324/1/6 5325/1/6 5371/1/6
f 5370/2/6 5324/2/6 5371/2/6
f 5371/1/6 5325/1/6 5372/1/6
f 5372/1/6 5325/1/6 5373/1/6
f 5325/2/6 5326/2/6 5374/2/6
f 5373/1/6 5325/1/6 5374/1/6
f 5327/3/6 5328/3/6 5375/3/6
f 5374/2/6 5326/2/6 5375/2/6
f 5326/3/6 5327/3/6 5375/3/6
f 5375/3/6 5328/3/6 5376/3/6
f 5329/5/6 5330/5/6 5377/5/6
f 5376/3/6 5328/3/6 5377/3/6
f 5328/5/6 5329/5/6 5377/5/6
f 5377/5/6 5330/5/6 5378/5/6
f 5378/5/6 5330/5/6 5379/5/6
f 5330/2/6 5331/2/6 5380/2/6
f 5379/5/6 5330/5/6 5380/5/6
f 5331/3/6 5332/3/6 5381/3/6
f 5380/2/6 5331/2/6 5381/2/6
f 5332/4/6 5333/4/6 5382/4/6
f 5381/3/6 5332/3/6 5382/3/6
f 5333/5/6 5334/5/6 5383/5/6
f 5382/4/6 5333/4/6 5383/4/6
f 5383/5/6 5334/5/6 5384/5/6
f 5334/2/6 5335/2/6 5385/2/6
f 5384/5/6 5334/5/6 5385/5/6
f 5335/2/6 5280/2/6 5386/2/6
f 5385/2/6 5335/2/6 5386/2/6
f 5337/1/6 5338/1/6 5387/1/6
f 5386/2/6 5280/2/6 5387/2/6
f 5280/1/6 5336/1/6 5387/1/6
f 5336/1/6 5337/1/6 5387/1/6
f 5387/1/6 5338/1/6 5388/1/6
f 5388/1/6 5338/1/6 5389/1/6
f 5338/2/6 5339/2/6 5390/2/6
f 5389/1/6 5338/1/6 5390/1/6
f 5289/1/6 5342/1/6 5391/1/6
f 5342/2/6 5343/2/6 5392/2/6
f 5391/1/6 5342/1/6 5392/1/6
f 5344/2/6 5345/2/6 5392/2/6
f 5343/2/6 5344/2/6 5392/2/6
f 5348/5/6 5296/5/6 5393/5/6
f 5347/5/6 5348/5/6 5393/5/6
f 5296/1/6 5297/1/6 5394/1/6
f 5393/5/6 5296/5/6 5394/5/6
f 5298/2/6 5299/2/6 5395/2/6
f 5299/3/6 5300/3/6 5395/3/6
f 5300/5/6 5239/5/6 5396/5/6
f 5395/3/6 5300/3/6 5396/3/6
f 5352/5/6 5302/5/6 5397/5/6
f 5351/1/6 5352/1/6 5397/1/6
f 5303/3/6 5304/3/6 5398/3/6
f 5397/5/6 5302/5/6 5398/5/6
f 5302/3/6 5303/3/6 5398/3/6
f 5353/2/6 5354/2/6 5399/2/6
f 5398/3/6 5304/3/6 5399/3/6
f 5304/2/6 5353/2/6 5399/2/6
f 5399/2/6 5354/2/6 5400/2/6
f 5354/1/6 5252/1/6 5401/1/6
f 5400/2/6 5354/2/6 5401/2/6
f 5401/1/6 5252/1/6 5402/1/6
f 5356/1/6 5357/1/6 5403/1/6
f 5355/2/6 5356/2/6 5403/2/6
f 5403/1/6 5357/1/6 5404/1/6
f 5358/2/6 5359/2/6 5405/2/6
f 5357/2/6 5358/2/6 5405/2/6
f 5359/3/6 5360/3/6 5406/3/6
f 5405/2/6 5359/2/6 5406/2/6
f 5360/5/6 5361/5/6 5407/5/6
f 5406/3/6 5360/3/6 5407/3/6
f 5361/3/6 5362/3/6 5408/3/6
f 5407/5/6 5361/5/6 5408/5/6
f 5362/2/6 5363/2/6 5409/2/6
f 5408/3/6 5362/3/6 5409/3/6
f 5366/3/6 5367/3/6 5410/3/6
f 5365/2/6 5366/2/6 5410/2/6
f 5410/3/6 5367/3/6 5411/3/6
f 5411/3/6 5367/3/6 5412/3/6
f 5368/5/6 5369/5/6 5413/5/6
f 5412/3/6 5367/3/6 5413/3/6
f 5367/5/6 5368/5/6 5413/5/6
f 5413/5/6 5369/5/6 5414/5/6
f 5371/2/6 5372/2/6 5415/2/6
f 5369/2/6 5370/2/6 5415/2/6
f 5370/2/6 5371/2/6 5415/2/6
f 5372/1/6 5373/1/6 5416/1/6
f 5415/2/6 5372/2/6 5416/2/6
f 5416/1/6 5373/1/6 5417/1/6
f 5417/1/6 5373/1/6 5418/1/6
f 5373/2/6 5374/2/6 5419/2/6
f 5418/1/6 5373/1/6 5419/1/6
f 5375/2/6 5376/2/6 5419/2/6
f 5374/2/6 5375/2/6 5419/2/6
f 5419/2/6 5376/2/6 5420/2/6
f 5377/5/6 5378/5/6 5421/5/6
f 5376/5/6 5377/5/6 5421/5/6
f 5378/3/6 5379/3/6 5422/3/6
f 5421/5/6 5378/5/6 5422/5/6
f 5422/3/6 5379/3/6 5423/3/6
f 5423/3/6 5379/3/6 5424/3/6
f 5379/2/6 5380/2/6 5425/2/6
f 5424/3/6 5379/3/6 5425/3/6
f 5382/2/6 5383/2/6 5426/2/6
f 5383/3/6 5384/3/6 5426/3/6
f 5384/5/6 5385/5/6 5427/5/6
f 5426/3/6 5384/3/6 5427/3/6
f 5385/3/6 5386/3/6 5428/3/6
f 5427/5/6 5385/5/6 5428/5/6
f 5386/2/6 5387/2/6 5429/2/6
f 5428/3/6 5386/3/6 5429/3/6
f 5387/2/6 5388/2/6 5429/2/6
f 5429/2/6 5388/2/6 5430/2/6
f 5388/1/6 5389/1/6 5431/1/6
f 5389/2/6 5390/2/6 5432/2/6
f 5431/1/6 5389/1/6 5432/1/6
f 5289/1/6 5391/1/6 5433/1/6
f 5391/2/6 5392/2/6 5434/2/6
f 5433/1/6 5391/1/6 5434/1/6
f 5392/2/6 5345/2/6 5435/2/6
f 5434/2/6 5392/2/6 5435/2/6
f 5346/3/6 5347/3/6 5436/3/6
f 5435/2/6 5345/2/6 5436/2/6
f 5345/3/6 5346/3/6 5436/3/6
f 5347/5/6 5393/5/6 5437/5/6
f 5436/3/6 5347/3/6 5437/3/6
f 5393/1/6 5394/1/6 5438/1/6
f 5437/5/6 5393/5/6 5438/5/6
f 5183/3/6 5184/3/6 5439/3/6
f 5184/5/6 5349/5/6 5440/5/6
f 5439/3/6 5184/3/6 5440/3/6
f 5350/2/6 5243/2/6 5441/2/6
f 5190/1/6 5244/1/6 5441/1/6
f 5243/2/6 5190/2/6 5441/2/6
f 5349/2/6 5350/2/6 5441/2/6
f 5351/1/6 5397/1/6 5441/1/6
f 5244/1/6 5351/1/6 5441/1/6
f 5441/1/6 5397/1/6 5442/1/6
f 5442/1/6 5397/1/6 5443/1/6
f 5397/2/6 5398/2/6 5444/2/6
f 5443/1/6 5397/1/6 5444/1/6
f 5399/3/6 5400/3/6 5445/3/6
f 5398/3/6 5399/3/6 5445/3/6
f 5401/2/6 5402/2/6 5446/2/6
f 5445/3/6 5400/3/6 5446/3/6
f 5400/2/6 5401/2/6 5446/2/6
f 5446/2/6 5402/2/6 5447/2/6
f 5402/1/6 5252/1/6 5448/1/6
f 5447/2/6 5402/2/6 5448/2/6
f 5252/3/6 5308/3/6 5449/3/6
f 5448/1/6 5252/1/6 5449/1/6
f 5308/1/6 5309/1/6 5450/1/6
f 5449/3/6 5308/3/6 5450/3/6
f 5309/1/6 5255/1/6 5451/1/6
f 5450/1/6 5309/1/6 5451/1/6
f 5310/2/6 5355/2/6 5452/2/6
f 5451/1/6 5255/1/6 5452/1/6
f 5255/2/6 5310/2/6 5452/2/6
f 5403/2/6 5404/2/6 5452/2/6
f 5355/2/6 5403/2/6 5452/2/6
f 5452/2/6 5404/2/6 5453/2/6
f 5404/1/6 5357/1/6 5454/1/6
f 5453/2/6 5404/2/6 5454/2/6
f 5454/1/6 5357/1/6 5455/1/6
f 5357/2/6 5405/2/6 5456/2/6
f 5405/3/6 5406/3/6 5456/3/6
f 5407/5/6 5408/5/6 5457/5/6
f 5456/3/6 5406/3/6 5457/3/6
f 5406/5/6 5407/5/6 5457/5/6
f 5457/5/6 5408/5/6 5458/5/6
f 5408/2/6 5409/2/6 5459/2/6
f 5458/5/6 5408/5/6 5459/5/6
f 5363/1/6 5364/1/6 5460/1/6
f 5364/1/6 5365/1/6 5460/1/6
f 5410/2/6 5411/2/6 5460/2/6
f 5365/2/6 5410/2/6 5460/2/6
f 5460/2/6 5411/2/6 5461/2/6
f 5369/2/6 5415/2/6 5462/2/6
f 5416/1/6 5417/1/6 5463/1/6
f 5462/2/6 5415/2/6 5463/2/6
f 5415/1/6 5416/1/6 5463/1/6
f 5463/1/6 5417/1/6 5464/1/6
f 5417/2/6 5418/2/6 5465/2/6
f 5464/1/6 5417/1/6 5465/1/6
f 5419/1/6 5420/1/6 5466/1/6
f 5465/2/6 5418/2/6 5466/2/6
f 5418/1/6 5419/1/6 5466/1/6
f 5466/1/6 5420/1/6 5467/1/6
f 5420/2/6 5376/2/6 5468/2/6
f 5467/1/6 5420/1/6 5468/1/6
f 5468/2/6 5376/2/6 5469/2/6
f 5425/2/6 5380/2/6 5470/2/6
f 5424/2/6 5425/2/6 5470/2/6
f 5380/1/6 5381/1/6 5471/1/6
f 5470/2/6 5380/2/6 5471/2/6
f 5381/1/6 5382/1/6 5471/1/6
f 5426/2/6 5427/2/6 5472/2/6
f 5428/5/6 5429/5/6 5472/5/6
f 5427/5/6 5428/5/6 5472/5/6
f 5472/5/6 5429/5/6 5473/5/6
f 5429/3/6 5430/3/6 5474/3/6
f 5473/5/6 5429/5/6 5474/5/6
f 5430/2/6 5388/2/6 5475/2/6
f 5474/3/6 5430/3/6 5475/3/6
f 5388/1/6 5431/1/6 5476/1/6
f 5431/2/6 5432/2/6 5477/2/6
f 5476/1/6 5431/1/6 5477/1/6
f 5339/2/6 5286/2/6 5478/2/6
f 5477/2/6 5432/2/6 5478/2/6
f 5432/2/6 5390/2/6 5478/2/6
f 5390/2/6 5339/2/6 5478/2/6
f 5340/1/6 5341/1/6 5479/1/6
f 5478/2/6 5286/2/6 5479/2/6
f 5286/1/6 5340/1/6 5479/1/6
f 5479/1/6 5341/1/6 5480/1/6
f 5341/3/6 5289/3/6 5481/3/6
f 5480/1/6 5341/1/6 5481/1/6
f 5289/1/6 5433/1/6 5482/1/6
f 5481/3/6 5289/3/6 5482/3/6
f 5434/2/6 5435/2/6 5483/2/6
f 5482/1/6 5433/1/6 5483/1/6
f 5433/2/6 5434/2/6 5483/2/6
f 5483/2/6 5435/2/6 5484/2/6
f 5435/3/6 5436/3/6 5485/3/6
f 5484/2/6 5435/2/6 5485/2/6
f 5436/3/6 5437/3/6 5485/3/6
f 5485/3/6 5437/3/6 5486/3/6
f 5438/1/6 5394/1/6 5487/1/6
f 5437/2/6 5438/2/6 5487/2/6
f 5394/1/6 5297/1/6 5488/1/6
f 5487/1/6 5394/1/6 5488/1/6
f 5297/1/6 5233/1/6 5489/1/6
f 5488/1/6 5297/1/6 5489/1/6
f 5395/2/6 5396/2/6 5490/2/6
f 5489/1/6 5233/1/6 5490/1/6
f 5298/2/6 5395/2/6 5490/2/6
f 5233/2/6 5298/2/6 5490/2/6
f 5396/5/6 5239/5/6 5491/5/6
f 5239/3/6 5240/3/6 5491/3/6
f 5491/3/6 5240/3/6 5492/3/6
f 5440/5/6 5349/5/6 5493/5/6
f 5439/5/6 5440/5/6 5493/5/6
f 5349/2/6 5441/2/6 5494/2/6
f 5493/5/6 5349/5/6 5494/5/6
f 5441/2/6 5442/2/6 5494/2/6
f 5494/2/6 5442/2/6 5495/2/6
f 5446/5/6 5447/5/6 5496/5/6
f 5398/3/6 5445/3/6 5496/3/6
f 5445/5/6 5446/5/6 5496/5/6
f 5496/5/6 5447/5/6 5497/5/6
f 5447/2/6 5448/2/6 5498/2/6
f 5497/5/6 5447/5/6 5498/5/6
f 5498/2/6 5448/2/6 5499/2/6
f 5499/2/6 5448/2/6 5500/2/6
f 5500/2/6 5448/2/6 5501/2/6
f 5449/3/6 5450/3/6 5502/3/6
f 5501/2/6 5448/2/6 5502/2/6
f 5448/3/6 5449/3/6 5502/3/6
f 5450/3/6 5451/3/6 5502/3/6
f 5502/3/6 5451/3/6 5503/3/6
f 5452/1/6 5453/1/6 5504/1/6
f 5503/3/6 5451/3/6 5504/3/6
f 5451/1/6 5452/1/6 5504/1/6
f 5504/1/6 5453/1/6 5505/1/6
f 5453/2/6 5454/2/6 5506/2/6
f 5454/2/6 5455/2/6 5506/2/6
f 5455/1/6 5357/1/6 5507/1/6
f 5506/2/6 5455/2/6 5507/2/6
f 5357/2/6 5456/2/6 5508/2/6
f 5507/1/6 5357/1/6 5508/1/6
f 5508/2/6 5456/2/6 5509/2/6
f 5456/5/6 5457/5/6 5510/5/6
f 5509/2/6 5456/2/6 5510/2/6
f 5457/3/6 5458/3/6 5511/3/6
f 5510/5/6 5457/5/6 5511/5/6
f 5458/2/6 5459/2/6 5512/2/6
f 5511/3/6 5458/3/6 5512/3/6
f 5461/2/6 5411/2/6 5513/2/6
f 5460/1/6 5461/1/6 5513/1/6
f 5411/3/6 5412/3/6 5514/3/6
f 5513/2/6 5411/2/6 5514/2/6
f 5412/5/6 5413/5/6 5515/5/6
f 5514/3/6 5412/3/6 5515/3/6
f 5413/3/6 5414/3/6 5516/3/6
f 5515/5/6 5413/5/6 5516/5/6
f 5414/5/6 5369/5/6 5517/5/6
f 5516/3/6 5414/3/6 5517/3/6
f 5369/2/6 5462/2/6 5518/2/6
f 5517/5/6 5369/5/6 5518/5/6
f 5518/2/6 5462/2/6 5519/2/6
f 5463/1/6 5464/1/6 5520/1/6
f 5519/2/6 5462/2/6 5520/2/6
f 5462/1/6 5463/1/6 5520/1/6
f 5469/2/6 5376/2/6 5521/2/6
f 5467/1/6 5468/1/6 5521/1/6
f 5468/1/6 5469/1/6 5521/1/6
f 5521/2/6 5376/2/6 5522/2/6
f 5376/5/6 5421/5/6 5523/5/6
f 5522/2/6 5376/2/6 5523/2/6
f 5421/3/6 5422/3/6 5524/3/6
f 5523/5/6 5421/5/6 5524/5/6
f 5422/5/6 5423/5/6 5525/5/6
f 5524/3/6 5422/3/6 5525/3/6
f 5423/3/6 5424/3/6 5526/3/6
f 5525/5/6 5423/5/6 5526/5/6
f 5424/2/6 5470/2/6 5527/2/6
f 5526/3/6 5424/3/6 5527/3/6
f 5470/1/6 5471/1/6 5528/1/6
f 5527/2/6 5470/2/6 5528/2/6
f 5472/2/6 5473/2/6 5529/2/6
f 5473/3/6 5474/3/6 5529/3/6
f 5474/5/6 5475/5/6 5530/5/6
f 5529/3/6 5474/3/6 5530/3/6
f 5475/2/6 5388/2/6 5531/2/6
f 5530/5/6 5475/5/6 5531/5/6
f 5531/2/6 5388/2/6 5532/2/6
f 5388/1/6 5476/1/6 5533/1/6
f 5532/2/6 5388/2/6 5533/2/6
f 5476/2/6 5477/2/6 5534/2/6
f 5533/1/6 5476/1/6 5534/1/6
f 5477/2/6 5478/2/6 5534/2/6
f 5534/2/6 5478/2/6 5535/2/6
f 5479/1/6 5480/1/6 5536/1/6
f 5478/1/6 5479/1/6 5536/1/6
f 5481/3/6 5482/3/6 5537/3/6
f 5536/1/6 5480/1/6 5537/1/6
f 5480/3/6 5481/3/6 5537/3/6
f 5482/3/6 5483/3/6 5537/3/6
f 5537/3/6 5483/3/6 5538/3/6
f 5483/2/6 5484/2/6 5539/2/6
f 5538/3/6 5483/3/6 5539/3/6
f 5539/2/6 5484/2/6 5540/2/6
f 5540/2/6 5484/2/6 5541/2/6
f 5541/2/6 5484/2/6 5542/2/6
f 5485/5/6 5486/5/6 5543/5/6
f 5542/2/6 5484/2/6 5543/2/6
f 5484/5/6 5485/5/6 5543/5/6
f 5543/5/6 5486/5/6 5544/5/6
f 5486/3/6 5437/3/6 5545/3/6
f 5544/5/6 5486/5/6 5545/5/6
f 5490/2/6 5396/2/6 5546/2/6
f 5489/2/6 5490/2/6 5546/2/6
f 5491/5/6 5492/5/6 5547/5/6
f 5546/2/6 5396/2/6 5547/2/6
f 5396/5/6 5491/5/6 5547/5/6
f 5547/5/6 5492/5/6 5548/5/6
f 5439/5/6 5493/5/6 5549/5/6
f 5493/2/6 5494/2/6 5550/2/6
f 5549/5/6 5493/5/6 5550/5/6
f 5494/1/6 5495/1/6 5551/1/6
f 5550/2/6 5494/2/6 5551/2/6
f 5495/2/6 5442/2/6 5552/2/6
f 5551/1/6 5495/1/6 5552/1/6
f 5442/1/6 5443/1/6 5553/1/6
f 5552/2/6 5442/2/6 5553/2/6
f 5553/1/6 5443/1/6 5554/1/6
f 5443/2/6 5444/2/6 5555/2/6
f 5554/1/6 5443/1/6 5555/1/6
f 5498/5/6 5499/5/6 5556/5/6
f 5497/5/6 5498/5/6 5556/5/6
f 5556/5/6 5499/5/6 5557/5/6
f 5500/2/6 5501/2/6 5558/2/6
f 5499/3/6 5500/3/6 5558/3/6
f 5501/3/6 5502/3/6 5559/3/6
f 5558/2/6 5501/2/6 5559/2/6
f 5502/5/6 5503/5/6 5560/5/6
f 5559/3/6 5502/3/6 5560/3/6
f 5504/3/6 5505/3/6 5561/3/6
f 5560/5/6 5503/5/6 5561/5/6
f 5503/3/6 5504/3/6 5561/3/6
f 5505/1/6 5453/1/6 5562/1/6
f 5561/3/6 5505/3/6 5562/3/6
f 5453/2/6 5506/2/6 5563/2/6
f 5562/1/6 5453/1/6 5563/1/6
f 5506/1/6 5507/1/6 5564/1/6
f 5563/2/6 5506/2/6 5564/2/6
f 5507/1/6 5508/1/6 5564/1/6
f 5564/1/6 5508/1/6 5565/1/6
f 5508/3/6 5509/3/6 5566/3/6
f 5565/1/6 5508/1/6 5566/1/6
f 5509/5/6 5510/5/6 5567/5/6
f 5566/3/6 5509/3/6 5567/3/6
f 5510/5/6 5511/5/6 5567/5/6
f 5567/5/6 5511/5/6 5568/5/6
f 5511/2/6 5512/2/6 5569/2/6
f 5568/5/6 5511/5/6 5569/5/6
f 5409/2/6 5363/2/6 5570/2/6
f 5569/2/6 5512/2/6 5570/2/6
f 5460/1/6 5513/1/6 5570/1/6
f 5459/2/6 5409/2/6 5570/2/6
f 5512/2/6 5459/2/6 5570/2/6
f 5363/1/6 5460/1/6 5570/1/6
f 5514/1/6 5515/1/6 5570/1/6
f 5513/1/6 5514/1/6 5570/1/6
f 5570/1/6 5515/1/6 5571/1/6
f 5518/2/6 5519/2/6 5572/2/6
f 5516/5/6 5517/5/6 5572/5/6
f 5515/5/6 5516/5/6 5572/5/6
f 5517/2/6 5518/2/6 5572/2/6
f 5519/1/6 5520/1/6 5573/1/6
f 5572/2/6 5519/2/6 5573/2/6
f 5520/1/6 5464/1/6 5574/1/6
f 5573/1/6 5520/1/6 5574/1/6
f 5465/2/6 5466/2/6 5575/2/6
f 5574/1/6 5464/1/6 5575/1/6
f 5466/2/6 5467/2/6 5575/2/6
f 5464/2/6 5465/2/6 5575/2/6
f 5521/1/6 5522/1/6 5576/1/6
f 5575/2/6 5467/2/6 5576/2/6
f 5467/1/6 5521/1/6 5576/1/6
f 5576/1/6 5522/1/6 5577/1/6
f 5522/2/6 5523/2/6 5578/2/6
f 5577/1/6 5522/1/6 5578/1/6
f 5523/2/6 5524/2/6 5578/2/6
f 5525/5/6 5526/5/6 5579/5/6
f 5578/2/6 5524/2/6 5579/2/6
f 5524/5/6 5525/5/6 5579/5/6
f 5471/1/6 5382/1/6 5580/1/6
f 5528/1/6 5471/1/6 5580/1/6
f 5526/1/6 5527/1/6 5580/1/6
f 5527/1/6 5528/1/6 5580/1/6
f 5382/2/6 5426/2/6 5581/2/6
f 5580/1/6 5382/1/6 5581/1/6
f 5472/2/6 5529/2/6 5581/2/6
f 5529/2/6 5530/2/6 5581/2/6
f 5426/2/6 5472/2/6 5581/2/6
f 5531/5/6 5532/5/6 5582/5/6
f 5581/2/6 5530/2/6 5582/2/6
f 5530/5/6 5531/5/6 5582/5/6
f 5582/5/6 5532/5/6 5583/5/6
f 5532/3/6 5533/3/6 5584/3/6
f 5583/5/6 5532/5/6 5584/5/6
f 5534/1/6 5535/1/6 5585/1/6
f 5584/3/6 5533/3/6 5585/3/6
f 5533/1/6 5534/1/6 5585/1/6
f 5585/1/6 5535/1/6 5586/1/6
f 5535/2/6 5478/2/6 5587/2/6
f 5586/1/6 5535/1/6 5587/1/6
f 5478/1/6 5536/1/6 5588/1/6
f 5587/2/6 5478/2/6 5588/2/6
f 5537/3/6 5538/3/6 5589/3/6
f 5588/1/6 5536/1/6 5589/1/6
f 5536/3/6 5537/3/6 5589/3/6
f 5538/5/6 5539/5/6 5590/5/6
f 5589/3/6 5538/3/6 5590/3/6
f 5539/3/6 5540/3/6 5591/3/6
f 5590/5/6 5539/5/6 5591/5/6
f 5540/2/6 5541/2/6 5592/2/6
f 5591/3/6 5540/3/6 5592/3/6
f 5541/3/6 5542/3/6 5593/3/6
f 5592/2/6 5541/2/6 5593/2/6
f 5543/5/6 5544/5/6 5594/5/6
f 5542/5/6 5543/5/6 5594/5/6
f 5594/5/6 5544/5/6 5595/5/6
f 5487/2/6 5488/2/6 5596/2/6
f 5488/1/6 5489/1/6 5596/1/6
f 5596/1/6 5489/1/6 5597/1/6
f 5489/2/6 5546/2/6 5598/2/6
f 5597/1/6 5489/1/6 5598/1/6
f 5546/1/6 5547/1/6 5599/1/6
f 5598/2/6 5546/2/6 5599/2/6
f 5547/2/6 5548/2/6 5600/2/6
f 5599/1/6 5547/1/6 5600/1/6
f 5548/5/6 5492/5/6 5601/5/6
f 5600/2/6 5548/2/6 5601/2/6
f 5601/5/6 5492/5/6 5602/5/6
f 5549/3/6 5550/3/6 5603/3/6
f 5550/1/6 5551/1/6 5604/1/6
f 5603/3/6 5550/3/6 5604/3/6
f 5551/1/6 5552/1/6 5604/1/6
f 5553/1/6 5554/1/6 5604/1/6
f 5552/1/6 5553/1/6 5604/1/6
f 5604/1/6 5554/1/6 5605/1/6
f 5605/1/6 5554/1/6 5606/1/6
f 5606/1/6 5554/1/6 5607/1/6
f 5554/2/6 5555/2/6 5608/2/6
f 5607/1/6 5554/1/6 5608/1/6
f 5555/2/6 5444/2/6 5609/2/6
f 5608/2/6 5555/2/6 5609/2/6
f 5556/3/6 5557/3/6 5610/3/6
f 5497/5/6 5556/5/6 5610/5/6
f 5557/5/6 5499/5/6 5611/5/6
f 5610/3/6 5557/3/6 5611/3/6
f 5558/3/6 5559/3/6 5612/3/6
f 5499/3/6 5558/3/6 5612/3/6
f 5559/5/6 5560/5/6 5613/5/6
f 5612/3/6 5559/3/6 5613/3/6
f 5560/3/6 5561/3/6 5614/3/6
f 5613/5/6 5560/5/6 5614/5/6
f 5561/5/6 5562/5/6 5615/5/6
f 5614/3/6 5561/3/6 5615/3/6
f 5562/3/6 5563/3/6 5616/3/6
f 5615/5/6 5562/5/6 5616/5/6
f 5564/5/6 5565/5/6 5617/5/6
f 5616/3/6 5563/3/6 5617/3/6
f 5563/5/6 5564/5/6 5617/5/6
f 5617/5/6 5565/5/6 5618/5/6
f 5566/3/6 5567/3/6 5619/3/6
f 5618/5/6 5565/5/6 5619/5/6
f 5565/3/6 5566/3/6 5619/3/6
f 5567/3/6 5568/3/6 5619/3/6
f 5619/3/6 5568/3/6 5620/3/6
f 5620/3/6 5568/3/6 5621/3/6
f 5568/2/6 5569/2/6 5622/2/6
f 5621/3/6 5568/3/6 5622/3/6
f 5570/2/6 5571/2/6 5622/2/6
f 5569/2/6 5570/2/6 5622/2/6
f 5622/2/6 5571/2/6 5623/2/6
f 5623/2/6 5571/2/6 5624/2/6
f 5571/1/6 5515/1/6 5625/1/6
f 5624/2/6 5571/2/6 5625/2/6
f 5572/1/6 5573/1/6 5626/1/6
f 5573/1/6 5574/1/6 5626/1/6
f 5515/5/6 5572/5/6 5626/5/6
f 5626/1/6 5574/1/6 5627/1/6
f 5576/2/6 5577/2/6 5628/2/6
f 5627/1/6 5574/1/6 5628/1/6
f 5574/2/6 5575/2/6 5628/2/6
f 5575/2/6 5576/2/6 5628/2/6
f 5628/2/6 5577/2/6 5629/2/6
f 5629/2/6 5577/2/6 5630/2/6
f 5577/1/6 5578/1/6 5631/1/6
f 5630/2/6 5577/2/6 5631/2/6
f 5578/1/6 5579/1/6 5631/1/6
f 5631/1/6 5579/1/6 5632/1/6
f 5579/5/6 5526/5/6 5633/5/6
f 5632/1/6 5579/1/6 5633/1/6
f 5526/1/6 5580/1/6 5634/1/6
f 5582/2/6 5583/2/6 5634/2/6
f 5580/2/6 5581/2/6 5634/2/6
f 5581/2/6 5582/2/6 5634/2/6
f 5634/2/6 5583/2/6 5635/2/6
f 5635/2/6 5583/2/6 5636/2/6
f 5585/3/6 5586/3/6 5637/3/6
f 5636/2/6 5583/2/6 5637/2/6
f 5583/3/6 5584/3/6 5637/3/6
f 5584/3/6 5585/3/6 5637/3/6
f 5637/3/6 5586/3/6 5638/3/6
f 5638/3/6 5586/3/6 5639/3/6
f 5587/5/6 5588/5/6 5640/5/6
f 5639/3/6 5586/3/6 5640/3/6
f 5586/5/6 5587/5/6 5640/5/6
f 5640/5/6 5588/5/6 5641/5/6
f 5588/3/6 5589/3/6 5642/3/6
f 5641/5/6 5588/5/6 5642/5/6
f 5589/5/6 5590/5/6 5643/5/6
f 5642/3/6 5589/3/6 5643/3/6
f 5590/3/6 5591/3/6 5644/3/6
f 5643/5/6 5590/5/6 5644/5/6
f 5591/5/6 5592/5/6 5645/5/6
f 5644/3/6 5591/3/6 5645/3/6
f 5592/3/6 5593/3/6 5646/3/6
f 5645/5/6 5592/5/6 5646/5/6
f 5593/3/6 5542/3/6 5647/3/6
f 5646/3/6 5593/3/6 5647/3/6
f 5594/3/6 5595/3/6 5648/3/6
f 5542/5/6 5594/5/6 5648/5/6
f 5595/5/6 5544/5/6 5649/5/6
f 5648/3/6 5595/3/6 5649/3/6
f 5596/2/6 5597/2/6 5650/2/6
f 5487/2/6 5596/2/6 5650/2/6
f 5598/1/6 5599/1/6 5651/1/6
f 5650/2/6 5597/2/6 5651/2/6
f 5600/1/6 5601/1/6 5651/1/6
f 5597/1/6 5598/1/6 5651/1/6
f 5599/1/6 5600/1/6 5651/1/6
f 5651/1/6 5601/1/6 5652/1/6
f 5652/1/6 5601/1/6 5653/1/6
f 5653/1/6 5601/1/6 5654/1/6
f 5601/3/6 5602/3/6 5655/3/6
f 5654/1/6 5601/1/6 5655/1/6
f 5655/3/6 5602/3/6 5656/3/6
f 5603/5/6 5604/5/6 5657/5/6
f 5604/2/6 5605/2/6 5657/2/6
f 5605/1/6 5606/1/6 5658/1/6
f 5657/2/6 5605/2/6 5658/2/6
f 5606/2/6 5607/2/6 5659/2/6
f 5658/1/6 5606/1/6 5659/1/6
f 5496/3/6 5497/3/6 5660/3/6
f 5398/3/6 5496/3/6 5660/3/6
f 5497/5/6 5610/5/6 5661/5/6
f 5660/3/6 5497/3/6 5661/3/6
f 5610/5/6 5611/5/6 5661/5/6
f 5661/5/6 5611/5/6 5662/5/6
f 5499/3/6 5612/3/6 5663/3/6
f 5662/5/6 5611/5/6 5663/5/6
f 5611/5/6 5499/5/6 5663/5/6
f 5612/2/6 5613/2/6 5664/2/6
f 5663/3/6 5612/3/6 5664/3/6
f 5613/3/6 5614/3/6 5665/3/6
f 5664/2/6 5613/2/6 5665/2/6
f 5614/5/6 5615/5/6 5666/5/6
f 5665/3/6 5614/3/6 5666/3/6
f 5615/3/6 5616/3/6 5667/3/6
f 5666/5/6 5615/5/6 5667/5/6
f 5667/3/6 5616/3/6 5668/3/6
f 5616/1/6 5617/1/6 5669/1/6
f 5668/3/6 5616/3/6 5669/3/6
f 5617/2/6 5618/2/6 5670/2/6
f 5619/1/6 5620/1/6 5670/1/6
f 5618/1/6 5619/1/6 5670/1/6
f 5670/1/6 5620/1/6 5671/1/6
f 5620/3/6 5621/3/6 5672/3/6
f 5671/1/6 5620/1/6 5672/1/6
f 5621/5/6 5622/5/6 5673/5/6
f 5672/3/6 5621/3/6 5673/3/6
f 5622/5/6 5623/5/6 5673/5/6
f 5673/5/6 5623/5/6 5674/5/6
f 5623/2/6 5624/2/6 5675/2/6
f 5674/5/6 5623/5/6 5675/5/6
f 5675/2/6 5624/2/6 5676/2/6
f 5625/1/6 5515/1/6 5677/1/6
f 5624/1/6 5625/1/6 5677/1/6
f 5677/1/6 5515/1/6 5678/1/6
f 5515/5/6 5626/5/6 5679/5/6
f 5678/1/6 5515/1/6 5679/1/6
f 5679/5/6 5626/5/6 5680/5/6
f 5626/2/6 5627/2/6 5681/2/6
f 5680/5/6 5626/5/6 5681/5/6
f 5681/2/6 5627/2/6 5682/2/6
f 5628/1/6 5629/1/6 5683/1/6
f 5682/2/6 5627/2/6 5683/2/6
f 5627/1/6 5628/1/6 5683/1/6
f 5683/1/6 5629/1/6 5684/1/6
f 5631/1/6 5632/1/6 5685/1/6
f 5630/1/6 5631/1/6 5685/1/6
f 5632/2/6 5633/2/6 5686/2/6
f 5685/1/6 5632/1/6 5686/1/6
f 5686/2/6 5633/2/6 5687/2/6
f 5633/5/6 5526/5/6 5688/5/6
f 5687/2/6 5633/2/6 5688/2/6
f 5688/5/6 5526/5/6 5689/5/6
f 5634/1/6 5635/1/6 5690/1/6
f 5689/5/6 5526/5/6 5690/5/6
f 5526/1/6 5634/1/6 5690/1/6
f 5690/1/6 5635/1/6 5691/1/6
f 5691/1/6 5635/1/6 5692/1/6
f 5635/2/6 5636/2/6 5693/2/6
f 5636/5/6 5637/5/6 5694/5/6
f 5693/2/6 5636/2/6 5694/2/6
f 5637/5/6 5638/5/6 5694/5/6
f 5694/5/6 5638/5/6 5695/5/6
f 5638/3/6 5639/3/6 5696/3/6
f 5695/5/6 5638/5/6 5696/5/6
f 5639/1/6 5640/1/6 5697/1/6
f 5696/3/6 5639/3/6 5697/3/6
f 5640/1/6 5641/1/6 5697/1/6
f 5697/1/6 5641/1/6 5698/1/6
f 5641/2/6 5642/2/6 5699/2/6
f 5698/1/6 5641/1/6 5699/1/6
f 5643/3/6 5644/3/6 5700/3/6
f 5642/1/6 5643/1/6 5700/1/6
f 5700/3/6 5644/3/6 5701/3/6
f 5644/5/6 5645/5/6 5702/5/6
f 5701/3/6 5644/3/6 5702/3/6
f 5645/3/6 5646/3/6 5703/3/6
f 5702/5/6 5645/5/6 5703/5/6
f 5646/2/6 5647/2/6 5704/2/6
f 5703/3/6 5646/3/6 5704/3/6
f 5647/3/6 5542/3/6 5705/3/6
f 5704/2/6 5647/2/6 5705/2/6
f 5542/5/6 5648/5/6 5706/5/6
f 5705/3/6 5542/3/6 5706/3/6
f 5648/5/6 5649/5/6 5706/5/6
f 5706/5/6 5649/5/6 5707/5/6
f 5649/5/6 5544/5/6 5708/5/6
f 5707/5/6 5649/5/6 5708/5/6
f 5544/3/6 5545/3/6 5708/3/6
f 5545/3/6 5437/3/6 5709/3/6
f 5708/3/6 5545/3/6 5709/3/6
f 5653/1/6 5654/1/6 5710/1/6
f 5652/2/6 5653/2/6 5710/2/6
f 5654/2/6 5655/2/6 5711/2/6
f 5710/1/6 5654/1/6 5711/1/6
f 5655/5/6 5656/5/6 5712/5/6
f 5711/2/6 5655/2/6 5712/2/6
f 5657/5/6 5658/5/6 5713/5/6
f 5603/5/6 5657/5/6 5713/5/6
f 5713/5/6 5658/5/6 5714/5/6
f 5659/2/6 5607/2/6 5715/2/6
f 5658/2/6 5659/2/6 5715/2/6
f 5607/1/6 5608/1/6 5716/1/6
f 5715/2/6 5607/2/6 5716/2/6
f 5608/1/6 5609/1/6 5716/1/6
f 5609/2/6 5444/2/6 5717/2/6
f 5716/1/6 5609/1/6 5717/1/6
f 5444/2/6 5398/2/6 5718/2/6
f 5717/2/6 5444/2/6 5718/2/6
f 5398/3/6 5660/3/6 5719/3/6
f 5661/5/6 5662/5/6 5719/5/6
f 5660/5/6 5661/5/6 5719/5/6
f 5719/5/6 5662/5/6 5720/5/6
f 5664/2/6 5665/2/6 5721/2/6
f 5720/5/6 5662/5/6 5721/5/6
f 5662/2/6 5663/2/6 5721/2/6
f 5663/2/6 5664/2/6 5721/2/6
f 5665/2/6 5666/2/6 5721/2/6
f 5667/3/6 5668/3/6 5722/3/6
f 5721/2/6 5666/2/6 5722/2/6
f 5666/3/6 5667/3/6 5722/3/6
f 5722/3/6 5668/3/6 5723/3/6
f 5723/3/6 5668/3/6 5724/3/6
f 5668/1/6 5669/1/6 5725/1/6
f 5724/3/6 5668/3/6 5725/3/6
f 5669/1/6 5617/1/6 5726/1/6
f 5725/1/6 5669/1/6 5726/1/6
f 5670/2/6 5671/2/6 5727/2/6
f 5726/1/6 5617/1/6 5727/1/6
f 5617/2/6 5670/2/6 5727/2/6
f 5727/2/6 5671/2/6 5728/2/6
f 5671/1/6 5672/1/6 5729/1/6
f 5728/2/6 5671/2/6 5729/2/6
f 5673/2/6 5674/2/6 5730/2/6
f 5672/2/6 5673/2/6 5730/2/6
f 5674/5/6 5675/5/6 5730/5/6
f 5675/3/6 5676/3/6 5731/3/6
f 5730/5/6 5675/5/6 5731/5/6
f 5676/2/6 5624/2/6 5732/2/6
f 5731/3/6 5676/3/6 5732/3/6
f 5732/2/6 5624/2/6 5733/2/6
f 5624/1/6 5677/1/6 5734/1/6
f 5677/2/6 5678/2/6 5735/2/6
f 5734/1/6 5677/1/6 5735/1/6
f 5684/1/6 5629/1/6 5736/1/6
f 5683/2/6 5684/2/6 5736/2/6
f 5682/2/6 5683/2/6 5736/2/6
f 5736/1/6 5629/1/6 5737/1/6
f 5629/2/6 5630/2/6 5738/2/6
f 5737/1/6 5629/1/6 5738/1/6
f 5738/2/6 5630/2/6 5739/2/6
f 5739/2/6 5630/2/6 5740/2/6
f 5630/1/6 5685/1/6 5741/1/6
f 5740/2/6 5630/2/6 5741/2/6
f 5741/1/6 5685/1/6 5742/1/6
f 5686/2/6 5687/2/6 5743/2/6
f 5742/1/6 5685/1/6 5743/1/6
f 5685/2/6 5686/2/6 5743/2/6
f 5692/1/6 5635/1/6 5744/1/6
f 5691/2/6 5692/2/6 5744/2/6
f 5744/1/6 5635/1/6 5745/1/6
f 5635/2/6 5693/2/6 5746/2/6
f 5693/3/6 5694/3/6 5747/3/6
f 5746/2/6 5693/2/6 5747/2/6
f 5694/5/6 5695/5/6 5748/5/6
f 5747/3/6 5694/3/6 5748/3/6
f 5695/2/6 5696/2/6 5749/2/6
f 5748/5/6 5695/5/6 5749/5/6
f 5696/2/6 5697/2/6 5749/2/6
f 5698/2/6 5699/2/6 5750/2/6
f 5697/1/6 5698/1/6 5750/1/6
f 5750/2/6 5699/2/6 5751/2/6
f 5699/2/6 5642/2/6 5752/2/6
f 5751/2/6 5699/2/6 5752/2/6
f 5700/1/6 5701/1/6 5752/1/6
f 5642/1/6 5700/1/6 5752/1/6
f 5752/1/6 5701/1/6 5753/1/6
f 5701/3/6 5702/3/6 5754/3/6
f 5753/1/6 5701/1/6 5754/1/6
f 5702/3/6 5703/3/6 5754/3/6
f 5754/3/6 5703/3/6 5755/3/6
f 5755/3/6 5703/3/6 5756/3/6
f 5706/2/6 5707/2/6 5757/2/6
f 5756/3/6 5703/3/6 5757/3/6
f 5704/2/6 5705/2/6 5757/2/6
f 5703/2/6 5704/2/6 5757/2/6
f 5705/2/6 5706/2/6 5757/2/6
f 5707/5/6 5708/5/6 5758/5/6
f 5757/2/6 5707/2/6 5758/2/6
f 5708/5/6 5709/5/6 5758/5/6
f 5758/5/6 5709/5/6 5759/5/6
f 5709/3/6 5437/3/6 5760/3/6
f 5759/5/6 5709/5/6 5760/5/6
f 5487/2/6 5650/2/6 5761/2/6
f 5437/2/6 5487/2/6 5761/2/6
f 5650/1/6 5651/1/6 5762/1/6
f 5761/2/6 5650/2/6 5762/2/6
f 5651/1/6 5652/1/6 5762/1/6
f 5652/2/6 5710/2/6 5763/2/6
f 5762/1/6 5652/1/6 5763/1/6
f 5710/2/6 5711/2/6 5763/2/6
f 5763/2/6 5711/2/6 5764/2/6
f 5712/5/6 5656/5/6 5765/5/6
f 5711/5/6 5712/5/6 5765/5/6
f 5765/5/6 5656/5/6 5766/5/6
f 5718/2/6 5398/2/6 5767/2/6
f 5715/1/6 5716/1/6 5767/1/6
f 5716/1/6 5717/1/6 5767/1/6
f 5717/1/6 5718/1/6 5767/1/6
f 5719/3/6 5720/3/6 5768/3/6
f 5767/2/6 5398/2/6 5768/2/6
f 5398/3/6 5719/3/6 5768/3/6
f 5768/3/6 5720/3/6 5769/3/6
f 5720/2/6 5721/2/6 5770/2/6
f 5769/3/6 5720/3/6 5770/3/6
f 5721/2/6 5722/2/6 5770/2/6
f 5770/2/6 5722/2/6 5771/2/6
f 5722/1/6 5723/1/6 5772/1/6
f 5771/2/6 5722/2/6 5772/2/6
f 5727/2/6 5728/2/6 5773/2/6
f 5726/2/6 5727/2/6 5773/2/6
f 5728/1/6 5729/1/6 5774/1/6
f 5773/2/6 5728/2/6 5774/2/6
f 5730/3/6 5731/3/6 5775/3/6
f 5672/2/6 5730/2/6 5775/2/6
f 5731/5/6 5732/5/6 5776/5/6
f 5775/3/6 5731/3/6 5776/3/6
f 5732/5/6 5733/5/6 5776/5/6
f 5776/5/6 5733/5/6 5777/5/6
f 5733/2/6 5624/2/6 5778/2/6
f 5777/5/6 5733/5/6 5778/5/6
f 5778/2/6 5624/2/6 5779/2/6
f 5735/2/6 5678/2/6 5780/2/6
f 5734/2/6 5735/2/6 5780/2/6
f 5678/3/6 5679/3/6 5781/3/6
f 5780/2/6 5678/2/6 5781/2/6
f 5679/5/6 5680/5/6 5782/5/6
f 5781/3/6 5679/3/6 5782/3/6
f 5680/3/6 5681/3/6 5783/3/6
f 5782/5/6 5680/5/6 5783/5/6
f 5681/5/6 5682/5/6 5784/5/6
f 5783/3/6 5681/3/6 5784/3/6
f 5736/2/6 5737/2/6 5785/2/6
f 5738/1/6 5739/1/6 5785/1/6
f 5737/1/6 5738/1/6 5785/1/6
f 5785/1/6 5739/1/6 5786/1/6
f 5739/2/6 5740/2/6 5787/2/6
f 5786/1/6 5739/1/6 5787/1/6
f 5741/1/6 5742/1/6 5788/1/6
f 5787/2/6 5740/2/6 5788/2/6
f 5740/1/6 5741/1/6 5788/1/6
f 5788/1/6 5742/1/6 5789/1/6
f 5742/2/6 5743/2/6 5790/2/6
f 5789/1/6 5742/1/6 5790/1/6
f 5688/3/6 5689/3/6 5791/3/6
f 5687/5/6 5688/5/6 5791/5/6
f 5689/5/6 5690/5/6 5792/5/6
f 5791/3/6 5689/3/6 5792/3/6
f 5690/3/6 5691/3/6 5793/3/6
f 5792/5/6 5690/5/6 5793/5/6
f 5744/2/6 5745/2/6 5794/2/6
f 5793/3/6 5691/3/6 5794/3/6
f 5691/2/6 5744/2/6 5794/2/6
f 5794/2/6 5745/2/6 5795/2/6
f 5635/2/6 5746/2/6 5796/2/6
f 5747/5/6 5748/5/6 5797/5/6
f 5796/2/6 5746/2/6 5797/2/6
f 5746/5/6 5747/5/6 5797/5/6
f 5797/5/6 5748/5/6 5798/5/6
f 5748/3/6 5749/3/6 5799/3/6
f 5798/5/6 5748/5/6 5799/5/6
f 5749/2/6 5697/2/6 5800/2/6
f 5799/3/6 5749/3/6 5800/3/6
f 5752/2/6 5753/2/6 5801/2/6
f 5750/1/6 5751/1/6 5801/1/6
f 5751/2/6 5752/2/6 5801/2/6
f 5801/2/6 5753/2/6 5802/2/6
f 5758/2/6 5759/2/6 5803/2/6
f 5756/1/6 5757/1/6 5803/1/6
f 5757/2/6 5758/2/6 5803/2/6
f 5803/2/6 5759/2/6 5804/2/6
f 5759/3/6 5760/3/6 5805/3/6
f 5804/2/6 5759/2/6 5805/2/6
f 5805/3/6 5760/3/6 5806/3/6
f 5760/3/6 5437/3/6 5807/3/6
f 5806/3/6 5760/3/6 5807/3/6
f 5437/2/6 5761/2/6 5807/2/6
f 5762/1/6 5763/1/6 5808/1/6
f 5807/2/6 5761/2/6 5808/2/6
f 5761/1/6 5762/1/6 5808/1/6
f 5763/1/6 5764/1/6 5808/1/6
f 5658/2/6 5715/2/6 5809/2/6
f 5714/5/6 5658/5/6 5809/5/6
f 5809/2/6 5715/2/6 5810/2/6
f 5715/1/6 5767/1/6 5811/1/6
f 5767/5/6 5768/5/6 5812/5/6
f 5811/1/6 5767/1/6 5812/1/6
f 5770/2/6 5771/2/6 5813/2/6
f 5769/2/6 5770/2/6 5813/2/6
f 5771/1/6 5772/1/6 5814/1/6
f 5813/2/6 5771/2/6 5814/2/6
f 5726/2/6 5773/2/6 5815/2/6
f 5773/1/6 5774/1/6 5816/1/6
f 5815/2/6 5773/2/6 5816/2/6
f 5729/1/6 5672/1/6 5817/1/6
f 5816/1/6 5774/1/6 5817/1/6
f 5774/1/6 5729/1/6 5817/1/6
f 5672/2/6 5775/2/6 5817/2/6
f 5775/2/6 5776/2/6 5817/2/6
f 5817/2/6 5776/2/6 5818/2/6
f 5776/3/6 5777/3/6 5819/3/6
f 5818/2/6 5776/2/6 5819/2/6
f 5777/5/6 5778/5/6 5820/5/6
f 5819/3/6 5777/3/6 5820/3/6
f 5778/3/6 5779/3/6 5821/3/6
f 5820/5/6 5778/5/6 5821/5/6
f 5779/2/6 5624/2/6 5822/2/6
f 5821/3/6 5779/3/6 5822/3/6
f 5624/1/6 5734/1/6 5823/1/6
f 5822/2/6 5624/2/6 5823/2/6
f 5823/1/6 5734/1/6 5824/1/6
f 5734/2/6 5780/2/6 5825/2/6
f 5824/1/6 5734/1/6 5825/1/6
f 5782/3/6 5783/3/6 5826/3/6
f 5825/2/6 5780/2/6 5826/2/6
f 5780/3/6 5781/3/6 5826/3/6
f 5781/3/6 5782/3/6 5826/3/6
f 5783/5/6 5784/5/6 5827/5/6
f 5826/3/6 5783/3/6 5827/3/6
f 5784/5/6 5682/5/6 5828/5/6
f 5827/5/6 5784/5/6 5828/5/6
f 5785/2/6 5786/2/6 5829/2/6
f 5828/5/6 5682/5/6 5829/5/6
f 5736/2/6 5785/2/6 5829/2/6
f 5682/2/6 5736/2/6 5829/2/6
f 5829/2/6 5786/2/6 5830/2/6
f 5830/2/6 5786/2/6 5831/2/6
f 5786/1/6 5787/1/6 5832/1/6
f 5831/2/6 5786/2/6 5832/2/6
f 5788/1/6 5789/1/6 5832/1/6
f 5787/1/6 5788/1/6 5832/1/6
f 5789/2/6 5790/2/6 5833/2/6
f 5832/1/6 5789/1/6 5833/1/6
f 5743/2/6 5687/2/6 5834/2/6
f 5833/2/6 5790/2/6 5834/2/6
f 5790/2/6 5743/2/6 5834/2/6
f 5834/2/6 5687/2/6 5835/2/6
f 5791/5/6 5792/5/6 5836/5/6
f 5835/2/6 5687/2/6 5836/2/6
f 5687/5/6 5791/5/6 5836/5/6
f 5836/5/6 5792/5/6 5837/5/6
f 5794/3/6 5795/3/6 5838/3/6
f 5837/5/6 5792/5/6 5838/5/6
f 5792/3/6 5793/3/6 5838/3/6
f 5793/3/6 5794/3/6 5838/3/6
f 5795/2/6 5745/2/6 5839/2/6
f 5838/3/6 5795/3/6 5839/3/6
f 5745/1/6 5635/1/6 5840/1/6
f 5839/2/6 5745/2/6 5840/2/6
f 5840/1/6 5635/1/6 5841/1/6
f 5635/2/6 5796/2/6 5842/2/6
f 5841/1/6 5635/1/6 5842/1/6
f 5796/3/6 5797/3/6 5843/3/6
f 5842/2/6 5796/2/6 5843/2/6
f 5797/5/6 5798/5/6 5844/5/6
f 5843/3/6 5797/3/6 5844/3/6
f 5798/3/6 5799/3/6 5845/3/6
f 5844/5/6 5798/5/6 5845/5/6
f 5799/2/6 5800/2/6 5846/2/6
f 5845/3/6 5799/3/6 5846/3/6
f 5800/2/6 5697/2/6 5847/2/6
f 5846/2/6 5800/2/6 5847/2/6
f 5697/1/6 5750/1/6 5848/1/6
f 5847/2/6 5697/2/6 5848/2/6
f 5801/1/6 5802/1/6 5848/1/6
f 5750/1/6 5801/1/6 5848/1/6
f 5802/2/6 5753/2/6 5849/2/6
f 5848/1/6 5802/1/6 5849/1/6
f 5849/2/6 5753/2/6 5850/2/6
f 5805/2/6 5806/2/6 5851/2/6
f 5803/1/6 5804/1/6 5851/1/6
f 5804/2/6 5805/2/6 5851/2/6
f 5851/2/6 5806/2/6 5852/2/6
f 5808/1/6 5764/1/6 5853/1/6
f 5807/5/6 5808/5/6 5853/5/6
f 5853/1/6 5764/1/6 5854/1/6
f 5764/2/6 5711/2/6 5855/2/6
f 5711/5/6 5765/5/6 5856/5/6
f 5855/2/6 5711/2/6 5856/2/6
f 5811/5/6 5812/5/6 5857/5/6
f 5812/5/6 5768/5/6 5857/5/6
f 5768/3/6 5769/3/6 5858/3/6
f 5857/5/6 5768/5/6 5858/5/6
f 5858/3/6 5769/3/6 5859/3/6
f 5769/2/6 5813/2/6 5860/2/6
f 5859/3/6 5769/3/6 5860/3/6
f 5860/2/6 5813/2/6 5861/2/6
f 5861/2/6 5813/2/6 5862/2/6
f 5813/1/6 5814/1/6 5863/1/6
f 5862/2/6 5813/2/6 5863/2/6
f 5725/1/6 5726/1/6 5864/1/6
f 5724/1/6 5725/1/6 5864/1/6
f 5723/3/6 5724/3/6 5864/3/6
f 5864/1/6 5726/1/6 5865/1/6
f 5726/2/6 5815/2/6 5866/2/6
f 5815/1/6 5816/1/6 5867/1/6
f 5866/2/6 5815/2/6 5867/2/6
f 5816/1/6 5817/1/6 5867/1/6
f 5817/1/6 5818/1/6 5867/1/6
f 5867/1/6 5818/1/6 5868/1/6
f 5868/1/6 5818/1/6 5869/1/6
f 5819/2/6 5820/2/6 5870/2/6
f 5818/2/6 5819/2/6 5870/2/6
f 5820/5/6 5821/5/6 5871/5/6
f 5870/2/6 5820/2/6 5871/2/6
f 5821/5/6 5822/5/6 5871/5/6
f 5822/4/6 5823/4/6 5872/4/6
f 5871/5/6 5822/5/6 5872/5/6
f 5823/3/6 5824/3/6 5873/3/6
f 5872/4/6 5823/4/6 5873/4/6
f 5824/2/6 5825/2/6 5874/2/6
f 5873/3/6 5824/3/6 5874/3/6
f 5826/5/6 5827/5/6 5875/5/6
f 5874/2/6 5825/2/6 5875/2/6
f 5827/5/6 5828/5/6 5875/5/6
f 5825/5/6 5826/5/6 5875/5/6
f 5875/5/6 5828/5/6 5876/5/6
f 5829/3/6 5830/3/6 5877/3/6
f 5876/5/6 5828/5/6 5877/5/6
f 5828/3/6 5829/3/6 5877/3/6
f 5877/3/6 5830/3/6 5878/3/6
f 5830/2/6 5831/2/6 5879/2/6
f 5878/3/6 5830/3/6 5879/3/6
f 5832/1/6 5833/1/6 5880/1/6
f 5879/2/6 5831/2/6 5880/2/6
f 5831/1/6 5832/1/6 5880/1/6
f 5833/1/6 5834/1/6 5880/1/6
f 5834/2/6 5835/2/6 5881/2/6
f 5880/1/6 5834/1/6 5881/1/6
f 5836/3/6 5837/3/6 5882/3/6
f 5881/2/6 5835/2/6 5882/2/6
f 5835/3/6 5836/3/6 5882/3/6
f 5882/3/6 5837/3/6 5883/3/6
f 5839/5/6 5840/5/6 5884/5/6
f 5883/3/6 5837/3/6 5884/3/6
f 5838/5/6 5839/5/6 5884/5/6
f 5837/5/6 5838/5/6 5884/5/6
f 5884/5/6 5840/5/6 5885/5/6
f 5840/2/6 5841/2/6 5886/2/6
f 5885/5/6 5840/5/6 5886/5/6
f 5841/3/6 5842/3/6 5887/3/6
f 5886/2/6 5841/2/6 5887/2/6
f 5842/4/6 5843/4/6 5888/4/6
f 5887/3/6 5842/3/6 5888/3/6
f 5844/5/6 5845/5/6 5889/5/6
f 5888/4/6 5843/4/6 5889/4/6
f 5843/5/6 5844/5/6 5889/5/6
f 5845/2/6 5846/2/6 5890/2/6
f 5889/5/6 5845/5/6 5890/5/6
f 5846/2/6 5847/2/6 5890/2/6
f 5890/2/6 5847/2/6 5891/2/6
f 5847/1/6 5848/1/6 5892/1/6
f 5849/1/6 5850/1/6 5892/1/6
f 5848/1/6 5849/1/6 5892/1/6
f 5892/1/6 5850/1/6 5893/1/6
f 5850/2/6 5753/2/6 5894/2/6
f 5893/1/6 5850/1/6 5894/1/6
f 5894/2/6 5753/2/6 5895/2/6
f 5754/1/6 5755/1/6 5896/1/6
f 5753/1/6 5754/1/6 5896/1/6
f 5755/3/6 5756/3/6 5897/3/6
f 5896/1/6 5755/1/6 5897/1/6
f 5852/2/6 5806/2/6 5898/2/6
f 5851/1/6 5852/1/6 5898/1/6
f 5898/2/6 5806/2/6 5899/2/6
f 5899/2/6 5806/2/6 5900/2/6
f 5806/3/6 5807/3/6 5901/3/6
f 5900/2/6 5806/2/6 5901/2/6
f 5901/3/6 5807/3/6 5902/3/6
f 5853/5/6 5854/5/6 5903/5/6
f 5902/3/6 5807/3/6 5903/3/6
f 5807/5/6 5853/5/6 5903/5/6
f 5903/5/6 5854/5/6 5904/5/6
f 5809/3/6 5810/3/6 5905/3/6
f 5714/5/6 5809/5/6 5905/5/6
f 5810/2/6 5715/2/6 5906/2/6
f 5905/3/6 5810/3/6 5906/3/6
f 5906/2/6 5715/2/6 5907/2/6
f 5715/1/6 5811/1/6 5908/1/6
f 5811/5/6 5857/5/6 5909/5/6
f 5908/1/6 5811/1/6 5909/1/6
f 5857/3/6 5858/3/6 5910/3/6
f 5909/5/6 5857/5/6 5910/5/6
f 5858/3/6 5859/3/6 5910/3/6
f 5910/3/6 5859/3/6 5911/3/6
f 5860/1/6 5861/1/6 5912/1/6
f 5911/3/6 5859/3/6 5912/3/6
f 5859/1/6 5860/1/6 5912/1/6
f 5861/2/6 5862/2/6 5913/2/6
f 5912/1/6 5861/1/6 5913/1/6
f 5862/1/6 5863/1/6 5914/1/6
f 5913/2/6 5862/2/6 5914/2/6
f 5863/1/6 5814/1/6 5915/1/6
f 5914/1/6 5863/1/6 5915/1/6
f 5814/1/6 5772/1/6 5915/1/6
f 5772/1/6 5723/1/6 5916/1/6
f 5915/1/6 5772/1/6 5916/1/6
f 5723/3/6 5864/3/6 5916/3/6
f 5864/2/6 5865/2/6 5917/2/6
f 5916/3/6 5864/3/6 5917/3/6
f 5865/1/6 5726/1/6 5918/1/6
f 5917/2/6 5865/2/6 5918/2/6
f 5726/2/6 5866/2/6 5919/2/6
f 5918/1/6 5726/1/6 5919/1/6
f 5919/2/6 5866/2/6 5920/2/6
f 5920/2/6 5866/2/6 5921/2/6
f 5866/1/6 5867/1/6 5922/1/6
f 5921/2/6 5866/2/6 5922/2/6
f 5867/1/6 5868/1/6 5922/1/6
f 5922/1/6 5868/1/6 5923/1/6
f 5868/2/6 5869/2/6 5924/2/6
f 5923/1/6 5868/1/6 5924/1/6
f 5818/2/6 5870/2/6 5925/2/6
f 5869/1/6 5818/1/6 5925/1/6
f 5925/2/6 5870/2/6 5926/2/6
f 5872/5/6 5873/5/6 5927/5/6
f 5871/5/6 5872/5/6 5927/5/6
f 5873/3/6 5874/3/6 5928/3/6
f 5927/5/6 5873/5/6 5928/5/6
f 5875/5/6 5876/5/6 5929/5/6
f 5928/3/6 5874/3/6 5929/3/6
f 5874/5/6 5875/5/6 5929/5/6
f 5877/3/6 5878/3/6 5930/3/6
f 5929/5/6 5876/5/6 5930/5/6
f 5876/3/6 5877/3/6 5930/3/6
f 5878/5/6 5879/5/6 5931/5/6
f 5930/3/6 5878/3/6 5931/3/6
f 5879/5/6 5880/5/6 5931/5/6
f 5931/5/6 5880/5/6 5932/5/6
f 5880/1/6 5881/1/6 5933/1/6
f 5932/5/6 5880/5/6 5933/5/6
f 5933/1/6 5881/1/6 5934/1/6
f 5934/1/6 5881/1/6 5935/1/6
f 5882/5/6 5883/5/6 5936/5/6
f 5935/1/6 5881/1/6 5936/1/6
f 5881/5/6 5882/5/6 5936/5/6
f 5936/5/6 5883/5/6 5937/5/6
f 5884/3/6 5885/3/6 5938/3/6
f 5937/5/6 5883/5/6 5938/5/6
f 5883/3/6 5884/3/6 5938/3/6
f 5886/5/6 5887/5/6 5939/5/6
f 5938/3/6 5885/3/6 5939/3/6
f 5885/5/6 5886/5/6 5939/5/6
f 5887/3/6 5888/3/6 5940/3/6
f 5939/5/6 5887/5/6 5940/5/6
f 5888/5/6 5889/5/6 5941/5/6
f 5940/3/6 5888/3/6 5941/3/6
f 5889/5/6 5890/5/6 5941/5/6
f 5941/5/6 5890/5/6 5942/5/6
f 5891/2/6 5847/2/6 5943/2/6
f 5847/1/6 5892/1/6 5944/1/6
f 5943/2/6 5847/2/6 5944/2/6
f 5892/2/6 5893/2/6 5945/2/6
f 5894/1/6 5895/1/6 5945/1/6
f 5893/1/6 5894/1/6 5945/1/6
f 5945/1/6 5895/1/6 5946/1/6
f 5895/2/6 5753/2/6 5947/2/6
f 5946/1/6 5895/1/6 5947/1/6
f 5947/2/6 5753/2/6 5948/2/6
f 5948/2/6 5753/2/6 5949/2/6
f 5753/1/6 5896/1/6 5950/1/6
f 5949/2/6 5753/2/6 5950/2/6
f 5896/2/6 5897/2/6 5951/2/6
f 5950/1/6 5896/1/6 5951/1/6
f 5897/3/6 5756/3/6 5952/3/6
f 5951/2/6 5897/2/6 5952/2/6
f 5803/1/6 5851/1/6 5953/1/6
f 5952/3/6 5756/3/6 5953/3/6
f 5756/1/6 5803/1/6 5953/1/6
f 5851/1/6 5898/1/6 5953/1/6
f 5898/1/6 5899/1/6 5953/1/6
f 5953/1/6 5899/1/6 5954/1/6
f 5899/2/6 5900/2/6 5955/2/6
f 5954/1/6 5899/1/6 5955/1/6
f 5901/1/6 5902/1/6 5956/1/6
f 5955/2/6 5900/2/6 5956/2/6
f 5900/1/6 5901/1/6 5956/1/6
f 5903/3/6 5904/3/6 5957/3/6
f 5956/1/6 5902/1/6 5957/1/6
f 5902/3/6 5903/3/6 5957/3/6
f 5957/3/6 5904/3/6 5958/3/6
f 5904/5/6 5854/5/6 5959/5/6
f 5958/3/6 5904/3/6 5959/3/6
f 5854/1/6 5764/1/6 5960/1/6
f 5959/5/6 5854/5/6 5960/5/6
f 5960/1/6 5764/1/6 5961/1/6
f 5764/2/6 5855/2/6 5962/2/6
f 5855/3/6 5856/3/6 5963/3/6
f 5962/2/6 5855/2/6 5963/2/6
f 5856/5/6 5765/5/6 5964/5/6
f 5963/3/6 5856/3/6 5964/3/6
f 5713/3/6 5714/3/6 5965/3/6
f 5714/5/6 5905/5/6 5966/5/6
f 5965/3/6 5714/3/6 5966/3/6
f 5905/5/6 5906/5/6 5966/5/6
f 5906/5/6 5907/5/6 5966/5/6
f 5966/5/6 5907/5/6 5967/5/6
f 5967/5/6 5907/5/6 5968/5/6
f 5907/2/6 5715/2/6 5969/2/6
f 5968/5/6 5907/5/6 5969/5/6
f 5969/2/6 5715/2/6 5970/2/6
f 5970/2/6 5715/2/6 5971/2/6
f 5715/1/6 5908/1/6 5972/1/6
f 5971/2/6 5715/2/6 5972/2/6
f 5972/1/6 5908/1/6 5973/1/6
f 5909/3/6 5910/3/6 5974/3/6
f 5973/1/6 5908/1/6 5974/1/6
f 5908/3/6 5909/3/6 5974/3/6
f 5974/3/6 5910/3/6 5975/3/6
f 5913/1/6 5914/1/6 5976/1/6
f 5912/1/6 5913/1/6 5976/1/6
f 5911/1/6 5912/1/6 5976/1/6
f 5914/1/6 5915/1/6 5976/1/6
f 5915/2/6 5916/2/6 5977/2/6
f 5976/1/6 5915/1/6 5977/1/6
f 5917/3/6 5918/3/6 5978/3/6
f 5919/1/6 5920/1/6 5978/1/6
f 5916/3/6 5917/3/6 5978/3/6
f 5918/1/6 5919/1/6 5978/1/6
f 5978/1/6 5920/1/6 5979/1/6
f 5920/2/6 5921/2/6 5980/2/6
f 5979/1/6 5920/1/6 5980/1/6
f 5921/1/6 5922/1/6 5981/1/6
f 5980/2/6 5921/2/6 5981/2/6
f 5922/1/6 5923/1/6 5981/1/6
f 5926/2/6 5870/2/6 5982/2/6
f 5925/1/6 5926/1/6 5982/1/6
f 5870/3/6 5871/3/6 5983/3/6
f 5982/2/6 5870/2/6 5983/2/6
f 5871/5/6 5927/5/6 5984/5/6
f 5983/3/6 5871/3/6 5984/3/6
f 5927/4/6 5928/4/6 5985/4/6
f 5984/5/6 5927/5/6 5985/5/6
f 5928/3/6 5929/3/6 5986/3/6
f 5985/4/6 5928/4/6 5986/4/6
f 5929/1/6 5930/1/6 5987/1/6
f 5986/3/6 5929/3/6 5987/3/6
f 5930/2/6 5931/2/6 5988/2/6
f 5931/3/6 5932/3/6 5989/3/6
f 5988/2/6 5931/2/6 5989/2/6
f 5933/5/6 5934/5/6 5990/5/6
f 5989/3/6 5932/3/6 5990/3/6
f 5932/5/6 5933/5/6 5990/5/6
f 5990/5/6 5934/5/6 5991/5/6
f 5934/1/6 5935/1/6 5992/1/6
f 5991/5/6 5934/5/6 5992/5/6
f 5992/1/6 5935/1/6 5993/1/6
f 5993/1/6 5935/1/6 5994/1/6
f 5936/5/6 5937/5/6 5995/5/6
f 5994/1/6 5935/1/6 5995/1/6
f 5935/5/6 5936/5/6 5995/5/6
f 5995/5/6 5937/5/6 5996/5/6
f 5937/3/6 5938/3/6 5997/3/6
f 5996/5/6 5937/5/6 5997/5/6
f 5938/2/6 5939/2/6 5998/2/6
f 5997/3/6 5938/3/6 5998/3/6
f 5998/2/6 5939/2/6 5999/2/6
f 5939/1/6 5940/1/6 6000/1/6
f 5940/3/6 5941/3/6 6000/3/6
f 5941/4/6 5942/4/6 6001/4/6
f 6000/3/6 5941/3/6 6001/3/6
f 5942/5/6 5890/5/6 6002/5/6
f 6001/4/6 5942/4/6 6002/4/6
f 5890/3/6 5891/3/6 6003/3/6
f 6002/5/6 5890/5/6 6003/5/6
f 5891/2/6 5943/2/6 6004/2/6
f 6003/3/6 5891/3/6 6004/3/6
f 5943/1/6 5944/1/6 6005/1/6
f 6004/2/6 5943/2/6 6005/2/6
f 5948/2/6 5949/2/6 6006/2/6
f 5947/1/6 5948/1/6 6006/1/6
f 5946/1/6 5947/1/6 6006/1/6
f 5950/1/6 5951/1/6 6007/1/6
f 6006/2/6 5949/2/6 6007/2/6
f 5949/1/6 5950/1/6 6007/1/6
f 6007/1/6 5951/1/6 6008/1/6
f 5951/3/6 5952/3/6 6009/3/6
f 6008/1/6 5951/1/6 6009/1/6
f 5952/3/6 5953/3/6 6009/3/6
f 5957/1/6 5958/1/6 6010/1/6
f 5953/2/6 5954/2/6 6010/2/6
f 5955/1/6 5956/1/6 6010/1/6
f 5954/1/6 5955/1/6 6010/1/6
f 5956/1/6 5957/1/6 6010/1/6
f 6010/1/6 5958/1/6 6011/1/6
f 5960/3/6 5961/3/6 6012/3/6
f 5959/3/6 5960/3/6 6012/3/6
f 5961/1/6 5764/1/6 6013/1/6
f 6012/3/6 5961/3/6 6013/3/6
f 6013/1/6 5764/1/6 6014/1/6
f 5764/2/6 5962/2/6 6015/2/6
f 6014/1/6 5764/1/6 6015/1/6
f 6015/2/6 5962/2/6 6016/2/6
f 6016/2/6 5962/2/6 6017/2/6
f 5962/5/6 5963/5/6 6018/5/6
f 6017/2/6 5962/2/6 6018/2/6
f 5963/5/6 5964/5/6 6018/5/6
f 6018/5/6 5964/5/6 6019/5/6
f 6019/5/6 5964/5/6 6020/5/6
f 5765/3/6 5766/3/6 6021/3/6
f 6020/5/6 5964/5/6 6021/5/6
f 5964/5/6 5765/5/6 6021/5/6
f 6021/3/6 5766/3/6 6022/3/6
f 5966/2/6 5967/2/6 6023/2/6
f 5967/3/6 5968/3/6 6023/3/6
f 5965/2/6 5966/2/6 6023/2/6
f 5968/5/6 5969/5/6 6024/5/6
f 6023/3/6 5968/3/6 6024/3/6
f 5969/5/6 5970/5/6 6024/5/6
f 6024/5/6 5970/5/6 6025/5/6
f 5970/3/6 5971/3/6 6026/3/6
f 6025/5/6 5970/5/6 6026/5/6
f 5972/2/6 5973/2/6 6027/2/6
f 6026/3/6 5971/3/6 6027/3/6
f 5971/2/6 5972/2/6 6027/2/6
f 5973/3/6 5974/3/6 6028/3/6
f 6027/2/6 5973/2/6 6028/2/6
f 5974/5/6 5975/5/6 6029/5/6
f 6028/3/6 5974/3/6 6029/3/6
f 5975/3/6 5910/3/6 6030/3/6
f 6029/5/6 5975/5/6 6030/5/6
f 5910/5/6 5911/5/6 6031/5/6
f 6030/3/6 5910/3/6 6031/3/6
f 5911/1/6 5976/1/6 6032/1/6
f 5976/2/6 5977/2/6 6033/2/6
f 6032/1/6 5976/1/6 6033/1/6
f 5978/3/6 5979/3/6 6034/3/6
f 5979/1/6 5980/1/6 6034/1/6
f 5980/1/6 5981/1/6 6034/1/6
f 6034/1/6 5981/1/6 6035/1/6
f 6035/1/6 5981/1/6 6036/1/6
f 5984/3/6 5985/3/6 6037/3/6
f 5982/3/6 5983/3/6 6037/3/6
f 5983/3/6 5984/3/6 6037/3/6
f 5985/2/6 5986/2/6 6038/2/6
f 6037/3/6 5985/3/6 6038/3/6
f 5986/2/6 5987/2/6 6038/2/6
f 5930/2/6 5988/2/6 6039/2/6
f 5987/1/6 5930/1/6 6039/1/6
f 6039/2/6 5988/2/6 6040/2/6
f 6040/2/6 5988/2/6 6041/2/6
f 5990/1/6 5991/1/6 6042/1/6
f 6041/2/6 5988/2/6 6042/2/6
f 5988/1/6 5989/1/6 6042/1/6
f 5989/1/6 5990/1/6 6042/1/6
f 5992/3/6 5993/3/6 6043/3/6
f 6042/1/6 5991/1/6 6043/1/6
f 5991/3/6 5992/3/6 6043/3/6
f 6043/3/6 5993/3/6 6044/3/6
f 5994/3/6 5995/3/6 6045/3/6
f 5995/3/6 5996/3/6 6045/3/6
f 5996/1/6 5997/1/6 6046/1/6
f 6045/3/6 5996/3/6 6046/3/6
f 5998/1/6 5999/1/6 6046/1/6
f 5997/1/6 5998/1/6 6046/1/6
f 5999/2/6 5939/2/6 6047/2/6
f 6046/1/6 5999/1/6 6047/1/6
f 6047/2/6 5939/2/6 6048/2/6
f 6048/2/6 5939/2/6 6049/2/6
f 5939/1/6 6000/1/6 6050/1/6
f 6049/2/6 5939/2/6 6050/2/6
f 6000/2/6 6001/2/6 6051/2/6
f 6003/3/6 6004/3/6 6051/3/6
f 6001/2/6 6002/2/6 6051/2/6
f 6004/3/6 6005/3/6 6051/3/6
f 6002/3/6 6003/3/6 6051/3/6
f 6051/3/6 6005/3/6 6052/3/6
f 6007/1/6 6008/1/6 6053/1/6
f 6006/1/6 6007/1/6 6053/1/6
f 6053/1/6 6008/1/6 6054/1/6
f 6008/3/6 6009/3/6 6055/3/6
f 6054/1/6 6008/1/6 6055/1/6
f 6011/1/6 5958/1/6 6056/1/6
f 6010/2/6 6011/2/6 6056/2/6
f 6056/1/6 5958/1/6 6057/1/6
f 5959/3/6 6012/3/6 6058/3/6
f 5958/5/6 5959/5/6 6058/5/6
f 6012/5/6 6013/5/6 6059/5/6
f 6058/3/6 6012/3/6 6059/3/6
f 6013/3/6 6014/3/6 6060/3/6
f 6059/5/6 6013/5/6 6060/5/6
f 6014/2/6 6015/2/6 6061/2/6
f 6060/3/6 6014/3/6 6061/3/6
f 6015/2/6 6016/2/6 6061/2/6
f 6016/3/6 6017/3/6 6062/3/6
f 6061/2/6 6016/2/6 6062/2/6
f 6018/5/6 6019/5/6 6063/5/6
f 6062/3/6 6017/3/6 6063/3/6
f 6017/5/6 6018/5/6 6063/5/6
f 6063/5/6 6019/5/6 6064/5/6
f 6019/3/6 6020/3/6 6065/3/6
f 6064/5/6 6019/5/6 6065/5/6
f 6021/2/6 6022/2/6 6066/2/6
f 6065/3/6 6020/3/6 6066/3/6
f 6020/2/6 6021/2/6 6066/2/6
f 6028/5/6 6029/5/6 6067/5/6
f 6027/5/6 6028/5/6 6067/5/6
f 6029/5/6 6030/5/6 6067/5/6
f 6024/2/6 6025/2/6 6067/2/6
f 6026/5/6 6027/5/6 6067/5/6
f 6025/5/6 6026/5/6 6067/5/6
f 6023/2/6 6024/2/6 6067/2/6
f 6030/5/6 6031/5/6 6067/5/6
f 6067/5/6 6031/5/6 6068/5/6
f 6031/5/6 5911/5/6 6069/5/6
f 6068/5/6 6031/5/6 6069/5/6
f 5911/1/6 6032/1/6 6070/1/6
f 6069/5/6 5911/5/6 6070/5/6
f 6070/1/6 6032/1/6 6071/1/6
f 6032/2/6 6033/2/6 6072/2/6
f 6071/1/6 6032/1/6 6072/1/6
f 5977/2/6 5916/2/6 6073/2/6
f 6072/2/6 6033/2/6 6073/2/6
f 6034/3/6 6035/3/6 6073/3/6
f 6033/2/6 5977/2/6 6073/2/6
f 5978/3/6 6034/3/6 6073/3/6
f 5916/3/6 5978/3/6 6073/3/6
f 6073/3/6 6035/3/6 6074/3/6
f 6035/2/6 6036/2/6 6075/2/6
f 6074/3/6 6035/3/6 6075/3/6
f 6036/1/6 5981/1/6 6076/1/6
f 6075/2/6 6036/2/6 6076/2/6
f 5981/1/6 5923/1/6 6077/1/6
f 6076/1/6 5981/1/6 6077/1/6
f 5923/2/6 5924/2/6 6078/2/6
f 6077/1/6 5923/1/6 6078/1/6
f 5924/2/6 5869/2/6 6079/2/6
f 6078/2/6 5924/2/6 6079/2/6
f 5925/1/6 5982/1/6 6079/1/6
f 5869/1/6 5925/1/6 6079/1/6
f 6079/1/6 5982/1/6 6080/1/6
f 6080/1/6 5982/1/6 6081/1/6
f 5982/3/6 6037/3/6 6082/3/6
f 6081/1/6 5982/1/6 6082/1/6
f 6082/3/6 6037/3/6 6083/3/6
f 6037/2/6 6038/2/6 6084/2/6
f 6083/3/6 6037/3/6 6084/3/6
f 6040/2/6 6041/2/6 6085/2/6
f 6039/1/6 6040/1/6 6085/1/6
f 6085/2/6 6041/2/6 6086/2/6
f 6041/1/6 6042/1/6 6087/1/6
f 6042/1/6 6043/1/6 6087/1/6
f 6043/2/6 6044/2/6 6088/2/6
f 6087/1/6 6043/1/6 6088/1/6
f 6044/3/6 5993/3/6 6089/3/6
f 5993/2/6 5994/2/6 6089/2/6
f 6089/2/6 5994/2/6 6090/2/6
f 6090/2/6 5994/2/6 6091/2/6
f 5994/3/6 6045/3/6 6092/3/6
f 6091/2/6 5994/2/6 6092/2/6
f 6045/2/6 6046/2/6 6093/2/6
f 6047/1/6 6048/1/6 6093/1/6
f 6046/1/6 6047/1/6 6093/1/6
f 6093/1/6 6048/1/6 6094/1/6
f 6048/2/6 6049/2/6 6095/2/6
f 6049/1/6 6050/1/6 6096/1/6
f 6095/2/6 6049/2/6 6096/2/6
f 6052/3/6 6005/3/6 6097/3/6
f 6051/2/6 6052/2/6 6097/2/6
f 6097/3/6 6005/3/6 6098/3/6
f 6005/1/6 5944/1/6 6099/1/6
f 6098/3/6 6005/3/6 6099/3/6
f 5944/1/6 5892/1/6 6100/1/6
f 6099/1/6 5944/1/6 6100/1/6
f 6100/1/6 5892/1/6 6101/1/6
f 5945/2/6 5946/2/6 6102/2/6
f 6101/1/6 5892/1/6 6102/1/6
f 5892/2/6 5945/2/6 6102/2/6
f 5946/1/6 6006/1/6 6103/1/6
f 6102/2/6 5946/2/6 6103/2/6
f 6006/1/6 6053/1/6 6103/1/6
f 6103/1/6 6053/1/6 6104/1/6
f 6053/2/6 6054/2/6 6105/2/6
f 6104/1/6 6053/1/6 6105/1/6
f 6054/3/6 6055/3/6 6106/3/6
f 6105/2/6 6054/2/6 6106/2/6
f 6009/3/6 5953/3/6 6107/3/6
f 6106/3/6 6055/3/6 6107/3/6
f 6055/3/6 6009/3/6 6107/3/6
f 6056/2/6 6057/2/6 6108/2/6
f 6107/3/6 5953/3/6 6108/3/6
f 6010/2/6 6056/2/6 6108/2/6
f 5953/2/6 6010/2/6 6108/2/6
f 6057/1/6 5958/1/6 6109/1/6
f 6108/2/6 6057/2/6 6109/2/6
f 6109/1/6 5958/1/6 6110/1/6
f 6063/5/6 6064/5/6 6111/5/6
f 6110/1/6 5958/1/6 6111/1/6
f 6062/5/6 6063/5/6 6111/5/6
f 6060/5/6 6061/5/6 6111/5/6
f 6059/5/6 6060/5/6 6111/5/6
f 6061/5/6 6062/5/6 6111/5/6
f 5958/5/6 6058/5/6 6111/5/6
f 6058/5/6 6059/5/6 6111/5/6
f 6111/5/6 6064/5/6 6112/5/6
f 6112/5/6 6064/5/6 6113/5/6
f 6065/2/6 6066/2/6 6114/2/6
f 6113/5/6 6064/5/6 6114/5/6
f 6064/2/6 6065/2/6 6114/2/6
f 6067/2/6 6068/2/6 6115/2/6
f 6068/3/6 6069/3/6 6116/3/6
f 6115/2/6 6068/2/6 6116/2/6
f 6116/3/6 6069/3/6 6117/3/6
f 6069/1/6 6070/1/6 6118/1/6
f 6117/3/6 6069/3/6 6118/3/6
f 6070/1/6 6071/1/6 6118/1/6
f 6118/1/6 6071/1/6 6119/1/6
f 6071/2/6 6072/2/6 6120/2/6
f 6119/1/6 6071/1/6 6120/1/6
f 6072/2/6 6073/2/6 6120/2/6
f 6073/5/6 6074/5/6 6121/5/6
f 6120/2/6 6073/2/6 6121/2/6
f 6121/5/6 6074/5/6 6122/5/6
f 6074/3/6 6075/3/6 6123/3/6
f 6075/3/6 6076/3/6 6123/3/6
f 6076/1/6 6077/1/6 6123/1/6
f 6123/1/6 6077/1/6 6124/1/6
f 6077/2/6 6078/2/6 6125/2/6
f 6124/1/6 6077/1/6 6125/1/6
f 6079/2/6 6080/2/6 6125/2/6
f 6078/2/6 6079/2/6 6125/2/6
f 6125/2/6 6080/2/6 6126/2/6
f 6080/1/6 6081/1/6 6127/1/6
f 6126/2/6 6080/2/6 6127/2/6
f 6081/3/6 6082/3/6 6128/3/6
f 6127/1/6 6081/1/6 6128/1/6
f 6082/3/6 6083/3/6 6128/3/6
f 6128/3/6 6083/3/6 6129/3/6
f 6083/2/6 6084/2/6 6130/2/6
f 6129/3/6 6083/3/6 6130/3/6
f 6084/2/6 6038/2/6 6131/2/6
f 6130/2/6 6084/2/6 6131/2/6
f 6038/2/6 5987/2/6 6131/2/6
f 6039/1/6 6085/1/6 6131/1/6
f 5987/1/6 6039/1/6 6131/1/6
f 6085/1/6 6086/1/6 6131/1/6
f 6086/2/6 6041/2/6 6132/2/6
f 6131/1/6 6086/1/6 6132/1/6
f 6041/1/6 6087/1/6 6133/1/6
f 6132/2/6 6041/2/6 6133/2/6
f 6088/2/6 6044/2/6 6134/2/6
f 6087/2/6 6088/2/6 6134/2/6
f 6044/3/6 6089/3/6 6134/3/6
f 6089/3/6 6090/3/6 6134/3/6
f 6134/3/6 6090/3/6 6135/3/6
f 6092/3/6 6045/3/6 6136/3/6
f 6091/3/6 6092/3/6 6136/3/6
f 6045/2/6 6093/2/6 6137/2/6
f 6136/3/6 6045/3/6 6137/3/6
f 6093/2/6 6094/2/6 6137/2/6
f 6048/2/6 6095/2/6 6138/2/6
f 6094/1/6 6048/1/6 6138/1/6
f 6095/1/6 6096/1/6 6139/1/6
f 6138/2/6 6095/2/6 6139/2/6
f 6097/2/6 6098/2/6 6140/2/6
f 6139/1/6 6096/1/6 6140/1/6
f 6000/2/6 6051/2/6 6140/2/6
f 6050/1/6 6000/1/6 6140/1/6
f 6096/1/6 6050/1/6 6140/1/6
f 6051/2/6 6097/2/6 6140/2/6
f 6098/3/6 6099/3/6 6141/3/6
f 6140/2/6 6098/2/6 6141/2/6
f 6099/3/6 6100/3/6 6141/3/6
f 6141/3/6 6100/3/6 6142/3/6
f 6100/1/6 6101/1/6 6143/1/6
f 6142/3/6 6100/3/6 6143/3/6
f 6101/2/6 6102/2/6 6144/2/6
f 6143/1/6 6101/1/6 6144/1/6
f 6103/2/6 6104/2/6 6144/2/6
f 6102/2/6 6103/2/6 6144/2/6
f 6144/2/6 6104/2/6 6145/2/6
f 6104/1/6 6105/1/6 6146/1/6
f 6145/2/6 6104/2/6 6146/2/6
f 6146/1/6 6105/1/6 6147/1/6
f 6105/3/6 6106/3/6 6148/3/6
f 6147/1/6 6105/1/6 6148/1/6
f 6106/3/6 6107/3/6 6148/3/6
f 6107/5/6 6108/5/6 6149/5/6
f 6109/2/6 6110/2/6 6150/2/6
f 6149/5/6 6108/5/6 6150/5/6
f 6108/2/6 6109/2/6 6150/2/6
f 6111/1/6 6112/1/6 6151/1/6
f 6150/2/6 6110/2/6 6151/2/6
f 6110/1/6 6111/1/6 6151/1/6
f 6151/1/6 6112/1/6 6152/1/6
f 6112/3/6 6113/3/6 6153/3/6
f 6152/1/6 6112/1/6 6153/1/6
f 6153/3/6 6113/3/6 6154/3/6
f 6113/2/6 6114/2/6 6155/2/6
f 6154/3/6 6113/3/6 6155/3/6
f 6155/2/6 6114/2/6 6156/2/6
f 6023/2/6 6067/2/6 6157/2/6
f 6067/2/6 6115/2/6 6157/2/6
f 5965/2/6 6023/2/6 6157/2/6
f 6157/2/6 6115/2/6 6158/2/6
f 6158/2/6 6115/2/6 6159/2/6
f 6116/1/6 6117/1/6 6160/1/6
f 6159/2/6 6115/2/6 6160/2/6
f 6115/1/6 6116/1/6 6160/1/6
f 6123/3/6 6124/3/6 6161/3/6
f 6074/3/6 6123/3/6 6161/3/6
f 6125/5/6 6126/5/6 6162/5/6
f 6161/3/6 6124/3/6 6162/3/6
f 6124/5/6 6125/5/6 6162/5/6
f 6162/5/6 6126/5/6 6163/5/6
f 6128/3/6 6129/3/6 6164/3/6
f 6163/5/6 6126/5/6 6164/5/6
f 6127/3/6 6128/3/6 6164/3/6
f 6126/3/6 6127/3/6 6164/3/6
f 6164/3/6 6129/3/6 6165/3/6
f 6165/3/6 6129/3/6 6166/3/6
f 6166/3/6 6129/3/6 6167/3/6
f 6133/1/6 6087/1/6 6168/1/6
f 6132/1/6 6133/1/6 6168/1/6
f 6129/1/6 6130/1/6 6168/1/6
f 6130/1/6 6131/1/6 6168/1/6
f 6131/1/6 6132/1/6 6168/1/6
f 6087/2/6 6134/2/6 6169/2/6
f 6168/1/6 6087/1/6 6169/1/6
f 6134/2/6 6135/2/6 6169/2/6
f 6135/3/6 6090/3/6 6170/3/6
f 6090/2/6 6091/2/6 6170/2/6
f 6170/2/6 6091/2/6 6171/2/6
f 6171/2/6 6091/2/6 6172/2/6
f 6091/3/6 6136/3/6 6173/3/6
f 6172/2/6 6091/2/6 6173/2/6
f 6139/1/6 6140/1/6 6174/1/6
f 6138/1/6 6139/1/6 6174/1/6
f 6141/1/6 6142/1/6 6174/1/6
f 6137/2/6 6094/2/6 6174/2/6
f 6140/1/6 6141/1/6 6174/1/6
f 6136/2/6 6137/2/6 6174/2/6
f 6094/1/6 6138/1/6 6174/1/6
f 6174/1/6 6142/1/6 6175/1/6
f 6142/3/6 6143/3/6 6176/3/6
f 6144/3/6 6145/3/6 6176/3/6
f 6143/3/6 6144/3/6 6176/3/6
f 6176/3/6 6145/3/6 6177/3/6
f 6177/3/6 6145/3/6 6178/3/6
f 6146/5/6 6147/5/6 6179/5/6
f 6178/3/6 6145/3/6 6179/3/6
f 6145/5/6 6146/5/6 6179/5/6
f 6179/5/6 6147/5/6 6180/5/6
f 6147/3/6 6148/3/6 6181/3/6
f 6180/5/6 6147/5/6 6181/5/6
f 6148/3/6 6107/3/6 6182/3/6
f 6181/3/6 6148/3/6 6182/3/6
f 6156/2/6 6114/2/6 6183/2/6
f 6155/1/6 6156/1/6 6183/1/6
f 6154/1/6 6155/1/6 6183/1/6
f 6183/2/6 6114/2/6 6184/2/6
f 6066/2/6 6022/2/6 6185/2/6
f 6184/2/6 6114/2/6 6185/2/6
f 6114/2/6 6066/2/6 6185/2/6
f 6185/2/6 6022/2/6 6186/2/6
f 6158/2/6 6159/2/6 6187/2/6
f 6157/1/6 6158/1/6 6187/1/6
f 6187/2/6 6159/2/6 6188/2/6
f 6188/2/6 6159/2/6 6189/2/6
f 6159/1/6 6160/1/6 6190/1/6
f 6189/2/6 6159/2/6 6190/2/6
f 6160/1/6 6117/1/6 6191/1/6
f 6190/1/6 6160/1/6 6191/1/6
f 6117/3/6 6118/3/6 6192/3/6
f 6191/1/6 6117/1/6 6192/1/6
f 6118/5/6 6119/5/6 6193/5/6
f 6192/3/6 6118/3/6 6193/3/6
f 6119/3/6 6120/3/6 6194/3/6
f 6120/2/6 6121/2/6 6194/2/6
f 6194/2/6 6121/2/6 6195/2/6
f 6195/2/6 6121/2/6 6196/2/6
f 6196/2/6 6121/2/6 6197/2/6
f 6197/2/6 6121/2/6 6198/2/6
f 6121/3/6 6122/3/6 6199/3/6
f 6198/2/6 6121/2/6 6199/2/6
f 6074/3/6 6161/3/6 6200/3/6
f 6122/5/6 6074/5/6 6200/5/6
f 6200/3/6 6161/3/6 6201/3/6
f 6162/2/6 6163/2/6 6202/2/6
f 6201/3/6 6161/3/6 6202/3/6
f 6161/2/6 6162/2/6 6202/2/6
f 6164/5/6 6165/5/6 6203/5/6
f 6202/2/6 6163/2/6 6203/2/6
f 6163/5/6 6164/5/6 6203/5/6
f 6165/3/6 6166/3/6 6204/3/6
f 6203/5/6 6165/5/6 6204/5/6
f 6166/5/6 6167/5/6 6205/5/6
f 6204/3/6 6166/3/6 6205/3/6
f 6167/3/6 6129/3/6 6206/3/6
f 6205/5/6 6167/5/6 6206/5/6
f 6129/1/6 6168/1/6 6207/1/6
f 6206/3/6 6129/3/6 6207/3/6
f 6170/3/6 6171/3/6 6208/3/6
f 6171/2/6 6172/2/6 6208/2/6
f 6172/3/6 6173/3/6 6209/3/6
f 6208/2/6 6172/2/6 6209/2/6
f 6175/1/6 6142/1/6 6210/1/6
f 6142/3/6 6176/3/6 6210/3/6
f 6176/5/6 6177/5/6 6211/5/6
f 6210/3/6 6176/3/6 6211/3/6
f 6177/3/6 6178/3/6 6212/3/6
f 6211/5/6 6177/5/6 6212/5/6
f 6179/5/6 6180/5/6 6213/5/6
f 6212/3/6 6178/3/6 6213/3/6
f 6178/5/6 6179/5/6 6213/5/6
f 6180/2/6 6181/2/6 6214/2/6
f 6213/5/6 6180/5/6 6214/5/6
f 6181/2/6 6182/2/6 6214/2/6
f 6182/3/6 6107/3/6 6215/3/6
f 6214/2/6 6182/2/6 6215/2/6
f 6215/3/6 6107/3/6 6216/3/6
f 6107/5/6 6149/5/6 6217/5/6
f 6216/3/6 6107/3/6 6217/3/6
f 6149/3/6 6150/3/6 6218/3/6
f 6150/2/6 6151/2/6 6218/2/6
f 6218/2/6 6151/2/6 6219/2/6
f 6219/2/6 6151/2/6 6220/2/6
f 6220/2/6 6151/2/6 6221/2/6
f 6221/2/6 6151/2/6 6222/2/6
f 6151/3/6 6152/3/6 6223/3/6
f 6222/2/6 6151/2/6 6223/2/6
f 6153/3/6 6154/3/6 6224/3/6
f 6152/5/6 6153/5/6 6224/5/6
f 6183/1/6 6184/1/6 6225/1/6
f 6224/3/6 6154/3/6 6225/3/6
f 6154/1/6 6183/1/6 6225/1/6
f 6225/1/6 6184/1/6 6226/1/6
f 6184/2/6 6185/2/6 6227/2/6
f 6226/1/6 6184/1/6 6227/1/6
f 6227/2/6 6185/2/6 6228/2/6
f 6228/2/6 6185/2/6 6229/2/6
f 6185/1/6 6186/1/6 6230/1/6
f 6229/2/6 6185/2/6 6230/2/6
f 6188/2/6 6189/2/6 6231/2/6
f 6187/1/6 6188/1/6 6231/1/6
f 6189/1/6 6190/1/6 6232/1/6
f 6231/2/6 6189/2/6 6232/2/6
f 6190/1/6 6191/1/6 6232/1/6
f 6191/2/6 6192/2/6 6233/2/6
f 6193/5/6 6119/5/6 6233/5/6
f 6192/2/6 6193/2/6 6233/2/6
f 6194/3/6 6195/3/6 6234/3/6
f 6233/5/6 6119/5/6 6234/5/6
f 6119/3/6 6194/3/6 6234/3/6
f 6195/2/6 6196/2/6 6235/2/6
f 6234/3/6 6195/3/6 6235/3/6
f 6235/2/6 6196/2/6 6236/2/6
f 6196/3/6 6197/3/6 6237/3/6
f 6236/2/6 6196/2/6 6237/2/6
f 6197/2/6 6198/2/6 6238/2/6
f 6237/3/6 6197/3/6 6238/3/6
f 6238/2/6 6198/2/6 6239/2/6
f 6198/3/6 6199/3/6 6240/3/6
f 6239/2/6 6198/2/6 6240/2/6
f 6199/3/6 6122/3/6 6241/3/6
f 6240/3/6 6199/3/6 6241/3/6
f 6122/5/6 6200/5/6 6242/5/6
f 6241/3/6 6122/3/6 6242/3/6
f 6200/2/6 6201/2/6 6243/2/6
f 6242/5/6 6200/5/6 6243/5/6
f 6201/1/6 6202/1/6 6244/1/6
f 6243/2/6 6201/2/6 6244/2/6
f 6203/2/6 6204/2/6 6245/2/6
f 6202/2/6 6203/2/6 6245/2/6
f 6204/1/6 6205/1/6 6246/1/6
f 6245/2/6 6204/2/6 6246/2/6
f 6205/5/6 6206/5/6 6247/5/6
f 6246/1/6 6205/1/6 6247/1/6
f 6206/5/6 6207/5/6 6247/5/6
f 6247/5/6 6207/5/6 6248/5/6
f 6207/1/6 6168/1/6 6249/1/6
f 6248/5/6 6207/5/6 6249/5/6
f 6249/1/6 6168/1/6 6250/1/6
f 6250/1/6 6168/1/6 6251/1/6
f 6251/1/6 6168/1/6 6252/1/6
f 6170/3/6 6208/3/6 6253/3/6
f 6135/3/6 6170/3/6 6253/3/6
f 6208/3/6 6209/3/6 6253/3/6
f 6173/3/6 6136/3/6 6254/3/6
f 6253/3/6 6209/3/6 6254/3/6
f 6209/3/6 6173/3/6 6254/3/6
f 6175/1/6 6210/1/6 6255/1/6
f 6255/1/6 6210/1/6 6256/1/6
f 6256/1/6 6210/1/6 6257/1/6
f 6211/5/6 6212/5/6 6258/5/6
f 6257/1/6 6210/1/6 6258/1/6
f 6210/5/6 6211/5/6 6258/5/6
f 6258/5/6 6212/5/6 6259/5/6
f 6212/1/6 6213/1/6 6260/1/6
f 6259/5/6 6212/5/6 6260/5/6
f 6213/2/6 6214/2/6 6261/2/6
f 6260/1/6 6213/1/6 6261/1/6
f 6214/2/6 6215/2/6 6261/2/6
f 6261/2/6 6215/2/6 6262/2/6
f 6215/1/6 6216/1/6 6263/1/6
f 6216/2/6 6217/2/6 6263/2/6
f 6217/5/6 6149/5/6 6264/5/6
f 6263/2/6 6217/2/6 6264/2/6
f 6149/3/6 6218/3/6 6265/3/6
f 6264/5/6 6149/5/6 6265/5/6
f 6218/3/6 6219/3/6 6265/3/6
f 6265/3/6 6219/3/6 6266/3/6
f 6219/2/6 6220/2/6 6267/2/6
f 6266/3/6 6219/3/6 6267/3/6
f 6267/2/6 6220/2/6 6268/2/6
f 6220/3/6 6221/3/6 6269/3/6
f 6268/2/6 6220/2/6 6269/2/6
f 6221/2/6 6222/2/6 6270/2/6
f 6269/3/6 6221/3/6 6270/3/6
f 6270/2/6 6222/2/6 6271/2/6
f 6222/3/6 6223/3/6 6272/3/6
f 6271/2/6 6222/2/6 6272/2/6
f 6152/5/6 6224/5/6 6273/5/6
f 6272/3/6 6223/3/6 6273/3/6
f 6223/3/6 6152/3/6 6273/3/6
f 6225/2/6 6226/2/6 6274/2/6
f 6273/5/6 6224/5/6 6274/5/6
f 6224/2/6 6225/2/6 6274/2/6
f 6227/1/6 6228/1/6 6275/1/6
f 6226/1/6 6227/1/6 6275/1/6
f 6228/2/6 6229/2/6 6275/2/6
f 6229/1/6 6230/1/6 6276/1/6
f 6275/2/6 6229/2/6 6276/2/6
f 6231/1/6 6232/1/6 6277/1/6
f 6187/1/6 6231/1/6 6277/1/6
f 6157/1/6 6187/1/6 6277/1/6
f 6277/1/6 6232/1/6 6278/1/6
f 6232/1/6 6191/1/6 6279/1/6
f 6278/1/6 6232/1/6 6279/1/6
f 6191/2/6 6233/2/6 6279/2/6
f 6233/3/6 6234/3/6 6280/3/6
f 6279/2/6 6233/2/6 6280/2/6
f 6235/5/6 6236/5/6 6281/5/6
f 6234/5/6 6235/5/6 6281/5/6
f 6238/3/6 6239/3/6 6282/3/6
f 6281/5/6 6236/5/6 6282/5/6
f 6236/3/6 6237/3/6 6282/3/6
f 6237/3/6 6238/3/6 6282/3/6
f 6239/5/6 6240/5/6 6283/5/6
f 6282/3/6 6239/3/6 6283/3/6
f 6240/5/6 6241/5/6 6283/5/6
f 6283/5/6 6241/5/6 6284/5/6
f 6241/3/6 6242/3/6 6285/3/6
f 6242/3/6 6243/3/6 6285/3/6
f 6243/1/6 6244/1/6 6286/1/6
f 6285/3/6 6243/3/6 6286/3/6
f 6202/2/6 6245/2/6 6287/2/6
f 6245/1/6 6246/1/6 6288/1/6
f 6287/2/6 6245/2/6 6288/2/6
f 6247/1/6 6248/1/6 6288/1/6
f 6246/1/6 6247/1/6 6288/1/6
f 6288/1/6 6248/1/6 6289/1/6
f 6249/3/6 6250/3/6 6290/3/6
f 6289/1/6 6248/1/6 6290/1/6
f 6248/3/6 6249/3/6 6290/3/6
f 6290/3/6 6250/3/6 6291/3/6
f 6250/1/6 6251/1/6 6292/1/6
f 6291/3/6 6250/3/6 6292/3/6
f 6292/1/6 6251/1/6 6293/1/6
f 6251/2/6 6252/2/6 6294/2/6
f 6293/1/6 6251/1/6 6294/1/6
f 6252/1/6 6168/1/6 6295/1/6
f 6294/2/6 6252/2/6 6295/2/6
f 6295/1/6 6168/1/6 6296/1/6
f 6168/2/6 6169/2/6 6297/2/6
f 6296/1/6 6168/1/6 6297/1/6
f 6297/2/6 6169/2/6 6298/2/6
f 6169/2/6 6135/2/6 6299/2/6
f 6298/2/6 6169/2/6 6299/2/6
f 6135/3/6 6253/3/6 6299/3/6
f 6253/5/6 6254/5/6 6300/5/6
f 6299/3/6 6253/3/6 6300/3/6
f 6300/5/6 6254/5/6 6301/5/6
f 6301/5/6 6254/5/6 6302/5/6
f 6254/3/6 6136/3/6 6303/3/6
f 6302/5/6 6254/5/6 6303/5/6
f 6174/2/6 6175/2/6 6304/2/6
f 6303/3/6 6136/3/6 6304/3/6
f 6136/2/6 6174/2/6 6304/2/6
f 6304/2/6 6175/2/6 6305/2/6
f 6175/1/6 6255/1/6 6306/1/6
f 6305/2/6 6175/2/6 6306/2/6
f 6306/1/6 6255/1/6 6307/1/6
f 6255/2/6 6256/2/6 6308/2/6
f 6307/1/6 6255/1/6 6308/1/6
f 6256/1/6 6257/1/6 6309/1/6
f 6308/2/6 6256/2/6 6309/2/6
f 6309/1/6 6257/1/6 6310/1/6
f 6258/3/6 6259/3/6 6311/3/6
f 6310/1/6 6257/1/6 6311/1/6
f 6257/3/6 6258/3/6 6311/3/6
f 6311/3/6 6259/3/6 6312/3/6
f 6259/1/6 6260/1/6 6313/1/6
f 6312/3/6 6259/3/6 6313/3/6
f 6261/1/6 6262/1/6 6313/1/6
f 6260/1/6 6261/1/6 6313/1/6
f 6313/1/6 6262/1/6 6314/1/6
f 6262/2/6 6215/2/6 6315/2/6
f 6314/1/6 6262/1/6 6315/1/6
f 6315/2/6 6215/2/6 6316/2/6
f 6264/3/6 6265/3/6 6317/3/6
f 6263/1/6 6264/1/6 6317/1/6
f 6265/3/6 6266/3/6 6317/3/6
f 6317/3/6 6266/3/6 6318/3/6
f 6267/5/6 6268/5/6 6319/5/6
f 6266/5/6 6267/5/6 6319/5/6
f 6268/3/6 6269/3/6 6320/3/6
f 6319/5/6 6268/5/6 6320/5/6
f 6269/3/6 6270/3/6 6320/3/6
f 6270/3/6 6271/3/6 6320/3/6
f 6271/5/6 6272/5/6 6321/5/6
f 6320/3/6 6271/3/6 6321/3/6
f 6272/5/6 6273/5/6 6321/5/6
f 6321/5/6 6273/5/6 6322/5/6
f 6274/2/6 6226/2/6 6323/2/6
f 6273/3/6 6274/3/6 6323/3/6
f 6275/1/6 6276/1/6 6324/1/6
f 6323/2/6 6226/2/6 6324/2/6
f 6226/1/6 6275/1/6 6324/1/6
f 6276/1/6 6230/1/6 6325/1/6
f 6324/1/6 6276/1/6 6325/1/6
f 6230/1/6 6186/1/6 6325/1/6
f 6325/1/6 6186/1/6 6326/1/6
f 6277/2/6 6278/2/6 6327/2/6
f 6278/1/6 6279/1/6 6327/1/6
f 6279/1/6 6280/1/6 6327/1/6
f 6327/1/6 6280/1/6 6328/1/6
f 6234/5/6 6281/5/6 6329/5/6
f 6280/3/6 6234/3/6 6329/3/6
f 6281/2/6 6282/2/6 6330/2/6
f 6329/5/6 6281/5/6 6330/5/6
f 6282/2/6 6283/2/6 6330/2/6
f 6330/2/6 6283/2/6 6331/2/6
f 6283/3/6 6284/3/6 6332/3/6
f 6331/2/6 6283/2/6 6332/2/6
f 6284/5/6 6241/5/6 6333/5/6
f 6332/3/6 6284/3/6 6333/3/6
f 6333/5/6 6241/5/6 6334/5/6
f 6202/2/6 6287/2/6 6335/2/6
f 6288/1/6 6289/1/6 6336/1/6
f 6335/2/6 6287/2/6 6336/2/6
f 6287/1/6 6288/1/6 6336/1/6
f 6336/1/6 6289/1/6 6337/1/6
f 6290/2/6 6291/2/6 6338/2/6
f 6337/1/6 6289/1/6 6338/1/6
f 6289/2/6 6290/2/6 6338/2/6
f 6292/3/6 6293/3/6 6339/3/6
f 6338/2/6 6291/2/6 6339/2/6
f 6291/3/6 6292/3/6 6339/3/6
f 6339/3/6 6293/3/6 6340/3/6
f 6297/1/6 6298/1/6 6341/1/6
f 6296/1/6 6297/1/6 6341/1/6
f 6293/2/6 6294/2/6 6341/2/6
f 6295/2/6 6296/2/6 6341/2/6
f 6294/2/6 6295/2/6 6341/2/6
f 6341/1/6 6298/1/6 6342/1/6
f 6298/2/6 6299/2/6 6343/2/6
f 6300/5/6 6301/5/6 6344/5/6
f 6343/2/6 6299/2/6 6344/2/6
f 6299/5/6 6300/5/6 6344/5/6
f 6344/5/6 6301/5/6 6345/5/6
f 6301/3/6 6302/3/6 6346/3/6
f 6345/5/6 6301/5/6 6346/5/6
f 6302/5/6 6303/5/6 6347/5/6
f 6346/3/6 6302/3/6 6347/3/6
f 6303/5/6 6304/5/6 6347/5/6
f 6347/5/6 6304/5/6 6348/5/6
f 6304/2/6 6305/2/6 6349/2/6
f 6348/5/6 6304/5/6 6349/5/6
f 6349/2/6 6305/2/6 6350/2/6
f 6306/1/6 6307/1/6 6351/1/6
f 6305/1/6 6306/1/6 6351/1/6
f 6309/2/6 6310/2/6 6352/2/6
f 6351/1/6 6307/1/6 6352/1/6
f 6307/2/6 6308/2/6 6352/2/6
f 6308/2/6 6309/2/6 6352/2/6
f 6311/3/6 6312/3/6 6353/3/6
f 6310/3/6 6311/3/6 6353/3/6
f 6313/2/6 6314/2/6 6354/2/6
f 6353/3/6 6312/3/6 6354/3/6
f 6312/2/6 6313/2/6 6354/2/6
f 6315/1/6 6316/1/6 6355/1/6
f 6354/2/6 6314/2/6 6355/2/6
f 6314/1/6 6315/1/6 6355/1/6
f 6355/1/6 6316/1/6 6356/1/6
f 6316/2/6 6215/2/6 6357/2/6
f 6356/1/6 6316/1/6 6357/1/6
f 6357/2/6 6215/2/6 6358/2/6
f 6266/5/6 6319/5/6 6359/5/6
f 6319/3/6 6320/3/6 6360/3/6
f 6359/5/6 6319/5/6 6360/5/6
f 6321/2/6 6322/2/6 6361/2/6
f 6360/3/6 6320/3/6 6361/3/6
f 6320/2/6 6321/2/6 6361/2/6
f 6361/2/6 6322/2/6 6362/2/6
f 6322/5/6 6273/5/6 6363/5/6
f 6362/2/6 6322/2/6 6363/2/6
f 6273/3/6 6323/3/6 6364/3/6
f 6363/5/6 6273/5/6 6364/5/6
f 6323/1/6 6324/1/6 6365/1/6
f 6324/1/6 6325/1/6 6365/1/6
f 6325/2/6 6326/2/6 6366/2/6
f 6365/1/6 6325/1/6 6366/1/6
f 6328/1/6 6280/1/6 6367/1/6
f 6367/1/6 6280/1/6 6368/1/6
f 6329/1/6 6330/1/6 6369/1/6
f 6331/2/6 6332/2/6 6369/2/6
f 6330/1/6 6331/1/6 6369/1/6
f 6332/2/6 6333/2/6 6369/2/6
f 6369/2/6 6333/2/6 6370/2/6
f 6333/3/6 6334/3/6 6371/3/6
f 6370/2/6 6333/2/6 6371/2/6
f 6334/5/6 6241/5/6 6372/5/6
f 6371/3/6 6334/3/6 6372/3/6
f 6241/3/6 6285/3/6 6373/3/6
f 6372/5/6 6241/5/6 6373/5/6
f 6286/1/6 6244/1/6 6374/1/6
f 6285/2/6 6286/2/6 6374/2/6
f 6244/1/6 6202/1/6 6375/1/6
f 6374/1/6 6244/1/6 6375/1/6
f 6202/2/6 6335/2/6 6376/2/6
f 6375/1/6 6202/1/6 6376/1/6
f 6376/2/6 6335/2/6 6377/2/6
f 6377/2/6 6335/2/6 6378/2/6
f 6336/1/6 6337/1/6 6379/1/6
f 6378/2/6 6335/2/6 6379/2/6
f 6335/1/6 6336/1/6 6379/1/6
f 6340/3/6 6293/3/6 6380/3/6
f 6293/2/6 6341/2/6 6380/2/6
f 6341/2/6 6342/2/6 6380/2/6
f 6380/2/6 6342/2/6 6381/2/6
f 6342/1/6 6298/1/6 6382/1/6
f 6298/2/6 6343/2/6 6382/2/6
f 6382/2/6 6343/2/6 6383/2/6
f 6383/2/6 6343/2/6 6384/2/6
f 6344/5/6 6345/5/6 6385/5/6
f 6384/2/6 6343/2/6 6385/2/6
f 6343/5/6 6344/5/6 6385/5/6
f 6385/5/6 6345/5/6 6386/5/6
f 6345/3/6 6346/3/6 6387/3/6
f 6386/5/6 6345/5/6 6387/5/6
f 6347/3/6 6348/3/6 6387/3/6
f 6346/3/6 6347/3/6 6387/3/6
f 6348/5/6 6349/5/6 6388/5/6
f 6387/3/6 6348/3/6 6388/3/6
f 6349/5/6 6350/5/6 6388/5/6
f 6388/5/6 6350/5/6 6389/5/6
f 6350/2/6 6305/2/6 6390/2/6
f 6389/5/6 6350/5/6 6390/5/6
f 6390/2/6 6305/2/6 6391/2/6
f 6391/2/6 6305/2/6 6392/2/6
f 6305/1/6 6351/1/6 6393/1/6
f 6392/2/6 6305/2/6 6393/2/6
f 6352/2/6 6310/2/6 6394/2/6
f 6351/2/6 6352/2/6 6394/2/6
f 6310/3/6 6353/3/6 6395/3/6
f 6394/2/6 6310/2/6 6395/2/6
f 6358/2/6 6215/2/6 6396/2/6
f 6357/1/6 6358/1/6 6396/1/6
f 6356/1/6 6357/1/6 6396/1/6
f 6396/2/6 6215/2/6 6397/2/6
f 6397/2/6 6215/2/6 6398/2/6
f 6215/1/6 6263/1/6 6399/1/6
f 6398/2/6 6215/2/6 6399/2/6
f 6263/1/6 6317/1/6 6399/1/6
f 6399/1/6 6317/1/6 6400/1/6
f 6317/2/6 6318/2/6 6401/2/6
f 6400/1/6 6317/1/6 6401/1/6
f 6266/5/6 6359/5/6 6402/5/6
f 6318/3/6 6266/3/6 6402/3/6
f 6359/3/6 6360/3/6 6403/3/6
f 6402/5/6 6359/5/6 6403/5/6
f 6361/2/6 6362/2/6 6404/2/6
f 6403/3/6 6360/3/6 6404/3/6
f 6360/2/6 6361/2/6 6404/2/6
f 6404/2/6 6362/2/6 6405/2/6
f 6362/1/6 6363/1/6 6406/1/6
f 6405/2/6 6362/2/6 6406/2/6
f 6363/1/6 6364/1/6 6406/1/6
f 6323/1/6 6365/1/6 6407/1/6
f 6407/1/6 6365/1/6 6408/1/6
f 6328/1/6 6367/1/6 6409/1/6
f 6327/2/6 6328/2/6 6409/2/6
f 6409/1/6 6367/1/6 6410/1/6
f 6368/1/6 6280/1/6 6411/1/6
f 6367/2/6 6368/2/6 6411/2/6
f 6280/3/6 6329/3/6 6412/3/6
f 6411/1/6 6280/1/6 6412/1/6
f 6370/2/6 6371/2/6 6413/2/6
f 6371/2/6 6372/2/6 6413/2/6
f 6369/1/6 6370/1/6 6413/1/6
f 6413/2/6 6372/2/6 6414/2/6
f 6372/3/6 6373/3/6 6415/3/6
f 6414/2/6 6372/2/6 6415/2/6
f 6373/3/6 6285/3/6 6416/3/6
f 6415/3/6 6373/3/6 6416/3/6
f 6374/2/6 6375/2/6 6417/2/6
f 6416/3/6 6285/3/6 6417/3/6
f 6285/2/6 6374/2/6 6417/2/6
f 6417/2/6 6375/2/6 6418/2/6
f 6375/1/6 6376/1/6 6419/1/6
f 6377/2/6 6378/2/6 6419/2/6
f 6376/1/6 6377/1/6 6419/1/6
f 6378/1/6 6379/1/6 6420/1/6
f 6419/2/6 6378/2/6 6420/2/6
f 6379/1/6 6337/1/6 6421/1/6
f 6420/1/6 6379/1/6 6421/1/6
f 6339/2/6 6340/2/6 6422/2/6
f 6421/1/6 6337/1/6 6422/1/6
f 6338/2/6 6339/2/6 6422/2/6
f 6337/2/6 6338/2/6 6422/2/6
f 6380/3/6 6381/3/6 6423/3/6
f 6422/2/6 6340/2/6 6423/2/6
f 6340/3/6 6380/3/6 6423/3/6
f 6423/3/6 6381/3/6 6424/3/6
f 6381/2/6 6342/2/6 6425/2/6
f 6424/3/6 6381/3/6 6425/3/6
f 6382/1/6 6383/1/6 6426/1/6
f 6425/2/6 6342/2/6 6426/2/6
f 6342/1/6 6382/1/6 6426/1/6
f 6426/1/6 6383/1/6 6427/1/6
f 6383/2/6 6384/2/6 6428/2/6
f 6385/5/6 6386/5/6 6429/5/6
f 6428/2/6 6384/2/6 6429/2/6
f 6384/5/6 6385/5/6 6429/5/6
f 6429/5/6 6386/5/6 6430/5/6
f 6386/3/6 6387/3/6 6431/3/6
f 6430/5/6 6386/5/6 6431/5/6
f 6387/2/6 6388/2/6 6432/2/6
f 6431/3/6 6387/3/6 6432/3/6
f 6388/3/6 6389/3/6 6433/3/6
f 6432/2/6 6388/2/6 6433/2/6
f 6390/5/6 6391/5/6 6434/5/6
f 6433/3/6 6389/3/6 6434/3/6
f 6389/5/6 6390/5/6 6434/5/6
f 6434/5/6 6391/5/6 6435/5/6
f 6391/2/6 6392/2/6 6436/2/6
f 6435/5/6 6391/5/6 6436/5/6
f 6436/2/6 6392/2/6 6437/2/6
f 6393/1/6 6351/1/6 6438/1/6
f 6392/1/6 6393/1/6 6438/1/6
f 6351/2/6 6394/2/6 6439/2/6
f 6438/1/6 6351/1/6 6439/1/6
f 6394/3/6 6395/3/6 6440/3/6
f 6439/2/6 6394/2/6 6440/2/6
f 6395/3/6 6353/3/6 6441/3/6
f 6440/3/6 6395/3/6 6441/3/6
f 6355/2/6 6356/2/6 6442/2/6
f 6441/3/6 6353/3/6 6442/3/6
f 6353/2/6 6354/2/6 6442/2/6
f 6354/2/6 6355/2/6 6442/2/6
f 6396/1/6 6397/1/6 6443/1/6
f 6442/2/6 6356/2/6 6443/2/6
f 6356/1/6 6396/1/6 6443/1/6
f 6443/1/6 6397/1/6 6444/1/6
f 6397/2/6 6398/2/6 6445/2/6
f 6444/1/6 6397/1/6 6445/1/6
f 6399/1/6 6400/1/6 6446/1/6
f 6445/2/6 6398/2/6 6446/2/6
f 6398/1/6 6399/1/6 6446/1/6
f 6401/2/6 6318/2/6 6447/2/6
f 6400/2/6 6401/2/6 6447/2/6
f 6402/3/6 6403/3/6 6448/3/6
f 6447/2/6 6318/2/6 6448/2/6
f 6318/3/6 6402/3/6 6448/3/6
f 6448/3/6 6403/3/6 6449/3/6
f 6404/2/6 6405/2/6 6450/2/6
f 6449/3/6 6403/3/6 6450/3/6
f 6403/2/6 6404/2/6 6450/2/6
f 6450/2/6 6405/2/6 6451/2/6
f 6405/1/6 6406/1/6 6452/1/6
f 6451/2/6 6405/2/6 6452/2/6
f 6364/3/6 6323/3/6 6453/3/6
f 6323/1/6 6407/1/6 6453/1/6
f 6407/2/6 6408/2/6 6454/2/6
f 6453/1/6 6407/1/6 6454/1/6
f 6408/1/6 6365/1/6 6455/1/6
f 6365/2/6 6366/2/6 6456/2/6
f 6455/1/6 6365/1/6 6456/1/6
f 6410/1/6 6367/1/6 6457/1/6
f 6409/2/6 6410/2/6 6457/2/6
f 6457/1/6 6367/1/6 6458/1/6
f 6412/3/6 6329/3/6 6459/3/6
f 6411/3/6 6412/3/6 6459/3/6
f 6369/1/6 6413/1/6 6460/1/6
f 6459/3/6 6329/3/6 6460/3/6
f 6413/1/6 6414/1/6 6460/1/6
f 6329/1/6 6369/1/6 6460/1/6
f 6460/1/6 6414/1/6 6461/1/6
f 6415/2/6 6416/2/6 6462/2/6
f 6461/1/6 6414/1/6 6462/1/6
f 6414/2/6 6415/2/6 6462/2/6
f 6462/2/6 6416/2/6 6463/2/6
f 6417/3/6 6418/3/6 6464/3/6
f 6463/2/6 6416/2/6 6464/2/6
f 6416/3/6 6417/3/6 6464/3/6
f 6464/3/6 6418/3/6 6465/3/6
f 6418/2/6 6375/2/6 6466/2/6
f 6465/3/6 6418/3/6 6466/3/6
f 6419/1/6 6420/1/6 6467/1/6
f 6466/2/6 6375/2/6 6467/2/6
f 6420/1/6 6421/1/6 6467/1/6
f 6375/1/6 6419/1/6 6467/1/6
f 6383/2/6 6428/2/6 6468/2/6
f 6427/1/6 6383/1/6 6468/1/6
f 6429/5/6 6430/5/6 6469/5/6
f 6468/2/6 6428/2/6 6469/2/6
f 6428/5/6 6429/5/6 6469/5/6
f 6469/5/6 6430/5/6 6470/5/6
f 6434/2/6 6435/2/6 6471/2/6
f 6470/5/6 6430/5/6 6471/5/6
f 6431/2/6 6432/2/6 6471/2/6
f 6430/2/6 6431/2/6 6471/2/6
f 6433/2/6 6434/2/6 6471/2/6
f 6432/2/6 6433/2/6 6471/2/6
f 6436/5/6 6437/5/6 6472/5/6
f 6471/2/6 6435/2/6 6472/2/6
f 6435/5/6 6436/5/6 6472/5/6
f 6472/5/6 6437/5/6 6473/5/6
f 6437/2/6 6392/2/6 6474/2/6
f 6473/5/6 6437/5/6 6474/5/6
f 6392/1/6 6438/1/6 6475/1/6
f 6474/2/6 6392/2/6 6475/2/6
f 6446/1/6 6400/1/6 6476/1/6
f 6400/2/6 6447/2/6 6476/2/6
f 6445/1/6 6446/1/6 6476/1/6
f 6444/1/6 6445/1/6 6476/1/6
f 6448/3/6 6449/3/6 6477/3/6
f 6476/2/6 6447/2/6 6477/2/6
f 6447/3/6 6448/3/6 6477/3/6
f 6477/3/6 6449/3/6 6478/3/6
f 6450/2/6 6451/2/6 6479/2/6
f 6478/3/6 6449/3/6 6479/3/6
f 6449/2/6 6450/2/6 6479/2/6
f 6479/2/6 6451/2/6 6480/2/6
f 6451/1/6 6452/1/6 6481/1/6
f 6480/2/6 6451/2/6 6481/2/6
f 6452/1/6 6406/1/6 6482/1/6
f 6481/1/6 6452/1/6 6482/1/6
f 6406/1/6 6364/1/6 6482/1/6
f 6364/3/6 6453/3/6 6483/3/6
f 6482/1/6 6364/1/6 6483/1/6
f 6453/3/6 6454/3/6 6483/3/6
f 6483/3/6 6454/3/6 6484/3/6
f 6408/1/6 6455/1/6 6485/1/6
f 6455/2/6 6456/2/6 6486/2/6
f 6485/1/6 6455/1/6 6486/1/6
f 6460/2/6 6461/2/6 6487/2/6
f 6459/2/6 6460/2/6 6487/2/6
f 6462/1/6 6463/1/6 6487/1/6
f 6461/1/6 6462/1/6 6487/1/6
f 6487/1/6 6463/1/6 6488/1/6
f 6463/2/6 6464/2/6 6489/2/6
f 6464/2/6 6465/2/6 6489/2/6
f 6465/3/6 6466/3/6 6490/3/6
f 6489/2/6 6465/2/6 6490/2/6
f 6466/1/6 6467/1/6 6491/1/6
f 6490/3/6 6466/3/6 6491/3/6
f 6427/1/6 6468/1/6 6492/1/6
f 6469/5/6 6470/5/6 6493/5/6
f 6492/1/6 6468/1/6 6493/1/6
f 6468/5/6 6469/5/6 6493/5/6
f 6470/3/6 6471/3/6 6494/3/6
f 6493/5/6 6470/5/6 6494/5/6
f 6471/2/6 6472/2/6 6495/2/6
f 6494/3/6 6471/3/6 6495/3/6
f 6472/3/6 6473/3/6 6496/3/6
f 6495/2/6 6472/2/6 6496/2/6
f 6473/5/6 6474/5/6 6497/5/6
f 6496/3/6 6473/3/6 6497/3/6
f 6474/5/6 6475/5/6 6497/5/6
f 6475/1/6 6438/1/6 6498/1/6
f 6497/5/6 6475/5/6 6498/5/6
f 6498/1/6 6438/1/6 6499/1/6
f 6477/3/6 6478/3/6 6500/3/6
f 6476/1/6 6477/1/6 6500/1/6
f 6479/2/6 6480/2/6 6501/2/6
f 6500/3/6 6478/3/6 6501/3/6
f 6478/2/6 6479/2/6 6501/2/6
f 6501/2/6 6480/2/6 6502/2/6
f 6480/1/6 6481/1/6 6503/1/6
f 6481/1/6 6482/1/6 6503/1/6
f 6483/2/6 6484/2/6 6504/2/6
f 6503/1/6 6482/1/6 6504/1/6
f 6482/2/6 6483/2/6 6504/2/6
f 6458/1/6 6367/1/6 6505/1/6
f 6367/2/6 6411/2/6 6506/2/6
f 6505/1/6 6367/1/6 6506/1/6
f 6506/2/6 6411/2/6 6507/2/6
f 6411/3/6 6459/3/6 6508/3/6
f 6507/2/6 6411/2/6 6508/2/6
f 6488/1/6 6463/1/6 6509/1/6
f 6487/2/6 6488/2/6 6509/2/6
f 6509/1/6 6463/1/6 6510/1/6
f 6463/2/6 6489/2/6 6511/2/6
f 6510/1/6 6463/1/6 6511/1/6
f 6511/2/6 6489/2/6 6512/2/6
f 6512/2/6 6489/2/6 6513/2/6
f 6490/1/6 6491/1/6 6514/1/6
f 6513/2/6 6489/2/6 6514/2/6
f 6489/1/6 6490/1/6 6514/1/6
f 6491/1/6 6467/1/6 6515/1/6
f 6514/1/6 6491/1/6 6515/1/6
f 6467/1/6 6421/1/6 6516/1/6
f 6515/1/6 6467/1/6 6516/1/6
f 6516/1/6 6421/1/6 6517/1/6
f 6423/2/6 6424/2/6 6518/2/6
f 6421/2/6 6422/2/6 6518/2/6
f 6422/2/6 6423/2/6 6518/2/6
f 6424/5/6 6425/5/6 6519/5/6
f 6518/2/6 6424/2/6 6519/2/6
f 6426/2/6 6427/2/6 6520/2/6
f 6425/2/6 6426/2/6 6520/2/6
f 6520/2/6 6427/2/6 6521/2/6
f 6521/2/6 6427/2/6 6522/2/6
f 6427/1/6 6492/1/6 6523/1/6
f 6522/2/6 6427/2/6 6523/2/6
f 6492/3/6 6493/3/6 6524/3/6
f 6523/1/6 6492/1/6 6524/1/6
f 6493/3/6 6494/3/6 6524/3/6
f 6524/3/6 6494/3/6 6525/3/6
f 6496/2/6 6497/2/6 6526/2/6
f 6525/3/6 6494/3/6 6526/3/6
f 6495/2/6 6496/2/6 6526/2/6
f 6494/2/6 6495/2/6 6526/2/6
f 6497/3/6 6498/3/6 6527/3/6
f 6526/2/6 6497/2/6 6527/2/6
f 6498/3/6 6499/3/6 6527/3/6
f 6527/3/6 6499/3/6 6528/3/6
f 6499/1/6 6438/1/6 6529/1/6
f 6528/3/6 6499/3/6 6529/3/6
f 6439/2/6 6440/2/6 6530/2/6
f 6529/1/6 6438/1/6 6530/1/6
f 6438/2/6 6439/2/6 6530/2/6
f 6530/2/6 6440/2/6 6531/2/6
f 6531/2/6 6440/2/6 6532/2/6
f 6532/2/6 6440/2/6 6533/2/6
f 6443/2/6 6444/2/6 6534/2/6
f 6441/2/6 6442/2/6 6534/2/6
f 6440/5/6 6441/5/6 6534/5/6
f 6442/2/6 6443/2/6 6534/2/6
f 6534/2/6 6444/2/6 6535/2/6
f 6476/1/6 6500/1/6 6536/1/6
f 6444/1/6 6476/1/6 6536/1/6
f 6501/1/6 6502/1/6 6536/1/6
f 6500/1/6 6501/1/6 6536/1/6
f 6536/1/6 6502/1/6 6537/1/6
f 6537/1/6 6502/1/6 6538/1/6
f 6502/2/6 6480/2/6 6539/2/6
f 6538/1/6 6502/1/6 6539/1/6
f 6539/2/6 6480/2/6 6540/2/6
f 6540/2/6 6480/2/6 6541/2/6
f 6480/1/6 6503/1/6 6542/1/6
f 6541/2/6 6480/2/6 6542/2/6
f 6542/1/6 6503/1/6 6543/1/6
f 6503/2/6 6504/2/6 6544/2/6
f 6543/1/6 6503/1/6 6544/1/6
f 6454/2/6 6408/2/6 6545/2/6
f 6484/3/6 6454/3/6 6545/3/6
f 6545/2/6 6408/2/6 6546/2/6
f 6408/1/6 6485/1/6 6547/1/6
f 6546/2/6 6408/2/6 6547/2/6
f 6547/1/6 6485/1/6 6548/1/6
f 6458/1/6 6505/1/6 6549/1/6
f 6506/2/6 6507/2/6 6549/2/6
f 6505/2/6 6506/2/6 6549/2/6
f 6507/3/6 6508/3/6 6550/3/6
f 6549/2/6 6507/2/6 6550/2/6
f 6509/2/6 6510/2/6 6551/2/6
f 6511/1/6 6512/1/6 6551/1/6
f 6510/1/6 6511/1/6 6551/1/6
f 6551/1/6 6512/1/6 6552/1/6
f 6512/2/6 6513/2/6 6553/2/6
f 6552/1/6 6512/1/6 6553/1/6
f 6514/1/6 6515/1/6 6554/1/6
f 6553/2/6 6513/2/6 6554/2/6
f 6513/1/6 6514/1/6 6554/1/6
f 6554/1/6 6515/1/6 6555/1/6
f 6515/5/6 6516/5/6 6556/5/6
f 6555/1/6 6515/1/6 6556/1/6
f 6556/5/6 6516/5/6 6557/5/6
f 6517/1/6 6421/1/6 6558/1/6
f 6516/2/6 6517/2/6 6558/2/6
f 6558/1/6 6421/1/6 6559/1/6
f 6421/2/6 6518/2/6 6560/2/6
f 6559/1/6 6421/1/6 6560/1/6
f 6560/2/6 6518/2/6 6561/2/6
f 6561/2/6 6518/2/6 6562/2/6
f 6518/3/6 6519/3/6 6563/3/6
f 6562/2/6 6518/2/6 6563/2/6
f 6519/5/6 6425/5/6 6564/5/6
f 6563/3/6 6519/3/6 6564/3/6
f 6425/2/6 6520/2/6 6565/2/6
f 6564/5/6 6425/5/6 6565/5/6
f 6520/5/6 6521/5/6 6566/5/6
f 6565/2/6 6520/2/6 6566/2/6
f 6566/5/6 6521/5/6 6567/5/6
f 6521/3/6 6522/3/6 6568/3/6
f 6567/5/6 6521/5/6 6568/5/6
f 6522/2/6 6523/2/6 6569/2/6
f 6568/3/6 6522/3/6 6569/3/6
f 6523/3/6 6524/3/6 6570/3/6
f 6569/2/6 6523/2/6 6570/2/6
f 6525/1/6 6526/1/6 6571/1/6
f 6526/2/6 6527/2/6 6571/2/6
f 6571/2/6 6527/2/6 6572/2/6
f 6572/2/6 6527/2/6 6573/2/6
f 6527/1/6 6528/1/6 6574/1/6
f 6573/2/6 6527/2/6 6574/2/6
f 6529/3/6 6530/3/6 6575/3/6
f 6530/2/6 6531/2/6 6575/2/6
f 6531/3/6 6532/3/6 6576/3/6
f 6575/2/6 6531/2/6 6576/2/6
f 6532/5/6 6533/5/6 6577/5/6
f 6576/3/6 6532/3/6 6577/3/6
f 6577/5/6 6533/5/6 6578/5/6
f 6533/2/6 6440/2/6 6579/2/6
f 6578/5/6 6533/5/6 6579/5/6
f 6440/5/6 6534/5/6 6580/5/6
f 6579/2/6 6440/2/6 6580/2/6
f 6534/3/6 6535/3/6 6581/3/6
f 6580/5/6 6534/5/6 6581/5/6
f 6535/2/6 6444/2/6 6582/2/6
f 6581/3/6 6535/3/6 6582/3/6
f 6582/2/6 6444/2/6 6583/2/6
f 6583/2/6 6444/2/6 6584/2/6
f 6444/1/6 6536/1/6 6585/1/6
f 6584/2/6 6444/2/6 6585/2/6
f 6585/1/6 6536/1/6 6586/1/6
f 6536/2/6 6537/2/6 6587/2/6
f 6586/1/6 6536/1/6 6587/1/6
f 6537/5/6 6538/5/6 6588/5/6
f 6538/1/6 6539/1/6 6589/1/6
f 6588/5/6 6538/5/6 6589/5/6
f 6539/1/6 6540/1/6 6589/1/6
f 6589/1/6 6540/1/6 6590/1/6
f 6540/2/6 6541/2/6 6591/2/6
f 6590/1/6 6540/1/6 6591/1/6
f 6542/1/6 6543/1/6 6592/1/6
f 6591/2/6 6541/2/6 6592/2/6
f 6541/1/6 6542/1/6 6592/1/6
f 6592/1/6 6543/1/6 6593/1/6
f 6543/2/6 6544/2/6 6594/2/6
f 6593/1/6 6543/1/6 6594/1/6
f 6547/2/6 6548/2/6 6595/2/6
f 6545/3/6 6546/3/6 6595/3/6
f 6546/2/6 6547/2/6 6595/2/6
f 6548/1/6 6485/1/6 6596/1/6
f 6595/2/6 6548/2/6 6596/2/6
f 6549/5/6 6550/5/6 6597/5/6
f 6550/3/6 6508/3/6 6598/3/6
f 6597/5/6 6550/5/6 6598/5/6
f 6508/3/6 6459/3/6 6599/3/6
f 6598/3/6 6508/3/6 6599/3/6
f 6509/2/6 6551/2/6 6600/2/6
f 6599/3/6 6459/3/6 6600/3/6
f 6459/2/6 6487/2/6 6600/2/6
f 6551/2/6 6552/2/6 6600/2/6
f 6487/2/6 6509/2/6 6600/2/6
f 6600/2/6 6552/2/6 6601/2/6
f 6552/1/6 6553/1/6 6602/1/6
f 6601/2/6 6552/2/6 6602/2/6
f 6554/1/6 6555/1/6 6602/1/6
f 6553/1/6 6554/1/6 6602/1/6
f 6602/1/6 6555/1/6 6603/1/6
f 6603/1/6 6555/1/6 6604/1/6
f 6555/2/6 6556/2/6 6605/2/6
f 6604/1/6 6555/1/6 6605/1/6
f 6556/3/6 6557/3/6 6606/3/6
f 6605/2/6 6556/2/6 6606/2/6
f 6557/5/6 6516/5/6 6607/5/6
f 6606/3/6 6557/3/6 6607/3/6
f 6558/2/6 6559/2/6 6608/2/6
f 6607/5/6 6516/5/6 6608/5/6
f 6516/2/6 6558/2/6 6608/2/6
f 6608/2/6 6559/2/6 6609/2/6
f 6559/1/6 6560/1/6 6610/1/6
f 6609/2/6 6559/2/6 6610/2/6
f 6560/1/6 6561/1/6 6610/1/6
f 6610/1/6 6561/1/6 6611/1/6
f 6561/2/6 6562/2/6 6612/2/6
f 6562/3/6 6563/3/6 6613/3/6
f 6612/2/6 6562/2/6 6613/2/6
f 6563/5/6 6564/5/6 6614/5/6
f 6613/3/6 6563/3/6 6614/3/6
f 6564/5/6 6565/5/6 6614/5/6
f 6614/5/6 6565/5/6 6615/5/6
f 6566/3/6 6567/3/6 6616/3/6
f 6615/5/6 6565/5/6 6616/5/6
f 6565/3/6 6566/3/6 6616/3/6
f 6567/2/6 6568/2/6 6617/2/6
f 6616/3/6 6567/3/6 6617/3/6
f 6568/3/6 6569/3/6 6618/3/6
f 6617/2/6 6568/2/6 6618/2/6
f 6569/3/6 6570/3/6 6618/3/6
f 6618/3/6 6570/3/6 6619/3/6
f 6524/5/6 6525/5/6 6620/5/6
f 6619/3/6 6570/3/6 6620/3/6
f 6570/3/6 6524/3/6 6620/3/6
f 6620/5/6 6525/5/6 6621/5/6
f 6572/2/6 6573/2/6 6622/2/6
f 6571/1/6 6572/1/6 6622/1/6
f 6622/2/6 6573/2/6 6623/2/6
f 6623/2/6 6573/2/6 6624/2/6
f 6573/1/6 6574/1/6 6625/1/6
f 6624/2/6 6573/2/6 6625/2/6
f 6528/5/6 6529/5/6 6626/5/6
f 6575/3/6 6576/3/6 6627/3/6
f 6626/5/6 6529/5/6 6627/5/6
f 6529/3/6 6575/3/6 6627/3/6
f 6576/3/6 6577/3/6 6627/3/6
f 6627/3/6 6577/3/6 6628/3/6
f 6577/2/6 6578/2/6 6629/2/6
f 6628/3/6 6577/3/6 6629/3/6
f 6579/3/6 6580/3/6 6630/3/6
f 6629/2/6 6578/2/6 6630/2/6
f 6578/3/6 6579/3/6 6630/3/6
f 6580/5/6 6581/5/6 6631/5/6
f 6630/3/6 6580/3/6 6631/3/6
f 6581/5/6 6582/5/6 6631/5/6
f 6631/5/6 6582/5/6 6632/5/6
f 6582/3/6 6583/3/6 6633/3/6
f 6632/5/6 6582/5/6 6633/5/6
f 6583/2/6 6584/2/6 6634/2/6
f 6633/3/6 6583/3/6 6634/3/6
f 6634/2/6 6584/2/6 6635/2/6
f 6584/1/6 6585/1/6 6636/1/6
f 6585/1/6 6586/1/6 6636/1/6
f 6586/2/6 6587/2/6 6637/2/6
f 6636/1/6 6586/1/6 6637/1/6
f 6587/2/6 6537/2/6 6638/2/6
f 6637/2/6 6587/2/6 6638/2/6
f 6537/5/6 6588/5/6 6639/5/6
f 6638/2/6 6537/2/6 6639/2/6
f 6588/3/6 6589/3/6 6640/3/6
f 6639/5/6 6588/5/6 6640/5/6
f 6589/2/6 6590/2/6 6641/2/6
f 6640/3/6 6589/3/6 6641/3/6
f 6592/1/6 6593/1/6 6642/1/6
f 6641/2/6 6590/2/6 6642/2/6
f 6590/1/6 6591/1/6 6642/1/6
f 6591/1/6 6592/1/6 6642/1/6
f 6642/1/6 6593/1/6 6643/1/6
f 6643/1/6 6593/1/6 6644/1/6
f 6593/2/6 6594/2/6 6645/2/6
f 6644/1/6 6593/1/6 6645/1/6
f 6504/2/6 6484/2/6 6646/2/6
f 6645/2/6 6594/2/6 6646/2/6
f 6594/2/6 6544/2/6 6646/2/6
f 6544/2/6 6504/2/6 6646/2/6
f 6545/3/6 6595/3/6 6647/3/6
f 6646/2/6 6484/2/6 6647/2/6
f 6484/3/6 6545/3/6 6647/3/6
f 6647/3/6 6595/3/6 6648/3/6
f 6595/5/6 6596/5/6 6649/5/6
f 6648/3/6 6595/3/6 6649/3/6
f 6649/5/6 6596/5/6 6650/5/6
f 6458/1/6 6549/1/6 6651/1/6
f 6651/1/6 6549/1/6 6652/1/6
f 6549/5/6 6597/5/6 6653/5/6
f 6652/1/6 6549/1/6 6653/1/6
f 6597/3/6 6598/3/6 6654/3/6
f 6653/5/6 6597/5/6 6654/5/6
f 6598/3/6 6599/3/6 6654/3/6
f 6600/5/6 6601/5/6 6655/5/6
f 6654/3/6 6599/3/6 6655/3/6
f 6599/5/6 6600/5/6 6655/5/6
f 6655/5/6 6601/5/6 6656/5/6
f 6656/5/6 6601/5/6 6657/5/6
f 6602/2/6 6603/2/6 6658/2/6
f 6657/5/6 6601/5/6 6658/5/6
f 6601/2/6 6602/2/6 6658/2/6
f 6658/2/6 6603/2/6 6659/2/6
f 6605/2/6 6606/2/6 6660/2/6
f 6604/2/6 6605/2/6 6660/2/6
f 6606/2/6 6607/2/6 6660/2/6
f 6607/5/6 6608/5/6 6660/5/6
f 6608/3/6 6609/3/6 6661/3/6
f 6660/5/6 6608/5/6 6661/5/6
f 6610/2/6 6611/2/6 6662/2/6
f 6661/3/6 6609/3/6 6662/3/6
f 6609/2/6 6610/2/6 6662/2/6
f 6662/2/6 6611/2/6 6663/2/6
f 6663/2/6 6611/2/6 6664/2/6
f 6611/1/6 6561/1/6 6665/1/6
f 6664/2/6 6611/2/6 6665/2/6
f 6665/1/6 6561/1/6 6666/1/6
f 6561/2/6 6612/2/6 6667/2/6
f 6666/1/6 6561/1/6 6667/1/6
f 6612/3/6 6613/3/6 6668/3/6
f 6667/2/6 6612/2/6 6668/2/6
f 6614/5/6 6615/5/6 6669/5/6
f 6668/3/6 6613/3/6 6669/3/6
f 6613/5/6 6614/5/6 6669/5/6
f 6669/5/6 6615/5/6 6670/5/6
f 6615/3/6 6616/3/6 6671/3/6
f 6670/5/6 6615/5/6 6671/5/6
f 6618/2/6 6619/2/6 6672/2/6
f 6671/3/6 6616/3/6 6672/3/6
f 6616/2/6 6617/2/6 6672/2/6
f 6617/2/6 6618/2/6 6672/2/6
f 6619/3/6 6620/3/6 6673/3/6
f 6672/2/6 6619/2/6 6673/2/6
f 6620/3/6 6621/3/6 6673/3/6
f 6673/3/6 6621/3/6 6674/3/6
f 6623/2/6 6624/2/6 6675/2/6
f 6622/1/6 6623/1/6 6675/1/6
f 6624/1/6 6625/1/6 6676/1/6
f 6675/2/6 6624/2/6 6676/2/6
f 6627/3/6 6628/3/6 6677/3/6
f 6626/3/6 6627/3/6 6677/3/6
f 6629/2/6 6630/2/6 6678/2/6
f 6677/3/6 6628/3/6 6678/3/6
f 6628/2/6 6629/2/6 6678/2/6
f 6630/2/6 6631/2/6 6678/2/6
f 6631/3/6 6632/3/6 6679/3/6
f 6678/2/6 6631/2/6 6679/2/6
f 6633/5/6 6634/5/6 6680/5/6
f 6679/3/6 6632/3/6 6680/3/6
f 6632/5/6 6633/5/6 6680/5/6
f 6680/5/6 6634/5/6 6681/5/6
f 6634/3/6 6635/3/6 6682/3/6
f 6681/5/6 6634/5/6 6682/5/6
f 6635/2/6 6584/2/6 6683/2/6
f 6682/3/6 6635/3/6 6683/3/6
f 6584/1/6 6636/1/6 6684/1/6
f 6683/2/6 6584/2/6 6684/2/6
f 6684/1/6 6636/1/6 6685/1/6
f 6636/2/6 6637/2/6 6686/2/6
f 6685/1/6 6636/1/6 6686/1/6
f 6637/2/6 6638/2/6 6686/2/6
f 6686/2/6 6638/2/6 6687/2/6
f 6687/2/6 6638/2/6 6688/2/6
f 6638/3/6 6639/3/6 6689/3/6
f 6688/2/6 6638/2/6 6689/2/6
f 6639/5/6 6640/5/6 6690/5/6
f 6689/3/6 6639/3/6 6690/3/6
f 6642/2/6 6643/2/6 6691/2/6
f 6690/5/6 6640/5/6 6691/5/6
f 6641/2/6 6642/2/6 6691/2/6
f 6640/2/6 6641/2/6 6691/2/6
f 6645/2/6 6646/2/6 6692/2/6
f 6644/2/6 6645/2/6 6692/2/6
f 6647/5/6 6648/5/6 6693/5/6
f 6692/2/6 6646/2/6 6693/2/6
f 6646/5/6 6647/5/6 6693/5/6
f 6693/5/6 6648/5/6 6694/5/6
f 6694/5/6 6648/5/6 6695/5/6
f 6648/3/6 6649/3/6 6696/3/6
f 6695/5/6 6648/5/6 6696/5/6
f 6649/3/6 6650/3/6 6696/3/6
f 6650/5/6 6596/5/6 6697/5/6
f 6696/3/6 6650/3/6 6697/3/6
f 6596/1/6 6485/1/6 6698/1/6
f 6697/5/6 6596/5/6 6698/5/6
f 6698/1/6 6485/1/6 6699/1/6
f 6699/1/6 6485/1/6 6700/1/6
f 6458/1/6 6651/1/6 6701/1/6
f 6651/3/6 6652/3/6 6702/3/6
f 6701/1/6 6651/1/6 6702/1/6
f 6652/5/6 6653/5/6 6703/5/6
f 6702/3/6 6652/3/6 6703/3/6
f 6653/5/6 6654/5/6 6703/5/6
f 6703/5/6 6654/5/6 6704/5/6
f 6655/2/6 6656/2/6 6705/2/6
f 6704/5/6 6654/5/6 6705/5/6
f 6654/2/6 6655/2/6 6705/2/6
f 6705/2/6 6656/2/6 6706/2/6
f 6656/3/6 6657/3/6 6707/3/6
f 6706/2/6 6656/2/6 6707/2/6
f 6658/5/6 6659/5/6 6708/5/6
f 6707/3/6 6657/3/6 6708/3/6
f 6657/5/6 6658/5/6 6708/5/6
f 6708/5/6 6659/5/6 6709/5/6
f 6659/2/6 6603/2/6 6710/2/6
f 6709/5/6 6659/5/6 6710/5/6
f 6710/2/6 6603/2/6 6711/2/6
f 6603/1/6 6604/1/6 6712/1/6
f 6604/2/6 6660/2/6 6713/2/6
f 6712/1/6 6604/1/6 6713/1/6
f 6662/3/6 6663/3/6 6714/3/6
f 6663/2/6 6664/2/6 6714/2/6
f 6664/3/6 6665/3/6 6715/3/6
f 6714/2/6 6664/2/6 6715/2/6
f 6665/5/6 6666/5/6 6716/5/6
f 6715/3/6 6665/3/6 6716/3/6
f 6716/5/6 6666/5/6 6717/5/6
f 6667/3/6 6668/3/6 6718/3/6
f 6717/5/6 6666/5/6 6718/5/6
f 6666/3/6 6667/3/6 6718/3/6
f 6668/5/6 6669/5/6 6719/5/6
f 6718/3/6 6668/3/6 6719/3/6
f 6669/5/6 6670/5/6 6719/5/6
f 6719/5/6 6670/5/6 6720/5/6
f 6670/3/6 6671/3/6 6721/3/6
f 6720/5/6 6670/5/6 6721/5/6
f 6672/2/6 6673/2/6 6722/2/6
f 6671/2/6 6672/2/6 6722/2/6
f 6673/2/6 6674/2/6 6722/2/6
f 6674/3/6 6621/3/6 6723/3/6
f 6722/2/6 6674/2/6 6723/2/6
f 6723/3/6 6621/3/6 6724/3/6
f 6621/5/6 6525/5/6 6725/5/6
f 6724/3/6 6621/3/6 6725/3/6
f 6675/1/6 6676/1/6 6726/1/6
f 6725/5/6 6525/5/6 6726/5/6
f 6622/1/6 6675/1/6 6726/1/6
f 6571/1/6 6622/1/6 6726/1/6
f 6525/1/6 6571/1/6 6726/1/6
f 6726/1/6 6676/1/6 6727/1/6
f 6625/1/6 6574/1/6 6728/1/6
f 6727/1/6 6676/1/6 6728/1/6
f 6676/1/6 6625/1/6 6728/1/6
f 6574/1/6 6528/1/6 6728/1/6
f 6528/5/6 6626/5/6 6729/5/6
f 6728/1/6 6528/1/6 6729/1/6
f 6626/3/6 6677/3/6 6730/3/6
f 6729/5/6 6626/5/6 6730/5/6
f 6730/3/6 6677/3/6 6731/3/6
f 6678/2/6 6679/2/6 6732/2/6
f 6731/3/6 6677/3/6 6732/3/6
f 6679/2/6 6680/2/6 6732/2/6
f 6677/2/6 6678/2/6 6732/2/6
f 6732/2/6 6680/2/6 6733/2/6
f 6681/5/6 6682/5/6 6734/5/6
f 6680/3/6 6681/3/6 6734/3/6
f 6682/5/6 6683/5/6 6734/5/6
f 6734/5/6 6683/5/6 6735/5/6
f 6684/3/6 6685/3/6 6736/3/6
f 6735/5/6 6683/5/6 6736/5/6
f 6683/3/6 6684/3/6 6736/3/6
f 6685/5/6 6686/5/6 6737/5/6
f 6736/3/6 6685/3/6 6737/3/6
f 6737/5/6 6686/5/6 6738/5/6
f 6686/3/6 6687/3/6 6739/3/6
f 6738/5/6 6686/5/6 6739/5/6
f 6687/2/6 6688/2/6 6740/2/6
f 6739/3/6 6687/3/6 6740/3/6
f 6688/3/6 6689/3/6 6741/3/6
f 6740/2/6 6688/2/6 6741/2/6
f 6691/2/6 6643/2/6 6742/2/6
f 6643/1/6 6644/1/6 6742/1/6
f 6742/1/6 6644/1/6 6743/1/6
f 6644/2/6 6692/2/6 6744/2/6
f 6693/5/6 6694/5/6 6745/5/6
f 6744/2/6 6692/2/6 6745/2/6
f 6692/5/6 6693/5/6 6745/5/6
f 6745/5/6 6694/5/6 6746/5/6
f 6694/3/6 6695/3/6 6747/3/6
f 6746/5/6 6694/5/6 6747/5/6
f 6696/2/6 6697/2/6 6748/2/6
f 6747/3/6 6695/3/6 6748/3/6
f 6695/2/6 6696/2/6 6748/2/6
f 6748/2/6 6697/2/6 6749/2/6
f 6698/5/6 6699/5/6 6750/5/6
f 6749/2/6 6697/2/6 6750/2/6
f 6697/5/6 6698/5/6 6750/5/6
f 6750/5/6 6699/5/6 6751/5/6
f 6699/3/6 6700/3/6 6752/3/6
f 6751/5/6 6699/5/6 6752/5/6
f 6700/1/6 6485/1/6 6753/1/6
f 6752/3/6 6700/3/6 6753/3/6
f 6753/1/6 6485/1/6 6754/1/6
f 6458/1/6 6701/1/6 6755/1/6
f 6457/2/6 6458/2/6 6755/2/6
f 6701/3/6 6702/3/6 6756/3/6
f 6755/1/6 6701/1/6 6756/1/6
f 6703/5/6 6704/5/6 6757/5/6
f 6756/3/6 6702/3/6 6757/3/6
f 6702/5/6 6703/5/6 6757/5/6
f 6757/5/6 6704/5/6 6758/5/6
f 6704/1/6 6705/1/6 6759/1/6
f 6758/5/6 6704/5/6 6759/5/6
f 6705/1/6 6706/1/6 6759/1/6
f 6759/1/6 6706/1/6 6760/1/6
f 6708/2/6 6709/2/6 6761/2/6
f 6760/1/6 6706/1/6 6761/1/6
f 6706/2/6 6707/2/6 6761/2/6
f 6707/2/6 6708/2/6 6761/2/6
f 6710/5/6 6711/5/6 6762/5/6
f 6761/2/6 6709/2/6 6762/2/6
f 6709/5/6 6710/5/6 6762/5/6
f 6762/5/6 6711/5/6 6763/5/6
f 6711/2/6 6603/2/6 6764/2/6
f 6763/5/6 6711/5/6 6764/5/6
f 6764/2/6 6603/2/6 6765/2/6
f 6713/2/6 6660/2/6 6766/2/6
f 6712/2/6 6713/2/6 6766/2/6
f 6660/3/6 6661/3/6 6767/3/6
f 6766/2/6 6660/2/6 6767/2/6
f 6716/3/6 6717/3/6 6768/3/6
f 6715/3/6 6716/3/6 6768/3/6
f 6714/3/6 6715/3/6 6768/3/6
f 6662/3/6 6714/3/6 6768/3/6
f 6661/5/6 6662/5/6 6768/5/6
f 6768/3/6 6717/3/6 6769/3/6
f 6719/5/6 6720/5/6 6770/5/6
f 6769/3/6 6717/3/6 6770/3/6
f 6717/5/6 6718/5/6 6770/5/6
f 6718/5/6 6719/5/6 6770/5/6
f 6770/5/6 6720/5/6 6771/5/6
f 6721/3/6 6671/3/6 6772/3/6
f 6720/3/6 6721/3/6 6772/3/6
f 6671/2/6 6722/2/6 6773/2/6
f 6772/3/6 6671/3/6 6773/3/6
f 6773/2/6 6722/2/6 6774/2/6
f 6723/1/6 6724/1/6 6775/1/6
f 6774/2/6 6722/2/6 6775/2/6
f 6722/1/6 6723/1/6 6775/1/6
f 6726/3/6 6727/3/6 6776/3/6
f 6775/1/6 6724/1/6 6776/1/6
f 6725/3/6 6726/3/6 6776/3/6
f 6724/3/6 6725/3/6 6776/3/6
f 6776/3/6 6727/3/6 6777/3/6
f 6727/1/6 6728/1/6 6778/1/6
f 6777/3/6 6727/3/6 6778/3/6
f 6778/1/6 6728/1/6 6779/1/6
f 6779/1/6 6728/1/6 6780/1/6
f 6728/3/6 6729/3/6 6781/3/6
f 6780/1/6 6728/1/6 6781/1/6
f 6730/3/6 6731/3/6 6781/3/6
f 6729/3/6 6730/3/6 6781/3/6
f 6781/3/6 6731/3/6 6782/3/6
f 6732/1/6 6733/1/6 6783/1/6
f 6782/3/6 6731/3/6 6783/3/6
f 6731/1/6 6732/1/6 6783/1/6
f 6733/2/6 6680/2/6 6784/2/6
f 6783/1/6 6733/1/6 6784/1/6
f 6784/2/6 6680/2/6 6785/2/6
f 6734/3/6 6735/3/6 6786/3/6
f 6785/2/6 6680/2/6 6786/2/6
f 6680/3/6 6734/3/6 6786/3/6
f 6786/3/6 6735/3/6 6787/3/6
f 6737/5/6 6738/5/6 6788/5/6
f 6735/5/6 6736/5/6 6788/5/6
f 6736/5/6 6737/5/6 6788/5/6
f 6740/3/6 6741/3/6 6789/3/6
f 6788/5/6 6738/5/6 6789/5/6
f 6739/3/6 6740/3/6 6789/3/6
f 6738/3/6 6739/3/6 6789/3/6
f 6789/3/6 6741/3/6 6790/3/6
f 6741/3/6 6689/3/6 6791/3/6
f 6790/3/6 6741/3/6 6791/3/6
f 6689/5/6 6690/5/6 6791/5/6
f 6690/3/6 6691/3/6 6792/3/6
f 6742/2/6 6743/2/6 6792/2/6
f 6691/2/6 6742/2/6 6792/2/6
f 6792/2/6 6743/2/6 6793/2/6
f 6644/2/6 6744/2/6 6794/2/6
f 6744/5/6 6745/5/6 6795/5/6
f 6794/2/6 6744/2/6 6795/2/6
f 6745/5/6 6746/5/6 6795/5/6
f 6795/5/6 6746/5/6 6796/5/6
f 6746/2/6 6747/2/6 6797/2/6
f 6796/5/6 6746/5/6 6797/5/6
f 6748/2/6 6749/2/6 6797/2/6
f 6747/2/6 6748/2/6 6797/2/6
f 6750/1/6 6751/1/6 6798/1/6
f 6797/2/6 6749/2/6 6798/2/6
f 6749/1/6 6750/1/6 6798/1/6
f 6798/1/6 6751/1/6 6799/1/6
f 6751/5/6 6752/5/6 6800/5/6
f 6799/1/6 6751/1/6 6800/1/6
f 6752/5/6 6753/5/6 6800/5/6
f 6800/5/6 6753/5/6 6801/5/6
f 6753/3/6 6754/3/6 6802/3/6
f 6801/5/6 6753/5/6 6802/5/6
f 6754/1/6 6485/1/6 6803/1/6
f 6802/3/6 6754/3/6 6803/3/6
f 6485/2/6 6486/2/6 6804/2/6
f 6803/1/6 6485/1/6 6804/1/6
f 6457/2/6 6755/2/6 6805/2/6
f 6409/2/6 6457/2/6 6805/2/6
f 6755/3/6 6756/3/6 6806/3/6
f 6805/2/6 6755/2/6 6806/2/6
f 6757/5/6 6758/5/6 6807/5/6
f 6806/3/6 6756/3/6 6807/3/6
f 6756/5/6 6757/5/6 6807/5/6
f 6807/5/6 6758/5/6 6808/5/6
f 6759/1/6 6760/1/6 6809/1/6
f 6808/5/6 6758/5/6 6809/5/6
f 6758/1/6 6759/1/6 6809/1/6
f 6760/2/6 6761/2/6 6810/2/6
f 6763/3/6 6764/3/6 6810/3/6
f 6764/3/6 6765/3/6 6810/3/6
f 6761/2/6 6762/2/6 6810/2/6
f 6762/2/6 6763/2/6 6810/2/6
f 6810/3/6 6765/3/6 6811/3/6
f 6765/2/6 6603/2/6 6812/2/6
f 6811/3/6 6765/3/6 6812/3/6
f 6812/2/6 6603/2/6 6813/2/6
f 6712/2/6 6766/2/6 6814/2/6
f 6766/3/6 6767/3/6 6815/3/6
f 6814/2/6 6766/2/6 6815/2/6
f 6767/3/6 6661/3/6 6816/3/6
f 6815/3/6 6767/3/6 6816/3/6
f 6768/5/6 6769/5/6 6817/5/6
f 6816/3/6 6661/3/6 6817/3/6
f 6661/5/6 6768/5/6 6817/5/6
f 6769/3/6 6770/3/6 6818/3/6
f 6817/5/6 6769/5/6 6818/5/6
f 6770/3/6 6771/3/6 6818/3/6
f 6818/3/6 6771/3/6 6819/3/6
f 6771/5/6 6720/5/6 6820/5/6
f 6819/3/6 6771/3/6 6820/3/6
f 6720/3/6 6772/3/6 6821/3/6
f 6820/5/6 6720/5/6 6821/5/6
f 6773/2/6 6774/2/6 6822/2/6
f 6821/3/6 6772/3/6 6822/3/6
f 6772/2/6 6773/2/6 6822/2/6
f 6822/2/6 6774/2/6 6823/2/6
f 6774/1/6 6775/1/6 6824/1/6
f 6823/2/6 6774/2/6 6824/2/6
f 6776/1/6 6777/1/6 6824/1/6
f 6775/1/6 6776/1/6 6824/1/6
f 6779/1/6 6780/1/6 6825/1/6
f 6778/2/6 6779/2/6 6825/2/6
f 6780/2/6 6781/2/6 6826/2/6
f 6825/1/6 6780/1/6 6826/1/6
f 6784/1/6 6785/1/6 6827/1/6
f 6782/1/6 6783/1/6 6827/1/6
f 6786/2/6 6787/2/6 6827/2/6
f 6783/1/6 6784/1/6 6827/1/6
f 6785/2/6 6786/2/6 6827/2/6
f 6827/2/6 6787/2/6 6828/2/6
f 6787/3/6 6735/3/6 6829/3/6
f 6828/2/6 6787/2/6 6829/2/6
f 6735/5/6 6788/5/6 6830/5/6
f 6829/3/6 6735/3/6 6830/3/6
f 6789/3/6 6790/3/6 6831/3/6
f 6830/5/6 6788/5/6 6831/5/6
f 6788/3/6 6789/3/6 6831/3/6
f 6831/3/6 6790/3/6 6832/3/6
f 6790/5/6 6791/5/6 6833/5/6
f 6832/3/6 6790/3/6 6833/3/6
f 6791/5/6 6690/5/6 6834/5/6
f 6833/5/6 6791/5/6 6834/5/6
f 6792/3/6 6793/3/6 6834/3/6
f 6690/3/6 6792/3/6 6834/3/6
f 6834/3/6 6793/3/6 6835/3/6
f 6793/2/6 6743/2/6 6836/2/6
f 6835/3/6 6793/3/6 6836/3/6
f 6836/2/6 6743/2/6 6837/2/6
f 6644/2/6 6794/2/6 6838/2/6
f 6795/3/6 6796/3/6 6839/3/6
f 6838/2/6 6794/2/6 6839/2/6
f 6794/3/6 6795/3/6 6839/3/6
f 6839/3/6 6796/3/6 6840/3/6
f 6796/2/6 6797/2/6 6841/2/6
f 6840/3/6 6796/3/6 6841/3/6
f 6798/2/6 6799/2/6 6841/2/6
f 6797/2/6 6798/2/6 6841/2/6
f 6801/5/6 6802/5/6 6842/5/6
f 6802/5/6 6803/5/6 6842/5/6
f 6800/1/6 6801/1/6 6842/1/6
f 6799/1/6 6800/1/6 6842/1/6
f 6842/5/6 6803/5/6 6843/5/6
f 6803/3/6 6804/3/6 6844/3/6
f 6843/5/6 6803/5/6 6844/5/6
f 6804/2/6 6486/2/6 6845/2/6
f 6844/3/6 6804/3/6 6845/3/6
f 6486/2/6 6456/2/6 6846/2/6
f 6845/2/6 6486/2/6 6846/2/6
f 6277/2/6 6327/2/6 6847/2/6
f 6327/2/6 6409/2/6 6847/2/6
f 6409/2/6 6805/2/6 6847/2/6
f 6847/2/6 6805/2/6 6848/2/6
f 6805/3/6 6806/3/6 6849/3/6
f 6848/2/6 6805/2/6 6849/2/6
f 6807/5/6 6808/5/6 6850/5/6
f 6849/3/6 6806/3/6 6850/3/6
f 6806/5/6 6807/5/6 6850/5/6
f 6850/5/6 6808/5/6 6851/5/6
f 6808/1/6 6809/1/6 6852/1/6
f 6851/5/6 6808/5/6 6852/5/6
f 6810/2/6 6811/2/6 6853/2/6
f 6852/1/6 6809/1/6 6853/1/6
f 6809/1/6 6760/1/6 6853/1/6
f 6760/2/6 6810/2/6 6853/2/6
f 6853/2/6 6811/2/6 6854/2/6
f 6811/3/6 6812/3/6 6855/3/6
f 6854/2/6 6811/2/6 6855/2/6
f 6812/5/6 6813/5/6 6856/5/6
f 6855/3/6 6812/3/6 6856/3/6
f 6813/2/6 6603/2/6 6857/2/6
f 6856/5/6 6813/5/6 6857/5/6
f 6857/2/6 6603/2/6 6858/2/6
f 6712/2/6 6814/2/6 6859/2/6
f 6603/1/6 6712/1/6 6859/1/6
f 6815/3/6 6816/3/6 6860/3/6
f 6859/2/6 6814/2/6 6860/2/6
f 6814/3/6 6815/3/6 6860/3/6
f 6860/3/6 6816/3/6 6861/3/6
f 6818/2/6 6819/2/6 6862/2/6
f 6861/3/6 6816/3/6 6862/3/6
f 6816/2/6 6817/2/6 6862/2/6
f 6817/2/6 6818/2/6 6862/2/6
f 6862/2/6 6819/2/6 6863/2/6
f 6820/3/6 6821/3/6 6864/3/6
f 6863/2/6 6819/2/6 6864/2/6
f 6819/3/6 6820/3/6 6864/3/6
f 6864/3/6 6821/3/6 6865/3/6
f 6822/2/6 6823/2/6 6866/2/6
f 6865/3/6 6821/3/6 6866/3/6
f 6821/2/6 6822/2/6 6866/2/6
f 6866/2/6 6823/2/6 6867/2/6
f 6867/2/6 6823/2/6 6868/2/6
f 6823/1/6 6824/1/6 6869/1/6
f 6868/2/6 6823/2/6 6869/2/6
f 6824/1/6 6777/1/6 6870/1/6
f 6869/1/6 6824/1/6 6870/1/6
f 6777/3/6 6778/3/6 6871/3/6
f 6870/1/6 6777/1/6 6871/1/6
f 6871/3/6 6778/3/6 6872/3/6
f 6825/2/6 6826/2/6 6873/2/6
f 6872/3/6 6778/3/6 6873/3/6
f 6778/2/6 6825/2/6 6873/2/6
f 6873/2/6 6826/2/6 6874/2/6
f 6826/2/6 6781/2/6 6875/2/6
f 6874/2/6 6826/2/6 6875/2/6
f 6781/3/6 6782/3/6 6876/3/6
f 6875/2/6 6781/2/6 6876/2/6
f 6876/3/6 6782/3/6 6877/3/6
f 6782/1/6 6827/1/6 6878/1/6
f 6877/3/6 6782/3/6 6878/3/6
f 6827/1/6 6828/1/6 6878/1/6
f 6878/1/6 6828/1/6 6879/1/6
f 6829/2/6 6830/2/6 6880/2/6
f 6879/1/6 6828/1/6 6880/1/6
f 6828/2/6 6829/2/6 6880/2/6
f 6880/2/6 6830/2/6 6881/2/6
f 6881/2/6 6830/2/6 6882/2/6
f 6831/3/6 6832/3/6 6883/3/6
f 6882/2/6 6830/2/6 6883/2/6
f 6830/3/6 6831/3/6 6883/3/6
f 6883/3/6 6832/3/6 6884/3/6
f 6832/2/6 6833/2/6 6885/2/6
f 6884/3/6 6832/3/6 6885/3/6
f 6833/2/6 6834/2/6 6885/2/6
f 6834/2/6 6835/2/6 6885/2/6
f 6885/2/6 6835/2/6 6886/2/6
f 6836/3/6 6837/3/6 6887/3/6
f 6886/2/6 6835/2/6 6887/2/6
f 6835/3/6 6836/3/6 6887/3/6
f 6887/3/6 6837/3/6 6888/3/6
f 6837/2/6 6743/2/6 6889/2/6
f 6888/3/6 6837/3/6 6889/3/6
f 6743/1/6 6644/1/6 6890/1/6
f 6889/2/6 6743/2/6 6890/2/6
f 6644/2/6 6838/2/6 6891/2/6
f 6838/5/6 6839/5/6 6892/5/6
f 6891/2/6 6838/2/6 6892/2/6
f 6839/3/6 6840/3/6 6893/3/6
f 6892/5/6 6839/5/6 6893/5/6
f 6840/2/6 6841/2/6 6894/2/6
f 6893/3/6 6840/3/6 6894/3/6
f 6841/2/6 6799/2/6 6895/2/6
f 6894/2/6 6841/2/6 6895/2/6
f 6842/1/6 6843/1/6 6896/1/6
f 6895/2/6 6799/2/6 6896/2/6
f 6799/1/6 6842/1/6 6896/1/6
f 6843/5/6 6844/5/6 6897/5/6
f 6896/1/6 6843/1/6 6897/1/6
f 6844/5/6 6845/5/6 6897/5/6
f 6897/5/6 6845/5/6 6898/5/6
f 6845/3/6 6846/3/6 6899/3/6
f 6898/5/6 6845/5/6 6899/5/6
f 6846/2/6 6456/2/6 6900/2/6
f 6899/3/6 6846/3/6 6900/3/6
f 6366/2/6 6326/2/6 6901/2/6
f 6900/2/6 6456/2/6 6901/2/6
f 6456/2/6 6366/2/6 6901/2/6
f 6901/2/6 6326/2/6 6902/2/6
f 6848/5/6 6849/5/6 6903/5/6
f 6849/5/6 6850/5/6 6903/5/6
f 6847/3/6 6848/3/6 6903/3/6
f 6850/5/6 6851/5/6 6903/5/6
f 6903/5/6 6851/5/6 6904/5/6
f 6851/2/6 6852/2/6 6905/2/6
f 6904/5/6 6851/5/6 6905/5/6
f 6856/5/6 6857/5/6 6906/5/6
f 6857/3/6 6858/3/6 6906/3/6
f 6858/2/6 6603/2/6 6907/2/6
f 6906/3/6 6858/3/6 6907/3/6
f 6603/1/6 6859/1/6 6908/1/6
f 6907/2/6 6603/2/6 6908/2/6
f 6908/1/6 6859/1/6 6909/1/6
f 6859/5/6 6860/5/6 6910/5/6
f 6909/1/6 6859/1/6 6910/1/6
f 6860/3/6 6861/3/6 6911/3/6
f 6910/5/6 6860/5/6 6911/5/6
f 6862/2/6 6863/2/6 6912/2/6
f 6911/3/6 6861/3/6 6912/3/6
f 6861/2/6 6862/2/6 6912/2/6
f 6867/2/6 6868/2/6 6913/2/6
f 6866/1/6 6867/1/6 6913/1/6
f 6868/1/6 6869/1/6 6914/1/6
f 6913/2/6 6868/2/6 6914/2/6
f 6869/1/6 6870/1/6 6914/1/6
f 6914/1/6 6870/1/6 6915/1/6
f 6870/2/6 6871/2/6 6916/2/6
f 6915/1/6 6870/1/6 6916/1/6
f 6878/2/6 6879/2/6 6917/2/6
f 6880/1/6 6881/1/6 6917/1/6
f 6879/1/6 6880/1/6 6917/1/6
f 6917/1/6 6881/1/6 6918/1/6
f 6881/2/6 6882/2/6 6919/2/6
f 6918/1/6 6881/1/6 6919/1/6
f 6882/1/6 6883/1/6 6920/1/6
f 6919/2/6 6882/2/6 6920/2/6
f 6886/2/6 6887/2/6 6921/2/6
f 6888/3/6 6889/3/6 6921/3/6
f 6887/2/6 6888/2/6 6921/2/6
f 6889/5/6 6890/5/6 6922/5/6
f 6921/3/6 6889/3/6 6922/3/6
f 6890/1/6 6644/1/6 6923/1/6
f 6922/5/6 6890/5/6 6923/5/6
f 6923/1/6 6644/1/6 6924/1/6
f 6644/2/6 6891/2/6 6925/2/6
f 6924/1/6 6644/1/6 6925/1/6
f 6891/3/6 6892/3/6 6926/3/6
f 6925/2/6 6891/2/6 6926/2/6
f 6892/5/6 6893/5/6 6927/5/6
f 6926/3/6 6892/3/6 6927/3/6
f 6899/5/6 6900/5/6 6928/5/6
f 6898/5/6 6899/5/6 6928/5/6
f 6897/2/6 6898/2/6 6928/2/6
f 6900/5/6 6901/5/6 6928/5/6
f 6928/5/6 6901/5/6 6929/5/6
f 6901/3/6 6902/3/6 6930/3/6
f 6929/5/6 6901/5/6 6930/5/6
f 6903/3/6 6904/3/6 6931/3/6
f 6847/3/6 6903/3/6 6931/3/6
f 6904/2/6 6905/2/6 6932/2/6
f 6931/3/6 6904/3/6 6932/3/6
f 6905/2/6 6852/2/6 6933/2/6
f 6932/2/6 6905/2/6 6933/2/6
f 6852/1/6 6853/1/6 6933/1/6
f 6853/1/6 6854/1/6 6933/1/6
f 6933/1/6 6854/1/6 6934/1/6
f 6854/2/6 6855/2/6 6935/2/6
f 6934/1/6 6854/1/6 6935/1/6
f 6855/2/6 6856/2/6 6935/2/6
f 6935/2/6 6856/2/6 6936/2/6
f 6906/5/6 6907/5/6 6937/5/6
f 6936/2/6 6856/2/6 6937/2/6
f 6856/5/6 6906/5/6 6937/5/6
f 6937/5/6 6907/5/6 6938/5/6
f 6909/5/6 6910/5/6 6939/5/6
f 6910/2/6 6911/2/6 6940/2/6
f 6939/5/6 6910/5/6 6940/5/6
f 6911/2/6 6912/2/6 6940/2/6
f 6912/2/6 6863/2/6 6941/2/6
f 6940/2/6 6912/2/6 6941/2/6
f 6864/1/6 6865/1/6 6942/1/6
f 6941/2/6 6863/2/6 6942/2/6
f 6863/1/6 6864/1/6 6942/1/6
f 6942/1/6 6865/1/6 6943/1/6
f 6865/3/6 6866/3/6 6944/3/6
f 6943/1/6 6865/1/6 6944/1/6
f 6944/3/6 6866/3/6 6945/3/6
f 6866/1/6 6913/1/6 6946/1/6
f 6945/3/6 6866/3/6 6946/3/6
f 6913/1/6 6914/1/6 6946/1/6
f 6914/1/6 6915/1/6 6946/1/6
f 6946/1/6 6915/1/6 6947/1/6
f 6947/1/6 6915/1/6 6948/1/6
f 6948/1/6 6915/1/6 6949/1/6
f 6915/2/6 6916/2/6 6950/2/6
f 6949/1/6 6915/1/6 6950/1/6
f 6873/3/6 6874/3/6 6951/3/6
f 6871/5/6 6872/5/6 6951/5/6
f 6872/3/6 6873/3/6 6951/3/6
f 6951/3/6 6874/3/6 6952/3/6
f 6874/2/6 6875/2/6 6953/2/6
f 6952/3/6 6874/3/6 6953/3/6
f 6953/2/6 6875/2/6 6954/2/6
f 6954/2/6 6875/2/6 6955/2/6
f 6876/3/6 6877/3/6 6956/3/6
f 6955/2/6 6875/2/6 6956/2/6
f 6875/3/6 6876/3/6 6956/3/6
f 6956/3/6 6877/3/6 6957/3/6
f 6877/5/6 6878/5/6 6958/5/6
f 6957/3/6 6877/3/6 6958/3/6
f 6918/1/6 6919/1/6 6959/1/6
f 6919/1/6 6920/1/6 6959/1/6
f 6917/2/6 6918/2/6 6959/2/6
f 6959/1/6 6920/1/6 6960/1/6
f 6960/1/6 6920/1/6 6961/1/6
f 6920/1/6 6883/1/6 6962/1/6
f 6961/1/6 6920/1/6 6962/1/6
f 6883/3/6 6884/3/6 6963/3/6
f 6962/1/6 6883/1/6 6963/1/6
f 6963/3/6 6884/3/6 6964/3/6
f 6885/1/6 6886/1/6 6965/1/6
f 6964/3/6 6884/3/6 6965/3/6
f 6884/1/6 6885/1/6 6965/1/6
f 6965/1/6 6886/1/6 6966/1/6
f 6921/2/6 6922/2/6 6967/2/6
f 6966/1/6 6886/1/6 6967/1/6
f 6922/2/6 6923/2/6 6967/2/6
f 6886/2/6 6921/2/6 6967/2/6
f 6967/2/6 6923/2/6 6968/2/6
f 6923/5/6 6924/5/6 6969/5/6
f 6968/2/6 6923/2/6 6969/2/6
f 6969/5/6 6924/5/6 6970/5/6
f 6927/5/6 6893/5/6 6971/5/6
f 6926/5/6 6927/5/6 6971/5/6
f 6893/2/6 6894/2/6 6972/2/6
f 6971/5/6 6893/5/6 6972/5/6
f 6894/2/6 6895/2/6 6972/2/6
f 6972/2/6 6895/2/6 6973/2/6
f 6895/1/6 6896/1/6 6974/1/6
f 6973/2/6 6895/2/6 6974/2/6
f 6896/1/6 6897/1/6 6974/1/6
f 6974/1/6 6897/1/6 6975/1/6
f 6928/2/6 6929/2/6 6976/2/6
f 6975/1/6 6897/1/6 6976/1/6
f 6897/2/6 6928/2/6 6976/2/6
f 6929/3/6 6930/3/6 6977/3/6
f 6976/2/6 6929/2/6 6977/2/6
f 6930/3/6 6902/3/6 6978/3/6
f 6977/3/6 6930/3/6 6978/3/6
f 6935/1/6 6936/1/6 6979/1/6
f 6933/2/6 6934/2/6 6979/2/6
f 6931/2/6 6932/2/6 6979/2/6
f 6934/1/6 6935/1/6 6979/1/6
f 6932/2/6 6933/2/6 6979/2/6
f 6979/1/6 6936/1/6 6980/1/6
f 6936/2/6 6937/2/6 6981/2/6
f 6937/3/6 6938/3/6 6981/3/6
f 6938/5/6 6907/5/6 6982/5/6
f 6981/3/6 6938/3/6 6982/3/6
f 6908/3/6 6909/3/6 6983/3/6
f 6982/5/6 6907/5/6 6983/5/6
f 6907/3/6 6908/3/6 6983/3/6
f 6909/5/6 6939/5/6 6984/5/6
f 6983/3/6 6909/3/6 6984/3/6
f 6940/2/6 6941/2/6 6985/2/6
f 6984/5/6 6939/5/6 6985/5/6
f 6939/2/6 6940/2/6 6985/2/6
f 6985/2/6 6941/2/6 6986/2/6
f 6986/2/6 6941/2/6 6987/2/6
f 6942/1/6 6943/1/6 6988/1/6
f 6987/2/6 6941/2/6 6988/2/6
f 6941/1/6 6942/1/6 6988/1/6
f 6988/1/6 6943/1/6 6989/1/6
f 6944/2/6 6945/2/6 6990/2/6
f 6989/1/6 6943/1/6 6990/1/6
f 6943/2/6 6944/2/6 6990/2/6
f 6947/2/6 6948/2/6 6991/2/6
f 6948/1/6 6949/1/6 6991/1/6
f 6991/1/6 6949/1/6 6992/1/6
f 6949/2/6 6950/2/6 6993/2/6
f 6992/1/6 6949/1/6 6993/1/6
f 6993/2/6 6950/2/6 6994/2/6
f 6916/2/6 6871/2/6 6995/2/6
f 6994/2/6 6950/2/6 6995/2/6
f 6950/2/6 6916/2/6 6995/2/6
f 6951/5/6 6952/5/6 6995/5/6
f 6871/5/6 6951/5/6 6995/5/6
f 6995/5/6 6952/5/6 6996/5/6
f 6954/2/6 6955/2/6 6997/2/6
f 6953/3/6 6954/3/6 6997/3/6
f 6952/3/6 6953/3/6 6997/3/6
f 6956/3/6 6957/3/6 6998/3/6
f 6997/2/6 6955/2/6 6998/2/6
f 6955/3/6 6956/3/6 6998/3/6
f 6958/5/6 6878/5/6 6999/5/6
f 6957/5/6 6958/5/6 6999/5/6
f 6917/2/6 6959/2/6 7000/2/6
f 6999/5/6 6878/5/6 7000/5/6
f 6878/2/6 6917/2/6 7000/2/6
f 6959/2/6 6960/2/6 7000/2/6
f 7000/2/6 6960/2/6 7001/2/6
f 6960/1/6 6961/1/6 7002/1/6
f 7001/2/6 6960/2/6 7002/2/6
f 7002/1/6 6961/1/6 7003/1/6
f 6961/2/6 6962/2/6 7004/2/6
f 7003/1/6 6961/1/6 7004/1/6
f 6966/1/6 6967/1/6 7005/1/6
f 6967/1/6 6968/1/6 7005/1/6
f 6965/2/6 6966/2/6 7005/2/6
f 6964/2/6 6965/2/6 7005/2/6
f 7005/1/6 6968/1/6 7006/1/6
f 6968/2/6 6969/2/6 7007/2/6
f 7006/1/6 6968/1/6 7007/1/6
f 6969/2/6 6970/2/6 7007/2/6
f 7007/2/6 6970/2/6 7008/2/6
f 7008/2/6 6970/2/6 7009/2/6
f 6970/5/6 6924/5/6 7010/5/6
f 7009/2/6 6970/2/6 7010/2/6
f 6925/3/6 6926/3/6 7011/3/6
f 7010/5/6 6924/5/6 7011/5/6
f 6924/3/6 6925/3/6 7011/3/6
f 6926/5/6 6971/5/6 7012/5/6
f 7011/3/6 6926/3/6 7012/3/6
f 6971/3/6 6972/3/6 7013/3/6
f 7012/5/6 6971/5/6 7013/5/6
f 6972/2/6 6973/2/6 7014/2/6
f 7013/3/6 6972/3/6 7014/3/6
f 6974/1/6 6975/1/6 7015/1/6
f 6973/1/6 6974/1/6 7015/1/6
f 6977/2/6 6978/2/6 7016/2/6
f 7015/1/6 6975/1/6 7016/1/6
f 6976/2/6 6977/2/6 7016/2/6
f 6975/2/6 6976/2/6 7016/2/6
f 6847/3/6 6931/3/6 7017/3/6
f 6979/2/6 6980/2/6 7018/2/6
f 7017/3/6 6931/3/6 7018/3/6
f 6931/2/6 6979/2/6 7018/2/6
f 6936/2/6 6981/2/6 7019/2/6
f 6981/2/6 6982/2/6 7019/2/6
f 6980/1/6 6936/1/6 7019/1/6
f 7019/2/6 6982/2/6 7020/2/6
f 6983/5/6 6984/5/6 7021/5/6
f 7020/2/6 6982/2/6 7021/2/6
f 6982/5/6 6983/5/6 7021/5/6
f 7021/5/6 6984/5/6 7022/5/6
f 6986/2/6 6987/2/6 7023/2/6
f 6988/1/6 6989/1/6 7024/1/6
f 7023/2/6 6987/2/6 7024/2/6
f 6987/1/6 6988/1/6 7024/1/6
f 6994/2/6 6995/2/6 7025/2/6
f 6995/3/6 6996/3/6 7026/3/6
f 7025/2/6 6995/2/6 7026/2/6
f 6996/5/6 6952/5/6 7027/5/6
f 7026/3/6 6996/3/6 7027/3/6
f 6952/3/6 6997/3/6 7028/3/6
f 7027/5/6 6952/5/6 7028/5/6
f 6997/3/6 6998/3/6 7028/3/6
f 7028/3/6 6998/3/6 7029/3/6
f 6998/3/6 6957/3/6 7030/3/6
f 7029/3/6 6998/3/6 7030/3/6
f 6957/5/6 6999/5/6 7031/5/6
f 7030/3/6 6957/3/6 7031/3/6
f 6999/3/6 7000/3/6 7032/3/6
f 7031/5/6 6999/5/6 7032/5/6
f 7000/2/6 7001/2/6 7033/2/6
f 7032/3/6 7000/3/6 7033/3/6
f 7033/2/6 7001/2/6 7034/2/6
f 7008/2/6 7009/2/6 7035/2/6
f 7007/1/6 7008/1/6 7035/1/6
f 7006/1/6 7007/1/6 7035/1/6
f 7035/2/6 7009/2/6 7036/2/6
f 7012/5/6 7013/5/6 7037/5/6
f 7011/5/6 7012/5/6 7037/5/6
f 7013/2/6 7014/2/6 7038/2/6
f 7037/5/6 7013/5/6 7038/5/6
f 7014/2/6 6973/2/6 7039/2/6
f 7038/2/6 7014/2/6 7039/2/6
f 6973/1/6 7015/1/6 7040/1/6
f 7039/2/6 6973/2/6 7040/2/6
f 6978/3/6 6902/3/6 7041/3/6
f 7016/2/6 6978/2/6 7041/2/6
f 7015/2/6 7016/2/6 7041/2/6
f 7041/3/6 6902/3/6 7042/3/6
f 7019/1/6 7020/1/6 7043/1/6
f 7020/2/6 7021/2/6 7043/2/6
f 7043/2/6 7021/2/6 7044/2/6
f 7021/3/6 7022/3/6 7045/3/6
f 7044/2/6 7021/2/6 7045/2/6
f 7045/3/6 7022/3/6 7046/3/6
f 6985/1/6 6986/1/6 7047/1/6
f 6984/2/6 6985/2/6 7047/2/6
f 7047/1/6 6986/1/6 7048/1/6
f 6986/2/6 7023/2/6 7049/2/6
f 7048/1/6 6986/1/6 7049/1/6
f 7023/1/6 7024/1/6 7050/1/6
f 7049/2/6 7023/2/6 7050/2/6
f 7024/1/6 6989/1/6 7051/1/6
f 7050/1/6 7024/1/6 7051/1/6
f 6989/2/6 6990/2/6 7052/2/6
f 7051/1/6 6989/1/6 7052/1/6
f 6993/1/6 6994/1/6 7053/1/6
f 6992/1/6 6993/1/6 7053/1/6
f 6991/2/6 6992/2/6 7053/2/6
f 7053/1/6 6994/1/6 7054/1/6
f 6994/2/6 7025/2/6 7055/2/6
f 7054/1/6 6994/1/6 7055/1/6
f 7055/2/6 7025/2/6 7056/2/6
f 7025/3/6 7026/3/6 7057/3/6
f 7056/2/6 7025/2/6 7057/2/6
f 7028/3/6 7029/3/6 7057/3/6
f 7026/3/6 7027/3/6 7057/3/6
f 7027/3/6 7028/3/6 7057/3/6
f 7057/3/6 7029/3/6 7058/3/6
f 7029/2/6 7030/2/6 7059/2/6
f 7058/3/6 7029/3/6 7059/3/6
f 7031/3/6 7032/3/6 7060/3/6
f 7059/2/6 7030/2/6 7060/2/6
f 7033/3/6 7034/3/6 7060/3/6
f 7032/3/6 7033/3/6 7060/3/6
f 7030/3/6 7031/3/6 7060/3/6
f 7060/3/6 7034/3/6 7061/3/6
f 7034/2/6 7001/2/6 7062/2/6
f 7061/3/6 7034/3/6 7062/3/6
f 7062/2/6 7001/2/6 7063/2/6
f 7002/1/6 7003/1/6 7064/1/6
f 7063/2/6 7001/2/6 7064/2/6
f 7001/1/6 7002/1/6 7064/1/6
f 7064/1/6 7003/1/6 7065/1/6
f 7003/2/6 7004/2/6 7066/2/6
f 7065/1/6 7003/1/6 7066/1/6
f 7035/1/6 7036/1/6 7067/1/6
f 7005/2/6 7006/2/6 7067/2/6
f 7006/1/6 7035/1/6 7067/1/6
f 7067/1/6 7036/1/6 7068/1/6
f 7036/2/6 7009/2/6 7069/2/6
f 7068/1/6 7036/1/6 7069/1/6
f 7009/1/6 7010/1/6 7070/1/6
f 7069/2/6 7009/2/6 7070/2/6
f 7070/1/6 7010/1/6 7071/1/6
f 7010/2/6 7011/2/6 7072/2/6
f 7071/1/6 7010/1/6 7072/1/6
f 7037/3/6 7038/3/6 7073/3/6
f 7038/2/6 7039/2/6 7074/2/6
f 7073/3/6 7038/3/6 7074/3/6
f 7074/2/6 7039/2/6 7075/2/6
f 7039/1/6 7040/1/6 7076/1/6
f 7075/2/6 7039/2/6 7076/2/6
f 6847/3/6 7017/3/6 7077/3/6
f 7017/2/6 7018/2/6 7078/2/6
f 7077/3/6 7017/3/6 7078/3/6
f 7018/2/6 6980/2/6 7079/2/6
f 7078/2/6 7018/2/6 7079/2/6
f 6980/1/6 7019/1/6 7080/1/6
f 7079/2/6 6980/2/6 7080/2/6
f 7019/1/6 7043/1/6 7080/1/6
f 7043/1/6 7044/1/6 7080/1/6
f 7045/2/6 7046/2/6 7081/2/6
f 7080/1/6 7044/1/6 7081/1/6
f 7044/2/6 7045/2/6 7081/2/6
f 7046/3/6 7022/3/6 7082/3/6
f 7081/2/6 7046/2/6 7082/2/6
f 7022/5/6 6984/5/6 7083/5/6
f 7082/3/6 7022/3/6 7083/3/6
f 7047/2/6 7048/2/6 7084/2/6
f 7083/5/6 6984/5/6 7084/5/6
f 6984/2/6 7047/2/6 7084/2/6
f 7084/2/6 7048/2/6 7085/2/6
f 7048/1/6 7049/1/6 7086/1/6
f 7085/2/6 7048/2/6 7086/2/6
f 7049/1/6 7050/1/6 7086/1/6
f 7050/1/6 7051/1/6 7086/1/6
f 7051/2/6 7052/2/6 7087/2/6
f 7086/1/6 7051/1/6 7087/1/6
f 7052/2/6 6990/2/6 7088/2/6
f 7087/2/6 7052/2/6 7088/2/6
f 6990/2/6 6945/2/6 7088/2/6
f 7055/1/6 7056/1/6 7089/1/6
f 7054/1/6 7055/1/6 7089/1/6
f 7053/2/6 7054/2/6 7089/2/6
f 7089/1/6 7056/1/6 7090/1/6
f 7056/3/6 7057/3/6 7091/3/6
f 7090/1/6 7056/1/6 7091/1/6
f 7057/5/6 7058/5/6 7092/5/6
f 7091/3/6 7057/3/6 7092/3/6
f 7092/5/6 7058/5/6 7093/5/6
f 7060/2/6 7061/2/6 7094/2/6
f 7093/5/6 7058/5/6 7094/5/6
f 7058/2/6 7059/2/6 7094/2/6
f 7059/2/6 7060/2/6 7094/2/6
f 7061/5/6 7062/5/6 7095/5/6
f 7094/2/6 7061/2/6 7095/2/6
f 7095/5/6 7062/5/6 7096/5/6
f 7062/3/6 7063/3/6 7097/3/6
f 7096/5/6 7062/5/6 7097/5/6
f 7064/1/6 7065/1/6 7098/1/6
f 7097/3/6 7063/3/6 7098/3/6
f 7063/1/6 7064/1/6 7098/1/6
f 7098/1/6 7065/1/6 7099/1/6
f 7065/2/6 7066/2/6 7100/2/6
f 7099/1/6 7065/1/6 7100/1/6
f 7067/2/6 7068/2/6 7101/2/6
f 6964/2/6 7005/2/6 7101/2/6
f 7005/2/6 7067/2/6 7101/2/6
f 7070/1/6 7071/1/6 7102/1/6
f 7101/2/6 7068/2/6 7102/2/6
f 7068/1/6 7069/1/6 7102/1/6
f 7069/1/6 7070/1/6 7102/1/6
f 7071/2/6 7072/2/6 7103/2/6
f 7102/1/6 7071/1/6 7103/1/6
f 7072/2/6 7011/2/6 7104/2/6
f 7103/2/6 7072/2/6 7104/2/6
f 7011/5/6 7037/5/6 7105/5/6
f 7104/2/6 7011/2/6 7105/2/6
f 7037/3/6 7073/3/6 7106/3/6
f 7105/5/6 7037/5/6 7106/5/6
f 7074/2/6 7075/2/6 7107/2/6
f 7106/3/6 7073/3/6 7107/3/6
f 7073/2/6 7074/2/6 7107/2/6
f 7075/1/6 7076/1/6 7108/1/6
f 7107/2/6 7075/2/6 7108/2/6
f 7040/1/6 7015/1/6 7109/1/6
f 7108/1/6 7076/1/6 7109/1/6
f 7041/2/6 7042/2/6 7109/2/6
f 7015/2/6 7041/2/6 7109/2/6
f 7076/1/6 7040/1/6 7109/1/6
f 7109/2/6 7042/2/6 7110/2/6
f 7042/3/6 6902/3/6 7111/3/6
f 7110/2/6 7042/2/6 7111/2/6
f 7111/3/6 6902/3/6 7112/3/6
f 7077/5/6 7078/5/6 7113/5/6
f 7078/2/6 7079/2/6 7113/2/6
f 7113/2/6 7079/2/6 7114/2/6
f 7114/2/6 7079/2/6 7115/2/6
f 7080/1/6 7081/1/6 7116/1/6
f 7115/2/6 7079/2/6 7116/2/6
f 7079/1/6 7080/1/6 7116/1/6
f 7081/1/6 7082/1/6 7116/1/6
f 7082/2/6 7083/2/6 7117/2/6
f 7116/1/6 7082/1/6 7117/1/6
f 7083/5/6 7084/5/6 7118/5/6
f 7117/2/6 7083/2/6 7118/2/6
f 7084/3/6 7085/3/6 7119/3/6
f 7118/5/6 7084/5/6 7119/5/6
f 6946/3/6 6947/3/6 7120/3/6
f 6945/3/6 6946/3/6 7120/3/6
f 6991/2/6 7053/2/6 7121/2/6
f 7120/3/6 6947/3/6 7121/3/6
f 7089/2/6 7090/2/6 7121/2/6
f 6947/2/6 6991/2/6 7121/2/6
f 7053/2/6 7089/2/6 7121/2/6
f 7121/2/6 7090/2/6 7122/2/6
f 7122/2/6 7090/2/6 7123/2/6
f 7092/5/6 7093/5/6 7124/5/6
f 7123/2/6 7090/2/6 7124/2/6
f 7091/5/6 7092/5/6 7124/5/6
f 7090/5/6 7091/5/6 7124/5/6
f 7124/5/6 7093/5/6 7125/5/6
f 7125/5/6 7093/5/6 7126/5/6
f 7093/3/6 7094/3/6 7127/3/6
f 7126/5/6 7093/5/6 7127/5/6
f 7094/2/6 7095/2/6 7128/2/6
f 7127/3/6 7094/3/6 7128/3/6
f 7095/3/6 7096/3/6 7129/3/6
f 7128/2/6 7095/2/6 7129/2/6
f 7098/5/6 7099/5/6 7130/5/6
f 7129/3/6 7096/3/6 7130/3/6
f 7096/5/6 7097/5/6 7130/5/6
f 7097/5/6 7098/5/6 7130/5/6
f 7130/5/6 7099/5/6 7131/5/6
f 7131/5/6 7099/5/6 7132/5/6
f 7099/2/6 7100/2/6 7133/2/6
f 7132/5/6 7099/5/6 7133/5/6
f 7133/2/6 7100/2/6 7134/2/6
f 7100/2/6 7066/2/6 7135/2/6
f 7134/2/6 7100/2/6 7135/2/6
f 7066/2/6 7004/2/6 7135/2/6
f 7004/2/6 6962/2/6 7136/2/6
f 7135/2/6 7004/2/6 7136/2/6
f 6962/3/6 6963/3/6 7136/3/6
f 6963/3/6 6964/3/6 7136/3/6
f 7136/3/6 6964/3/6 7137/3/6
f 7104/3/6 7105/3/6 7138/3/6
f 7105/5/6 7106/5/6 7138/5/6
f 7106/2/6 7107/2/6 7139/2/6
f 7138/5/6 7106/5/6 7139/5/6
f 7107/1/6 7108/1/6 7140/1/6
f 7139/2/6 7107/2/6 7140/2/6
f 7109/1/6 7110/1/6 7140/1/6
f 7108/1/6 7109/1/6 7140/1/6
f 7110/2/6 7111/2/6 7141/2/6
f 7140/1/6 7110/1/6 7141/1/6
f 7141/2/6 7111/2/6 7142/2/6
f 7142/2/6 7111/2/6 7143/2/6
f 7111/5/6 7112/5/6 7144/5/6
f 7143/2/6 7111/2/6 7144/2/6
f 7114/2/6 7115/2/6 7145/2/6
f 7115/1/6 7116/1/6 7146/1/6
f 7145/2/6 7115/2/6 7146/2/6
f 7117/1/6 7118/1/6 7146/1/6
f 7116/1/6 7117/1/6 7146/1/6
f 7118/1/6 7119/1/6 7146/1/6
f 7146/1/6 7119/1/6 7147/1/6
f 7147/1/6 7119/1/6 7148/1/6
f 7086/1/6 7087/1/6 7149/1/6
f 7085/1/6 7086/1/6 7149/1/6
f 7087/1/6 7088/1/6 7149/1/6
f 7149/1/6 7088/1/6 7150/1/6
f 7088/2/6 6945/2/6 7151/2/6
f 6945/3/6 7120/3/6 7152/3/6
f 7151/2/6 6945/2/6 7152/2/6
f 7121/5/6 7122/5/6 7153/5/6
f 7152/3/6 7120/3/6 7153/3/6
f 7120/5/6 7121/5/6 7153/5/6
f 7153/5/6 7122/5/6 7154/5/6
f 7154/5/6 7122/5/6 7155/5/6
f 7155/5/6 7122/5/6 7156/5/6
f 7122/2/6 7123/2/6 7157/2/6
f 7156/5/6 7122/5/6 7157/5/6
f 7157/2/6 7123/2/6 7158/2/6
f 7124/5/6 7125/5/6 7159/5/6
f 7158/2/6 7123/2/6 7159/2/6
f 7123/5/6 7124/5/6 7159/5/6
f 7159/5/6 7125/5/6 7160/5/6
f 7125/3/6 7126/3/6 7161/3/6
f 7160/5/6 7125/5/6 7161/5/6
f 7126/1/6 7127/1/6 7162/1/6
f 7161/3/6 7126/3/6 7162/3/6
f 7127/2/6 7128/2/6 7163/2/6
f 7162/1/6 7127/1/6 7163/1/6
f 7128/2/6 7129/2/6 7163/2/6
f 7129/2/6 7130/2/6 7163/2/6
f 7163/2/6 7130/2/6 7164/2/6
f 7164/2/6 7130/2/6 7165/2/6
f 7130/1/6 7131/1/6 7166/1/6
f 7165/2/6 7130/2/6 7166/2/6
f 7131/3/6 7132/3/6 7167/3/6
f 7166/1/6 7131/1/6 7167/1/6
f 7133/5/6 7134/5/6 7168/5/6
f 7167/3/6 7132/3/6 7168/3/6
f 7132/5/6 7133/5/6 7168/5/6
f 7168/5/6 7134/5/6 7169/5/6
f 7134/2/6 7135/2/6 7170/2/6
f 7169/5/6 7134/5/6 7170/5/6
f 7170/2/6 7135/2/6 7171/2/6
f 7135/5/6 7136/5/6 7172/5/6
f 7171/2/6 7135/2/6 7172/2/6
f 7136/5/6 7137/5/6 7172/5/6
f 7172/5/6 7137/5/6 7173/5/6
f 7173/5/6 7137/5/6 7174/5/6
f 7174/5/6 7137/5/6 7175/5/6
f 7137/3/6 6964/3/6 7176/3/6
f 7175/5/6 7137/5/6 7176/5/6
f 6964/2/6 7101/2/6 7177/2/6
f 7176/3/6 6964/3/6 7177/3/6
f 7177/2/6 7101/2/6 7178/2/6
f 7102/1/6 7103/1/6 7179/1/6
f 7101/1/6 7102/1/6 7179/1/6
f 7103/1/6 7104/1/6 7179/1/6
f 7179/1/6 7104/1/6 7180/1/6
f 7138/1/6 7139/1/6 7181/1/6
f 7139/1/6 7140/1/6 7181/1/6
f 7141/1/6 7142/1/6 7181/1/6
f 7140/1/6 7141/1/6 7181/1/6
f 7181/1/6 7142/1/6 7182/1/6
f 7142/2/6 7143/2/6 7183/2/6
f 7182/1/6 7142/1/6 7183/1/6
f 7183/2/6 7143/2/6 7184/2/6
f 7113/3/6 7114/3/6 7185/3/6
f 7077/5/6 7113/5/6 7185/5/6
f 7114/2/6 7145/2/6 7186/2/6
f 7185/3/6 7114/3/6 7186/3/6
f 7186/2/6 7145/2/6 7187/2/6
f 7187/2/6 7145/2/6 7188/2/6
f 7146/1/6 7147/1/6 7189/1/6
f 7188/2/6 7145/2/6 7189/2/6
f 7145/1/6 7146/1/6 7189/1/6
f 7189/1/6 7147/1/6 7190/1/6
f 7147/2/6 7148/2/6 7191/2/6
f 7190/1/6 7147/1/6 7191/1/6
f 7148/1/6 7119/1/6 7192/1/6
f 7191/2/6 7148/2/6 7192/2/6
f 7192/1/6 7119/1/6 7193/1/6
f 7193/1/6 7119/1/6 7194/1/6
f 7119/3/6 7085/3/6 7195/3/6
f 7194/1/6 7119/1/6 7195/1/6
f 7085/1/6 7149/1/6 7196/1/6
f 7195/3/6 7085/3/6 7196/3/6
f 7196/1/6 7149/1/6 7197/1/6
f 7149/2/6 7150/2/6 7198/2/6
f 7197/1/6 7149/1/6 7198/1/6
f 7150/1/6 7088/1/6 7199/1/6
f 7198/2/6 7150/2/6 7199/2/6
f 7199/1/6 7088/1/6 7200/1/6
f 7200/1/6 7088/1/6 7201/1/6
f 7088/2/6 7151/2/6 7202/2/6
f 7201/1/6 7088/1/6 7202/1/6
f 7151/5/6 7152/5/6 7203/5/6
f 7202/2/6 7151/2/6 7203/2/6
f 7152/5/6 7153/5/6 7203/5/6
f 7153/5/6 7154/5/6 7203/5/6
f 7203/5/6 7154/5/6 7204/5/6
f 7154/2/6 7155/2/6 7205/2/6
f 7204/5/6 7154/5/6 7205/5/6
f 7155/3/6 7156/3/6 7206/3/6
f 7205/2/6 7155/2/6 7206/2/6
f 7206/3/6 7156/3/6 7207/3/6
f 7157/3/6 7158/3/6 7208/3/6
f 7156/5/6 7157/5/6 7208/5/6
f 7158/5/6 7159/5/6 7209/5/6
f 7208/3/6 7158/3/6 7209/3/6
f 7159/5/6 7160/5/6 7209/5/6
f 7209/5/6 7160/5/6 7210/5/6
f 7160/3/6 7161/3/6 7211/3/6
f 7210/5/6 7160/5/6 7211/5/6
f 7163/1/6 7164/1/6 7212/1/6
f 7211/3/6 7161/3/6 7212/3/6
f 7161/1/6 7162/1/6 7212/1/6
f 7162/1/6 7163/1/6 7212/1/6
f 7164/2/6 7165/2/6 7213/2/6
f 7212/1/6 7164/1/6 7213/1/6
f 7213/2/6 7165/2/6 7214/2/6
f 7214/2/6 7165/2/6 7215/2/6
f 7166/1/6 7167/1/6 7216/1/6
f 7215/2/6 7165/2/6 7216/2/6
f 7165/1/6 7166/1/6 7216/1/6
f 7167/1/6 7168/1/6 7216/1/6
f 7168/3/6 7169/3/6 7217/3/6
f 7216/1/6 7168/1/6 7217/1/6
f 7170/5/6 7171/5/6 7218/5/6
f 7217/3/6 7169/3/6 7218/3/6
f 7169/5/6 7170/5/6 7218/5/6
f 7218/5/6 7171/5/6 7219/5/6
f 7171/3/6 7172/3/6 7220/3/6
f 7219/5/6 7171/5/6 7220/5/6
f 7172/5/6 7173/5/6 7221/5/6
f 7220/3/6 7172/3/6 7221/3/6
f 7173/3/6 7174/3/6 7222/3/6
f 7174/2/6 7175/2/6 7223/2/6
f 7222/3/6 7174/3/6 7223/3/6
f 7175/5/6 7176/5/6 7224/5/6
f 7223/2/6 7175/2/6 7224/2/6
f 7177/5/6 7178/5/6 7224/5/6
f 7176/5/6 7177/5/6 7224/5/6
f 7224/5/6 7178/5/6 7225/5/6
f 7178/2/6 7101/2/6 7226/2/6
f 7225/5/6 7178/5/6 7226/5/6
f 7101/1/6 7179/1/6 7227/1/6
f 7226/2/6 7101/2/6 7227/2/6
f 7227/1/6 7179/1/6 7228/1/6
f 7228/1/6 7179/1/6 7229/1/6
f 7179/2/6 7180/2/6 7230/2/6
f 7229/1/6 7179/1/6 7230/1/6
f 7180/1/6 7104/1/6 7231/1/6
f 7230/2/6 7180/2/6 7231/2/6
f 7231/1/6 7104/1/6 7232/1/6
f 7104/3/6 7138/3/6 7233/3/6
f 7232/1/6 7104/1/6 7233/1/6
f 7138/1/6 7181/1/6 7234/1/6
f 7233/3/6 7138/3/6 7234/3/6
f 7234/1/6 7181/1/6 7235/1/6
f 7235/1/6 7181/1/6 7236/1/6
f 7181/2/6 7182/2/6 7237/2/6
f 7236/1/6 7181/1/6 7237/1/6
f 7183/1/6 7184/1/6 7238/1/6
f 7237/2/6 7182/2/6 7238/2/6
f 7182/1/6 7183/1/6 7238/1/6
f 7238/1/6 7184/1/6 7239/1/6
f 7184/2/6 7143/2/6 7240/2/6
f 7239/1/6 7184/1/6 7240/1/6
f 7240/2/6 7143/2/6 7241/2/6
f 7241/2/6 7143/2/6 7242/2/6
f 7143/3/6 7144/3/6 7243/3/6
f 7242/2/6 7143/2/6 7243/2/6
f 7144/5/6 7112/5/6 7244/5/6
f 7243/3/6 7144/3/6 7244/3/6
f 7077/5/6 7185/5/6 7245/5/6
f 7185/5/6 7186/5/6 7245/5/6
f 7245/5/6 7186/5/6 7246/5/6
f 7186/3/6 7187/3/6 7247/3/6
f 7246/5/6 7186/5/6 7247/5/6
f 7187/2/6 7188/2/6 7248/2/6
f 7247/3/6 7187/3/6 7248/3/6
f 7248/2/6 7188/2/6 7249/2/6
f 7189/1/6 7190/1/6 7250/1/6
f 7249/2/6 7188/2/6 7250/2/6
f 7188/1/6 7189/1/6 7250/1/6
f 7250/1/6 7190/1/6 7251/1/6
f 7190/2/6 7191/2/6 7252/2/6
f 7251/1/6 7190/1/6 7252/1/6
f 7191/2/6 7192/2/6 7252/2/6
f 7192/2/6 7193/2/6 7252/2/6
f 7193/1/6 7194/1/6 7253/1/6
f 7252/2/6 7193/2/6 7253/2/6
f 7253/1/6 7194/1/6 7254/1/6
f 7194/2/6 7195/2/6 7255/2/6
f 7254/1/6 7194/1/6 7255/1/6
f 7255/2/6 7195/2/6 7256/2/6
f 7256/2/6 7195/2/6 7257/2/6
f 7196/3/6 7197/3/6 7258/3/6
f 7257/2/6 7195/2/6 7258/2/6
f 7195/3/6 7196/3/6 7258/3/6
f 7258/3/6 7197/3/6 7259/3/6
f 7197/2/6 7198/2/6 7260/2/6
f 7259/3/6 7197/3/6 7260/3/6
f 7199/2/6 7200/2/6 7260/2/6
f 7198/2/6 7199/2/6 7260/2/6
f 7260/2/6 7200/2/6 7261/2/6
f 7200/1/6 7201/1/6 7262/1/6
f 7261/2/6 7200/2/6 7262/2/6
f 7201/3/6 7202/3/6 7263/3/6
f 7262/1/6 7201/1/6 7263/1/6
f 7203/5/6 7204/5/6 7264/5/6
f 7263/3/6 7202/3/6 7264/3/6
f 7202/5/6 7203/5/6 7264/5/6
f 7264/5/6 7204/5/6 7265/5/6
f 7204/2/6 7205/2/6 7266/2/6
f 7265/5/6 7204/5/6 7266/5/6
f 7205/2/6 7206/2/6 7266/2/6
f 7206/2/6 7207/2/6 7266/2/6
f 7266/2/6 7207/2/6 7267/2/6
f 7207/3/6 7156/3/6 7268/3/6
f 7267/2/6 7207/2/6 7268/2/6
f 7208/5/6 7209/5/6 7269/5/6
f 7268/3/6 7156/3/6 7269/3/6
f 7209/5/6 7210/5/6 7269/5/6
f 7156/5/6 7208/5/6 7269/5/6
f 7269/5/6 7210/5/6 7270/5/6
f 7210/3/6 7211/3/6 7271/3/6
f 7270/5/6 7210/5/6 7271/5/6
f 7211/2/6 7212/2/6 7272/2/6
f 7271/3/6 7211/3/6 7272/3/6
f 7213/1/6 7214/1/6 7273/1/6
f 7272/2/6 7212/2/6 7273/2/6
f 7212/1/6 7213/1/6 7273/1/6
f 7273/1/6 7214/1/6 7274/1/6
f 7214/2/6 7215/2/6 7275/2/6
f 7274/1/6 7214/1/6 7275/1/6
f 7275/2/6 7215/2/6 7276/2/6
f 7276/2/6 7215/2/6 7277/2/6
f 7216/1/6 7217/1/6 7278/1/6
f 7277/2/6 7215/2/6 7278/2/6
f 7215/1/6 7216/1/6 7278/1/6
f 7278/1/6 7217/1/6 7279/1/6
f 7217/2/6 7218/2/6 7280/2/6
f 7279/1/6 7217/1/6 7280/1/6
f 7218/3/6 7219/3/6 7281/3/6
f 7280/2/6 7218/2/6 7281/2/6
f 7220/5/6 7221/5/6 7282/5/6
f 7281/3/6 7219/3/6 7282/3/6
f 7219/5/6 7220/5/6 7282/5/6
f 7282/5/6 7221/5/6 7283/5/6
f 7173/3/6 7222/3/6 7284/3/6
f 7283/5/6 7221/5/6 7284/5/6
f 7221/5/6 7173/5/6 7284/5/6
f 7222/2/6 7223/2/6 7285/2/6
f 7284/3/6 7222/3/6 7285/3/6
f 7224/2/6 7225/2/6 7285/2/6
f 7223/2/6 7224/2/6 7285/2/6
f 7285/2/6 7225/2/6 7286/2/6
f 7225/5/6 7226/5/6 7287/5/6
f 7286/2/6 7225/2/6 7287/2/6
f 7226/5/6 7227/5/6 7287/5/6
f 7287/5/6 7227/5/6 7288/5/6
f 7227/3/6 7228/3/6 7289/3/6
f 7288/5/6 7227/5/6 7289/5/6
f 7228/1/6 7229/1/6 7290/1/6
f 7289/3/6 7228/3/6 7290/3/6
f 7229/2/6 7230/2/6 7291/2/6
f 7290/1/6 7229/1/6 7291/1/6
f 7231/2/6 7232/2/6 7291/2/6
f 7230/2/6 7231/2/6 7291/2/6
f 7291/2/6 7232/2/6 7292/2/6
f 7232/3/6 7233/3/6 7293/3/6
f 7292/2/6 7232/2/6 7293/2/6
f 7233/3/6 7234/3/6 7293/3/6
f 7293/3/6 7234/3/6 7294/3/6
f 7234/2/6 7235/2/6 7295/2/6
f 7294/3/6 7234/3/6 7295/3/6
f 7295/2/6 7235/2/6 7296/2/6
f 7296/2/6 7235/2/6 7297/2/6
f 7235/1/6 7236/1/6 7298/1/6
f 7297/2/6 7235/2/6 7298/2/6
f 7298/1/6 7236/1/6 7299/1/6
f 7238/2/6 7239/2/6 7300/2/6
f 7299/1/6 7236/1/6 7300/1/6
f 7236/2/6 7237/2/6 7300/2/6
f 7237/2/6 7238/2/6 7300/2/6
f 7240/1/6 7241/1/6 7301/1/6
f 7300/2/6 7239/2/6 7301/2/6
f 7239/1/6 7240/1/6 7301/1/6
f 7301/1/6 7241/1/6 7302/1/6
f 7241/2/6 7242/2/6 7303/2/6
f 7302/1/6 7241/1/6 7303/1/6
f 7303/2/6 7242/2/6 7304/2/6
f 7242/3/6 7243/3/6 7305/3/6
f 7304/2/6 7242/2/6 7305/2/6
f 7243/5/6 7244/5/6 7306/5/6
f 7305/3/6 7243/3/6 7306/3/6
f 7244/5/6 7112/5/6 7307/5/6
f 7306/5/6 7244/5/6 7307/5/6
f 7307/5/6 7112/5/6 7308/5/6
f 7246/5/6 7247/5/6 7309/5/6
f 7245/2/6 7246/2/6 7309/2/6
f 7247/5/6 7248/5/6 7309/5/6
f 7309/5/6 7248/5/6 7310/5/6
f 7248/3/6 7249/3/6 7311/3/6
f 7310/5/6 7248/5/6 7311/5/6
f 7250/1/6 7251/1/6 7312/1/6
f 7311/3/6 7249/3/6 7312/3/6
f 7249/1/6 7250/1/6 7312/1/6
f 7312/1/6 7251/1/6 7313/1/6
f 7313/1/6 7251/1/6 7314/1/6
f 7251/2/6 7252/2/6 7315/2/6
f 7314/1/6 7251/1/6 7315/1/6
f 7252/2/6 7253/2/6 7315/2/6
f 7253/2/6 7254/2/6 7315/2/6
f 7315/2/6 7254/2/6 7316/2/6
f 7255/1/6 7256/1/6 7317/1/6
f 7316/2/6 7254/2/6 7317/2/6
f 7254/1/6 7255/1/6 7317/1/6
f 7256/2/6 7257/2/6 7318/2/6
f 7317/1/6 7256/1/6 7318/1/6
f 7258/3/6 7259/3/6 7319/3/6
f 7318/2/6 7257/2/6 7319/2/6
f 7257/3/6 7258/3/6 7319/3/6
f 7259/5/6 7260/5/6 7320/5/6
f 7319/3/6 7259/3/6 7320/3/6
f 7260/2/6 7261/2/6 7321/2/6
f 7320/5/6 7260/5/6 7321/5/6
f 7321/2/6 7261/2/6 7322/2/6
f 7322/2/6 7261/2/6 7323/2/6
f 7264/5/6 7265/5/6 7324/5/6
f 7323/2/6 7261/2/6 7324/2/6
f 7261/5/6 7262/5/6 7324/5/6
f 7263/5/6 7264/5/6 7324/5/6
f 7262/5/6 7263/5/6 7324/5/6
f 7324/5/6 7265/5/6 7325/5/6
f 7325/5/6 7265/5/6 7326/5/6
f 7265/2/6 7266/2/6 7327/2/6
f 7326/5/6 7265/5/6 7327/5/6
f 7266/1/6 7267/1/6 7328/1/6
f 7327/2/6 7266/2/6 7328/2/6
f 7269/5/6 7270/5/6 7329/5/6
f 7267/2/6 7268/2/6 7329/2/6
f 7268/2/6 7269/2/6 7329/2/6
f 7329/5/6 7270/5/6 7330/5/6
f 7270/3/6 7271/3/6 7331/3/6
f 7330/5/6 7270/5/6 7331/5/6
f 7331/3/6 7271/3/6 7332/3/6
f 7273/2/6 7274/2/6 7333/2/6
f 7332/3/6 7271/3/6 7333/3/6
f 7271/2/6 7272/2/6 7333/2/6
f 7272/2/6 7273/2/6 7333/2/6
f 7275/1/6 7276/1/6 7334/1/6
f 7333/2/6 7274/2/6 7334/2/6
f 7274/1/6 7275/1/6 7334/1/6
f 7334/1/6 7276/1/6 7335/1/6
f 7276/2/6 7277/2/6 7336/2/6
f 7335/1/6 7276/1/6 7336/1/6
f 7336/2/6 7277/2/6 7337/2/6
f 7337/2/6 7277/2/6 7338/2/6
f 7278/1/6 7279/1/6 7339/1/6
f 7338/2/6 7277/2/6 7339/2/6
f 7277/1/6 7278/1/6 7339/1/6
f 7339/1/6 7279/1/6 7340/1/6
f 7280/2/6 7281/2/6 7341/2/6
f 7340/1/6 7279/1/6 7341/1/6
f 7281/2/6 7282/2/6 7341/2/6
f 7279/2/6 7280/2/6 7341/2/6
f 7282/3/6 7283/3/6 7342/3/6
f 7341/2/6 7282/2/6 7342/2/6
f 7342/3/6 7283/3/6 7343/3/6
f 7283/5/6 7284/5/6 7344/5/6
f 7343/3/6 7283/3/6 7344/3/6
f 7344/5/6 7284/5/6 7345/5/6
f 7285/2/6 7286/2/6 7346/2/6
f 7345/5/6 7284/5/6 7346/5/6
f 7284/2/6 7285/2/6 7346/2/6
f 7286/1/6 7287/1/6 7347/1/6
f 7287/2/6 7288/2/6 7347/2/6
f 7289/5/6 7290/5/6 7348/5/6
f 7347/2/6 7288/2/6 7348/2/6
f 7288/5/6 7289/5/6 7348/5/6
f 7291/5/6 7292/5/6 7348/5/6
f 7290/5/6 7291/5/6 7348/5/6
f 7348/5/6 7292/5/6 7349/5/6
f 7349/5/6 7292/5/6 7350/5/6
f 7292/2/6 7293/2/6 7351/2/6
f 7350/5/6 7292/5/6 7351/5/6
f 7351/2/6 7293/2/6 7352/2/6
f 7352/2/6 7293/2/6 7353/2/6
f 7293/5/6 7294/5/6 7354/5/6
f 7353/2/6 7293/2/6 7354/2/6
f 7294/3/6 7295/3/6 7355/3/6
f 7354/5/6 7294/5/6 7355/5/6
f 7295/3/6 7296/3/6 7355/3/6
f 7296/2/6 7297/2/6 7356/2/6
f 7355/3/6 7296/3/6 7356/3/6
f 7298/1/6 7299/1/6 7357/1/6
f 7356/2/6 7297/2/6 7357/2/6
f 7297/1/6 7298/1/6 7357/1/6
f 7299/2/6 7300/2/6 7358/2/6
f 7357/1/6 7299/1/6 7358/1/6
f 7301/2/6 7302/2/6 7358/2/6
f 7300/2/6 7301/2/6 7358/2/6
f 7358/2/6 7302/2/6 7359/2/6
f 7303/1/6 7304/1/6 7360/1/6
f 7359/2/6 7302/2/6 7360/2/6
f 7302/1/6 7303/1/6 7360/1/6
f 7360/1/6 7304/1/6 7361/1/6
f 7361/1/6 7304/1/6 7362/1/6
f 7304/3/6 7305/3/6 7363/3/6
f 7362/1/6 7304/1/6 7363/1/6
f 7305/5/6 7306/5/6 7364/5/6
f 7363/3/6 7305/3/6 7364/3/6
f 7306/5/6 7307/5/6 7364/5/6
f 7364/5/6 7307/5/6 7365/5/6
f 7307/2/6 7308/2/6 7366/2/6
f 7365/5/6 7307/5/6 7366/5/6
f 7245/2/6 7309/2/6 7367/2/6
f 7309/3/6 7310/3/6 7368/3/6
f 7367/2/6 7309/2/6 7368/2/6
f 7310/5/6 7311/5/6 7369/5/6
f 7368/3/6 7310/3/6 7369/3/6
f 7311/5/6 7312/5/6 7369/5/6
f 7312/3/6 7313/3/6 7370/3/6
f 7369/5/6 7312/5/6 7370/5/6
f 7313/5/6 7314/5/6 7371/5/6
f 7370/3/6 7313/3/6 7371/3/6
f 7315/3/6 7316/3/6 7372/3/6
f 7371/5/6 7314/5/6 7372/5/6
f 7314/3/6 7315/3/6 7372/3/6
f 7321/5/6 7322/5/6 7373/5/6
f 7372/3/6 7316/3/6 7373/3/6
f 7317/5/6 7318/5/6 7373/5/6
f 7319/5/6 7320/5/6 7373/5/6
f 7316/5/6 7317/5/6 7373/5/6
f 7320/5/6 7321/5/6 7373/5/6
f 7318/5/6 7319/5/6 7373/5/6
f 7322/3/6 7323/3/6 7374/3/6
f 7373/5/6 7322/5/6 7374/5/6
f 7323/5/6 7324/5/6 7375/5/6
f 7374/3/6 7323/3/6 7375/3/6
f 7324/5/6 7325/5/6 7375/5/6
f 7325/3/6 7326/3/6 7376/3/6
f 7375/5/6 7325/5/6 7376/5/6
f 7326/5/6 7327/5/6 7377/5/6
f 7376/3/6 7326/3/6 7377/3/6
f 7327/1/6 7328/1/6 7378/1/6
f 7377/5/6 7327/5/6 7378/5/6
f 7328/1/6 7267/1/6 7379/1/6
f 7378/1/6 7328/1/6 7379/1/6
f 7329/2/6 7330/2/6 7379/2/6
f 7267/2/6 7329/2/6 7379/2/6
f 7331/3/6 7332/3/6 7380/3/6
f 7379/2/6 7330/2/6 7380/2/6
f 7330/3/6 7331/3/6 7380/3/6
f 7334/2/6 7335/2/6 7381/2/6
f 7380/3/6 7332/3/6 7381/3/6
f 7332/2/6 7333/2/6 7381/2/6
f 7333/2/6 7334/2/6 7381/2/6
f 7335/1/6 7336/1/6 7382/1/6
f 7381/2/6 7335/2/6 7382/2/6
f 7336/1/6 7337/1/6 7382/1/6
f 7337/2/6 7338/2/6 7383/2/6
f 7382/1/6 7337/1/6 7383/1/6
f 7339/1/6 7340/1/6 7384/1/6
f 7383/2/6 7338/2/6 7384/2/6
f 7338/1/6 7339/1/6 7384/1/6
f 7342/2/6 7343/2/6 7385/2/6
f 7384/1/6 7340/1/6 7385/1/6
f 7340/2/6 7341/2/6 7385/2/6
f 7341/2/6 7342/2/6 7385/2/6
f 7344/3/6 7345/3/6 7386/3/6
f 7385/2/6 7343/2/6 7386/2/6
f 7343/3/6 7344/3/6 7386/3/6
f 7345/2/6 7346/2/6 7387/2/6
f 7386/3/6 7345/3/6 7387/3/6
f 7286/1/6 7347/1/6 7388/1/6
f 7387/2/6 7346/2/6 7388/2/6
f 7346/2/6 7286/2/6 7388/2/6
f 7347/1/6 7348/1/6 7388/1/6
f 7348/5/6 7349/5/6 7389/5/6
f 7388/1/6 7348/1/6 7389/1/6
f 7349/3/6 7350/3/6 7390/3/6
f 7389/5/6 7349/5/6 7390/5/6
f 7351/5/6 7352/5/6 7391/5/6
f 7390/3/6 7350/3/6 7391/3/6
f 7350/5/6 7351/5/6 7391/5/6
f 7352/3/6 7353/3/6 7392/3/6
f 7391/5/6 7352/5/6 7392/5/6
f 7358/5/6 7359/5/6 7393/5/6
f 7392/3/6 7353/3/6 7393/3/6
f 7356/5/6 7357/5/6 7393/5/6
f 7354/5/6 7355/5/6 7393/5/6
f 7355/5/6 7356/5/6 7393/5/6
f 7353/5/6 7354/5/6 7393/5/6
f 7357/5/6 7358/5/6 7393/5/6
f 7360/3/6 7361/3/6 7394/3/6
f 7393/5/6 7359/5/6 7394/5/6
f 7359/3/6 7360/3/6 7394/3/6
f 7361/5/6 7362/5/6 7395/5/6
f 7394/3/6 7361/3/6 7395/3/6
f 7362/3/6 7363/3/6 7396/3/6
f 7395/5/6 7362/5/6 7396/5/6
f 7364/5/6 7365/5/6 7397/5/6
f 7396/3/6 7363/3/6 7397/3/6
f 7363/5/6 7364/5/6 7397/5/6
f 7365/3/6 7366/3/6 7398/3/6
f 7397/5/6 7365/5/6 7398/5/6
f 7366/2/6 7308/2/6 7399/2/6
f 7398/3/6 7366/3/6 7399/3/6
f 7399/2/6 7308/2/6 7400/2/6
