# MagicaVoxel @ Ephtracy

# material
mtllib miniLava.mtl
usemtl palette

# normals
vn -1 0 0
vn 1 0 0
vn 0 0 1
vn 0 0 -1
vn 0 -1 0
vn 0 1 0

# texcoords
vt 0.146484 0.5
vt 0.193359 0.5
vt 0.208984 0.5
vt 0.373047 0.5

# verts
v -40 0 -11
v -40 0 -12
v -40 3 -11
v -40 3 -12
v -40 4 -11
v -40 4 -12
v -40 5 -11
v -40 5 -12
v -40 7 -11
v -40 7 -12
v -38 7 -10
v -38 7 -11
v -38 7 -12
v -38 8 -11
v -38 8 -12
v -38 10 -10
v -38 10 -11
v -38 11 -10
v -38 11 -11
v -38 13 -10
v -38 13 -11
v -38 14 -10
v -38 14 -11
v -37 13 -9
v -37 13 -10
v -37 14 -9
v -37 14 -10
v -35 0 9
v -35 0 8
v -35 1 9
v -35 1 8
v -35 1 7
v -35 3 8
v -35 3 7
v -35 14 -9
v -35 14 -10
v -35 15 -8
v -35 15 -9
v -35 16 -8
v -35 16 -9
v -35 16 -10
v -35 18 -8
v -35 18 -9
v -34 2 10
v -34 2 9
v -34 2 8
v -34 3 10
v -34 3 9
v -34 3 8
v -34 4 10
v -34 4 9
v -34 5 10
v -34 5 9
v -33 5 10
v -33 5 9
v -33 6 10
v -33 6 9
v -33 7 10
v -33 7 9
v -33 17 -7
v -33 17 -8
v -33 18 -7
v -33 18 -8
v -32 6 11
v -32 6 10
v -32 7 11
v -32 7 10
v -32 8 11
v -32 8 10
v -31 8 10
v -31 8 9
v -31 9 10
v -31 9 9
v -31 9 8
v -31 10 9
v -31 10 8
v -30 9 10
v -30 9 9
v -30 10 9
v -30 11 10
v -30 11 9
v -30 18 -7
v -30 18 -8
v -30 19 -7
v -30 19 -8
v -30 21 -7
v -30 21 -8
v -30 22 -7
v -30 22 -8
v -30 24 -7
v -30 24 -8
v -30 27 -7
v -30 27 -8
v -30 28 -7
v -30 28 -8
v -30 29 -7
v -30 29 -8
v -30 30 -7
v -30 30 -8
v -30 31 -7
v -30 31 -8
v -30 32 -7
v -30 32 -8
v -29 6 13
v -29 6 12
v -29 7 13
v -29 7 12
v -29 7 11
v -29 8 12
v -29 8 11
v -29 8 10
v -29 9 11
v -29 9 10
v -29 11 10
v -29 11 9
v -29 12 10
v -29 12 9
v -29 13 10
v -29 13 9
v -29 14 10
v -29 14 9
v -29 26 -0
v -29 26 -1
v -29 27 -0
v -29 27 -1
v -28 3 13
v -28 3 12
v -28 4 13
v -28 4 12
v -28 4 11
v -28 5 12
v -28 5 11
v -28 6 12
v -28 6 11
v -28 7 12
v -28 7 11
v -28 13 11
v -28 13 10
v -28 14 11
v -28 14 10
v -28 14 9
v -28 15 10
v -28 15 9
v -28 15 8
v -28 16 9
v -28 16 8
v -28 17 9
v -28 17 8
v -28 28 -0
v -28 28 -2
v -28 28 -3
v -28 28 -5
v -28 28 -6
v -28 29 -0
v -28 29 -2
v -28 29 -3
v -28 29 -5
v -28 29 -6
v -28 29 -8
v -28 29 -9
v -28 29 -10
v -28 29 -11
v -28 29 -12
v -28 29 -14
v -28 29 -15
v -28 30 -8
v -28 30 -9
v -28 30 -10
v -28 30 -11
v -28 30 -12
v -28 30 -14
v -28 30 -15
v -27 2 13
v -27 2 12
v -27 3 13
v -27 3 12
v -27 17 10
v -27 17 9
v -27 17 8
v -27 17 7
v -27 18 10
v -27 18 9
v -27 18 8
v -27 18 7
v -27 29 -5
v -27 29 -6
v -27 30 -5
v -27 30 -6
v -26 1 14
v -26 1 13
v -26 2 13
v -26 3 14
v -26 3 13
v -26 17 7
v -26 17 6
v -26 18 7
v -26 18 6
v -26 18 5
v -26 22 6
v -26 22 5
v -26 28 -3
v -26 28 -4
v -26 29 4
v -26 29 3
v -26 29 -0
v -26 29 -1
v -26 29 -3
v -26 29 -4
v -26 29 -12
v -26 29 -13
v -26 29 -15
v -26 29 -16
v -26 29 -18
v -26 29 -19
v -26 30 4
v -26 30 3
v -26 30 -0
v -26 30 -1
v -26 30 -12
v -26 30 -13
v -26 30 -15
v -26 30 -16
v -26 30 -18
v -26 30 -19
v -25 0 15
v -25 0 14
v -25 1 15
v -25 1 14
v -25 27 3
v -25 27 2
v -25 28 3
v -25 28 2
v -25 28 1
v -25 29 2
v -25 29 1
v -25 29 -0
v -25 29 -2
v -25 29 -3
v -25 29 -4
v -25 29 -5
v -25 29 -6
v -25 29 -7
v -25 29 -8
v -25 30 1
v -25 30 -0
v -25 30 -2
v -25 30 -3
v -25 30 -4
v -25 30 -5
v -25 30 -6
v -25 30 -7
v -25 30 -8
v -25 30 -13
v -25 30 -14
v -25 31 -13
v -25 31 -14
v -24 0 16
v -24 0 15
v -24 1 16
v -24 1 15
v -24 27 2
v -24 27 1
v -24 28 4
v -24 28 3
v -24 28 2
v -24 28 1
v -24 29 4
v -24 29 3
v -24 29 -13
v -24 29 -15
v -24 29 -16
v -24 30 -13
v -24 30 -14
v -24 30 -15
v -24 30 -16
v -23 0 17
v -23 0 16
v -23 1 17
v -23 1 16
v -23 28 3
v -23 28 2
v -23 28 1
v -23 28 -0
v -23 28 -14
v -23 28 -15
v -23 28 -17
v -23 29 3
v -23 29 2
v -23 29 1
v -23 29 -0
v -23 29 -1
v -23 29 -2
v -23 29 -7
v -23 29 -9
v -23 29 -11
v -23 29 -12
v -23 29 -14
v -23 29 -15
v -23 29 -16
v -23 29 -17
v -23 30 2
v -23 30 1
v -23 30 -1
v -23 30 -2
v -23 30 -7
v -23 30 -9
v -23 30 -11
v -23 30 -12
v -22 28 -12
v -22 28 -13
v -22 28 -14
v -22 29 -2
v -22 29 -3
v -22 29 -4
v -22 29 -6
v -22 29 -7
v -22 29 -10
v -22 29 -11
v -22 29 -12
v -22 29 -13
v -22 29 -14
v -22 30 -2
v -22 30 -3
v -22 30 -4
v -22 30 -6
v -22 30 -7
v -22 30 -10
v -22 30 -11
v -21 27 7
v -21 27 5
v -21 28 7
v -21 28 5
v -21 28 4
v -21 28 -19
v -21 28 -20
v -21 29 5
v -21 29 4
v -21 29 3
v -21 29 2
v -21 29 1
v -21 29 -0
v -21 29 -7
v -21 29 -9
v -21 29 -10
v -21 29 -12
v -21 29 -13
v -21 29 -19
v -21 29 -20
v -21 30 4
v -21 30 3
v -21 30 2
v -21 30 1
v -21 30 -0
v -21 30 -7
v -21 30 -9
v -21 30 -10
v -21 30 -12
v -21 30 -13
v -20 28 -13
v -20 28 -14
v -20 28 -15
v -20 28 -16
v -20 28 -17
v -20 28 -18
v -20 29 8
v -20 29 6
v -20 29 5
v -20 29 -3
v -20 29 -4
v -20 29 -5
v -20 29 -6
v -20 29 -11
v -20 29 -12
v -20 29 -13
v -20 29 -14
v -20 29 -15
v -20 29 -16
v -20 29 -17
v -20 29 -18
v -20 30 8
v -20 30 6
v -20 30 5
v -20 30 -3
v -20 30 -4
v -20 30 -5
v -20 30 -6
v -20 30 -11
v -20 30 -12
v -19 27 -18
v -19 27 -19
v -19 28 -18
v -19 28 -19
v -18 27 -19
v -18 27 -20
v -18 28 -14
v -18 28 -16
v -18 28 -17
v -18 28 -19
v -18 28 -20
v -18 29 -14
v -18 29 -16
v -18 29 -17
v -16 28 -13
v -16 28 -15
v -16 28 -16
v -16 28 -17
v -16 28 -18
v -16 28 -19
v -16 28 -20
v -16 29 -13
v -16 29 -15
v -16 29 -16
v -16 29 -17
v -16 29 -20
v -12 45 -5
v -12 45 -8
v -12 45 -13
v -12 45 -15
v -12 45 -16
v -12 45 -18
v -12 46 -5
v -12 46 -8
v -12 46 -13
v -12 46 -15
v -12 46 -16
v -12 46 -18
v -12 47 -0
v -12 47 -3
v -12 48 -0
v -12 48 -3
v -12 49 7
v -12 49 2
v -12 50 7
v -12 50 2
v -11 45 -8
v -11 45 -13
v -11 46 -8
v -11 46 -13
v -11 49 8
v -11 49 7
v -11 49 2
v -11 49 1
v -11 50 8
v -11 50 7
v -11 50 2
v -11 50 1
v -10 47 -3
v -10 47 -4
v -10 48 -3
v -10 48 -4
v -10 83 -4
v -10 83 -6
v -10 84 -4
v -10 84 -6
v -9 50 7
v -9 50 6
v -9 51 7
v -9 51 6
v -9 83 -1
v -9 83 -4
v -9 83 -6
v -9 83 -7
v -9 84 -1
v -9 84 -4
v -9 84 -6
v -9 84 -7
v -8 49 9
v -8 49 7
v -8 50 9
v -8 50 7
v -8 83 2
v -8 83 -0
v -8 83 -1
v -8 83 -7
v -8 83 -8
v -8 84 2
v -8 84 -0
v -8 84 -1
v -8 84 -7
v -8 84 -8
v -7 50 6
v -7 50 5
v -7 51 6
v -7 51 5
v -7 54 6
v -7 54 5
v -7 55 6
v -7 55 5
v -7 57 6
v -7 57 5
v -7 62 6
v -7 62 5
v -7 64 6
v -7 64 5
v -7 66 6
v -7 66 5
v -7 67 6
v -7 67 5
v -7 69 6
v -7 69 5
v -7 71 6
v -7 71 5
v -7 83 3
v -7 83 2
v -7 84 3
v -7 84 2
v -6 45 -8
v -6 45 -9
v -6 46 -8
v -6 46 -9
v -6 49 1
v -6 49 -0
v -6 50 5
v -6 50 4
v -6 50 1
v -6 50 -0
v -6 51 5
v -6 51 4
v -5 45 -9
v -5 45 -10
v -5 45 -11
v -5 45 -12
v -5 46 -9
v -5 46 -10
v -5 46 -11
v -5 46 -12
v -5 49 7
v -5 49 5
v -5 49 4
v -5 50 7
v -5 50 5
v -5 50 4
v -5 83 -2
v -5 83 -3
v -5 84 -2
v -5 84 -3
v -3 46 -6
v -3 46 -7
v -3 47 -6
v -3 47 -7
v -3 83 5
v -3 83 2
v -3 84 5
v -3 84 2
v -2 46 -7
v -2 46 -8
v -2 47 -4
v -2 47 -5
v -2 47 -6
v -2 47 -7
v -2 47 -8
v -2 48 -4
v -2 48 -5
v -2 48 -7
v -2 83 6
v -2 83 5
v -2 83 2
v -2 83 1
v -2 83 -12
v -2 83 -14
v -2 83 -15
v -2 84 6
v -2 84 5
v -2 84 2
v -2 84 1
v -2 84 -12
v -2 84 -14
v -2 84 -15
v -1 45 -7
v -1 45 -8
v -1 46 -7
v -1 46 -8
v 0 83 -10
v 0 83 -11
v 0 84 -10
v 0 84 -11
v 1 49 -0
v 1 49 -1
v 1 50 -0
v 1 50 -1
v 3 45 -14
v 3 45 -15
v 3 46 -14
v 3 46 -15
v 3 83 -11
v 3 83 -12
v 3 84 -11
v 3 84 -12
v 4 45 -11
v 4 45 -14
v 4 46 -11
v 4 46 -14
v 4 47 -6
v 4 47 -9
v 4 48 -6
v 4 48 -9
v 4 83 -9
v 4 83 -10
v 4 84 -9
v 4 84 -10
v 5 47 -9
v 5 47 -10
v 5 48 -9
v 5 48 -10
v 6 47 -10
v 6 47 -12
v 6 47 -13
v 6 48 -10
v 6 48 -12
v 6 48 -13
v 7 47 -3
v 7 47 -4
v 7 47 -6
v 7 47 -7
v 7 47 -13
v 7 47 -14
v 7 47 -15
v 7 48 -3
v 7 48 -4
v 7 48 -6
v 7 48 -7
v 7 48 -13
v 7 48 -14
v 7 48 -15
v 7 49 4
v 7 49 1
v 7 49 -0
v 7 50 4
v 7 50 1
v 7 50 -0
v 7 83 -3
v 7 83 -4
v 7 83 -7
v 7 84 -3
v 7 84 -4
v 7 84 -7
v 8 47 -4
v 8 47 -5
v 8 47 -15
v 8 47 -16
v 8 47 -18
v 8 48 -4
v 8 48 -5
v 8 48 -15
v 8 48 -16
v 8 48 -18
v 8 83 -2
v 8 83 -3
v 8 83 -7
v 8 83 -8
v 8 84 -2
v 8 84 -3
v 8 84 -7
v 8 84 -8
v 9 6 20
v 9 6 19
v 9 7 20
v 9 7 19
v 9 7 18
v 9 8 19
v 9 8 18
v 9 8 17
v 9 10 18
v 9 10 17
v 9 10 16
v 9 11 17
v 9 11 16
v 9 12 18
v 9 12 17
v 9 12 16
v 9 14 18
v 9 14 17
v 9 14 16
v 9 15 17
v 9 15 16
v 9 16 17
v 9 16 16
v 9 47 -5
v 9 47 -6
v 9 48 -3
v 9 48 -4
v 9 48 -5
v 9 48 -6
v 9 49 -1
v 9 49 -2
v 9 49 -3
v 9 49 -4
v 9 50 -1
v 9 50 -2
v 9 83 -8
v 9 83 -11
v 9 84 -8
v 9 84 -11
v 10 4 20
v 10 4 19
v 10 5 20
v 10 5 19
v 10 6 20
v 10 6 19
v 10 16 17
v 10 16 16
v 10 16 15
v 10 17 17
v 10 17 16
v 10 17 15
v 10 47 -18
v 10 47 -19
v 10 48 -4
v 10 48 -5
v 10 48 -18
v 10 48 -19
v 10 49 -2
v 10 49 -3
v 10 49 -4
v 10 49 -5
v 10 50 -2
v 10 50 -4
v 11 3 20
v 11 3 19
v 11 4 20
v 11 4 19
v 11 16 15
v 11 16 14
v 11 17 15
v 11 17 14
v 11 17 13
v 11 18 14
v 11 18 13
v 11 47 -4
v 11 47 -5
v 11 48 -4
v 11 48 -5
v 11 50 1
v 11 50 -0
v 11 51 1
v 11 51 -0
v 12 1 22
v 12 1 21
v 12 2 22
v 12 2 21
v 12 2 20
v 12 3 21
v 12 3 20
v 12 47 -9
v 12 47 -13
v 12 48 -9
v 12 48 -13
v 12 49 3
v 12 49 2
v 12 50 3
v 12 50 2
v 12 50 1
v 12 50 -0
v 12 50 -1
v 12 51 2
v 12 51 1
v 12 51 -0
v 12 51 -1
v 12 52 1
v 12 52 -0
v 12 53 1
v 12 53 -0
v 12 54 1
v 12 54 -0
v 12 56 1
v 12 56 -0
v 12 57 1
v 12 57 -0
v 12 60 1
v 12 60 -0
v 12 63 1
v 12 63 -0
v 12 65 1
v 12 65 -0
v 12 66 1
v 12 66 -0
v 12 67 1
v 12 67 -0
v 12 68 1
v 12 68 -0
v 12 70 1
v 12 70 -0
v 13 0 22
v 13 0 21
v 13 1 22
v 13 1 21
v 13 1 20
v 13 2 21
v 13 2 20
v 13 49 1
v 13 49 -1
v 13 49 -3
v 13 49 -4
v 13 50 1
v 13 50 -0
v 13 50 -1
v 13 50 -3
v 13 50 -4
v 14 49 2
v 14 49 1
v 14 49 -4
v 14 49 -5
v 14 50 2
v 14 50 1
v 14 50 -4
v 14 50 -5
v 17 0 20
v 17 0 19
v 17 1 20
v 17 1 19
v 17 28 -16
v 17 28 -17
v 17 29 -16
v 17 29 -17
v 18 1 20
v 18 1 19
v 18 3 20
v 18 3 19
v 18 27 10
v 18 27 9
v 18 27 8
v 18 28 10
v 18 28 9
v 18 28 8
v 18 28 7
v 18 28 -11
v 18 28 -12
v 18 29 8
v 18 29 7
v 18 29 6
v 18 29 5
v 18 29 4
v 18 29 3
v 18 29 2
v 18 29 1
v 18 29 -0
v 18 29 -3
v 18 29 -4
v 18 29 -5
v 18 29 -6
v 18 29 -7
v 18 29 -9
v 18 29 -10
v 18 29 -11
v 18 29 -12
v 18 30 7
v 18 30 6
v 18 30 5
v 18 30 4
v 18 30 3
v 18 30 2
v 18 30 1
v 18 30 -0
v 18 30 -3
v 18 30 -4
v 18 30 -5
v 18 30 -6
v 18 30 -7
v 18 30 -9
v 18 30 -10
v 19 2 21
v 19 2 20
v 19 3 21
v 19 3 20
v 19 4 21
v 19 4 20
v 19 4 19
v 19 5 20
v 19 5 19
v 19 28 -9
v 19 28 -10
v 19 28 -11
v 19 28 -12
v 19 28 -13
v 19 29 -0
v 19 29 -1
v 19 29 -7
v 19 29 -9
v 19 29 -10
v 19 29 -11
v 19 29 -12
v 19 29 -13
v 19 30 -0
v 19 30 -1
v 19 30 -7
v 19 30 -9
v 20 5 20
v 20 5 19
v 20 8 20
v 20 8 19
v 20 28 7
v 20 28 6
v 20 28 5
v 20 28 4
v 20 28 3
v 20 28 -13
v 20 28 -14
v 20 29 7
v 20 29 6
v 20 29 5
v 20 29 4
v 20 29 3
v 20 29 -4
v 20 29 -5
v 20 29 -13
v 20 29 -14
v 20 30 -4
v 20 30 -5
v 21 7 19
v 21 7 18
v 21 8 19
v 21 8 18
v 21 8 17
v 21 9 18
v 21 9 17
v 21 27 6
v 21 27 4
v 21 28 6
v 21 28 5
v 21 28 4
v 21 29 1
v 21 29 -0
v 21 29 -1
v 21 29 -2
v 21 29 -9
v 21 29 -10
v 21 29 -11
v 21 29 -12
v 21 29 -13
v 21 30 1
v 21 30 -0
v 21 30 -1
v 21 30 -2
v 21 30 -9
v 21 30 -10
v 21 30 -11
v 21 30 -12
v 21 30 -13
v 22 7 18
v 22 7 17
v 22 8 18
v 22 8 17
v 22 8 16
v 22 9 17
v 22 9 16
v 22 11 17
v 22 11 16
v 22 21 9
v 22 21 8
v 22 22 9
v 22 22 8
v 22 28 5
v 22 28 4
v 22 28 -0
v 22 28 -1
v 22 29 5
v 22 29 4
v 22 29 3
v 22 29 -0
v 22 29 -1
v 22 29 -3
v 22 29 -4
v 22 29 -5
v 22 29 -6
v 22 29 -7
v 22 29 -8
v 22 30 4
v 22 30 3
v 22 30 -3
v 22 30 -4
v 22 30 -5
v 22 30 -6
v 22 30 -7
v 22 30 -8
v 22 30 -10
v 22 30 -11
v 22 31 -10
v 22 31 -11
v 23 11 17
v 23 11 16
v 23 13 17
v 23 13 16
v 23 15 14
v 23 15 13
v 23 16 14
v 23 16 13
v 23 17 14
v 23 17 13
v 23 17 12
v 23 17 9
v 23 18 13
v 23 18 12
v 23 18 9
v 23 18 8
v 23 21 9
v 23 21 8
v 23 29 7
v 23 29 6
v 23 29 -12
v 23 29 -13
v 23 29 -15
v 23 29 -16
v 23 30 7
v 23 30 6
v 23 30 -12
v 23 30 -13
v 23 30 -15
v 23 30 -16
v 24 4 19
v 24 4 18
v 24 5 19
v 24 5 18
v 24 6 19
v 24 6 18
v 24 7 19
v 24 7 18
v 24 8 19
v 24 8 18
v 24 8 17
v 24 9 18
v 24 9 17
v 24 11 16
v 24 11 15
v 24 13 16
v 24 14 16
v 24 14 15
v 24 14 14
v 24 15 15
v 24 15 14
v 24 29 -2
v 24 29 -3
v 24 30 -2
v 24 30 -3
v 25 0 18
v 25 0 17
v 25 3 18
v 25 3 17
v 25 4 18
v 25 4 17
v 25 5 18
v 25 5 17
v 25 28 3
v 25 28 2
v 25 28 -0
v 25 28 -2
v 25 28 -3
v 25 29 3
v 25 29 2
v 25 29 -0
v 25 29 -2
v 25 29 -3
v 25 29 -4
v 25 29 -5
v 25 29 -6
v 25 29 -7
v 25 29 -8
v 25 29 -9
v 25 29 -10
v 25 29 -12
v 25 30 -4
v 25 30 -5
v 25 30 -6
v 25 30 -7
v 25 30 -8
v 25 30 -9
v 25 30 -10
v 25 30 -12
v 26 0 19
v 26 0 18
v 26 1 19
v 26 1 18
v 26 18 -0
v 26 18 -1
v 26 20 -0
v 26 20 -1
v 26 26 3
v 26 26 2
v 26 27 3
v 26 27 2
v 27 17 1
v 27 17 -1
v 27 18 1
v 27 18 -0
v 27 18 -1
v 30 17 2
v 30 17 1
v 30 18 2
v 30 18 1
v 33 17 3
v 33 17 2
v 33 18 3
v 33 18 2
v 35 17 4
v 35 17 3
v 35 18 4
v 35 18 3
v 36 12 5
v 36 12 4
v 36 14 5
v 36 14 4
v 36 14 3
v 36 15 4
v 36 15 3
v 36 15 2
v 36 16 4
v 36 16 3
v 36 16 2
v 36 17 4
v 36 17 3
v 37 9 6
v 37 9 5
v 37 9 4
v 37 10 5
v 37 10 4
v 37 11 6
v 37 11 5
v 37 11 4
v 37 12 6
v 37 12 5
v 37 12 4
v 37 12 3
v 37 14 4
v 37 14 3
v 38 7 6
v 38 7 5
v 38 8 6
v 38 8 5
v 38 8 4
v 38 8 3
v 38 8 2
v 38 9 6
v 38 9 5
v 38 9 4
v 38 9 3
v 38 9 2
v 38 11 4
v 38 11 3
v 38 11 2
v 38 12 4
v 38 12 3
v 39 4 6
v 39 4 5
v 39 5 6
v 39 5 5
v 39 6 6
v 39 6 5
v 39 7 6
v 39 7 5
v 39 7 4
v 39 8 5
v 39 8 4
v 39 8 2
v 39 8 1
v 39 9 2
v 39 9 1
v 40 0 7
v 40 0 6
v 40 1 7
v 40 1 6
v 40 1 5
v 40 2 6
v 40 2 5
v 40 3 6
v 40 3 5
v 40 4 6
v 40 4 5
v 40 7 2
v 40 7 1
v 40 8 2
v 40 8 1
v 41 5 2
v 41 5 1
v 41 6 2
v 41 6 1
v 41 7 2
v 41 7 1
v 42 3 2
v 42 3 1
v 42 4 2
v 42 4 1
v 42 5 2
v 42 5 1
v 43 1 2
v 43 1 1
v 43 2 2
v 43 2 1
v 43 3 2
v 43 3 1
v 44 0 2
v 44 0 1
v 44 1 2
v 44 1 1
v -39 0 -11
v -39 0 -12
v -39 3 -11
v -39 3 -12
v -39 4 -11
v -39 4 -12
v -39 5 -11
v -39 5 -12
v -39 6 -11
v -39 6 -12
v -38 6 -11
v -38 6 -12
v -38 7 -11
v -38 7 -12
v -37 7 -10
v -37 7 -12
v -37 8 -11
v -37 8 -12
v -37 10 -10
v -37 10 -11
v -37 11 -10
v -37 11 -11
v -37 13 -10
v -37 13 -11
v -37 14 -10
v -37 14 -11
v -35 13 -9
v -35 13 -10
v -35 14 -9
v -35 14 -10
v -34 0 9
v -34 0 8
v -34 1 9
v -34 1 8
v -34 1 7
v -34 2 8
v -34 3 8
v -34 3 7
v -34 14 -9
v -34 14 -10
v -34 15 -8
v -34 15 -9
v -34 16 -8
v -34 16 -9
v -34 16 -10
v -34 17 -8
v -34 17 -9
v -33 2 10
v -33 2 9
v -33 2 8
v -33 3 10
v -33 3 9
v -33 3 8
v -32 3 10
v -32 3 9
v -32 6 10
v -32 6 9
v -32 7 10
v -32 7 9
v -32 17 -8
v -32 17 -9
v -32 18 -8
v -32 18 -9
v -31 6 11
v -31 6 10
v -31 7 11
v -31 7 10
v -30 7 11
v -30 7 10
v -30 8 11
v -30 8 10
v -30 8 9
v -30 9 10
v -30 9 9
v -30 9 8
v -30 10 9
v -30 10 8
v -30 17 -7
v -30 17 -8
v -30 18 -7
v -30 18 -8
v -29 18 -7
v -29 18 -8
v -29 19 -7
v -29 19 -8
v -29 21 -7
v -29 21 -8
v -29 22 -7
v -29 22 -8
v -29 24 -7
v -29 24 -8
v -29 27 -7
v -29 27 -8
v -29 28 -7
v -29 28 -8
v -29 29 -7
v -29 29 -8
v -29 30 -7
v -29 30 -8
v -29 31 -7
v -29 31 -8
v -29 32 -7
v -29 32 -8
v -28 6 13
v -28 6 12
v -28 7 13
v -28 7 12
v -28 7 11
v -28 8 12
v -28 8 11
v -28 8 10
v -28 9 11
v -28 9 10
v -28 9 9
v -28 10 10
v -28 10 9
v -28 12 10
v -28 12 9
v -28 13 10
v -28 13 9
v -28 14 10
v -28 14 9
v -28 26 -0
v -28 26 -1
v -28 27 -0
v -28 27 -1
v -27 4 12
v -27 4 11
v -27 5 12
v -27 5 11
v -27 6 12
v -27 6 11
v -27 7 12
v -27 7 11
v -27 13 11
v -27 13 10
v -27 14 11
v -27 14 10
v -27 14 9
v -27 15 10
v -27 15 9
v -27 15 8
v -27 16 9
v -27 16 8
v -27 28 -0
v -27 28 -2
v -27 28 -3
v -27 28 -5
v -27 28 -6
v -27 29 -0
v -27 29 -2
v -27 29 -3
v -27 29 -5
v -27 29 -6
v -27 29 -7
v -27 29 -9
v -27 29 -10
v -27 29 -11
v -27 29 -12
v -27 29 -14
v -27 29 -15
v -27 30 -7
v -27 30 -9
v -27 30 -10
v -27 30 -11
v -27 30 -12
v -27 30 -14
v -27 30 -15
v -26 2 13
v -26 2 12
v -26 3 13
v -26 3 12
v -26 4 13
v -26 4 12
v -26 16 9
v -26 16 8
v -26 17 10
v -26 17 9
v -26 17 8
v -26 18 10
v -26 18 9
v -26 29 -5
v -26 29 -6
v -26 30 -5
v -26 30 -6
v -25 2 14
v -25 2 13
v -25 3 14
v -25 3 13
v -25 17 9
v -25 17 6
v -25 18 9
v -25 18 6
v -25 18 5
v -25 22 6
v -25 22 5
v -25 29 4
v -25 29 3
v -25 29 -15
v -25 29 -16
v -25 29 -18
v -25 29 -19
v -25 30 4
v -25 30 3
v -25 30 -15
v -25 30 -16
v -25 30 -18
v -25 30 -19
v -24 1 14
v -24 1 13
v -24 2 14
v -24 2 13
v -24 28 2
v -24 28 1
v -24 28 -3
v -24 28 -4
v -24 29 2
v -24 29 1
v -24 29 -0
v -24 29 -3
v -24 29 -4
v -24 29 -6
v -24 29 -7
v -24 29 -8
v -24 30 1
v -24 30 -0
v -24 30 -6
v -24 30 -7
v -24 30 -8
v -24 30 -13
v -24 30 -14
v -24 31 -13
v -24 31 -14
v -23 0 16
v -23 0 14
v -23 1 16
v -23 1 14
v -23 27 3
v -23 27 2
v -23 27 1
v -23 28 3
v -23 28 2
v -23 28 1
v -23 29 -2
v -23 29 -3
v -23 29 -4
v -23 29 -5
v -23 29 -12
v -23 29 -13
v -23 29 -14
v -23 29 -15
v -23 29 -16
v -23 30 -2
v -23 30 -3
v -23 30 -4
v -23 30 -5
v -23 30 -12
v -23 30 -13
v -23 30 -15
v -23 30 -16
v -22 0 17
v -22 0 16
v -22 1 17
v -22 1 16
v -22 28 4
v -22 28 3
v -22 28 2
v -22 28 1
v -22 28 -0
v -22 28 -16
v -22 28 -17
v -22 29 4
v -22 29 3
v -22 29 2
v -22 29 1
v -22 29 -0
v -22 29 -7
v -22 29 -9
v -22 29 -16
v -22 29 -17
v -22 30 -7
v -22 30 -9
v -21 28 -12
v -21 28 -13
v -21 28 -14
v -21 28 -15
v -21 28 -16
v -21 29 -3
v -21 29 -4
v -21 29 -11
v -21 29 -12
v -21 29 -13
v -21 29 -14
v -21 29 -15
v -21 29 -16
v -21 30 -3
v -21 30 -4
v -21 30 -11
v -21 30 -12
v -20 27 7
v -20 27 5
v -20 28 7
v -20 28 5
v -20 28 4
v -20 28 -14
v -20 28 -15
v -20 29 5
v -20 29 4
v -20 29 3
v -20 29 1
v -20 29 -0
v -20 29 -1
v -20 29 -2
v -20 29 -3
v -20 29 -7
v -20 29 -9
v -20 29 -10
v -20 29 -14
v -20 29 -15
v -20 30 4
v -20 30 3
v -20 30 1
v -20 30 -0
v -20 30 -1
v -20 30 -2
v -20 30 -3
v -20 30 -7
v -20 30 -9
v -20 30 -10
v -19 28 -13
v -19 28 -14
v -19 28 -15
v -19 28 -16
v -19 28 -17
v -19 28 -18
v -19 29 8
v -19 29 6
v -19 29 5
v -19 29 3
v -19 29 2
v -19 29 1
v -19 29 -1
v -19 29 -2
v -19 29 -3
v -19 29 -4
v -19 29 -5
v -19 29 -7
v -19 29 -10
v -19 29 -13
v -19 29 -14
v -19 29 -15
v -19 29 -16
v -19 29 -17
v -19 29 -18
v -19 30 8
v -19 30 6
v -19 30 5
v -19 30 3
v -19 30 2
v -19 30 1
v -19 30 -1
v -19 30 -2
v -19 30 -3
v -19 30 -4
v -19 30 -5
v -19 30 -7
v -19 30 -10
v -19 30 -13
v -18 28 -19
v -18 28 -20
v -18 29 -19
v -18 29 -20
v -17 28 -14
v -17 28 -16
v -17 28 -17
v -17 29 -14
v -17 29 -16
v -17 29 -17
v -16 27 -18
v -16 27 -19
v -16 27 -20
v -16 28 -18
v -16 28 -19
v -16 28 -20
v -15 28 -13
v -15 28 -15
v -15 28 -16
v -15 28 -17
v -15 28 -20
v -15 29 -13
v -15 29 -15
v -15 29 -16
v -15 29 -17
v -15 29 -20
v -10 49 8
v -10 49 7
v -10 50 8
v -10 50 7
v -9 49 7
v -9 49 6
v -9 50 7
v -9 50 6
v -8 45 -8
v -8 45 -9
v -8 45 -12
v -8 46 -8
v -8 46 -9
v -8 46 -12
v -7 47 -0
v -7 47 -1
v -7 48 -0
v -7 48 -1
v -7 49 6
v -7 49 5
v -7 50 6
v -7 50 5
v -7 83 -1
v -7 83 -2
v -7 84 -1
v -7 84 -2
v -6 49 5
v -6 49 4
v -6 50 5
v -6 50 4
v -6 51 6
v -6 51 5
v -6 54 6
v -6 54 5
v -6 55 6
v -6 55 5
v -6 57 6
v -6 57 5
v -6 62 6
v -6 62 5
v -6 64 6
v -6 64 5
v -6 66 6
v -6 66 5
v -6 67 6
v -6 67 5
v -6 69 6
v -6 69 5
v -6 71 6
v -6 71 5
v -6 83 3
v -6 83 1
v -6 83 -0
v -6 83 -1
v -6 83 -2
v -6 83 -3
v -6 83 -7
v -6 83 -8
v -6 84 3
v -6 84 1
v -6 84 -0
v -6 84 -1
v -6 84 -2
v -6 84 -3
v -6 84 -7
v -6 84 -8
v -5 50 7
v -5 50 5
v -5 50 4
v -5 51 7
v -5 51 4
v -4 45 -5
v -4 45 -6
v -4 46 -5
v -4 46 -6
v -4 83 -2
v -4 83 -4
v -4 83 -5
v -4 83 -6
v -4 83 -7
v -4 84 -2
v -4 84 -4
v -4 84 -5
v -4 84 -6
v -4 84 -7
v -3 45 -6
v -3 45 -7
v -3 46 -6
v -3 46 -7
v -2 45 -7
v -2 45 -8
v -2 46 -6
v -2 46 -7
v -2 46 -8
v -2 47 -6
v -2 47 -7
v -1 46 -7
v -1 46 -8
v -1 47 -6
v -1 47 -7
v -1 47 -8
v -1 48 -6
v -1 48 -7
v 0 45 -11
v 0 45 -12
v 0 45 -13
v 0 45 -14
v 0 46 -11
v 0 46 -12
v 0 46 -13
v 0 46 -14
v 0 47 -1
v 0 47 -2
v 0 48 -1
v 0 48 -2
v 1 45 -14
v 1 45 -15
v 1 46 -14
v 1 46 -15
v 2 45 -7
v 2 45 -8
v 2 46 -7
v 2 46 -8
v 2 47 -5
v 2 47 -6
v 2 48 -5
v 2 48 -6
v 2 83 -14
v 2 83 -15
v 2 84 -14
v 2 84 -15
v 3 45 -8
v 3 45 -10
v 3 46 -8
v 3 46 -10
v 3 49 4
v 3 49 2
v 3 50 4
v 3 50 2
v 4 45 -10
v 4 45 -11
v 4 46 -10
v 4 46 -11
v 4 47 -4
v 4 47 -5
v 4 48 -4
v 4 48 -5
v 4 49 2
v 4 49 1
v 4 49 -0
v 4 50 2
v 4 50 1
v 4 50 -0
v 4 83 3
v 4 83 2
v 4 83 1
v 4 83 -13
v 4 83 -14
v 4 84 3
v 4 84 2
v 4 84 1
v 4 84 -13
v 4 84 -14
v 5 45 -11
v 5 45 -13
v 5 46 -11
v 5 46 -13
v 5 47 -3
v 5 47 -4
v 5 47 -6
v 5 47 -7
v 5 48 -3
v 5 48 -4
v 5 48 -6
v 5 48 -7
v 6 45 -13
v 6 45 -15
v 6 45 -16
v 6 46 -13
v 6 46 -15
v 6 46 -16
v 6 83 6
v 6 83 5
v 6 83 -9
v 6 83 -10
v 6 83 -13
v 6 84 6
v 6 84 5
v 6 84 -9
v 6 84 -10
v 6 84 -13
v 7 45 -16
v 7 45 -17
v 7 45 -18
v 7 46 -16
v 7 46 -17
v 7 46 -18
v 8 47 -2
v 8 47 -3
v 8 47 -10
v 8 47 -13
v 8 48 -2
v 8 48 -3
v 8 48 -10
v 8 48 -13
v 8 83 5
v 8 83 4
v 8 84 5
v 8 84 4
v 9 47 -3
v 9 47 -4
v 9 48 -3
v 9 48 -4
v 9 83 4
v 9 83 3
v 9 84 4
v 9 84 3
v 10 7 19
v 10 7 18
v 10 8 19
v 10 8 18
v 10 8 17
v 10 10 18
v 10 10 17
v 10 10 16
v 10 11 17
v 10 11 16
v 10 12 18
v 10 12 17
v 10 12 16
v 10 14 18
v 10 14 17
v 10 14 16
v 10 15 17
v 10 15 16
v 10 47 -4
v 10 47 -5
v 10 47 -9
v 10 47 -10
v 10 48 -3
v 10 48 -4
v 10 48 -5
v 10 48 -9
v 10 48 -10
v 10 49 -3
v 10 49 -4
v 11 5 20
v 11 5 19
v 11 7 20
v 11 7 19
v 11 15 17
v 11 15 16
v 11 16 17
v 11 16 16
v 11 17 17
v 11 17 16
v 11 48 -4
v 11 48 -5
v 11 49 9
v 11 49 8
v 11 49 3
v 11 49 -0
v 11 49 -3
v 11 49 -4
v 11 49 -5
v 11 50 9
v 11 50 8
v 11 50 3
v 11 50 1
v 11 50 -0
v 11 50 -3
v 11 50 -4
v 11 83 -2
v 11 83 -3
v 11 83 -7
v 11 83 -8
v 11 83 -10
v 11 83 -11
v 11 84 -2
v 11 84 -3
v 11 84 -7
v 11 84 -8
v 11 84 -10
v 11 84 -11
v 12 4 20
v 12 4 19
v 12 5 20
v 12 5 19
v 12 16 16
v 12 16 15
v 12 16 14
v 12 17 16
v 12 17 15
v 12 17 14
v 12 17 13
v 12 18 14
v 12 18 13
v 12 47 -4
v 12 47 -5
v 12 48 -4
v 12 48 -5
v 12 49 8
v 12 49 7
v 12 49 -0
v 12 49 -1
v 12 50 8
v 12 50 7
v 12 50 1
v 12 50 -0
v 12 50 -1
v 12 51 1
v 12 51 -0
v 12 83 -3
v 12 83 -5
v 12 83 -7
v 12 84 -3
v 12 84 -5
v 12 84 -7
v 13 1 22
v 13 1 21
v 13 2 22
v 13 2 21
v 13 2 20
v 13 3 21
v 13 3 20
v 13 3 19
v 13 4 20
v 13 4 19
v 13 47 -5
v 13 47 -6
v 13 47 -18
v 13 47 -19
v 13 48 -5
v 13 48 -6
v 13 48 -18
v 13 48 -19
v 13 50 2
v 13 50 1
v 13 50 -0
v 13 50 -1
v 13 51 2
v 13 51 1
v 13 51 -0
v 13 51 -1
v 13 52 1
v 13 52 -0
v 13 53 1
v 13 53 -0
v 13 54 1
v 13 54 -0
v 13 56 1
v 13 56 -0
v 13 57 1
v 13 57 -0
v 13 60 1
v 13 60 -0
v 13 63 1
v 13 63 -0
v 13 65 1
v 13 65 -0
v 13 66 1
v 13 66 -0
v 13 67 1
v 13 67 -0
v 13 68 1
v 13 68 -0
v 13 70 1
v 13 70 -0
v 14 0 22
v 14 0 21
v 14 1 22
v 14 1 21
v 14 1 20
v 14 2 21
v 14 2 20
v 14 47 -6
v 14 47 -7
v 14 47 -14
v 14 47 -15
v 14 48 -6
v 14 48 -7
v 14 48 -14
v 14 48 -15
v 15 47 -7
v 15 47 -9
v 15 47 -12
v 15 47 -14
v 15 47 -15
v 15 47 -18
v 15 48 -7
v 15 48 -9
v 15 48 -12
v 15 48 -14
v 15 48 -15
v 15 48 -18
v 15 49 7
v 15 49 5
v 15 49 4
v 15 49 -0
v 15 49 -3
v 15 49 -5
v 15 50 7
v 15 50 5
v 15 50 4
v 15 50 -0
v 15 50 -3
v 15 50 -5
v 18 0 20
v 18 0 19
v 18 1 20
v 18 1 19
v 19 1 20
v 19 1 19
v 19 2 20
v 19 3 20
v 19 3 19
v 19 27 10
v 19 27 9
v 19 27 8
v 19 28 10
v 19 28 9
v 19 28 8
v 19 28 7
v 19 28 -16
v 19 28 -17
v 19 29 8
v 19 29 7
v 19 29 6
v 19 29 5
v 19 29 4
v 19 29 3
v 19 29 -4
v 19 29 -5
v 19 29 -6
v 19 29 -7
v 19 29 -9
v 19 29 -10
v 19 29 -16
v 19 29 -17
v 19 30 6
v 19 30 5
v 19 30 4
v 19 30 3
v 19 30 -4
v 19 30 -5
v 19 30 -6
v 19 30 -7
v 19 30 -9
v 19 30 -10
v 20 2 21
v 20 2 20
v 20 3 21
v 20 3 20
v 20 4 21
v 20 4 20
v 20 28 -9
v 20 28 -10
v 20 28 -12
v 20 29 7
v 20 29 6
v 20 29 1
v 20 29 -0
v 20 29 -1
v 20 29 -3
v 20 29 -4
v 20 29 -7
v 20 29 -8
v 20 29 -9
v 20 29 -10
v 20 29 -12
v 20 30 7
v 20 30 6
v 20 30 1
v 20 30 -0
v 20 30 -1
v 20 30 -3
v 20 30 -4
v 20 30 -7
v 20 30 -8
v 21 4 20
v 21 4 19
v 21 7 19
v 21 8 20
v 21 8 19
v 21 28 6
v 21 28 5
v 21 28 4
v 21 28 3
v 21 28 -12
v 21 28 -13
v 21 28 -14
v 21 29 6
v 21 29 5
v 21 29 4
v 21 29 3
v 21 29 2
v 21 29 1
v 21 29 -4
v 21 29 -5
v 21 29 -8
v 21 29 -9
v 21 29 -12
v 21 29 -13
v 21 29 -14
v 21 30 5
v 21 30 4
v 21 30 2
v 21 30 1
v 21 30 -4
v 21 30 -5
v 21 30 -8
v 21 30 -9
v 22 7 19
v 22 7 18
v 22 8 19
v 22 8 18
v 22 8 17
v 22 9 18
v 22 9 17
v 22 27 5
v 22 27 4
v 22 28 7
v 22 28 6
v 22 28 5
v 22 28 4
v 22 29 7
v 22 29 6
v 22 29 -10
v 22 29 -11
v 22 29 -12
v 22 29 -13
v 22 30 -10
v 22 30 -11
v 22 30 -12
v 22 30 -13
v 23 7 18
v 23 7 17
v 23 8 18
v 23 8 17
v 23 8 16
v 23 9 17
v 23 9 16
v 23 27 6
v 23 27 5
v 23 28 6
v 23 28 5
v 23 28 4
v 23 29 5
v 23 29 4
v 23 29 1
v 23 29 -0
v 23 29 -1
v 23 29 -2
v 23 29 -3
v 23 29 -4
v 23 29 -5
v 23 29 -6
v 23 29 -7
v 23 30 1
v 23 30 -0
v 23 30 -1
v 23 30 -2
v 23 30 -3
v 23 30 -4
v 23 30 -5
v 23 30 -6
v 23 30 -7
v 23 30 -10
v 23 30 -11
v 23 31 -10
v 23 31 -11
v 24 10 17
v 24 10 16
v 24 11 17
v 24 11 16
v 24 13 17
v 24 13 16
v 24 17 13
v 24 17 12
v 24 17 11
v 24 18 13
v 24 18 12
v 24 18 11
v 24 19 9
v 24 19 8
v 24 22 9
v 24 22 8
v 24 28 -0
v 24 28 -1
v 24 29 7
v 24 29 6
v 24 29 4
v 24 29 3
v 24 29 -0
v 24 29 -1
v 24 29 -7
v 24 29 -8
v 24 29 -9
v 24 29 -10
v 24 29 -12
v 24 29 -13
v 24 29 -15
v 24 29 -16
v 24 30 7
v 24 30 6
v 24 30 4
v 24 30 3
v 24 30 -7
v 24 30 -8
v 24 30 -9
v 24 30 -10
v 24 30 -12
v 24 30 -13
v 24 30 -15
v 24 30 -16
v 25 4 19
v 25 4 18
v 25 5 19
v 25 5 18
v 25 6 19
v 25 6 18
v 25 7 19
v 25 7 18
v 25 8 19
v 25 8 18
v 25 8 17
v 25 9 18
v 25 9 17
v 25 9 16
v 25 10 17
v 25 10 16
v 25 11 16
v 25 11 15
v 25 14 16
v 25 14 15
v 25 14 14
v 25 15 15
v 25 15 14
v 25 15 13
v 25 16 14
v 25 16 13
v 25 17 14
v 25 17 13
v 25 17 11
v 25 17 9
v 25 18 11
v 25 18 9
v 25 18 8
v 25 19 9
v 25 19 8
v 25 29 3
v 25 29 2
v 25 29 -2
v 25 29 -3
v 25 30 3
v 25 30 2
v 25 30 -2
v 25 30 -3
v 26 0 18
v 26 0 17
v 26 1 18
v 26 3 18
v 26 3 17
v 26 4 18
v 26 4 17
v 26 5 18
v 26 5 17
v 26 28 3
v 26 28 2
v 26 28 -0
v 26 28 -2
v 26 28 -3
v 26 29 3
v 26 29 2
v 26 29 -0
v 26 29 -2
v 26 29 -3
v 26 29 -5
v 26 29 -6
v 26 29 -7
v 26 29 -8
v 26 29 -9
v 26 29 -10
v 26 29 -12
v 26 30 -5
v 26 30 -6
v 26 30 -7
v 26 30 -8
v 26 30 -9
v 26 30 -10
v 26 30 -12
v 27 0 19
v 27 0 18
v 27 1 19
v 27 1 18
v 27 18 -0
v 27 18 -1
v 27 20 -0
v 27 20 -1
v 27 26 3
v 27 26 2
v 27 27 3
v 27 27 2
v 27 29 -4
v 27 29 -5
v 27 30 -4
v 27 30 -5
v 28 17 -0
v 28 17 -1
v 28 18 -0
v 28 18 -1
v 31 17 1
v 31 17 -0
v 31 18 1
v 31 18 -0
v 34 17 2
v 34 17 1
v 34 18 2
v 34 18 1
v 36 17 3
v 36 17 2
v 36 18 3
v 36 18 2
v 37 12 5
v 37 12 4
v 37 14 5
v 37 14 4
v 37 14 3
v 37 15 4
v 37 15 3
v 37 15 2
v 37 16 4
v 37 16 3
v 37 16 2
v 37 17 4
v 37 17 3
v 37 18 4
v 37 18 3
v 38 9 6
v 38 9 5
v 38 9 4
v 38 10 5
v 38 10 4
v 38 11 6
v 38 11 5
v 38 11 4
v 38 12 6
v 38 12 4
v 38 12 3
v 38 14 4
v 38 14 3
v 39 7 6
v 39 7 5
v 39 8 6
v 39 8 5
v 39 8 4
v 39 8 3
v 39 8 2
v 39 9 6
v 39 9 5
v 39 9 4
v 39 9 3
v 39 9 2
v 39 11 4
v 39 11 3
v 39 11 2
v 39 12 4
v 39 12 3
v 40 4 6
v 40 4 5
v 40 5 6
v 40 5 5
v 40 6 6
v 40 6 5
v 40 7 6
v 40 7 5
v 40 7 4
v 40 8 5
v 40 8 4
v 40 8 2
v 40 8 1
v 40 9 2
v 40 9 1
v 41 0 7
v 41 0 6
v 41 1 7
v 41 1 6
v 41 1 5
v 41 2 6
v 41 2 5
v 41 3 6
v 41 3 5
v 41 4 6
v 41 4 5
v 41 7 2
v 41 7 1
v 41 8 2
v 41 8 1
v 42 5 2
v 42 5 1
v 42 6 2
v 42 6 1
v 42 7 2
v 42 7 1
v 43 3 2
v 43 3 1
v 43 4 2
v 43 4 1
v 43 5 2
v 43 5 1
v 44 1 2
v 44 1 1
v 44 2 2
v 44 2 1
v 44 3 2
v 44 3 1
v 45 0 2
v 45 0 1
v 45 1 2
v 45 1 1
v 12 1 22
v 12 2 22
v 13 0 22
v 13 1 22
v 13 2 22
v 14 0 22
v 14 1 22
v 12 2 21
v 12 3 21
v 13 1 21
v 13 2 21
v 13 3 21
v 14 1 21
v 14 2 21
v 19 2 21
v 19 3 21
v 19 4 21
v 20 2 21
v 20 3 21
v 20 4 21
v 9 6 20
v 9 7 20
v 10 4 20
v 10 5 20
v 10 6 20
v 11 3 20
v 11 4 20
v 11 5 20
v 11 7 20
v 12 3 20
v 12 4 20
v 12 5 20
v 13 3 20
v 13 4 20
v 17 0 20
v 17 1 20
v 18 0 20
v 18 1 20
v 18 3 20
v 19 1 20
v 19 2 20
v 19 3 20
v 19 4 20
v 19 5 20
v 20 4 20
v 20 5 20
v 20 8 20
v 21 4 20
v 21 8 20
v 9 7 19
v 9 8 19
v 10 7 19
v 10 8 19
v 21 7 19
v 21 8 19
v 22 7 19
v 22 8 19
v 24 4 19
v 24 5 19
v 24 6 19
v 24 7 19
v 24 8 19
v 25 4 19
v 25 5 19
v 25 6 19
v 25 7 19
v 25 8 19
v 26 0 19
v 26 1 19
v 27 0 19
v 27 1 19
v 9 8 18
v 9 10 18
v 9 12 18
v 9 14 18
v 10 8 18
v 10 10 18
v 10 12 18
v 10 14 18
v 21 8 18
v 21 9 18
v 22 7 18
v 22 8 18
v 22 9 18
v 23 7 18
v 23 8 18
v 24 8 18
v 24 9 18
v 25 0 18
v 25 3 18
v 25 4 18
v 25 5 18
v 25 8 18
v 25 9 18
v 26 0 18
v 26 1 18
v 26 3 18
v 26 4 18
v 26 5 18
v -23 0 17
v -23 1 17
v -22 0 17
v -22 1 17
v 9 10 17
v 9 11 17
v 9 12 17
v 9 14 17
v 9 15 17
v 9 16 17
v 10 10 17
v 10 11 17
v 10 12 17
v 10 14 17
v 10 15 17
v 10 16 17
v 10 17 17
v 11 15 17
v 11 16 17
v 11 17 17
v 22 8 17
v 22 9 17
v 22 11 17
v 23 8 17
v 23 9 17
v 23 10 17
v 23 11 17
v 23 13 17
v 24 9 17
v 24 10 17
v 24 11 17
v 24 13 17
v 25 9 17
v 25 10 17
v -24 0 16
v -24 1 16
v -23 0 16
v -23 1 16
v 11 16 16
v 11 17 16
v 12 16 16
v 12 17 16
v 24 11 16
v 24 13 16
v 24 14 16
v 25 11 16
v 25 14 16
v -25 0 15
v -25 1 15
v -24 0 15
v -24 1 15
v 24 14 15
v 24 15 15
v 25 14 15
v 25 15 15
v -26 1 14
v -26 3 14
v -25 1 14
v -25 2 14
v -25 3 14
v -24 1 14
v -24 2 14
v 11 17 14
v 11 18 14
v 12 17 14
v 12 18 14
v 23 15 14
v 23 16 14
v 23 17 14
v 24 15 14
v 25 15 14
v 25 16 14
v 25 17 14
v -29 6 13
v -29 7 13
v -28 3 13
v -28 4 13
v -28 6 13
v -28 7 13
v -27 2 13
v -27 3 13
v -26 2 13
v -26 3 13
v -26 4 13
v 23 17 13
v 23 18 13
v 24 17 13
v 24 18 13
v -29 7 12
v -29 8 12
v -28 4 12
v -28 5 12
v -28 6 12
v -28 7 12
v -28 8 12
v -27 4 12
v -27 5 12
v -27 6 12
v -27 7 12
v -32 6 11
v -32 7 11
v -32 8 11
v -31 6 11
v -31 7 11
v -31 8 11
v -30 7 11
v -30 8 11
v -29 8 11
v -29 9 11
v -28 8 11
v -28 9 11
v -28 13 11
v -28 14 11
v -27 13 11
v -27 14 11
v 24 17 11
v 24 18 11
v 25 17 11
v 25 18 11
v -34 2 10
v -34 3 10
v -34 4 10
v -34 5 10
v -33 2 10
v -33 3 10
v -33 4 10
v -33 5 10
v -33 6 10
v -33 7 10
v -32 3 10
v -32 6 10
v -32 7 10
v -31 8 10
v -31 9 10
v -30 8 10
v -30 9 10
v -30 11 10
v -29 9 10
v -29 10 10
v -29 11 10
v -29 12 10
v -29 13 10
v -29 14 10
v -28 9 10
v -28 10 10
v -28 12 10
v -28 13 10
v -28 14 10
v -28 15 10
v -27 14 10
v -27 15 10
v -27 17 10
v -27 18 10
v -26 17 10
v -26 18 10
v 18 27 10
v 18 28 10
v 19 27 10
v 19 28 10
v -35 0 9
v -35 1 9
v -34 0 9
v -34 1 9
v -31 9 9
v -31 10 9
v -30 9 9
v -30 10 9
v -28 15 9
v -28 16 9
v -28 17 9
v -27 15 9
v -27 16 9
v -27 17 9
v -26 16 9
v -26 17 9
v -26 18 9
v -25 17 9
v -25 18 9
v -8 49 9
v -8 50 9
v -2 49 9
v -2 50 9
v 5 49 9
v 5 50 9
v 6 49 9
v 6 50 9
v 7 49 9
v 7 50 9
v 8 49 9
v 8 50 9
v 9 49 9
v 9 50 9
v 11 49 9
v 11 50 9
v 22 21 9
v 22 22 9
v 23 18 9
v 23 21 9
v 24 19 9
v 24 22 9
v 25 18 9
v 25 19 9
v -35 1 8
v -35 3 8
v -34 1 8
v -34 2 8
v -34 3 8
v -20 29 8
v -20 30 8
v -19 29 8
v -19 30 8
v -11 49 8
v -11 50 8
v -10 49 8
v -10 50 8
v 11 49 8
v 11 50 8
v 12 49 8
v 12 50 8
v 18 28 8
v 18 29 8
v 19 28 8
v 19 29 8
v -21 27 7
v -21 28 7
v -20 27 7
v -20 28 7
v -12 49 7
v -12 50 7
v -11 49 7
v -11 50 7
v -10 49 7
v -10 50 7
v -9 49 7
v -9 50 7
v -9 51 7
v -8 50 7
v -5 50 7
v -5 51 7
v 12 49 7
v 12 50 7
v 15 49 7
v 15 50 7
v 18 29 7
v 18 30 7
v 19 29 7
v 19 30 7
v 20 28 7
v 20 29 7
v 20 30 7
v 21 28 7
v 21 29 7
v 22 28 7
v 22 29 7
v 23 29 7
v 23 30 7
v 24 29 7
v 24 30 7
v 40 0 7
v 40 1 7
v 41 0 7
v 41 1 7
v -26 18 6
v -26 22 6
v -25 18 6
v -25 22 6
v -9 49 6
v -9 50 6
v -7 49 6
v -7 50 6
v -7 51 6
v -7 54 6
v -7 55 6
v -7 57 6
v -7 62 6
v -7 64 6
v -7 66 6
v -7 67 6
v -7 69 6
v -7 71 6
v -6 51 6
v -6 54 6
v -6 55 6
v -6 57 6
v -6 62 6
v -6 64 6
v -6 66 6
v -6 67 6
v -6 69 6
v -6 71 6
v -2 83 6
v -2 84 6
v -1 83 6
v -1 84 6
v 0 83 6
v 0 84 6
v 4 83 6
v 4 84 6
v 5 83 6
v 5 84 6
v 6 83 6
v 6 84 6
v 21 27 6
v 21 28 6
v 22 27 6
v 22 28 6
v 23 27 6
v 23 28 6
v 37 9 6
v 37 11 6
v 37 12 6
v 38 7 6
v 38 8 6
v 38 9 6
v 38 11 6
v 38 12 6
v 39 4 6
v 39 5 6
v 39 6 6
v 39 7 6
v 39 8 6
v 39 9 6
v 40 1 6
v 40 2 6
v 40 3 6
v 40 4 6
v 40 5 6
v 40 6 6
v 40 7 6
v 41 1 6
v 41 2 6
v 41 3 6
v 41 4 6
v -21 28 5
v -21 29 5
v -20 28 5
v -20 29 5
v -7 49 5
v -7 50 5
v -6 49 5
v -6 50 5
v -3 83 5
v -3 84 5
v -2 83 5
v -2 84 5
v 6 83 5
v 6 84 5
v 8 83 5
v 8 84 5
v 19 29 5
v 19 30 5
v 20 29 5
v 20 30 5
v 21 29 5
v 21 30 5
v 22 28 5
v 22 29 5
v 23 28 5
v 23 29 5
v 36 12 5
v 36 14 5
v 37 12 5
v 37 14 5
v 39 7 5
v 39 8 5
v 40 7 5
v 40 8 5
v -26 29 4
v -26 30 4
v -25 29 4
v -25 30 4
v -24 28 4
v -24 29 4
v -23 28 4
v -23 29 4
v -22 28 4
v -22 29 4
v -21 29 4
v -21 30 4
v -20 29 4
v -20 30 4
v -6 49 4
v -6 50 4
v -5 49 4
v -5 50 4
v 8 83 4
v 8 84 4
v 9 83 4
v 9 84 4
v 20 28 4
v 20 29 4
v 21 28 4
v 21 29 4
v 22 29 4
v 22 30 4
v 23 29 4
v 23 30 4
v 24 29 4
v 24 30 4
v 35 17 4
v 35 18 4
v 36 14 4
v 36 15 4
v 36 16 4
v 36 17 4
v 36 18 4
v 37 12 4
v 37 14 4
v 37 15 4
v 37 16 4
v 37 17 4
v 37 18 4
v 38 11 4
v 38 12 4
v 38 14 4
v 39 11 4
v 39 12 4
v -25 27 3
v -25 28 3
v -24 27 3
v -24 28 3
v -23 27 3
v -23 28 3
v -20 29 3
v -20 30 3
v -19 29 3
v -19 30 3
v -7 83 3
v -7 84 3
v -6 83 3
v -6 84 3
v 19 29 3
v 19 30 3
v 20 29 3
v 20 30 3
v 21 29 3
v 22 29 3
v 22 30 3
v 24 29 3
v 24 30 3
v 25 28 3
v 25 29 3
v 25 30 3
v 26 26 3
v 26 27 3
v 26 28 3
v 26 29 3
v 27 26 3
v 27 27 3
v 33 17 3
v 33 18 3
v 35 17 3
v 35 18 3
v 36 15 3
v 36 16 3
v 37 15 3
v 37 16 3
v 38 8 3
v 38 9 3
v 38 11 3
v 39 8 3
v 39 9 3
v 39 11 3
v -25 28 2
v -25 29 2
v -24 28 2
v -24 29 2
v -23 29 2
v -23 30 2
v -22 29 2
v -22 30 2
v -21 29 2
v -21 30 2
v -8 83 2
v -8 84 2
v -7 83 2
v -7 84 2
v 3 49 2
v 3 50 2
v 4 49 2
v 4 50 2
v 12 50 2
v 12 51 2
v 13 50 2
v 13 51 2
v 30 17 2
v 30 18 2
v 32 17 2
v 32 18 2
v 33 17 2
v 33 18 2
v 39 8 2
v 39 9 2
v 40 7 2
v 40 8 2
v 40 9 2
v 41 5 2
v 41 6 2
v 41 7 2
v 41 8 2
v 42 3 2
v 42 4 2
v 42 5 2
v 42 6 2
v 42 7 2
v 43 1 2
v 43 2 2
v 43 3 2
v 43 4 2
v 43 5 2
v 44 0 2
v 44 1 2
v 44 2 2
v 44 3 2
v 45 0 2
v 45 1 2
v -25 29 1
v -25 30 1
v -24 29 1
v -24 30 1
v -23 28 1
v -23 29 1
v -22 28 1
v -22 29 1
v 11 50 1
v 11 51 1
v 12 50 1
v 12 51 1
v 12 52 1
v 12 53 1
v 12 54 1
v 12 56 1
v 12 57 1
v 12 60 1
v 12 63 1
v 12 65 1
v 12 66 1
v 12 67 1
v 12 68 1
v 12 70 1
v 13 49 1
v 13 50 1
v 13 51 1
v 13 52 1
v 13 53 1
v 13 54 1
v 13 56 1
v 13 57 1
v 13 60 1
v 13 63 1
v 13 65 1
v 13 66 1
v 13 67 1
v 13 68 1
v 13 70 1
v 14 49 1
v 14 50 1
v 21 29 1
v 21 30 1
v 23 29 1
v 23 30 1
v 27 17 1
v 27 18 1
v 30 17 1
v 30 18 1
v -29 26 -0
v -29 27 -0
v -28 26 -0
v -28 27 -0
v -28 28 -0
v -28 29 -0
v -27 28 -0
v -27 29 -0
v -26 29 -0
v -26 30 -0
v -25 29 -0
v -25 30 -0
v -24 29 -0
v -24 30 -0
v -23 29 -0
v -22 29 -0
v -22 30 -0
v -21 29 -0
v -21 30 -0
v -12 47 -0
v -12 48 -0
v -9 47 -0
v -9 48 -0
v -7 47 -0
v -7 48 -0
v 4 49 -0
v 4 50 -0
v 6 49 -0
v 6 50 -0
v 7 49 -0
v 7 50 -0
v 11 49 -0
v 11 50 -0
v 12 49 -0
v 12 50 -0
v 12 51 -0
v 13 50 -0
v 13 51 -0
v 22 28 -0
v 22 29 -0
v 23 28 -0
v 23 29 -0
v 24 28 -0
v 24 29 -0
v 26 18 -0
v 26 20 -0
v 27 18 -0
v 27 20 -0
v -20 29 -1
v -20 30 -1
v -19 29 -1
v -19 30 -1
v -9 83 -1
v -9 84 -1
v -8 83 -1
v -8 84 -1
v -7 47 -1
v -7 48 -1
v -6 47 -1
v -6 48 -1
v -3 47 -1
v -3 48 -1
v -2 47 -1
v -2 48 -1
v 0 47 -1
v 0 48 -1
v 12 49 -1
v 12 50 -1
v 13 49 -1
v 13 50 -1
v 21 29 -1
v 21 30 -1
v 22 29 -1
v 22 30 -1
v 23 29 -1
v 23 30 -1
v -25 29 -2
v -25 30 -2
v -23 29 -2
v -23 30 -2
v -7 83 -2
v -7 84 -2
v -6 83 -2
v -6 84 -2
v -5 83 -2
v -5 84 -2
v -4 83 -2
v -4 84 -2
v 0 47 -2
v 0 48 -2
v 1 47 -2
v 1 48 -2
v 4 47 -2
v 4 48 -2
v 5 47 -2
v 5 48 -2
v 8 47 -2
v 8 48 -2
v 8 83 -2
v 8 84 -2
v 11 83 -2
v 11 84 -2
v 24 29 -2
v 24 30 -2
v 25 28 -2
v 25 29 -2
v 25 30 -2
v 26 28 -2
v 26 29 -2
v -26 28 -3
v -26 29 -3
v -25 28 -3
v -25 29 -3
v -24 28 -3
v -24 29 -3
v -20 29 -3
v -20 30 -3
v -19 29 -3
v -19 30 -3
v -6 83 -3
v -6 84 -3
v -5 83 -3
v -5 84 -3
v 7 83 -3
v 7 84 -3
v 8 47 -3
v 8 48 -3
v 8 83 -3
v 8 84 -3
v 9 47 -3
v 9 48 -3
v 9 49 -3
v 10 48 -3
v 10 49 -3
v 11 83 -3
v 11 84 -3
v 12 83 -3
v 12 84 -3
v 18 29 -3
v 18 30 -3
v 19 29 -3
v 19 30 -3
v 20 29 -3
v 20 30 -3
v 22 29 -3
v 22 30 -3
v 23 29 -3
v 23 30 -3
v -25 29 -4
v -25 30 -4
v -24 29 -4
v -24 30 -4
v -23 29 -4
v -23 30 -4
v -10 83 -4
v -10 84 -4
v -9 83 -4
v -9 84 -4
v 9 47 -4
v 9 48 -4
v 10 47 -4
v 10 48 -4
v 10 49 -4
v 11 47 -4
v 11 48 -4
v 11 49 -4
v 12 47 -4
v 12 48 -4
v 20 29 -4
v 20 30 -4
v 21 29 -4
v 21 30 -4
v 25 29 -4
v 25 30 -4
v 27 29 -4
v 27 30 -4
v -28 28 -5
v -28 29 -5
v -27 28 -5
v -27 29 -5
v -27 30 -5
v -26 29 -5
v -26 30 -5
v -12 45 -5
v -12 46 -5
v -9 45 -5
v -9 46 -5
v -8 45 -5
v -8 46 -5
v -6 45 -5
v -6 46 -5
v -4 45 -5
v -4 46 -5
v 10 47 -5
v 10 48 -5
v 11 47 -5
v 11 48 -5
v 12 47 -5
v 12 48 -5
v 13 47 -5
v 13 48 -5
v -25 29 -6
v -25 30 -6
v -24 29 -6
v -24 30 -6
v -22 29 -6
v -22 30 -6
v -21 29 -6
v -21 30 -6
v -20 29 -6
v -20 30 -6
v -4 45 -6
v -4 46 -6
v -3 45 -6
v -3 46 -6
v -3 47 -6
v -2 46 -6
v -2 47 -6
v 4 47 -6
v 4 48 -6
v 5 47 -6
v 5 48 -6
v 7 47 -6
v 7 48 -6
v 9 47 -6
v 9 48 -6
v 13 47 -6
v 13 48 -6
v 14 47 -6
v 14 48 -6
v 22 29 -6
v 22 30 -6
v 23 29 -6
v 23 30 -6
v -33 17 -7
v -33 18 -7
v -32 17 -7
v -32 18 -7
v -31 17 -7
v -31 18 -7
v -30 17 -7
v -30 18 -7
v -30 19 -7
v -30 21 -7
v -30 22 -7
v -30 24 -7
v -30 27 -7
v -30 28 -7
v -30 29 -7
v -30 30 -7
v -30 31 -7
v -30 32 -7
v -29 18 -7
v -29 19 -7
v -29 21 -7
v -29 22 -7
v -29 24 -7
v -29 27 -7
v -29 28 -7
v -29 29 -7
v -29 30 -7
v -29 31 -7
v -29 32 -7
v -28 29 -7
v -28 30 -7
v -27 29 -7
v -27 30 -7
v -23 29 -7
v -23 30 -7
v -22 29 -7
v -22 30 -7
v -3 45 -7
v -3 46 -7
v -2 45 -7
v -2 46 -7
v -2 47 -7
v -1 45 -7
v -1 46 -7
v -1 47 -7
v 2 45 -7
v 2 46 -7
v 5 47 -7
v 5 48 -7
v 7 47 -7
v 7 48 -7
v 14 47 -7
v 14 48 -7
v 15 47 -7
v 15 48 -7
v 19 29 -7
v 19 30 -7
v 20 29 -7
v 20 30 -7
v 23 29 -7
v 23 30 -7
v 24 29 -7
v 24 30 -7
v -35 15 -8
v -35 16 -8
v -35 18 -8
v -34 15 -8
v -34 16 -8
v -34 17 -8
v -34 18 -8
v -33 17 -8
v -33 18 -8
v -2 45 -8
v -2 46 -8
v -1 45 -8
v -1 46 -8
v 2 45 -8
v 2 46 -8
v 3 45 -8
v 3 46 -8
v 20 29 -8
v 20 30 -8
v 21 29 -8
v 21 30 -8
v 25 29 -8
v 25 30 -8
v 26 29 -8
v 26 30 -8
v -37 13 -9
v -37 14 -9
v -36 13 -9
v -36 14 -9
v -35 13 -9
v -35 14 -9
v -35 15 -9
v -34 14 -9
v -34 15 -9
v 4 83 -9
v 4 84 -9
v 5 83 -9
v 5 84 -9
v 6 83 -9
v 6 84 -9
v 18 29 -9
v 18 30 -9
v 19 28 -9
v 19 29 -9
v 19 30 -9
v 20 28 -9
v 20 29 -9
v 21 29 -9
v 21 30 -9
v 24 29 -9
v 24 30 -9
v -38 7 -10
v -38 10 -10
v -38 11 -10
v -38 13 -10
v -38 14 -10
v -37 7 -10
v -37 10 -10
v -37 11 -10
v -37 13 -10
v -37 14 -10
v -22 29 -10
v -22 30 -10
v -21 29 -10
v -21 30 -10
v -20 29 -10
v -20 30 -10
v -19 29 -10
v -19 30 -10
v 0 83 -10
v 0 84 -10
v 3 45 -10
v 3 46 -10
v 4 45 -10
v 4 46 -10
v 4 83 -10
v 4 84 -10
v 22 30 -10
v 22 31 -10
v 23 30 -10
v 23 31 -10
v -40 0 -11
v -40 3 -11
v -40 4 -11
v -40 5 -11
v -40 7 -11
v -39 0 -11
v -39 3 -11
v -39 4 -11
v -39 5 -11
v -39 6 -11
v -38 6 -11
v -38 7 -11
v -28 29 -11
v -28 30 -11
v -27 29 -11
v -27 30 -11
v -23 29 -11
v -23 30 -11
v -22 29 -11
v -22 30 -11
v 4 45 -11
v 4 46 -11
v 5 45 -11
v 5 46 -11
v 18 28 -11
v 18 29 -11
v 19 28 -11
v 19 29 -11
v -26 29 -12
v -26 30 -12
v -23 29 -12
v -23 30 -12
v -22 28 -12
v -22 29 -12
v -21 28 -12
v -21 29 -12
v -21 30 -12
v -20 29 -12
v -20 30 -12
v -8 45 -12
v -8 46 -12
v -7 45 -12
v -7 46 -12
v -5 45 -12
v -5 46 -12
v -2 83 -12
v -2 84 -12
v -1 83 -12
v -1 84 -12
v 3 83 -12
v 3 84 -12
v 20 28 -12
v 20 29 -12
v 21 28 -12
v 21 29 -12
v 23 29 -12
v 23 30 -12
v 24 29 -12
v 24 30 -12
v -25 30 -13
v -25 31 -13
v -24 30 -13
v -24 31 -13
v -20 28 -13
v -20 29 -13
v -19 28 -13
v -19 29 -13
v -16 28 -13
v -16 29 -13
v -15 28 -13
v -15 29 -13
v -12 45 -13
v -12 46 -13
v -11 45 -13
v -11 46 -13
v 5 45 -13
v 5 46 -13
v 6 45 -13
v 6 46 -13
v 8 47 -13
v 8 48 -13
v 9 47 -13
v 9 48 -13
v 12 47 -13
v 12 48 -13
v -23 28 -14
v -23 29 -14
v -22 28 -14
v -22 29 -14
v -21 28 -14
v -21 29 -14
v -20 28 -14
v -20 29 -14
v -18 28 -14
v -18 29 -14
v -17 28 -14
v -17 29 -14
v 0 45 -14
v 0 46 -14
v 1 45 -14
v 1 46 -14
v 3 45 -14
v 3 46 -14
v 4 45 -14
v 4 46 -14
v -26 29 -15
v -26 30 -15
v -25 29 -15
v -25 30 -15
v -20 28 -15
v -20 29 -15
v -19 28 -15
v -19 29 -15
v 1 45 -15
v 1 46 -15
v 3 45 -15
v 3 46 -15
v 14 47 -15
v 14 48 -15
v 15 47 -15
v 15 48 -15
v 23 29 -15
v 23 30 -15
v 24 29 -15
v 24 30 -15
v -16 28 -16
v -16 29 -16
v -15 28 -16
v -15 29 -16
v 6 45 -16
v 6 46 -16
v 7 45 -16
v 7 46 -16
v 17 28 -16
v 17 29 -16
v 19 28 -16
v 19 29 -16
v -26 29 -18
v -26 30 -18
v -25 29 -18
v -25 30 -18
v -19 27 -18
v -19 28 -18
v -17 27 -18
v -17 28 -18
v -16 27 -18
v -16 28 -18
v -21 28 -19
v -21 29 -19
v -20 28 -19
v -20 29 -19
v -19 28 -19
v -19 29 -19
v -18 28 -19
v -18 29 -19
v 12 1 21
v 12 2 21
v 13 0 21
v 13 1 21
v 13 2 21
v 14 0 21
v 14 1 21
v 12 2 20
v 12 3 20
v 13 1 20
v 13 2 20
v 13 3 20
v 14 1 20
v 14 2 20
v 19 2 20
v 19 3 20
v 19 4 20
v 20 2 20
v 20 3 20
v 20 4 20
v 9 6 19
v 9 7 19
v 10 4 19
v 10 5 19
v 10 6 19
v 10 7 19
v 11 3 19
v 11 4 19
v 11 5 19
v 11 7 19
v 12 4 19
v 12 5 19
v 13 3 19
v 13 4 19
v 17 0 19
v 17 1 19
v 18 0 19
v 18 1 19
v 18 3 19
v 19 1 19
v 19 3 19
v 19 4 19
v 19 5 19
v 20 4 19
v 20 5 19
v 20 8 19
v 21 4 19
v 21 7 19
v 21 8 19
v 9 7 18
v 9 8 18
v 10 7 18
v 10 8 18
v 21 7 18
v 21 8 18
v 22 7 18
v 22 8 18
v 24 4 18
v 24 5 18
v 24 6 18
v 24 7 18
v 24 8 18
v 25 4 18
v 25 5 18
v 25 6 18
v 25 7 18
v 25 8 18
v 26 0 18
v 26 1 18
v 27 0 18
v 27 1 18
v 9 8 17
v 9 10 17
v 9 12 17
v 9 14 17
v 10 8 17
v 10 10 17
v 10 12 17
v 10 14 17
v 21 8 17
v 21 9 17
v 22 7 17
v 22 8 17
v 22 9 17
v 23 7 17
v 23 8 17
v 24 8 17
v 24 9 17
v 25 0 17
v 25 3 17
v 25 4 17
v 25 5 17
v 25 8 17
v 25 9 17
v 26 0 17
v 26 3 17
v 26 4 17
v 26 5 17
v -23 0 16
v -23 1 16
v -22 0 16
v -22 1 16
v 9 10 16
v 9 11 16
v 9 12 16
v 9 14 16
v 9 15 16
v 9 16 16
v 10 10 16
v 10 11 16
v 10 12 16
v 10 14 16
v 10 15 16
v 10 16 16
v 11 15 16
v 11 16 16
v 22 8 16
v 22 9 16
v 22 11 16
v 23 8 16
v 23 9 16
v 23 10 16
v 23 11 16
v 23 13 16
v 24 10 16
v 24 11 16
v 24 13 16
v 25 9 16
v 25 10 16
v 10 16 15
v 10 17 15
v 11 16 15
v 11 17 15
v 24 11 15
v 24 14 15
v 25 11 15
v 25 14 15
v -25 0 14
v -25 1 14
v -24 0 14
v -24 1 14
v -23 0 14
v -23 1 14
v 11 16 14
v 11 17 14
v 12 16 14
v 12 17 14
v 24 14 14
v 24 15 14
v 25 14 14
v 25 15 14
v -26 1 13
v -26 2 13
v -26 3 13
v -25 1 13
v -25 2 13
v -25 3 13
v -24 1 13
v -24 2 13
v 11 17 13
v 11 18 13
v 12 17 13
v 12 18 13
v 23 15 13
v 23 16 13
v 23 17 13
v 24 17 13
v 25 15 13
v 25 16 13
v 25 17 13
v -29 6 12
v -29 7 12
v -28 3 12
v -28 4 12
v -28 6 12
v -28 7 12
v -27 2 12
v -27 3 12
v -27 4 12
v -26 2 12
v -26 3 12
v -26 4 12
v -29 7 11
v -29 8 11
v -28 4 11
v -28 5 11
v -28 6 11
v -28 7 11
v -28 8 11
v -27 4 11
v -27 5 11
v -27 6 11
v -27 7 11
v -32 6 10
v -32 7 10
v -32 8 10
v -31 6 10
v -31 7 10
v -31 8 10
v -30 7 10
v -30 8 10
v -29 8 10
v -29 9 10
v -28 8 10
v -28 9 10
v -28 13 10
v -28 14 10
v -27 13 10
v -27 14 10
v -34 3 9
v -34 4 9
v -34 5 9
v -33 3 9
v -33 4 9
v -33 5 9
v -33 6 9
v -33 7 9
v -32 3 9
v -32 6 9
v -32 7 9
v -31 8 9
v -31 9 9
v -30 8 9
v -30 9 9
v -30 10 9
v -30 11 9
v -29 10 9
v -29 11 9
v -29 12 9
v -29 13 9
v -29 14 9
v -28 9 9
v -28 10 9
v -28 12 9
v -28 13 9
v -28 14 9
v -28 15 9
v -27 14 9
v -27 15 9
v 23 17 9
v 23 18 9
v 25 17 9
v 25 18 9
v -35 0 8
v -35 1 8
v -34 0 8
v -34 1 8
v -34 2 8
v -34 3 8
v -33 2 8
v -33 3 8
v -31 9 8
v -31 10 8
v -30 9 8
v -30 10 8
v -28 15 8
v -28 16 8
v -28 17 8
v -27 15 8
v -27 16 8
v -27 17 8
v -26 16 8
v -26 17 8
v 18 27 8
v 18 28 8
v 19 27 8
v 19 28 8
v 22 21 8
v 22 22 8
v 23 18 8
v 23 21 8
v 24 19 8
v 24 22 8
v 25 18 8
v 25 19 8
v -35 1 7
v -35 3 7
v -34 1 7
v -34 3 7
v -27 17 7
v -27 18 7
v -26 17 7
v -26 18 7
v -8 49 7
v -8 50 7
v -5 49 7
v -5 50 7
v 18 28 7
v 18 29 7
v 19 28 7
v 19 29 7
v -26 17 6
v -26 18 6
v -25 17 6
v -25 18 6
v -9 50 6
v -9 51 6
v -7 50 6
v -7 51 6
v 19 29 6
v 19 30 6
v 20 29 6
v 20 30 6
v 21 28 6
v 21 29 6
v 22 28 6
v 22 29 6
v 23 29 6
v 23 30 6
v 24 29 6
v 24 30 6
v 40 0 6
v 40 1 6
v 41 0 6
v 41 1 6
v -26 18 5
v -26 22 5
v -25 18 5
v -25 22 5
v -21 27 5
v -21 28 5
v -20 27 5
v -20 28 5
v -20 29 5
v -20 30 5
v -19 29 5
v -19 30 5
v -7 50 5
v -7 51 5
v -7 54 5
v -7 55 5
v -7 57 5
v -7 62 5
v -7 64 5
v -7 66 5
v -7 67 5
v -7 69 5
v -7 71 5
v -6 50 5
v -6 51 5
v -6 54 5
v -6 55 5
v -6 57 5
v -6 62 5
v -6 64 5
v -6 66 5
v -6 67 5
v -6 69 5
v -6 71 5
v 20 28 5
v 20 29 5
v 21 28 5
v 21 29 5
v 22 27 5
v 22 28 5
v 23 27 5
v 23 28 5
v 37 10 5
v 37 11 5
v 38 7 5
v 38 8 5
v 38 10 5
v 38 11 5
v 39 4 5
v 39 5 5
v 39 6 5
v 39 7 5
v 39 8 5
v 40 1 5
v 40 2 5
v 40 3 5
v 40 4 5
v 40 5 5
v 40 6 5
v 40 7 5
v 41 1 5
v 41 2 5
v 41 3 5
v 41 4 5
v -21 28 4
v -21 29 4
v -20 28 4
v -20 29 4
v -6 50 4
v -6 51 4
v -5 50 4
v -5 51 4
v 3 49 4
v 3 50 4
v 6 49 4
v 6 50 4
v 7 49 4
v 7 50 4
v 19 29 4
v 19 30 4
v 20 29 4
v 20 30 4
v 21 27 4
v 21 28 4
v 21 29 4
v 21 30 4
v 22 27 4
v 22 28 4
v 22 29 4
v 23 28 4
v 23 29 4
v 36 12 4
v 36 14 4
v 37 9 4
v 37 10 4
v 37 11 4
v 37 12 4
v 37 14 4
v 38 8 4
v 38 9 4
v 38 10 4
v 38 11 4
v 38 12 4
v 39 7 4
v 39 8 4
v 39 9 4
v 40 7 4
v 40 8 4
v -26 29 3
v -26 30 3
v -25 29 3
v -25 30 3
v -24 28 3
v -24 29 3
v -23 28 3
v -23 29 3
v 4 83 3
v 4 84 3
v 5 83 3
v 5 84 3
v 6 83 3
v 6 84 3
v 8 83 3
v 8 84 3
v 9 83 3
v 9 84 3
v 11 49 3
v 11 50 3
v 12 49 3
v 12 50 3
v 20 28 3
v 20 29 3
v 21 28 3
v 21 29 3
v 36 14 3
v 36 15 3
v 36 16 3
v 36 17 3
v 36 18 3
v 37 12 3
v 37 14 3
v 37 15 3
v 37 16 3
v 37 17 3
v 37 18 3
v 38 11 3
v 38 12 3
v 38 14 3
v 39 11 3
v 39 12 3
v -25 27 2
v -25 28 2
v -24 27 2
v -24 28 2
v -23 28 2
v -23 29 2
v -22 28 2
v -22 29 2
v -12 49 2
v -12 50 2
v -11 49 2
v -11 50 2
v -3 83 2
v -3 84 2
v -2 83 2
v -2 84 2
v 12 49 2
v 12 50 2
v 13 50 2
v 14 49 2
v 14 50 2
v 21 29 2
v 21 30 2
v 25 29 2
v 25 30 2
v 26 26 2
v 26 27 2
v 27 26 2
v 27 27 2
v 34 17 2
v 34 18 2
v 36 15 2
v 36 16 2
v 36 17 2
v 36 18 2
v 37 15 2
v 37 16 2
v 38 8 2
v 38 9 2
v 38 11 2
v 39 8 2
v 39 9 2
v 39 11 2
v -25 28 1
v -25 29 1
v -24 27 1
v -24 28 1
v -24 29 1
v -23 27 1
v -23 28 1
v -23 29 1
v -23 30 1
v -22 29 1
v -22 30 1
v -21 29 1
v -21 30 1
v -20 29 1
v -20 30 1
v -19 29 1
v -19 30 1
v -11 49 1
v -11 50 1
v -6 49 1
v -6 50 1
v -2 83 1
v -2 84 1
v -1 83 1
v -1 84 1
v 0 83 1
v 0 84 1
v 4 83 1
v 4 84 1
v 12 50 1
v 12 51 1
v 13 50 1
v 13 51 1
v 20 29 1
v 20 30 1
v 21 29 1
v 21 30 1
v 31 17 1
v 31 18 1
v 32 17 1
v 32 18 1
v 34 17 1
v 34 18 1
v 39 8 1
v 39 9 1
v 40 7 1
v 40 8 1
v 40 9 1
v 41 5 1
v 41 6 1
v 41 7 1
v 41 8 1
v 42 3 1
v 42 4 1
v 42 5 1
v 42 6 1
v 42 7 1
v 43 1 1
v 43 2 1
v 43 3 1
v 43 4 1
v 43 5 1
v 44 0 1
v 44 1 1
v 44 2 1
v 44 3 1
v 45 0 1
v 45 1 1
v -23 28 -0
v -23 29 -0
v -22 28 -0
v -22 29 -0
v -6 49 -0
v -6 50 -0
v -4 49 -0
v -4 50 -0
v -2 49 -0
v -2 50 -0
v 0 49 -0
v 0 50 -0
v 1 49 -0
v 1 50 -0
v 11 50 -0
v 11 51 -0
v 12 50 -0
v 12 51 -0
v 12 52 -0
v 12 53 -0
v 12 54 -0
v 12 56 -0
v 12 57 -0
v 12 60 -0
v 12 63 -0
v 12 65 -0
v 12 66 -0
v 12 67 -0
v 12 68 -0
v 12 70 -0
v 13 51 -0
v 13 52 -0
v 13 53 -0
v 13 54 -0
v 13 56 -0
v 13 57 -0
v 13 60 -0
v 13 63 -0
v 13 65 -0
v 13 66 -0
v 13 67 -0
v 13 68 -0
v 13 70 -0
v 18 29 -0
v 18 30 -0
v 19 29 -0
v 19 30 -0
v 21 29 -0
v 21 30 -0
v 22 29 -0
v 23 29 -0
v 23 30 -0
v 25 28 -0
v 25 29 -0
v 26 28 -0
v 26 29 -0
v 28 17 -0
v 28 18 -0
v 31 17 -0
v 31 18 -0
v -29 26 -1
v -29 27 -1
v -28 26 -1
v -28 27 -1
v -26 29 -1
v -26 30 -1
v -25 29 -1
v -25 30 -1
v -24 29 -1
v -24 30 -1
v -23 29 -1
v -23 30 -1
v -7 83 -1
v -7 84 -1
v -6 83 -1
v -6 84 -1
v 1 49 -1
v 1 50 -1
v 4 49 -1
v 4 50 -1
v 6 49 -1
v 6 50 -1
v 8 49 -1
v 8 50 -1
v 9 49 -1
v 9 50 -1
v 12 50 -1
v 12 51 -1
v 13 50 -1
v 13 51 -1
v 19 29 -1
v 19 30 -1
v 20 29 -1
v 20 30 -1
v 22 28 -1
v 22 29 -1
v 23 28 -1
v 23 29 -1
v 24 28 -1
v 24 29 -1
v 26 18 -1
v 26 20 -1
v 27 17 -1
v 27 18 -1
v 27 20 -1
v 28 17 -1
v 28 18 -1
v -23 29 -2
v -23 30 -2
v -22 29 -2
v -22 30 -2
v -20 29 -2
v -20 30 -2
v -19 29 -2
v -19 30 -2
v 9 49 -2
v 9 50 -2
v 10 49 -2
v 10 50 -2
v 21 29 -2
v 21 30 -2
v 22 29 -2
v 22 30 -2
v 23 29 -2
v 23 30 -2
v -28 28 -3
v -28 29 -3
v -27 28 -3
v -27 29 -3
v -25 29 -3
v -25 30 -3
v -24 29 -3
v -23 29 -3
v -23 30 -3
v -21 29 -3
v -21 30 -3
v -20 29 -3
v -20 30 -3
v -12 47 -3
v -12 48 -3
v -11 47 -3
v -11 48 -3
v -10 47 -3
v -10 48 -3
v 5 47 -3
v 5 48 -3
v 7 47 -3
v 7 48 -3
v 11 49 -3
v 11 50 -3
v 13 49 -3
v 13 50 -3
v 24 29 -3
v 24 30 -3
v 25 28 -3
v 25 29 -3
v 25 30 -3
v 26 28 -3
v 26 29 -3
v -26 28 -4
v -26 29 -4
v -25 28 -4
v -25 29 -4
v -24 28 -4
v -24 29 -4
v -22 29 -4
v -22 30 -4
v -21 29 -4
v -21 30 -4
v -10 47 -4
v -10 48 -4
v -9 47 -4
v -9 48 -4
v -7 47 -4
v -7 48 -4
v -5 47 -4
v -5 48 -4
v -3 47 -4
v -3 48 -4
v -2 47 -4
v -2 48 -4
v 4 47 -4
v 4 48 -4
v 5 47 -4
v 5 48 -4
v 7 47 -4
v 7 48 -4
v 8 47 -4
v 8 48 -4
v 9 48 -4
v 9 49 -4
v 10 48 -4
v 10 49 -4
v 10 50 -4
v 11 49 -4
v 11 50 -4
v 13 49 -4
v 13 50 -4
v 14 49 -4
v 14 50 -4
v 19 29 -4
v 19 30 -4
v 20 29 -4
v 20 30 -4
v -25 29 -5
v -25 30 -5
v -24 29 -5
v -24 30 -5
v -23 29 -5
v -23 30 -5
v 2 47 -5
v 2 48 -5
v 3 47 -5
v 3 48 -5
v 4 47 -5
v 4 48 -5
v 8 47 -5
v 8 48 -5
v 9 47 -5
v 9 48 -5
v 10 48 -5
v 10 49 -5
v 11 48 -5
v 11 49 -5
v 14 49 -5
v 14 50 -5
v 15 49 -5
v 15 50 -5
v 20 29 -5
v 20 30 -5
v 21 29 -5
v 21 30 -5
v 22 29 -5
v 22 30 -5
v 23 29 -5
v 23 30 -5
v 26 29 -5
v 26 30 -5
v 27 29 -5
v 27 30 -5
v -28 28 -6
v -28 29 -6
v -27 28 -6
v -27 29 -6
v -27 30 -6
v -26 29 -6
v -26 30 -6
v -10 83 -6
v -10 84 -6
v -9 83 -6
v -9 84 -6
v -1 47 -6
v -1 48 -6
v 0 47 -6
v 0 48 -6
v 2 47 -6
v 2 48 -6
v -22 29 -7
v -22 30 -7
v -21 29 -7
v -21 30 -7
v -20 29 -7
v -20 30 -7
v -19 29 -7
v -19 30 -7
v -9 83 -7
v -9 84 -7
v -8 83 -7
v -8 84 -7
v -6 83 -7
v -6 84 -7
v -4 83 -7
v -4 84 -7
v -3 46 -7
v -3 47 -7
v -2 46 -7
v -2 47 -7
v -2 48 -7
v -1 47 -7
v -1 48 -7
v 7 83 -7
v 7 84 -7
v 8 83 -7
v 8 84 -7
v 11 83 -7
v 11 84 -7
v 12 83 -7
v 12 84 -7
v 18 29 -7
v 18 30 -7
v 19 29 -7
v 19 30 -7
v 25 29 -7
v 25 30 -7
v 26 29 -7
v 26 30 -7
v -32 17 -8
v -32 18 -8
v -31 17 -8
v -31 18 -8
v -30 17 -8
v -30 18 -8
v -30 19 -8
v -30 21 -8
v -30 22 -8
v -30 24 -8
v -30 27 -8
v -30 28 -8
v -30 29 -8
v -30 30 -8
v -30 31 -8
v -30 32 -8
v -29 18 -8
v -29 19 -8
v -29 21 -8
v -29 22 -8
v -29 24 -8
v -29 27 -8
v -29 28 -8
v -29 29 -8
v -29 30 -8
v -29 31 -8
v -29 32 -8
v -28 29 -8
v -28 30 -8
v -25 29 -8
v -25 30 -8
v -24 29 -8
v -24 30 -8
v -12 45 -8
v -12 46 -8
v -11 45 -8
v -11 46 -8
v -8 45 -8
v -8 46 -8
v -8 83 -8
v -8 84 -8
v -6 45 -8
v -6 46 -8
v -6 83 -8
v -6 84 -8
v -2 46 -8
v -2 47 -8
v -1 46 -8
v -1 47 -8
v 8 83 -8
v 8 84 -8
v 9 83 -8
v 9 84 -8
v 22 29 -8
v 22 30 -8
v 23 29 -8
v 23 30 -8
v 24 29 -8
v 24 30 -8
v -35 16 -9
v -35 18 -9
v -34 16 -9
v -34 17 -9
v -34 18 -9
v -32 17 -9
v -32 18 -9
v -23 29 -9
v -23 30 -9
v -22 29 -9
v -22 30 -9
v -6 45 -9
v -6 46 -9
v -5 45 -9
v -5 46 -9
v 4 47 -9
v 4 48 -9
v 5 47 -9
v 5 48 -9
v 10 47 -9
v 10 48 -9
v 12 47 -9
v 12 48 -9
v 19 29 -9
v 19 30 -9
v 20 29 -9
v 20 30 -9
v 21 29 -9
v 21 30 -9
v -37 13 -10
v -37 14 -10
v -36 13 -10
v -36 14 -10
v -35 13 -10
v -35 14 -10
v -35 16 -10
v -34 14 -10
v -34 16 -10
v -28 29 -10
v -28 30 -10
v -27 29 -10
v -27 30 -10
v 5 47 -10
v 5 48 -10
v 6 47 -10
v 6 48 -10
v 8 47 -10
v 8 48 -10
v 10 47 -10
v 10 48 -10
v 18 29 -10
v 18 30 -10
v 19 29 -10
v 19 30 -10
v 22 29 -10
v 22 30 -10
v 23 30 -10
v 24 29 -10
v 24 30 -10
v -38 8 -11
v -38 10 -11
v -38 11 -11
v -38 13 -11
v -38 14 -11
v -37 8 -11
v -37 10 -11
v -37 11 -11
v -37 13 -11
v -37 14 -11
v -21 29 -11
v -21 30 -11
v -20 29 -11
v -20 30 -11
v 0 45 -11
v 0 46 -11
v 0 83 -11
v 0 84 -11
v 1 45 -11
v 1 46 -11
v 3 45 -11
v 3 46 -11
v 3 83 -11
v 3 84 -11
v 4 45 -11
v 4 46 -11
v 9 83 -11
v 9 84 -11
v 11 83 -11
v 11 84 -11
v 22 30 -11
v 22 31 -11
v 23 30 -11
v 23 31 -11
v -40 0 -12
v -40 3 -12
v -40 4 -12
v -40 5 -12
v -40 7 -12
v -39 0 -12
v -39 3 -12
v -39 4 -12
v -39 5 -12
v -39 6 -12
v -38 6 -12
v -38 7 -12
v -38 8 -12
v -37 7 -12
v -37 8 -12
v -23 29 -12
v -23 30 -12
v -22 29 -12
v -22 30 -12
v -21 29 -12
v -21 30 -12
v 18 28 -12
v 18 29 -12
v 19 28 -12
v 19 29 -12
v 25 29 -12
v 25 30 -12
v 26 29 -12
v 26 30 -12
v -26 29 -13
v -26 30 -13
v -25 30 -13
v -24 29 -13
v -24 30 -13
v -21 29 -13
v -21 30 -13
v -20 29 -13
v -19 29 -13
v -19 30 -13
v 4 83 -13
v 4 84 -13
v 5 83 -13
v 5 84 -13
v 6 47 -13
v 6 48 -13
v 6 83 -13
v 6 84 -13
v 7 47 -13
v 7 48 -13
v 19 28 -13
v 19 29 -13
v 20 28 -13
v 20 29 -13
v 21 29 -13
v 21 30 -13
v 22 29 -13
v 22 30 -13
v 23 29 -13
v 23 30 -13
v 24 29 -13
v 24 30 -13
v -25 30 -14
v -25 31 -14
v -24 30 -14
v -24 31 -14
v -20 28 -14
v -20 29 -14
v -19 28 -14
v -19 29 -14
v 2 83 -14
v 2 84 -14
v 4 83 -14
v 4 84 -14
v 14 47 -14
v 14 48 -14
v 15 47 -14
v 15 48 -14
v 20 28 -14
v 20 29 -14
v 21 28 -14
v 21 29 -14
v -28 29 -15
v -28 30 -15
v -27 29 -15
v -27 30 -15
v -21 28 -15
v -21 29 -15
v -20 28 -15
v -20 29 -15
v -16 28 -15
v -16 29 -15
v -15 28 -15
v -15 29 -15
v -2 83 -15
v -2 84 -15
v 0 83 -15
v 0 84 -15
v 2 83 -15
v 2 84 -15
v 7 47 -15
v 7 48 -15
v 8 47 -15
v 8 48 -15
v -26 29 -16
v -26 30 -16
v -25 29 -16
v -25 30 -16
v -24 29 -16
v -24 30 -16
v -23 29 -16
v -23 30 -16
v -22 28 -16
v -22 29 -16
v -21 28 -16
v -21 29 -16
v 23 29 -16
v 23 30 -16
v 24 29 -16
v 24 30 -16
v -23 28 -17
v -23 29 -17
v -22 28 -17
v -22 29 -17
v -18 28 -17
v -18 29 -17
v -17 28 -17
v -17 29 -17
v 17 28 -17
v 17 29 -17
v 19 28 -17
v 19 29 -17
v -20 28 -18
v -20 29 -18
v -19 28 -18
v -19 29 -18
v -12 45 -18
v -12 46 -18
v -9 45 -18
v -9 46 -18
v -8 45 -18
v -8 46 -18
v -4 45 -18
v -4 46 -18
v -2 45 -18
v -2 46 -18
v 1 45 -18
v 1 46 -18
v 7 45 -18
v 7 46 -18
v 8 47 -18
v 8 48 -18
v 10 47 -18
v 10 48 -18
v 13 47 -18
v 13 48 -18
v 14 47 -18
v 14 48 -18
v 15 47 -18
v 15 48 -18
v -26 29 -19
v -26 30 -19
v -25 29 -19
v -25 30 -19
v -19 27 -19
v -19 28 -19
v -18 27 -19
v -18 28 -19
v 10 47 -19
v 10 48 -19
v 11 47 -19
v 11 48 -19
v 13 47 -19
v 13 48 -19
v -21 28 -20
v -21 29 -20
v -20 28 -20
v -20 29 -20
v -19 28 -20
v -19 29 -20
v -18 27 -20
v -18 28 -20
v -18 29 -20
v -17 27 -20
v -17 28 -20
v -16 27 -20
v -16 28 -20
v -16 29 -20
v -15 28 -20
v -15 29 -20
v 13 0 22
v 14 0 22
v 13 0 21
v 14 0 21
v 17 0 20
v 18 0 20
v 17 0 19
v 18 0 19
v 26 0 19
v 27 0 19
v 25 0 18
v 26 0 18
v 27 0 18
v -23 0 17
v -22 0 17
v 25 0 17
v 26 0 17
v -24 0 16
v -23 0 16
v -22 0 16
v -25 0 15
v -24 0 15
v -25 0 14
v -24 0 14
v -23 0 14
v -35 0 9
v -34 0 9
v -35 0 8
v -34 0 8
v 40 0 7
v 41 0 7
v 40 0 6
v 41 0 6
v 44 0 2
v 45 0 2
v 44 0 1
v 45 0 1
v -40 0 -11
v -39 0 -11
v -40 0 -12
v -39 0 -12
v 12 1 22
v 13 1 22
v 12 1 21
v 13 1 21
v 14 1 21
v 13 1 20
v 14 1 20
v 18 1 20
v 19 1 20
v 18 1 19
v 19 1 19
v -26 1 14
v -25 1 14
v -24 1 14
v -26 1 13
v -25 1 13
v -24 1 13
v -35 1 8
v -34 1 8
v -35 1 7
v -34 1 7
v 40 1 6
v 41 1 6
v 40 1 5
v 41 1 5
v 43 1 2
v 44 1 2
v 43 1 1
v 44 1 1
v 12 2 21
v 13 2 21
v 19 2 21
v 20 2 21
v 12 2 20
v 13 2 20
v 19 2 20
v 20 2 20
v -27 2 13
v -26 2 13
v -27 2 12
v -26 2 12
v -34 2 10
v -33 2 10
v -34 2 9
v -33 2 9
v -34 2 8
v -33 2 8
v 11 3 20
v 12 3 20
v 13 3 20
v 11 3 19
v 13 3 19
v -28 3 13
v -27 3 13
v -28 3 12
v -27 3 12
v -33 3 10
v -32 3 10
v -33 3 9
v -32 3 9
v 42 3 2
v 43 3 2
v 42 3 1
v 43 3 1
v 10 4 20
v 11 4 20
v 19 4 20
v 20 4 20
v 21 4 20
v 10 4 19
v 11 4 19
v 19 4 19
v 20 4 19
v 21 4 19
v 24 4 19
v 25 4 19
v 24 4 18
v 25 4 18
v -28 4 12
v -27 4 12
v -28 4 11
v -27 4 11
v 39 4 6
v 40 4 6
v 39 4 5
v 40 4 5
v 41 5 2
v 42 5 2
v 41 5 1
v 42 5 1
v 9 6 20
v 10 6 20
v 9 6 19
v 10 6 19
v -29 6 13
v -28 6 13
v -29 6 12
v -28 6 12
v -32 6 11
v -31 6 11
v -32 6 10
v -31 6 10
v -39 6 -11
v -38 6 -11
v -39 6 -12
v -38 6 -12
v 9 7 19
v 10 7 19
v 21 7 19
v 22 7 19
v 9 7 18
v 10 7 18
v 21 7 18
v 22 7 18
v 23 7 18
v 22 7 17
v 23 7 17
v -29 7 12
v -28 7 12
v -31 7 11
v -30 7 11
v -29 7 11
v -28 7 11
v -31 7 10
v -30 7 10
v 38 7 6
v 39 7 6
v 38 7 5
v 39 7 5
v 40 7 5
v 39 7 4
v 40 7 4
v 40 7 2
v 41 7 2
v 40 7 1
v 41 7 1
v -38 7 -10
v -37 7 -10
v -38 7 -11
v -38 7 -12
v -37 7 -12
v 9 8 18
v 10 8 18
v 21 8 18
v 22 8 18
v 24 8 18
v 25 8 18
v 9 8 17
v 10 8 17
v 21 8 17
v 22 8 17
v 23 8 17
v 24 8 17
v 25 8 17
v 22 8 16
v 23 8 16
v -29 8 11
v -28 8 11
v -31 8 10
v -30 8 10
v -29 8 10
v -28 8 10
v -31 8 9
v -30 8 9
v 38 8 5
v 39 8 5
v 38 8 4
v 39 8 4
v 38 8 3
v 39 8 3
v 38 8 2
v 39 8 2
v 40 8 2
v 39 8 1
v 40 8 1
v 23 9 17
v 24 9 17
v 25 9 17
v 23 9 16
v 25 9 16
v -30 9 10
v -29 9 10
v -28 9 10
v -31 9 9
v -30 9 9
v -28 9 9
v -31 9 8
v -30 9 8
v 37 9 6
v 38 9 6
v 37 9 5
v 38 9 5
v 37 9 4
v 38 9 4
v 9 10 17
v 10 10 17
v 9 10 16
v 10 10 16
v 24 11 16
v 25 11 16
v 24 11 15
v 25 11 15
v 37 11 5
v 38 11 5
v 37 11 4
v 38 11 4
v 39 11 4
v 38 11 3
v 39 11 3
v 9 12 18
v 10 12 18
v 9 12 17
v 10 12 17
v 36 12 5
v 37 12 5
v 36 12 4
v 37 12 4
v 38 12 4
v 37 12 3
v 38 12 3
v -28 13 11
v -27 13 11
v -28 13 10
v -27 13 10
v -37 13 -9
v -36 13 -9
v -35 13 -9
v -37 13 -10
v -36 13 -10
v -35 13 -10
v 9 14 17
v 10 14 17
v 9 14 16
v 10 14 16
v 24 14 15
v 25 14 15
v 24 14 14
v 25 14 14
v -28 14 10
v -27 14 10
v -28 14 9
v -27 14 9
v 36 14 4
v 37 14 4
v 36 14 3
v 37 14 3
v -35 14 -9
v -34 14 -9
v -35 14 -10
v -34 14 -10
v 10 15 17
v 11 15 17
v 10 15 16
v 11 15 16
v 23 15 14
v 24 15 14
v 25 15 14
v 23 15 13
v 25 15 13
v -28 15 9
v -27 15 9
v -28 15 8
v -27 15 8
v 36 15 3
v 37 15 3
v 36 15 2
v 37 15 2
v -35 15 -8
v -34 15 -8
v -35 15 -9
v -34 15 -9
v 10 16 16
v 11 16 16
v 12 16 16
v 10 16 15
v 11 16 15
v 12 16 15
v 11 16 14
v 12 16 14
v -27 16 9
v -26 16 9
v -27 16 8
v -26 16 8
v 36 16 4
v 37 16 4
v 36 16 3
v 37 16 3
v 11 17 14
v 12 17 14
v 11 17 13
v 12 17 13
v 23 17 13
v 24 17 13
v 23 17 12
v 24 17 12
v 24 17 11
v 25 17 11
v -27 17 10
v -26 17 10
v -27 17 9
v -26 17 9
v -25 17 9
v 23 17 9
v 25 17 9
v -27 17 8
v -26 17 8
v -27 17 7
v -26 17 7
v -26 17 6
v -25 17 6
v 35 17 4
v 36 17 4
v 33 17 3
v 35 17 3
v 36 17 3
v 30 17 2
v 32 17 2
v 33 17 2
v 34 17 2
v 36 17 2
v 27 17 1
v 30 17 1
v 31 17 1
v 32 17 1
v 34 17 1
v 28 17 -0
v 31 17 -0
v 27 17 -1
v 28 17 -1
v -33 17 -7
v -32 17 -7
v -31 17 -7
v -30 17 -7
v -34 17 -8
v -33 17 -8
v -32 17 -8
v -31 17 -8
v -30 17 -8
v -34 17 -9
v -32 17 -9
v 23 18 9
v 25 18 9
v 23 18 8
v 25 18 8
v -26 18 6
v -25 18 6
v -26 18 5
v -25 18 5
v 26 18 -0
v 27 18 -0
v 26 18 -1
v 27 18 -1
v -30 18 -7
v -29 18 -7
v -30 18 -8
v -29 18 -8
v 22 21 9
v 23 21 9
v 22 21 8
v 23 21 8
v 26 26 3
v 27 26 3
v 26 26 2
v 27 26 2
v -29 26 -0
v -28 26 -0
v -29 26 -1
v -28 26 -1
v 18 27 10
v 19 27 10
v 18 27 9
v 19 27 9
v 18 27 8
v 19 27 8
v -21 27 7
v -20 27 7
v 21 27 6
v 22 27 6
v 23 27 6
v -21 27 5
v -20 27 5
v 22 27 5
v 23 27 5
v 21 27 4
v 22 27 4
v -25 27 3
v -24 27 3
v -23 27 3
v -25 27 2
v -24 27 2
v -23 27 2
v -24 27 1
v -23 27 1
v -19 27 -18
v -17 27 -18
v -16 27 -18
v -19 27 -19
v -18 27 -19
v -17 27 -19
v -16 27 -19
v -18 27 -20
v -17 27 -20
v -16 27 -20
v 18 28 8
v 19 28 8
v 18 28 7
v 19 28 7
v 20 28 7
v 21 28 7
v 22 28 7
v 20 28 6
v 21 28 6
v 22 28 6
v -21 28 5
v -20 28 5
v 20 28 5
v 21 28 5
v 22 28 5
v 23 28 5
v -24 28 4
v -23 28 4
v -22 28 4
v -21 28 4
v -20 28 4
v 20 28 4
v 21 28 4
v 22 28 4
v 23 28 4
v -24 28 3
v -23 28 3
v -22 28 3
v 20 28 3
v 21 28 3
v 25 28 3
v 26 28 3
v -25 28 2
v -24 28 2
v -23 28 2
v -22 28 2
v 25 28 2
v 26 28 2
v -25 28 1
v -24 28 1
v -23 28 1
v -22 28 1
v -28 28 -0
v -27 28 -0
v -23 28 -0
v -22 28 -0
v 22 28 -0
v 23 28 -0
v 24 28 -0
v 25 28 -0
v 26 28 -0
v 22 28 -1
v 23 28 -1
v 24 28 -1
v -28 28 -2
v -27 28 -2
v 25 28 -2
v 26 28 -2
v -28 28 -3
v -27 28 -3
v -26 28 -3
v -25 28 -3
v -24 28 -3
v 25 28 -3
v 26 28 -3
v -26 28 -4
v -25 28 -4
v -24 28 -4
v -28 28 -5
v -27 28 -5
v -28 28 -6
v -27 28 -6
v 19 28 -9
v 20 28 -9
v 19 28 -10
v 20 28 -10
v 18 28 -11
v 19 28 -11
v -22 28 -12
v -21 28 -12
v 18 28 -12
v 19 28 -12
v 20 28 -12
v 21 28 -12
v -22 28 -13
v -21 28 -13
v -20 28 -13
v -19 28 -13
v -16 28 -13
v -15 28 -13
v 19 28 -13
v 20 28 -13
v 21 28 -13
v -23 28 -14
v -22 28 -14
v -21 28 -14
v -20 28 -14
v -19 28 -14
v -18 28 -14
v -17 28 -14
v 20 28 -14
v 21 28 -14
v -23 28 -15
v -22 28 -15
v -21 28 -15
v -20 28 -15
v -19 28 -15
v -16 28 -15
v -15 28 -15
v -22 28 -16
v -21 28 -16
v -20 28 -16
v -19 28 -16
v -18 28 -16
v -17 28 -16
v -16 28 -16
v -15 28 -16
v 17 28 -16
v 19 28 -16
v -23 28 -17
v -22 28 -17
v -20 28 -17
v -19 28 -17
v -18 28 -17
v -17 28 -17
v -16 28 -17
v -15 28 -17
v 17 28 -17
v 19 28 -17
v -20 28 -18
v -19 28 -18
v -16 28 -18
v -21 28 -19
v -20 28 -19
v -19 28 -19
v -18 28 -19
v -16 28 -19
v -21 28 -20
v -20 28 -20
v -19 28 -20
v -18 28 -20
v -16 28 -20
v -15 28 -20
v -20 29 8
v -19 29 8
v 18 29 7
v 19 29 7
v 20 29 7
v 23 29 7
v 24 29 7
v -20 29 6
v -19 29 6
v 18 29 6
v 19 29 6
v 20 29 6
v 23 29 6
v 24 29 6
v -20 29 5
v -19 29 5
v 18 29 5
v 19 29 5
v 20 29 5
v 21 29 5
v -26 29 4
v -25 29 4
v -21 29 4
v -20 29 4
v 18 29 4
v 19 29 4
v 20 29 4
v 21 29 4
v 22 29 4
v 23 29 4
v 24 29 4
v -26 29 3
v -25 29 3
v -21 29 3
v -20 29 3
v -19 29 3
v 18 29 3
v 19 29 3
v 20 29 3
v 21 29 3
v 22 29 3
v 23 29 3
v 24 29 3
v 25 29 3
v -23 29 2
v -22 29 2
v -21 29 2
v -19 29 2
v 18 29 2
v 19 29 2
v 20 29 2
v 21 29 2
v 25 29 2
v -25 29 1
v -24 29 1
v -23 29 1
v -22 29 1
v -21 29 1
v -20 29 1
v -19 29 1
v 18 29 1
v 19 29 1
v 20 29 1
v 21 29 1
v 23 29 1
v -26 29 -0
v -25 29 -0
v -24 29 -0
v -23 29 -0
v -22 29 -0
v -21 29 -0
v -20 29 -0
v 18 29 -0
v 19 29 -0
v 20 29 -0
v 21 29 -0
v 22 29 -0
v 23 29 -0
v -26 29 -1
v -25 29 -1
v -24 29 -1
v -23 29 -1
v -22 29 -1
v -21 29 -1
v -20 29 -1
v -19 29 -1
v 19 29 -1
v 20 29 -1
v 21 29 -1
v 22 29 -1
v 23 29 -1
v -25 29 -2
v -23 29 -2
v -22 29 -2
v -20 29 -2
v -19 29 -2
v 21 29 -2
v 22 29 -2
v 23 29 -2
v 24 29 -2
v 25 29 -2
v -25 29 -3
v -24 29 -3
v -23 29 -3
v -22 29 -3
v -21 29 -3
v -20 29 -3
v -19 29 -3
v 18 29 -3
v 19 29 -3
v 20 29 -3
v 22 29 -3
v 23 29 -3
v 24 29 -3
v 25 29 -3
v -25 29 -4
v -24 29 -4
v -23 29 -4
v -22 29 -4
v -21 29 -4
v -20 29 -4
v -19 29 -4
v 18 29 -4
v 19 29 -4
v 20 29 -4
v 21 29 -4
v 22 29 -4
v 23 29 -4
v 25 29 -4
v 27 29 -4
v -27 29 -5
v -26 29 -5
v -25 29 -5
v -24 29 -5
v -23 29 -5
v -20 29 -5
v -19 29 -5
v 18 29 -5
v 19 29 -5
v 20 29 -5
v 21 29 -5
v 22 29 -5
v 23 29 -5
v 25 29 -5
v 26 29 -5
v 27 29 -5
v -27 29 -6
v -26 29 -6
v -25 29 -6
v -24 29 -6
v -22 29 -6
v -21 29 -6
v -20 29 -6
v 18 29 -6
v 19 29 -6
v 22 29 -6
v 23 29 -6
v 25 29 -6
v 26 29 -6
v -29 29 -7
v -28 29 -7
v -27 29 -7
v -25 29 -7
v -24 29 -7
v -23 29 -7
v -22 29 -7
v -21 29 -7
v -20 29 -7
v -19 29 -7
v 18 29 -7
v 19 29 -7
v 20 29 -7
v 22 29 -7
v 23 29 -7
v 24 29 -7
v 25 29 -7
v 26 29 -7
v -29 29 -8
v -28 29 -8
v -25 29 -8
v -24 29 -8
v 20 29 -8
v 21 29 -8
v 22 29 -8
v 23 29 -8
v 24 29 -8
v 25 29 -8
v 26 29 -8
v -28 29 -9
v -27 29 -9
v -23 29 -9
v -22 29 -9
v -21 29 -9
v -20 29 -9
v 18 29 -9
v 19 29 -9
v 20 29 -9
v 21 29 -9
v 24 29 -9
v 25 29 -9
v 26 29 -9
v -28 29 -10
v -27 29 -10
v -22 29 -10
v -21 29 -10
v -20 29 -10
v -19 29 -10
v 18 29 -10
v 19 29 -10
v 21 29 -10
v 22 29 -10
v 24 29 -10
v 25 29 -10
v 26 29 -10
v -28 29 -11
v -27 29 -11
v -23 29 -11
v -22 29 -11
v -21 29 -11
v -20 29 -11
v 21 29 -11
v 22 29 -11
v -28 29 -12
v -27 29 -12
v -26 29 -12
v -23 29 -12
v -22 29 -12
v -21 29 -12
v -20 29 -12
v 21 29 -12
v 22 29 -12
v 23 29 -12
v 24 29 -12
v 25 29 -12
v 26 29 -12
v -26 29 -13
v -24 29 -13
v -23 29 -13
v -21 29 -13
v -20 29 -13
v -19 29 -13
v 21 29 -13
v 22 29 -13
v 23 29 -13
v 24 29 -13
v -28 29 -14
v -27 29 -14
v -23 29 -14
v -28 29 -15
v -27 29 -15
v -26 29 -15
v -25 29 -15
v -24 29 -15
v -23 29 -15
v 23 29 -15
v 24 29 -15
v -26 29 -16
v -25 29 -16
v -24 29 -16
v -23 29 -16
v 23 29 -16
v 24 29 -16
v -26 29 -18
v -25 29 -18
v -26 29 -19
v -25 29 -19
v 22 30 -10
v 23 30 -10
v 22 30 -11
v 23 30 -11
v -25 30 -13
v -24 30 -13
v -25 30 -14
v -24 30 -14
v -12 45 -5
v -9 45 -5
v -8 45 -5
v -6 45 -5
v -4 45 -5
v -10 45 -6
v -9 45 -6
v -8 45 -6
v -7 45 -6
v -6 45 -6
v -5 45 -6
v -4 45 -6
v -3 45 -6
v -9 45 -7
v -8 45 -7
v -7 45 -7
v -6 45 -7
v -5 45 -7
v -4 45 -7
v -3 45 -7
v -2 45 -7
v -1 45 -7
v 2 45 -7
v -12 45 -8
v -11 45 -8
v -8 45 -8
v -6 45 -8
v -5 45 -8
v -4 45 -8
v -3 45 -8
v -2 45 -8
v -1 45 -8
v 0 45 -8
v 2 45 -8
v 3 45 -8
v -9 45 -9
v -8 45 -9
v -6 45 -9
v -5 45 -9
v -4 45 -9
v -3 45 -9
v -2 45 -9
v 0 45 -9
v 1 45 -9
v -10 45 -10
v -9 45 -10
v -5 45 -10
v -3 45 -10
v 1 45 -10
v 2 45 -10
v 3 45 -10
v 4 45 -10
v -10 45 -11
v -9 45 -11
v -5 45 -11
v -3 45 -11
v 0 45 -11
v 1 45 -11
v 3 45 -11
v 4 45 -11
v 5 45 -11
v -9 45 -12
v -8 45 -12
v -7 45 -12
v -5 45 -12
v -4 45 -12
v -3 45 -12
v -2 45 -12
v -1 45 -12
v 0 45 -12
v -12 45 -13
v -11 45 -13
v -9 45 -13
v -8 45 -13
v -7 45 -13
v -6 45 -13
v -4 45 -13
v -3 45 -13
v -2 45 -13
v -1 45 -13
v 0 45 -13
v 5 45 -13
v 6 45 -13
v -11 45 -14
v -10 45 -14
v -6 45 -14
v -4 45 -14
v -3 45 -14
v -2 45 -14
v 0 45 -14
v 1 45 -14
v 3 45 -14
v 4 45 -14
v 5 45 -14
v -12 45 -15
v -11 45 -15
v -10 45 -15
v -9 45 -15
v -8 45 -15
v -7 45 -15
v -5 45 -15
v -4 45 -15
v -3 45 -15
v 0 45 -15
v 1 45 -15
v 3 45 -15
v 4 45 -15
v 6 45 -15
v -12 45 -16
v -10 45 -16
v -8 45 -16
v -7 45 -16
v -3 45 -16
v -2 45 -16
v 1 45 -16
v 2 45 -16
v 6 45 -16
v 7 45 -16
v -5 45 -17
v -4 45 -17
v -3 45 -17
v -2 45 -17
v -1 45 -17
v 0 45 -17
v 1 45 -17
v 2 45 -17
v 7 45 -17
v -12 45 -18
v -9 45 -18
v -8 45 -18
v -4 45 -18
v -2 45 -18
v 1 45 -18
v 7 45 -18
v -3 46 -6
v -2 46 -6
v -3 46 -7
v -2 46 -7
v -1 46 -7
v -2 46 -8
v -1 46 -8
v -12 47 -0
v -9 47 -0
v -7 47 -0
v -7 47 -1
v -6 47 -1
v -3 47 -1
v -2 47 -1
v 0 47 -1
v -11 47 -2
v -9 47 -2
v -8 47 -2
v -7 47 -2
v -6 47 -2
v -4 47 -2
v -2 47 -2
v -1 47 -2
v 0 47 -2
v 1 47 -2
v 4 47 -2
v 5 47 -2
v 8 47 -2
v -12 47 -3
v -11 47 -3
v -10 47 -3
v -9 47 -3
v -8 47 -3
v -7 47 -3
v -6 47 -3
v -5 47 -3
v -4 47 -3
v -3 47 -3
v -2 47 -3
v 1 47 -3
v 2 47 -3
v 5 47 -3
v 7 47 -3
v 8 47 -3
v 9 47 -3
v -10 47 -4
v -9 47 -4
v -7 47 -4
v -5 47 -4
v -3 47 -4
v -2 47 -4
v -1 47 -4
v 0 47 -4
v 1 47 -4
v 2 47 -4
v 3 47 -4
v 4 47 -4
v 5 47 -4
v 7 47 -4
v 8 47 -4
v 9 47 -4
v 10 47 -4
v 11 47 -4
v 12 47 -4
v -2 47 -5
v 0 47 -5
v 1 47 -5
v 2 47 -5
v 3 47 -5
v 4 47 -5
v 8 47 -5
v 9 47 -5
v 10 47 -5
v 11 47 -5
v 12 47 -5
v 13 47 -5
v -2 47 -6
v -1 47 -6
v 0 47 -6
v 2 47 -6
v 4 47 -6
v 5 47 -6
v 7 47 -6
v 9 47 -6
v 10 47 -6
v 13 47 -6
v 14 47 -6
v -2 47 -7
v -1 47 -7
v 5 47 -7
v 7 47 -7
v 9 47 -7
v 10 47 -7
v 11 47 -7
v 13 47 -7
v 14 47 -7
v 15 47 -7
v 6 47 -8
v 7 47 -8
v 8 47 -8
v 10 47 -8
v 11 47 -8
v 12 47 -8
v 13 47 -8
v 14 47 -8
v 4 47 -9
v 5 47 -9
v 7 47 -9
v 8 47 -9
v 10 47 -9
v 12 47 -9
v 14 47 -9
v 15 47 -9
v 5 47 -10
v 6 47 -10
v 8 47 -10
v 10 47 -10
v 6 47 -12
v 7 47 -12
v 14 47 -12
v 15 47 -12
v 6 47 -13
v 7 47 -13
v 8 47 -13
v 9 47 -13
v 12 47 -13
v 13 47 -13
v 14 47 -13
v 7 47 -14
v 9 47 -14
v 12 47 -14
v 13 47 -14
v 14 47 -14
v 15 47 -14
v 7 47 -15
v 8 47 -15
v 9 47 -15
v 12 47 -15
v 14 47 -15
v 15 47 -15
v 8 47 -16
v 9 47 -16
v 12 47 -16
v 13 47 -16
v 9 47 -17
v 11 47 -17
v 12 47 -17
v 13 47 -17
v 14 47 -17
v 8 47 -18
v 10 47 -18
v 13 47 -18
v 14 47 -18
v 15 47 -18
v 10 47 -19
v 11 47 -19
v 13 47 -19
v 9 48 -3
v 10 48 -3
v 9 48 -4
v 10 48 -4
v 11 48 -4
v 10 48 -5
v 11 48 -5
v -8 49 9
v -2 49 9
v 5 49 9
v 6 49 9
v 7 49 9
v 8 49 9
v 9 49 9
v 11 49 9
v -11 49 8
v -10 49 8
v -4 49 8
v -2 49 8
v -1 49 8
v 7 49 8
v 8 49 8
v 9 49 8
v 10 49 8
v 11 49 8
v 12 49 8
v -12 49 7
v -11 49 7
v -10 49 7
v -9 49 7
v -8 49 7
v -5 49 7
v -4 49 7
v -3 49 7
v -2 49 7
v -1 49 7
v 0 49 7
v 3 49 7
v 5 49 7
v 6 49 7
v 7 49 7
v 8 49 7
v 11 49 7
v 12 49 7
v 15 49 7
v -11 49 6
v -10 49 6
v -9 49 6
v -7 49 6
v -2 49 6
v -1 49 6
v 0 49 6
v 3 49 6
v 4 49 6
v 5 49 6
v 10 49 6
v 11 49 6
v -10 49 5
v -8 49 5
v -7 49 5
v -6 49 5
v -5 49 5
v -4 49 5
v -1 49 5
v 0 49 5
v 1 49 5
v 4 49 5
v 6 49 5
v 7 49 5
v 9 49 5
v 10 49 5
v 12 49 5
v 15 49 5
v -8 49 4
v -7 49 4
v -6 49 4
v -5 49 4
v -4 49 4
v -3 49 4
v -2 49 4
v 3 49 4
v 6 49 4
v 7 49 4
v 9 49 4
v 10 49 4
v 11 49 4
v 13 49 4
v 15 49 4
v -8 49 3
v -7 49 3
v -4 49 3
v -3 49 3
v -2 49 3
v -1 49 3
v 11 49 3
v 12 49 3
v 13 49 3
v -12 49 2
v -11 49 2
v -8 49 2
v -6 49 2
v -5 49 2
v -4 49 2
v -3 49 2
v -2 49 2
v -1 49 2
v 0 49 2
v 1 49 2
v 2 49 2
v 3 49 2
v 4 49 2
v 9 49 2
v 10 49 2
v 12 49 2
v 14 49 2
v -11 49 1
v -6 49 1
v -5 49 1
v -4 49 1
v -2 49 1
v -1 49 1
v 0 49 1
v 1 49 1
v 3 49 1
v 4 49 1
v 7 49 1
v 9 49 1
v 13 49 1
v 14 49 1
v -6 49 -0
v -4 49 -0
v -2 49 -0
v 0 49 -0
v 1 49 -0
v 2 49 -0
v 3 49 -0
v 4 49 -0
v 6 49 -0
v 7 49 -0
v 8 49 -0
v 10 49 -0
v 11 49 -0
v 12 49 -0
v 14 49 -0
v 15 49 -0
v 1 49 -1
v 4 49 -1
v 6 49 -1
v 8 49 -1
v 9 49 -1
v 11 49 -1
v 12 49 -1
v 13 49 -1
v 14 49 -1
v 9 49 -2
v 10 49 -2
v 11 49 -2
v 12 49 -2
v 13 49 -2
v 10 49 -3
v 11 49 -3
v 13 49 -3
v 14 49 -3
v 15 49 -3
v 10 49 -4
v 11 49 -4
v 13 49 -4
v 14 49 -4
v 14 49 -5
v 15 49 -5
v -9 50 7
v -8 50 7
v -5 50 7
v -9 50 6
v -7 50 6
v -7 50 5
v -6 50 5
v -5 50 5
v -6 50 4
v -5 50 4
v 12 50 2
v 13 50 2
v 11 50 1
v 12 50 1
v 13 50 1
v 11 50 -0
v 12 50 -0
v 13 50 -0
v 12 50 -1
v 13 50 -1
v 12 51 1
v 13 51 1
v 12 51 -0
v 13 51 -0
v -2 83 6
v -1 83 6
v 0 83 6
v 4 83 6
v 5 83 6
v 6 83 6
v -3 83 5
v -2 83 5
v -1 83 5
v 0 83 5
v 1 83 5
v 2 83 5
v 4 83 5
v 6 83 5
v 8 83 5
v -1 83 4
v 0 83 4
v 1 83 4
v 2 83 4
v 3 83 4
v 4 83 4
v 5 83 4
v 6 83 4
v 8 83 4
v 9 83 4
v -7 83 3
v -6 83 3
v -2 83 3
v -1 83 3
v 0 83 3
v 1 83 3
v 2 83 3
v 3 83 3
v 4 83 3
v 5 83 3
v 6 83 3
v 8 83 3
v 9 83 3
v -8 83 2
v -7 83 2
v -3 83 2
v -2 83 2
v -1 83 2
v 0 83 2
v 2 83 2
v 3 83 2
v 4 83 2
v -7 83 1
v -6 83 1
v -2 83 1
v -1 83 1
v 0 83 1
v 4 83 1
v -8 83 -0
v -7 83 -0
v -6 83 -0
v -9 83 -1
v -8 83 -1
v -7 83 -1
v -6 83 -1
v -8 83 -2
v -7 83 -2
v -6 83 -2
v -5 83 -2
v -4 83 -2
v 8 83 -2
v 11 83 -2
v -6 83 -3
v -5 83 -3
v 7 83 -3
v 8 83 -3
v 10 83 -3
v 11 83 -3
v 12 83 -3
v -10 83 -4
v -9 83 -4
v -8 83 -4
v -7 83 -4
v -6 83 -4
v -5 83 -4
v -4 83 -4
v 7 83 -4
v 8 83 -4
v 9 83 -4
v 10 83 -4
v 11 83 -4
v -8 83 -5
v -7 83 -5
v -6 83 -5
v -5 83 -5
v -4 83 -5
v 8 83 -5
v 9 83 -5
v 10 83 -5
v 11 83 -5
v 12 83 -5
v -10 83 -6
v -9 83 -6
v -8 83 -6
v -7 83 -6
v -6 83 -6
v -5 83 -6
v -4 83 -6
v -9 83 -7
v -8 83 -7
v -7 83 -7
v -6 83 -7
v -4 83 -7
v 7 83 -7
v 8 83 -7
v 9 83 -7
v 10 83 -7
v 11 83 -7
v 12 83 -7
v -8 83 -8
v -6 83 -8
v 8 83 -8
v 9 83 -8
v 10 83 -8
v 11 83 -8
v 4 83 -9
v 5 83 -9
v 6 83 -9
v 0 83 -10
v 4 83 -10
v 5 83 -10
v 6 83 -10
v 10 83 -10
v 11 83 -10
v 0 83 -11
v 3 83 -11
v 4 83 -11
v 9 83 -11
v 11 83 -11
v -2 83 -12
v -1 83 -12
v 3 83 -12
v 4 83 -12
v 5 83 -12
v -1 83 -13
v 0 83 -13
v 1 83 -13
v 4 83 -13
v 5 83 -13
v 6 83 -13
v -2 83 -14
v -1 83 -14
v 0 83 -14
v 1 83 -14
v 2 83 -14
v 4 83 -14
v -2 83 -15
v 0 83 -15
v 2 83 -15
v 13 1 22
v 14 1 22
v 13 1 21
v 14 1 21
v 17 1 20
v 18 1 20
v 17 1 19
v 18 1 19
v 26 1 19
v 27 1 19
v 26 1 18
v 27 1 18
v -23 1 17
v -22 1 17
v -24 1 16
v -23 1 16
v -22 1 16
v -25 1 15
v -24 1 15
v -25 1 14
v -24 1 14
v -23 1 14
v -35 1 9
v -34 1 9
v -35 1 8
v -34 1 8
v 40 1 7
v 41 1 7
v 40 1 6
v 41 1 6
v 44 1 2
v 45 1 2
v 44 1 1
v 45 1 1
v 12 2 22
v 13 2 22
v 12 2 21
v 13 2 21
v 14 2 21
v 13 2 20
v 14 2 20
v -25 2 14
v -24 2 14
v -25 2 13
v -24 2 13
v 12 3 21
v 13 3 21
v 12 3 20
v 13 3 20
v 18 3 20
v 19 3 20
v 18 3 19
v 19 3 19
v -26 3 14
v -25 3 14
v -26 3 13
v -25 3 13
v -34 3 9
v -33 3 9
v -35 3 8
v -34 3 8
v -33 3 8
v -35 3 7
v -34 3 7
v 43 3 2
v 44 3 2
v 43 3 1
v 44 3 1
v 19 4 21
v 20 4 21
v 12 4 20
v 13 4 20
v 19 4 20
v 20 4 20
v 12 4 19
v 13 4 19
v -28 4 13
v -26 4 13
v -28 4 12
v -27 4 12
v -26 4 12
v 40 4 6
v 41 4 6
v 40 4 5
v 41 4 5
v 11 5 20
v 12 5 20
v 19 5 20
v 20 5 20
v 11 5 19
v 12 5 19
v 19 5 19
v 20 5 19
v 25 5 18
v 26 5 18
v 25 5 17
v 26 5 17
v -34 5 10
v -33 5 10
v -34 5 9
v -33 5 9
v 42 5 2
v 43 5 2
v 42 5 1
v 43 5 1
v 9 7 20
v 11 7 20
v 9 7 19
v 10 7 19
v 11 7 19
v -29 7 13
v -28 7 13
v -29 7 12
v -28 7 12
v -27 7 12
v -28 7 11
v -27 7 11
v -33 7 10
v -32 7 10
v -33 7 9
v -32 7 9
v 39 7 6
v 40 7 6
v 39 7 5
v 40 7 5
v 41 7 2
v 42 7 2
v 41 7 1
v 42 7 1
v -40 7 -11
v -38 7 -11
v -40 7 -12
v -38 7 -12
v 20 8 20
v 21 8 20
v 9 8 19
v 10 8 19
v 20 8 19
v 21 8 19
v 22 8 19
v 24 8 19
v 25 8 19
v 9 8 18
v 10 8 18
v 21 8 18
v 22 8 18
v 23 8 18
v 24 8 18
v 25 8 18
v 22 8 17
v 23 8 17
v -29 8 12
v -28 8 12
v -32 8 11
v -31 8 11
v -30 8 11
v -29 8 11
v -28 8 11
v -32 8 10
v -31 8 10
v -30 8 10
v 39 8 5
v 40 8 5
v 39 8 4
v 40 8 4
v 40 8 2
v 41 8 2
v 40 8 1
v 41 8 1
v -38 8 -11
v -37 8 -11
v -38 8 -12
v -37 8 -12
v 21 9 18
v 22 9 18
v 24 9 18
v 25 9 18
v 21 9 17
v 22 9 17
v 24 9 17
v 25 9 17
v -29 9 11
v -28 9 11
v -31 9 10
v -30 9 10
v -29 9 10
v -28 9 10
v -31 9 9
v -30 9 9
v 38 9 6
v 39 9 6
v 38 9 5
v 39 9 5
v 38 9 4
v 39 9 4
v 39 9 2
v 40 9 2
v 39 9 1
v 40 9 1
v 9 10 18
v 10 10 18
v 9 10 17
v 10 10 17
v 24 10 17
v 25 10 17
v 24 10 16
v 25 10 16
v -31 10 9
v -30 10 9
v -31 10 8
v -30 10 8
v 37 10 5
v 38 10 5
v 37 10 4
v 38 10 4
v 22 11 17
v 23 11 17
v 22 11 16
v 23 11 16
v -30 11 10
v -29 11 10
v -30 11 9
v -29 11 9
v 38 11 3
v 39 11 3
v 38 11 2
v 39 11 2
v 9 12 17
v 10 12 17
v 9 12 16
v 10 12 16
v 37 12 6
v 38 12 6
v 37 12 5
v 37 12 4
v 38 12 4
v 39 12 4
v 38 12 3
v 39 12 3
v 23 13 17
v 24 13 17
v 23 13 16
v 24 13 16
v 9 14 18
v 10 14 18
v 9 14 17
v 10 14 17
v 24 14 16
v 25 14 16
v 24 14 15
v 25 14 15
v -28 14 11
v -27 14 11
v -29 14 10
v -28 14 10
v -27 14 10
v -29 14 9
v -28 14 9
v 36 14 5
v 37 14 5
v 36 14 4
v 37 14 4
v 38 14 4
v 37 14 3
v 38 14 3
v -37 14 -9
v -36 14 -9
v -35 14 -9
v -38 14 -10
v -37 14 -10
v -36 14 -10
v -35 14 -10
v -38 14 -11
v -37 14 -11
v 24 15 15
v 25 15 15
v 24 15 14
v 25 15 14
v -28 15 10
v -27 15 10
v -28 15 9
v -27 15 9
v 36 15 4
v 37 15 4
v 36 15 3
v 37 15 3
v 9 16 17
v 10 16 17
v 9 16 16
v 10 16 16
v 36 16 3
v 37 16 3
v 36 16 2
v 37 16 2
v -35 16 -9
v -34 16 -9
v -35 16 -10
v -34 16 -10
v 10 17 17
v 11 17 17
v 10 17 16
v 11 17 16
v 12 17 16
v 10 17 15
v 11 17 15
v 12 17 15
v 11 17 14
v 12 17 14
v 23 17 14
v 25 17 14
v 23 17 13
v 24 17 13
v 25 17 13
v -28 17 9
v -27 17 9
v -28 17 8
v -27 17 8
v 11 18 14
v 12 18 14
v 11 18 13
v 12 18 13
v 23 18 13
v 24 18 13
v 23 18 12
v 24 18 12
v 24 18 11
v 25 18 11
v -27 18 10
v -26 18 10
v -27 18 9
v -26 18 9
v -25 18 9
v 23 18 9
v 25 18 9
v -27 18 8
v -26 18 8
v -27 18 7
v -26 18 7
v -26 18 6
v -25 18 6
v 35 18 4
v 36 18 4
v 37 18 4
v 33 18 3
v 35 18 3
v 36 18 3
v 37 18 3
v 30 18 2
v 32 18 2
v 33 18 2
v 34 18 2
v 36 18 2
v 27 18 1
v 30 18 1
v 31 18 1
v 32 18 1
v 34 18 1
v 27 18 -0
v 28 18 -0
v 31 18 -0
v 27 18 -1
v 28 18 -1
v -33 18 -7
v -32 18 -7
v -31 18 -7
v -30 18 -7
v -35 18 -8
v -34 18 -8
v -33 18 -8
v -32 18 -8
v -31 18 -8
v -30 18 -8
v -35 18 -9
v -34 18 -9
v -32 18 -9
v 24 19 9
v 25 19 9
v 24 19 8
v 25 19 8
v 26 20 -0
v 27 20 -0
v 26 20 -1
v 27 20 -1
v 22 22 9
v 24 22 9
v 22 22 8
v 24 22 8
v -26 22 6
v -25 22 6
v -26 22 5
v -25 22 5
v 26 27 3
v 27 27 3
v 26 27 2
v 27 27 2
v -29 27 -0
v -28 27 -0
v -29 27 -1
v -28 27 -1
v 18 28 10
v 19 28 10
v 18 28 9
v 19 28 9
v 18 28 8
v 19 28 8
v -21 28 7
v -20 28 7
v 21 28 6
v 22 28 6
v 23 28 6
v -21 28 5
v -20 28 5
v 21 28 5
v 22 28 5
v 23 28 5
v 21 28 4
v 22 28 4
v -25 28 3
v -24 28 3
v -23 28 3
v -25 28 2
v -24 28 2
v -23 28 2
v -24 28 1
v -23 28 1
v -19 28 -18
v -17 28 -18
v -16 28 -18
v -19 28 -19
v -18 28 -19
v -17 28 -19
v -16 28 -19
v -18 28 -20
v -17 28 -20
v -16 28 -20
v 18 29 8
v 19 29 8
v 18 29 7
v 19 29 7
v 20 29 7
v 21 29 7
v 22 29 7
v 20 29 6
v 21 29 6
v 22 29 6
v -21 29 5
v -20 29 5
v 20 29 5
v 21 29 5
v 22 29 5
v 23 29 5
v -24 29 4
v -23 29 4
v -22 29 4
v -21 29 4
v -20 29 4
v 20 29 4
v 21 29 4
v 22 29 4
v 23 29 4
v -24 29 3
v -23 29 3
v -22 29 3
v 20 29 3
v 21 29 3
v 25 29 3
v 26 29 3
v -25 29 2
v -24 29 2
v -23 29 2
v -22 29 2
v 25 29 2
v 26 29 2
v -25 29 1
v -24 29 1
v -23 29 1
v -22 29 1
v -28 29 -0
v -27 29 -0
v -23 29 -0
v -22 29 -0
v 22 29 -0
v 23 29 -0
v 24 29 -0
v 25 29 -0
v 26 29 -0
v 22 29 -1
v 23 29 -1
v 24 29 -1
v -28 29 -2
v -27 29 -2
v 25 29 -2
v 26 29 -2
v -28 29 -3
v -27 29 -3
v -26 29 -3
v -25 29 -3
v -24 29 -3
v 25 29 -3
v 26 29 -3
v -26 29 -4
v -25 29 -4
v -24 29 -4
v -28 29 -5
v -27 29 -5
v -28 29 -6
v -27 29 -6
v 19 29 -9
v 20 29 -9
v 19 29 -10
v 20 29 -10
v 18 29 -11
v 19 29 -11
v -22 29 -12
v -21 29 -12
v 18 29 -12
v 19 29 -12
v 20 29 -12
v 21 29 -12
v -22 29 -13
v -21 29 -13
v -20 29 -13
v -19 29 -13
v -16 29 -13
v -15 29 -13
v 19 29 -13
v 20 29 -13
v 21 29 -13
v -23 29 -14
v -22 29 -14
v -21 29 -14
v -20 29 -14
v -19 29 -14
v -18 29 -14
v -17 29 -14
v 20 29 -14
v 21 29 -14
v -23 29 -15
v -22 29 -15
v -21 29 -15
v -20 29 -15
v -19 29 -15
v -16 29 -15
v -15 29 -15
v -23 29 -16
v -22 29 -16
v -21 29 -16
v -20 29 -16
v -19 29 -16
v -18 29 -16
v -17 29 -16
v -16 29 -16
v -15 29 -16
v 17 29 -16
v 19 29 -16
v -23 29 -17
v -22 29 -17
v -20 29 -17
v -19 29 -17
v -18 29 -17
v -17 29 -17
v -16 29 -17
v -15 29 -17
v 17 29 -17
v 19 29 -17
v -20 29 -18
v -19 29 -18
v -21 29 -19
v -20 29 -19
v -19 29 -19
v -18 29 -19
v -21 29 -20
v -20 29 -20
v -19 29 -20
v -18 29 -20
v -16 29 -20
v -15 29 -20
v -20 30 8
v -19 30 8
v 18 30 7
v 19 30 7
v 20 30 7
v 23 30 7
v 24 30 7
v -20 30 6
v -19 30 6
v 18 30 6
v 19 30 6
v 20 30 6
v 23 30 6
v 24 30 6
v -20 30 5
v -19 30 5
v 18 30 5
v 19 30 5
v 20 30 5
v 21 30 5
v -26 30 4
v -25 30 4
v -21 30 4
v -20 30 4
v 18 30 4
v 19 30 4
v 20 30 4
v 21 30 4
v 22 30 4
v 23 30 4
v 24 30 4
v -26 30 3
v -25 30 3
v -21 30 3
v -20 30 3
v -19 30 3
v 18 30 3
v 19 30 3
v 20 30 3
v 22 30 3
v 23 30 3
v 24 30 3
v 25 30 3
v -23 30 2
v -22 30 2
v -21 30 2
v -19 30 2
v 18 30 2
v 19 30 2
v 20 30 2
v 21 30 2
v 25 30 2
v -25 30 1
v -24 30 1
v -23 30 1
v -22 30 1
v -21 30 1
v -20 30 1
v -19 30 1
v 18 30 1
v 19 30 1
v 20 30 1
v 21 30 1
v 23 30 1
v -26 30 -0
v -25 30 -0
v -24 30 -0
v -22 30 -0
v -21 30 -0
v -20 30 -0
v 18 30 -0
v 19 30 -0
v 20 30 -0
v 21 30 -0
v 23 30 -0
v -26 30 -1
v -25 30 -1
v -24 30 -1
v -23 30 -1
v -22 30 -1
v -21 30 -1
v -20 30 -1
v -19 30 -1
v 19 30 -1
v 20 30 -1
v 21 30 -1
v 22 30 -1
v 23 30 -1
v -25 30 -2
v -23 30 -2
v -22 30 -2
v -20 30 -2
v -19 30 -2
v 21 30 -2
v 22 30 -2
v 23 30 -2
v 24 30 -2
v 25 30 -2
v -25 30 -3
v -23 30 -3
v -22 30 -3
v -21 30 -3
v -20 30 -3
v -19 30 -3
v 18 30 -3
v 19 30 -3
v 20 30 -3
v 22 30 -3
v 23 30 -3
v 24 30 -3
v 25 30 -3
v -25 30 -4
v -24 30 -4
v -23 30 -4
v -22 30 -4
v -21 30 -4
v -20 30 -4
v -19 30 -4
v 18 30 -4
v 19 30 -4
v 20 30 -4
v 21 30 -4
v 22 30 -4
v 23 30 -4
v 25 30 -4
v 27 30 -4
v -27 30 -5
v -26 30 -5
v -25 30 -5
v -24 30 -5
v -23 30 -5
v -20 30 -5
v -19 30 -5
v 18 30 -5
v 19 30 -5
v 20 30 -5
v 21 30 -5
v 22 30 -5
v 23 30 -5
v 25 30 -5
v 26 30 -5
v 27 30 -5
v -27 30 -6
v -26 30 -6
v -25 30 -6
v -24 30 -6
v -22 30 -6
v -21 30 -6
v -20 30 -6
v 18 30 -6
v 19 30 -6
v 22 30 -6
v 23 30 -6
v 25 30 -6
v 26 30 -6
v -29 30 -7
v -28 30 -7
v -27 30 -7
v -25 30 -7
v -24 30 -7
v -23 30 -7
v -22 30 -7
v -21 30 -7
v -20 30 -7
v -19 30 -7
v 18 30 -7
v 19 30 -7
v 20 30 -7
v 22 30 -7
v 23 30 -7
v 24 30 -7
v 25 30 -7
v 26 30 -7
v -29 30 -8
v -28 30 -8
v -25 30 -8
v -24 30 -8
v 20 30 -8
v 21 30 -8
v 22 30 -8
v 23 30 -8
v 24 30 -8
v 25 30 -8
v 26 30 -8
v -28 30 -9
v -27 30 -9
v -23 30 -9
v -22 30 -9
v -21 30 -9
v -20 30 -9
v 18 30 -9
v 19 30 -9
v 20 30 -9
v 21 30 -9
v 24 30 -9
v 25 30 -9
v 26 30 -9
v -28 30 -10
v -27 30 -10
v -22 30 -10
v -21 30 -10
v -20 30 -10
v -19 30 -10
v 18 30 -10
v 19 30 -10
v 21 30 -10
v 22 30 -10
v 23 30 -10
v 24 30 -10
v 25 30 -10
v 26 30 -10
v -28 30 -11
v -27 30 -11
v -23 30 -11
v -22 30 -11
v -21 30 -11
v -20 30 -11
v 21 30 -11
v 22 30 -11
v -28 30 -12
v -27 30 -12
v -26 30 -12
v -23 30 -12
v -22 30 -12
v -21 30 -12
v -20 30 -12
v 21 30 -12
v 22 30 -12
v 23 30 -12
v 24 30 -12
v 25 30 -12
v 26 30 -12
v -26 30 -13
v -25 30 -13
v -24 30 -13
v -23 30 -13
v -21 30 -13
v -19 30 -13
v 21 30 -13
v 22 30 -13
v 23 30 -13
v 24 30 -13
v -28 30 -14
v -27 30 -14
v -24 30 -14
v -28 30 -15
v -27 30 -15
v -26 30 -15
v -25 30 -15
v -24 30 -15
v -23 30 -15
v 23 30 -15
v 24 30 -15
v -26 30 -16
v -25 30 -16
v -24 30 -16
v -23 30 -16
v 23 30 -16
v 24 30 -16
v -26 30 -18
v -25 30 -18
v -26 30 -19
v -25 30 -19
v 22 31 -10
v 23 31 -10
v 22 31 -11
v 23 31 -11
v -25 31 -13
v -24 31 -13
v -25 31 -14
v -24 31 -14
v -30 32 -7
v -29 32 -7
v -30 32 -8
v -29 32 -8
v -12 46 -5
v -9 46 -5
v -8 46 -5
v -6 46 -5
v -4 46 -5
v -10 46 -6
v -9 46 -6
v -8 46 -6
v -7 46 -6
v -6 46 -6
v -5 46 -6
v -4 46 -6
v -3 46 -6
v -9 46 -7
v -8 46 -7
v -7 46 -7
v -6 46 -7
v -5 46 -7
v -4 46 -7
v -3 46 -7
v -2 46 -7
v -1 46 -7
v 2 46 -7
v -12 46 -8
v -11 46 -8
v -8 46 -8
v -6 46 -8
v -5 46 -8
v -4 46 -8
v -3 46 -8
v -2 46 -8
v -1 46 -8
v 0 46 -8
v 2 46 -8
v 3 46 -8
v -9 46 -9
v -8 46 -9
v -6 46 -9
v -5 46 -9
v -4 46 -9
v -3 46 -9
v -2 46 -9
v 0 46 -9
v 1 46 -9
v -10 46 -10
v -9 46 -10
v -5 46 -10
v -3 46 -10
v 1 46 -10
v 2 46 -10
v 3 46 -10
v 4 46 -10
v -10 46 -11
v -9 46 -11
v -5 46 -11
v -3 46 -11
v 0 46 -11
v 1 46 -11
v 3 46 -11
v 4 46 -11
v 5 46 -11
v -9 46 -12
v -8 46 -12
v -7 46 -12
v -5 46 -12
v -4 46 -12
v -3 46 -12
v -2 46 -12
v -1 46 -12
v 0 46 -12
v -12 46 -13
v -11 46 -13
v -9 46 -13
v -8 46 -13
v -7 46 -13
v -6 46 -13
v -4 46 -13
v -3 46 -13
v -2 46 -13
v -1 46 -13
v 0 46 -13
v 5 46 -13
v 6 46 -13
v -11 46 -14
v -10 46 -14
v -6 46 -14
v -4 46 -14
v -3 46 -14
v -2 46 -14
v 0 46 -14
v 1 46 -14
v 3 46 -14
v 4 46 -14
v 5 46 -14
v -12 46 -15
v -11 46 -15
v -10 46 -15
v -9 46 -15
v -8 46 -15
v -7 46 -15
v -5 46 -15
v -4 46 -15
v -3 46 -15
v 0 46 -15
v 1 46 -15
v 3 46 -15
v 4 46 -15
v 6 46 -15
v -12 46 -16
v -10 46 -16
v -8 46 -16
v -7 46 -16
v -3 46 -16
v -2 46 -16
v 1 46 -16
v 2 46 -16
v 6 46 -16
v 7 46 -16
v -5 46 -17
v -4 46 -17
v -3 46 -17
v -2 46 -17
v -1 46 -17
v 0 46 -17
v 1 46 -17
v 2 46 -17
v 7 46 -17
v -12 46 -18
v -9 46 -18
v -8 46 -18
v -4 46 -18
v -2 46 -18
v 1 46 -18
v 7 46 -18
v -3 47 -6
v -2 47 -6
v -3 47 -7
v -2 47 -7
v -1 47 -7
v -2 47 -8
v -1 47 -8
v -12 48 -0
v -9 48 -0
v -7 48 -0
v -7 48 -1
v -6 48 -1
v -3 48 -1
v -2 48 -1
v 0 48 -1
v -11 48 -2
v -9 48 -2
v -8 48 -2
v -7 48 -2
v -6 48 -2
v -4 48 -2
v -2 48 -2
v -1 48 -2
v 0 48 -2
v 1 48 -2
v 4 48 -2
v 5 48 -2
v 8 48 -2
v -12 48 -3
v -11 48 -3
v -10 48 -3
v -9 48 -3
v -8 48 -3
v -7 48 -3
v -6 48 -3
v -5 48 -3
v -4 48 -3
v -3 48 -3
v -2 48 -3
v 1 48 -3
v 2 48 -3
v 5 48 -3
v 7 48 -3
v 8 48 -3
v 9 48 -3
v -10 48 -4
v -9 48 -4
v -7 48 -4
v -5 48 -4
v -3 48 -4
v -2 48 -4
v -1 48 -4
v 0 48 -4
v 1 48 -4
v 2 48 -4
v 3 48 -4
v 4 48 -4
v 5 48 -4
v 7 48 -4
v 8 48 -4
v 9 48 -4
v 10 48 -4
v 11 48 -4
v 12 48 -4
v -2 48 -5
v 0 48 -5
v 1 48 -5
v 2 48 -5
v 3 48 -5
v 4 48 -5
v 8 48 -5
v 9 48 -5
v 10 48 -5
v 11 48 -5
v 12 48 -5
v 13 48 -5
v -1 48 -6
v 0 48 -6
v 2 48 -6
v 4 48 -6
v 5 48 -6
v 7 48 -6
v 9 48 -6
v 10 48 -6
v 13 48 -6
v 14 48 -6
v -2 48 -7
v -1 48 -7
v 5 48 -7
v 7 48 -7
v 9 48 -7
v 10 48 -7
v 11 48 -7
v 13 48 -7
v 14 48 -7
v 15 48 -7
v 6 48 -8
v 7 48 -8
v 8 48 -8
v 10 48 -8
v 11 48 -8
v 12 48 -8
v 13 48 -8
v 14 48 -8
v 4 48 -9
v 5 48 -9
v 7 48 -9
v 8 48 -9
v 10 48 -9
v 12 48 -9
v 14 48 -9
v 15 48 -9
v 5 48 -10
v 6 48 -10
v 8 48 -10
v 10 48 -10
v 6 48 -12
v 7 48 -12
v 14 48 -12
v 15 48 -12
v 6 48 -13
v 7 48 -13
v 8 48 -13
v 9 48 -13
v 12 48 -13
v 13 48 -13
v 14 48 -13
v 7 48 -14
v 9 48 -14
v 12 48 -14
v 13 48 -14
v 14 48 -14
v 15 48 -14
v 7 48 -15
v 8 48 -15
v 9 48 -15
v 12 48 -15
v 14 48 -15
v 15 48 -15
v 8 48 -16
v 9 48 -16
v 12 48 -16
v 13 48 -16
v 9 48 -17
v 11 48 -17
v 12 48 -17
v 13 48 -17
v 14 48 -17
v 8 48 -18
v 10 48 -18
v 13 48 -18
v 14 48 -18
v 15 48 -18
v 10 48 -19
v 11 48 -19
v 13 48 -19
v 9 49 -3
v 10 49 -3
v 9 49 -4
v 10 49 -4
v 11 49 -4
v 10 49 -5
v 11 49 -5
v -8 50 9
v -2 50 9
v 5 50 9
v 6 50 9
v 7 50 9
v 8 50 9
v 9 50 9
v 11 50 9
v -11 50 8
v -10 50 8
v -4 50 8
v -2 50 8
v -1 50 8
v 7 50 8
v 8 50 8
v 9 50 8
v 10 50 8
v 11 50 8
v 12 50 8
v -12 50 7
v -11 50 7
v -10 50 7
v -9 50 7
v -8 50 7
v -5 50 7
v -4 50 7
v -3 50 7
v -2 50 7
v -1 50 7
v 0 50 7
v 3 50 7
v 5 50 7
v 6 50 7
v 7 50 7
v 8 50 7
v 11 50 7
v 12 50 7
v 15 50 7
v -11 50 6
v -10 50 6
v -9 50 6
v -7 50 6
v -2 50 6
v -1 50 6
v 0 50 6
v 3 50 6
v 4 50 6
v 5 50 6
v 10 50 6
v 11 50 6
v -10 50 5
v -8 50 5
v -7 50 5
v -6 50 5
v -5 50 5
v -4 50 5
v -1 50 5
v 0 50 5
v 1 50 5
v 4 50 5
v 6 50 5
v 7 50 5
v 9 50 5
v 10 50 5
v 12 50 5
v 15 50 5
v -8 50 4
v -7 50 4
v -6 50 4
v -5 50 4
v -4 50 4
v -3 50 4
v -2 50 4
v 3 50 4
v 6 50 4
v 7 50 4
v 9 50 4
v 10 50 4
v 11 50 4
v 13 50 4
v 15 50 4
v -8 50 3
v -7 50 3
v -4 50 3
v -3 50 3
v -2 50 3
v -1 50 3
v 11 50 3
v 12 50 3
v 13 50 3
v -12 50 2
v -11 50 2
v -8 50 2
v -6 50 2
v -5 50 2
v -4 50 2
v -3 50 2
v -2 50 2
v -1 50 2
v 0 50 2
v 1 50 2
v 2 50 2
v 3 50 2
v 4 50 2
v 9 50 2
v 10 50 2
v 12 50 2
v 13 50 2
v 14 50 2
v -11 50 1
v -6 50 1
v -5 50 1
v -4 50 1
v -2 50 1
v -1 50 1
v 0 50 1
v 1 50 1
v 3 50 1
v 4 50 1
v 7 50 1
v 9 50 1
v 11 50 1
v 13 50 1
v 14 50 1
v -6 50 -0
v -4 50 -0
v -2 50 -0
v 0 50 -0
v 1 50 -0
v 2 50 -0
v 3 50 -0
v 4 50 -0
v 6 50 -0
v 7 50 -0
v 8 50 -0
v 10 50 -0
v 11 50 -0
v 12 50 -0
v 13 50 -0
v 14 50 -0
v 15 50 -0
v 1 50 -1
v 4 50 -1
v 6 50 -1
v 8 50 -1
v 9 50 -1
v 11 50 -1
v 12 50 -1
v 13 50 -1
v 14 50 -1
v 9 50 -2
v 10 50 -2
v 11 50 -2
v 12 50 -2
v 13 50 -2
v 11 50 -3
v 13 50 -3
v 14 50 -3
v 15 50 -3
v 10 50 -4
v 11 50 -4
v 13 50 -4
v 14 50 -4
v 14 50 -5
v 15 50 -5
v -9 51 7
v -5 51 7
v -9 51 6
v -7 51 6
v -6 51 6
v -6 51 5
v -6 51 4
v -5 51 4
v 12 51 2
v 13 51 2
v 11 51 1
v 12 51 1
v 13 51 1
v 11 51 -0
v 12 51 -0
v 13 51 -0
v 12 51 -1
v 13 51 -1
v 12 70 1
v 13 70 1
v 12 70 -0
v 13 70 -0
v -7 71 6
v -6 71 6
v -7 71 5
v -6 71 5
v -2 84 6
v -1 84 6
v 0 84 6
v 4 84 6
v 5 84 6
v 6 84 6
v -3 84 5
v -2 84 5
v -1 84 5
v 0 84 5
v 1 84 5
v 2 84 5
v 4 84 5
v 6 84 5
v 8 84 5
v -1 84 4
v 0 84 4
v 1 84 4
v 2 84 4
v 3 84 4
v 4 84 4
v 5 84 4
v 6 84 4
v 8 84 4
v 9 84 4
v -7 84 3
v -6 84 3
v -2 84 3
v -1 84 3
v 0 84 3
v 1 84 3
v 2 84 3
v 3 84 3
v 4 84 3
v 5 84 3
v 6 84 3
v 8 84 3
v 9 84 3
v -8 84 2
v -7 84 2
v -3 84 2
v -2 84 2
v -1 84 2
v 0 84 2
v 2 84 2
v 3 84 2
v 4 84 2
v -7 84 1
v -6 84 1
v -2 84 1
v -1 84 1
v 0 84 1
v 4 84 1
v -8 84 -0
v -7 84 -0
v -6 84 -0
v -9 84 -1
v -8 84 -1
v -7 84 -1
v -6 84 -1
v -8 84 -2
v -7 84 -2
v -6 84 -2
v -5 84 -2
v -4 84 -2
v 8 84 -2
v 11 84 -2
v -6 84 -3
v -5 84 -3
v 7 84 -3
v 8 84 -3
v 10 84 -3
v 11 84 -3
v 12 84 -3
v -10 84 -4
v -9 84 -4
v -8 84 -4
v -7 84 -4
v -6 84 -4
v -5 84 -4
v -4 84 -4
v 7 84 -4
v 8 84 -4
v 9 84 -4
v 10 84 -4
v 11 84 -4
v -8 84 -5
v -7 84 -5
v -6 84 -5
v -5 84 -5
v -4 84 -5
v 8 84 -5
v 9 84 -5
v 10 84 -5
v 11 84 -5
v 12 84 -5
v -10 84 -6
v -9 84 -6
v -8 84 -6
v -7 84 -6
v -6 84 -6
v -5 84 -6
v -4 84 -6
v -9 84 -7
v -8 84 -7
v -7 84 -7
v -6 84 -7
v -4 84 -7
v 7 84 -7
v 8 84 -7
v 9 84 -7
v 10 84 -7
v 11 84 -7
v 12 84 -7
v -8 84 -8
v -6 84 -8
v 8 84 -8
v 9 84 -8
v 10 84 -8
v 11 84 -8
v 4 84 -9
v 5 84 -9
v 6 84 -9
v 0 84 -10
v 4 84 -10
v 5 84 -10
v 6 84 -10
v 10 84 -10
v 11 84 -10
v 0 84 -11
v 3 84 -11
v 4 84 -11
v 9 84 -11
v 11 84 -11
v -2 84 -12
v -1 84 -12
v 3 84 -12
v 4 84 -12
v 5 84 -12
v -1 84 -13
v 0 84 -13
v 1 84 -13
v 4 84 -13
v 5 84 -13
v 6 84 -13
v -2 84 -14
v -1 84 -14
v 0 84 -14
v 1 84 -14
v 2 84 -14
v 4 84 -14
v -2 84 -15
v 0 84 -15
v 2 84 -15

# faces
f 3/3/1 2/3/1 1/3/1
f 4/3/1 2/3/1 3/3/1
f 5/4/1 4/4/1 3/4/1
f 6/4/1 4/4/1 5/4/1
f 7/3/1 6/3/1 5/3/1
f 8/3/1 6/3/1 7/3/1
f 9/4/1 8/4/1 7/4/1
f 10/4/1 8/4/1 9/4/1
f 14/3/1 12/3/1 11/3/1
f 14/3/1 13/3/1 12/3/1
f 15/3/1 13/3/1 14/3/1
f 16/3/1 14/3/1 11/3/1
f 17/3/1 14/3/1 16/3/1
f 18/4/1 17/4/1 16/4/1
f 19/4/1 17/4/1 18/4/1
f 20/3/1 19/3/1 18/3/1
f 21/3/1 19/3/1 20/3/1
f 22/4/1 21/4/1 20/4/1
f 23/4/1 21/4/1 22/4/1
f 26/3/1 25/3/1 24/3/1
f 27/3/1 25/3/1 26/3/1
f 30/3/1 29/3/1 28/3/1
f 31/3/1 29/3/1 30/3/1
f 33/4/1 32/4/1 31/4/1
f 34/4/1 32/4/1 33/4/1
f 38/3/1 36/3/1 35/3/1
f 39/3/1 38/3/1 37/3/1
f 40/3/1 36/3/1 38/3/1
f 40/3/1 38/3/1 39/3/1
f 41/3/1 36/3/1 40/3/1
f 42/4/1 40/4/1 39/4/1
f 43/4/1 40/4/1 42/4/1
f 47/3/1 45/3/1 44/3/1
f 48/4/1 46/4/1 45/4/1
f 48/3/1 45/3/1 47/3/1
f 49/4/1 46/4/1 48/4/1
f 50/4/1 48/4/1 47/4/1
f 51/4/1 48/4/1 50/4/1
f 52/3/1 51/3/1 50/3/1
f 53/3/1 51/3/1 52/3/1
f 56/4/1 55/4/1 54/4/1
f 57/4/1 55/4/1 56/4/1
f 58/3/1 57/3/1 56/3/1
f 59/3/1 57/3/1 58/3/1
f 62/3/1 61/3/1 60/3/1
f 63/3/1 61/3/1 62/3/1
f 66/3/1 65/3/1 64/3/1
f 67/3/1 65/3/1 66/3/1
f 68/4/1 67/4/1 66/4/1
f 69/4/1 67/4/1 68/4/1
f 72/4/1 71/4/1 70/4/1
f 73/4/1 71/4/1 72/4/1
f 75/3/1 74/3/1 73/3/1
f 76/3/1 74/3/1 75/3/1
f 79/4/1 78/4/1 77/4/1
f 80/4/1 79/4/1 77/4/1
f 81/4/1 79/4/1 80/4/1
f 84/4/1 83/4/1 82/4/1
f 85/4/1 83/4/1 84/4/1
f 86/3/1 85/3/1 84/3/1
f 87/3/1 85/3/1 86/3/1
f 88/4/1 87/4/1 86/4/1
f 89/4/1 87/4/1 88/4/1
f 90/3/1 89/3/1 88/3/1
f 91/3/1 89/3/1 90/3/1
f 92/4/1 91/4/1 90/4/1
f 93/4/1 91/4/1 92/4/1
f 94/3/1 93/3/1 92/3/1
f 95/3/1 93/3/1 94/3/1
f 96/4/1 95/4/1 94/4/1
f 97/4/1 95/4/1 96/4/1
f 98/3/1 97/3/1 96/3/1
f 99/3/1 97/3/1 98/3/1
f 100/4/1 99/4/1 98/4/1
f 101/4/1 99/4/1 100/4/1
f 102/3/1 101/3/1 100/3/1
f 103/3/1 101/3/1 102/3/1
f 106/4/1 105/4/1 104/4/1
f 107/4/1 105/4/1 106/4/1
f 109/3/1 108/3/1 107/3/1
f 110/3/1 108/3/1 109/3/1
f 112/4/1 111/4/1 110/4/1
f 113/4/1 111/4/1 112/4/1
f 116/3/1 115/3/1 114/3/1
f 117/3/1 115/3/1 116/3/1
f 118/4/1 117/4/1 116/4/1
f 119/4/1 117/4/1 118/4/1
f 120/3/1 119/3/1 118/3/1
f 121/3/1 119/3/1 120/3/1
f 124/1/1 123/1/1 122/1/1
f 125/1/1 123/1/1 124/1/1
f 128/4/1 127/4/1 126/4/1
f 129/4/1 127/4/1 128/4/1
f 131/3/1 130/3/1 129/3/1
f 132/3/1 130/3/1 131/3/1
f 133/4/1 132/4/1 131/4/1
f 134/4/1 132/4/1 133/4/1
f 135/3/1 134/3/1 133/3/1
f 136/3/1 134/3/1 135/3/1
f 139/3/1 138/3/1 137/3/1
f 140/3/1 138/3/1 139/3/1
f 142/4/1 141/4/1 140/4/1
f 143/4/1 141/4/1 142/4/1
f 145/4/1 144/4/1 143/4/1
f 146/4/1 144/4/1 145/4/1
f 147/3/1 146/3/1 145/3/1
f 148/3/1 146/3/1 147/3/1
f 154/4/1 150/4/1 149/4/1
f 155/3/1 151/3/1 150/3/1
f 155/4/1 150/4/1 154/4/1
f 156/3/1 151/3/1 155/3/1
f 157/4/1 153/4/1 152/4/1
f 158/4/1 153/4/1 157/4/1
f 166/4/1 160/4/1 159/4/1
f 167/3/1 161/3/1 160/3/1
f 167/4/1 160/4/1 166/4/1
f 168/3/1 161/3/1 167/3/1
f 169/4/1 163/4/1 162/4/1
f 170/1/1 164/1/1 163/1/1
f 170/4/1 163/4/1 169/4/1
f 171/4/1 165/4/1 164/4/1
f 171/1/1 164/1/1 170/1/1
f 172/4/1 165/4/1 171/4/1
f 175/3/1 174/3/1 173/3/1
f 176/3/1 174/3/1 175/3/1
f 181/4/1 178/4/1 177/4/1
f 182/3/1 179/3/1 178/3/1
f 182/4/1 178/4/1 181/4/1
f 183/4/1 180/4/1 179/4/1
f 183/3/1 179/3/1 182/3/1
f 184/4/1 180/4/1 183/4/1
f 187/1/1 186/1/1 185/1/1
f 188/1/1 186/1/1 187/1/1
f 191/4/1 190/4/1 189/4/1
f 192/4/1 191/4/1 189/4/1
f 193/4/1 191/4/1 192/4/1
f 196/4/1 195/4/1 194/4/1
f 197/4/1 195/4/1 196/4/1
f 199/3/1 198/3/1 197/3/1
f 200/3/1 198/3/1 199/3/1
f 207/1/1 202/1/1 201/1/1
f 208/1/1 202/1/1 207/1/1
f 215/1/1 204/1/1 203/1/1
f 216/1/1 204/1/1 215/1/1
f 217/4/1 206/4/1 205/4/1
f 218/4/1 206/4/1 217/4/1
f 219/1/1 210/1/1 209/1/1
f 220/1/1 210/1/1 219/1/1
f 221/4/1 212/4/1 211/4/1
f 222/4/1 212/4/1 221/4/1
f 223/3/1 214/3/1 213/3/1
f 224/3/1 214/3/1 223/3/1
f 227/3/1 226/3/1 225/3/1
f 228/3/1 226/3/1 227/3/1
f 231/4/1 230/4/1 229/4/1
f 232/4/1 230/4/1 231/4/1
f 234/1/1 233/1/1 232/1/1
f 235/1/1 233/1/1 234/1/1
f 244/1/1 236/1/1 235/1/1
f 245/1/1 236/1/1 244/1/1
f 246/1/1 238/1/1 237/1/1
f 247/1/1 238/1/1 246/1/1
f 248/4/1 240/4/1 239/4/1
f 249/4/1 240/4/1 248/4/1
f 250/1/1 242/1/1 241/1/1
f 251/3/1 243/3/1 242/3/1
f 251/1/1 242/1/1 250/1/1
f 252/3/1 243/3/1 251/3/1
f 255/4/1 254/4/1 253/4/1
f 256/4/1 254/4/1 255/4/1
f 259/4/1 258/4/1 257/4/1
f 260/4/1 258/4/1 259/4/1
f 265/3/1 262/3/1 261/3/1
f 266/3/1 262/3/1 265/3/1
f 267/4/1 264/4/1 263/4/1
f 268/4/1 264/4/1 267/4/1
f 272/3/1 270/3/1 269/3/1
f 273/3/1 270/3/1 272/3/1
f 274/1/1 271/1/1 270/1/1
f 274/3/1 270/3/1 273/3/1
f 275/1/1 271/1/1 274/1/1
f 278/3/1 277/3/1 276/3/1
f 279/3/1 277/3/1 278/3/1
f 287/3/1 281/3/1 280/3/1
f 288/3/1 281/3/1 287/3/1
f 289/1/1 283/1/1 282/1/1
f 290/1/1 283/1/1 289/1/1
f 297/4/1 285/4/1 284/4/1
f 298/1/1 286/1/1 285/1/1
f 298/4/1 285/4/1 297/4/1
f 299/1/1 286/1/1 298/1/1
f 300/1/1 286/1/1 299/1/1
f 301/3/1 289/3/1 288/3/1
f 302/3/1 289/3/1 301/3/1
f 303/1/1 292/1/1 291/1/1
f 304/1/1 292/1/1 303/1/1
f 305/1/1 294/1/1 293/1/1
f 306/1/1 294/1/1 305/1/1
f 307/1/1 296/1/1 295/1/1
f 308/1/1 296/1/1 307/1/1
f 319/3/1 310/3/1 309/3/1
f 320/4/1 311/4/1 310/4/1
f 320/3/1 310/3/1 319/3/1
f 321/4/1 311/4/1 320/4/1
f 322/4/1 313/4/1 312/4/1
f 323/1/1 314/1/1 313/1/1
f 323/4/1 313/4/1 322/4/1
f 324/1/1 314/1/1 323/1/1
f 325/1/1 316/1/1 315/1/1
f 326/1/1 316/1/1 325/1/1
f 327/3/1 318/3/1 317/3/1
f 328/3/1 318/3/1 327/3/1
f 331/1/1 330/1/1 329/1/1
f 332/1/1 330/1/1 331/1/1
f 336/1/1 333/1/1 332/1/1
f 337/1/1 333/1/1 336/1/1
f 347/3/1 335/3/1 334/3/1
f 348/3/1 335/3/1 347/3/1
f 349/1/1 338/1/1 337/1/1
f 350/3/1 339/3/1 338/3/1
f 350/1/1 338/1/1 349/1/1
f 351/3/1 339/3/1 350/3/1
f 352/3/1 341/3/1 340/3/1
f 353/3/1 341/3/1 352/3/1
f 354/3/1 343/3/1 342/3/1
f 355/1/1 344/1/1 343/1/1
f 355/3/1 343/3/1 354/3/1
f 356/1/1 344/1/1 355/1/1
f 357/1/1 346/1/1 345/1/1
f 358/1/1 346/1/1 357/1/1
f 374/3/1 360/3/1 359/3/1
f 375/3/1 360/3/1 374/3/1
f 376/4/1 362/4/1 361/4/1
f 377/3/1 363/3/1 362/3/1
f 377/4/1 362/4/1 376/4/1
f 378/1/1 364/1/1 363/1/1
f 378/3/1 363/3/1 377/3/1
f 379/1/1 364/1/1 378/1/1
f 380/1/1 366/1/1 365/1/1
f 381/3/1 367/3/1 366/3/1
f 381/1/1 366/1/1 380/1/1
f 382/3/1 367/3/1 381/3/1
f 383/1/1 369/1/1 368/1/1
f 384/3/1 370/3/1 369/3/1
f 384/1/1 369/1/1 383/1/1
f 385/1/1 371/1/1 370/1/1
f 385/3/1 370/3/1 384/3/1
f 386/1/1 371/1/1 385/1/1
f 387/1/1 373/1/1 372/1/1
f 388/1/1 373/1/1 387/1/1
f 391/1/1 390/1/1 389/1/1
f 392/1/1 390/1/1 391/1/1
f 398/4/1 394/4/1 393/4/1
f 399/4/1 394/4/1 398/4/1
f 400/1/1 396/1/1 395/1/1
f 401/4/1 397/4/1 396/4/1
f 401/1/1 396/1/1 400/1/1
f 402/4/1 397/4/1 401/4/1
f 410/1/1 404/1/1 403/1/1
f 411/1/1 404/1/1 410/1/1
f 412/1/1 406/1/1 405/1/1
f 413/3/1 409/3/1 408/3/1
f 413/1/1 406/1/1 412/1/1
f 413/3/1 407/3/1 406/3/1
f 413/3/1 408/3/1 407/3/1
f 414/3/1 409/3/1 413/3/1
f 421/1/1 416/1/1 415/1/1
f 422/1/1 416/1/1 421/1/1
f 423/1/1 418/1/1 417/1/1
f 424/4/1 419/4/1 418/4/1
f 424/1/1 418/1/1 423/1/1
f 425/1/1 420/1/1 419/1/1
f 425/4/1 419/4/1 424/4/1
f 426/1/1 420/1/1 425/1/1
f 429/1/1 428/1/1 427/1/1
f 430/1/1 428/1/1 429/1/1
f 433/1/1 432/1/1 431/1/1
f 434/1/1 432/1/1 433/1/1
f 437/1/1 436/1/1 435/1/1
f 438/1/1 436/1/1 437/1/1
f 443/2/1 440/2/1 439/2/1
f 444/2/1 440/2/1 443/2/1
f 445/4/1 442/4/1 441/4/1
f 446/4/1 442/4/1 445/4/1
f 449/1/1 448/1/1 447/1/1
f 450/1/1 448/1/1 449/1/1
f 453/3/1 452/3/1 451/3/1
f 454/3/1 452/3/1 453/3/1
f 457/1/1 456/1/1 455/1/1
f 458/1/1 456/1/1 457/1/1
f 463/4/1 460/4/1 459/4/1
f 464/4/1 460/4/1 463/4/1
f 465/3/1 462/3/1 461/3/1
f 466/3/1 462/3/1 465/3/1
f 469/4/1 468/4/1 467/4/1
f 470/4/1 468/4/1 469/4/1
f 476/3/1 472/3/1 471/3/1
f 477/4/1 473/4/1 472/4/1
f 477/3/1 472/3/1 476/3/1
f 478/4/1 473/4/1 477/4/1
f 479/3/1 475/3/1 474/3/1
f 480/3/1 475/3/1 479/3/1
f 483/1/1 482/1/1 481/1/1
f 484/1/1 482/1/1 483/1/1
f 485/2/1 484/2/1 483/2/1
f 486/2/1 484/2/1 485/2/1
f 487/4/1 486/4/1 485/4/1
f 488/4/1 486/4/1 487/4/1
f 489/1/1 488/1/1 487/1/1
f 490/1/1 488/1/1 489/1/1
f 491/2/1 490/2/1 489/2/1
f 492/2/1 490/2/1 491/2/1
f 493/4/1 492/4/1 491/4/1
f 494/4/1 492/4/1 493/4/1
f 495/1/1 494/1/1 493/1/1
f 496/1/1 494/1/1 495/1/1
f 497/4/1 496/4/1 495/4/1
f 498/4/1 496/4/1 497/4/1
f 499/1/1 498/1/1 497/1/1
f 500/1/1 498/1/1 499/1/1
f 501/2/1 500/2/1 499/2/1
f 502/2/1 500/2/1 501/2/1
f 505/3/1 504/3/1 503/3/1
f 506/3/1 504/3/1 505/3/1
f 509/1/1 508/1/1 507/1/1
f 510/1/1 508/1/1 509/1/1
f 515/4/1 512/4/1 511/4/1
f 516/4/1 512/4/1 515/4/1
f 517/1/1 514/1/1 513/1/1
f 518/1/1 514/1/1 517/1/1
f 523/4/1 520/4/1 519/4/1
f 524/1/1 521/1/1 520/1/1
f 524/4/1 520/4/1 523/4/1
f 525/4/1 522/4/1 521/4/1
f 525/1/1 521/1/1 524/1/1
f 526/4/1 522/4/1 525/4/1
f 530/2/1 528/2/1 527/2/1
f 531/1/1 529/1/1 528/1/1
f 531/2/1 528/2/1 530/2/1
f 532/1/1 529/1/1 531/1/1
f 535/3/1 534/3/1 533/3/1
f 536/3/1 534/3/1 535/3/1
f 539/1/1 538/1/1 537/1/1
f 540/1/1 538/1/1 539/1/1
f 543/3/1 542/3/1 541/3/1
f 544/3/1 542/3/1 543/3/1
f 550/1/1 546/1/1 545/1/1
f 551/1/1 546/1/1 550/1/1
f 552/4/1 548/4/1 547/4/1
f 553/1/1 549/1/1 548/1/1
f 553/4/1 548/4/1 552/4/1
f 553/1/1 550/1/1 549/1/1
f 554/1/1 550/1/1 553/1/1
f 562/3/1 556/3/1 555/3/1
f 563/3/1 556/3/1 562/3/1
f 564/3/1 558/3/1 557/3/1
f 565/3/1 558/3/1 564/3/1
f 566/3/1 560/3/1 559/3/1
f 567/4/1 561/4/1 560/4/1
f 567/3/1 560/3/1 566/3/1
f 568/4/1 561/4/1 567/4/1
f 571/1/1 570/1/1 569/1/1
f 572/1/1 570/1/1 571/1/1
f 575/3/1 574/3/1 573/3/1
f 576/3/1 574/3/1 575/3/1
f 579/4/1 578/4/1 577/4/1
f 580/4/1 578/4/1 579/4/1
f 583/1/1 582/1/1 581/1/1
f 584/1/1 582/1/1 583/1/1
f 587/2/1 586/2/1 585/2/1
f 588/2/1 586/2/1 587/2/1
f 591/1/1 590/1/1 589/1/1
f 592/1/1 590/1/1 591/1/1
f 595/1/1 594/1/1 593/1/1
f 596/1/1 594/1/1 595/1/1
f 599/3/1 598/3/1 597/3/1
f 600/3/1 598/3/1 599/3/1
f 603/1/1 602/1/1 601/1/1
f 604/1/1 602/1/1 603/1/1
f 608/4/1 606/4/1 605/4/1
f 609/1/1 607/1/1 606/1/1
f 609/4/1 606/4/1 608/4/1
f 610/1/1 607/1/1 609/1/1
f 618/1/1 612/1/1 611/1/1
f 619/1/1 612/1/1 618/1/1
f 620/1/1 614/1/1 613/1/1
f 621/1/1 614/1/1 620/1/1
f 622/2/1 616/2/1 615/2/1
f 623/4/1 617/4/1 616/4/1
f 623/2/1 616/2/1 622/2/1
f 624/4/1 617/4/1 623/4/1
f 628/1/1 626/1/1 625/1/1
f 629/4/1 627/4/1 626/4/1
f 629/1/1 626/1/1 628/1/1
f 630/4/1 627/4/1 629/4/1
f 634/3/1 632/3/1 631/3/1
f 635/4/1 633/4/1 632/4/1
f 635/3/1 632/3/1 634/3/1
f 636/4/1 633/4/1 635/4/1
f 642/4/1 638/4/1 637/4/1
f 643/4/1 638/4/1 642/4/1
f 644/4/1 640/4/1 639/4/1
f 645/1/1 641/1/1 640/1/1
f 645/4/1 640/4/1 644/4/1
f 646/1/1 641/1/1 645/1/1
f 651/3/1 648/3/1 647/3/1
f 652/3/1 648/3/1 651/3/1
f 653/3/1 650/3/1 649/3/1
f 654/3/1 650/3/1 653/3/1
f 657/4/1 656/4/1 655/4/1
f 658/4/1 656/4/1 657/4/1
f 660/4/1 659/4/1 658/4/1
f 661/4/1 659/4/1 660/4/1
f 663/3/1 662/3/1 661/3/1
f 664/3/1 662/3/1 663/3/1
f 666/3/1 665/3/1 664/3/1
f 667/3/1 665/3/1 666/3/1
f 669/4/1 667/4/1 666/4/1
f 670/4/1 667/4/1 669/4/1
f 671/4/1 669/4/1 668/4/1
f 672/4/1 669/4/1 671/4/1
f 674/4/1 673/4/1 672/4/1
f 675/4/1 673/4/1 674/4/1
f 676/3/1 675/3/1 674/3/1
f 677/3/1 675/3/1 676/3/1
f 682/4/1 679/4/1 678/4/1
f 683/4/1 679/4/1 682/4/1
f 686/1/1 681/1/1 680/1/1
f 687/1/1 681/1/1 686/1/1
f 688/1/1 685/1/1 684/1/1
f 689/1/1 685/1/1 688/1/1
f 692/3/1 691/3/1 690/3/1
f 693/3/1 691/3/1 692/3/1
f 696/3/1 695/3/1 694/3/1
f 697/3/1 695/3/1 696/3/1
f 698/4/1 697/4/1 696/4/1
f 699/4/1 697/4/1 698/4/1
f 703/4/1 701/4/1 700/4/1
f 704/3/1 702/3/1 701/3/1
f 704/4/1 701/4/1 703/4/1
f 705/3/1 702/3/1 704/3/1
f 710/1/1 707/1/1 706/1/1
f 711/1/1 707/1/1 710/1/1
f 714/1/1 709/1/1 708/1/1
f 715/1/1 709/1/1 714/1/1
f 716/1/1 713/1/1 712/1/1
f 716/1/1 714/1/1 713/1/1
f 717/1/1 714/1/1 716/1/1
f 720/3/1 719/3/1 718/3/1
f 721/3/1 719/3/1 720/3/1
f 724/3/1 723/3/1 722/3/1
f 725/3/1 723/3/1 724/3/1
f 727/3/1 726/3/1 725/3/1
f 728/3/1 726/3/1 727/3/1
f 731/1/1 730/1/1 729/1/1
f 732/1/1 730/1/1 731/1/1
f 735/1/1 734/1/1 733/1/1
f 736/1/1 734/1/1 735/1/1
f 739/3/1 738/3/1 737/3/1
f 740/3/1 738/3/1 739/3/1
f 742/4/1 741/4/1 740/4/1
f 743/4/1 741/4/1 742/4/1
f 746/1/1 745/1/1 744/1/1
f 747/1/1 745/1/1 746/1/1
f 750/1/1 749/1/1 748/1/1
f 751/1/1 749/1/1 750/1/1
f 755/1/1 752/1/1 751/1/1
f 756/1/1 752/1/1 755/1/1
f 757/1/1 754/1/1 753/1/1
f 758/1/1 754/1/1 757/1/1
f 759/2/1 757/2/1 756/2/1
f 760/2/1 757/2/1 759/2/1
f 761/1/1 760/1/1 759/1/1
f 762/1/1 760/1/1 761/1/1
f 763/2/1 762/2/1 761/2/1
f 764/2/1 762/2/1 763/2/1
f 765/4/1 764/4/1 763/4/1
f 766/4/1 764/4/1 765/4/1
f 767/1/1 766/1/1 765/1/1
f 768/1/1 766/1/1 767/1/1
f 769/2/1 768/2/1 767/2/1
f 770/2/1 768/2/1 769/2/1
f 771/1/1 770/1/1 769/1/1
f 772/1/1 770/1/1 771/1/1
f 773/4/1 772/4/1 771/4/1
f 774/4/1 772/4/1 773/4/1
f 775/2/1 774/2/1 773/2/1
f 776/2/1 774/2/1 775/2/1
f 777/1/1 776/1/1 775/1/1
f 778/1/1 776/1/1 777/1/1
f 779/4/1 778/4/1 777/4/1
f 780/4/1 778/4/1 779/4/1
f 781/1/1 780/1/1 779/1/1
f 782/1/1 780/1/1 781/1/1
f 785/3/1 784/3/1 783/3/1
f 786/3/1 784/3/1 785/3/1
f 788/4/1 787/4/1 786/4/1
f 789/4/1 787/4/1 788/4/1
f 794/2/1 791/2/1 790/2/1
f 795/2/1 791/2/1 794/2/1
f 796/2/1 791/2/1 795/2/1
f 797/1/1 793/1/1 792/1/1
f 798/1/1 793/1/1 797/1/1
f 803/1/1 800/1/1 799/1/1
f 804/1/1 800/1/1 803/1/1
f 805/1/1 802/1/1 801/1/1
f 806/1/1 802/1/1 805/1/1
f 809/3/1 808/3/1 807/3/1
f 810/3/1 808/3/1 809/3/1
f 813/3/1 812/3/1 811/3/1
f 814/3/1 812/3/1 813/3/1
f 817/3/1 816/3/1 815/3/1
f 818/3/1 816/3/1 817/3/1
f 822/1/1 820/1/1 819/1/1
f 823/4/1 821/4/1 820/4/1
f 823/1/1 820/1/1 822/1/1
f 824/4/1 821/4/1 823/4/1
f 828/4/1 825/4/1 824/4/1
f 829/4/1 825/4/1 828/4/1
f 844/3/1 827/3/1 826/3/1
f 845/3/1 827/3/1 844/3/1
f 846/1/1 830/1/1 829/1/1
f 847/3/1 831/3/1 830/3/1
f 847/1/1 830/1/1 846/1/1
f 848/1/1 832/1/1 831/1/1
f 848/3/1 831/3/1 847/3/1
f 849/4/1 833/4/1 832/4/1
f 849/1/1 832/1/1 848/1/1
f 850/1/1 834/1/1 833/1/1
f 850/4/1 833/4/1 849/4/1
f 851/4/1 835/4/1 834/4/1
f 851/1/1 834/1/1 850/1/1
f 852/3/1 836/3/1 835/3/1
f 852/4/1 835/4/1 851/4/1
f 853/3/1 836/3/1 852/3/1
f 854/4/1 838/4/1 837/4/1
f 855/3/1 839/3/1 838/3/1
f 855/4/1 838/4/1 854/4/1
f 856/4/1 840/4/1 839/4/1
f 856/3/1 839/3/1 855/3/1
f 857/1/1 841/1/1 840/1/1
f 857/4/1 840/4/1 856/4/1
f 858/1/1 841/1/1 857/1/1
f 859/1/1 843/1/1 842/1/1
f 860/1/1 843/1/1 859/1/1
f 863/3/1 862/3/1 861/3/1
f 864/3/1 862/3/1 863/3/1
f 865/4/1 864/4/1 863/4/1
f 866/4/1 864/4/1 865/4/1
f 868/4/1 867/4/1 866/4/1
f 869/4/1 867/4/1 868/4/1
f 878/3/1 871/3/1 870/3/1
f 879/4/1 872/4/1 871/4/1
f 879/3/1 871/3/1 878/3/1
f 880/4/1 872/4/1 879/4/1
f 881/3/1 874/3/1 873/3/1
f 882/3/1 874/3/1 881/3/1
f 883/4/1 876/4/1 875/4/1
f 884/4/1 876/4/1 883/4/1
f 885/4/1 878/4/1 877/4/1
f 886/4/1 878/4/1 885/4/1
f 889/3/1 888/3/1 887/3/1
f 890/3/1 888/3/1 889/3/1
f 898/4/1 892/4/1 891/4/1
f 899/3/1 893/3/1 892/3/1
f 899/4/1 892/4/1 898/4/1
f 900/3/1 893/3/1 899/3/1
f 901/1/1 895/1/1 894/1/1
f 902/1/1 895/1/1 901/1/1
f 905/1/1 897/1/1 896/1/1
f 906/1/1 897/1/1 905/1/1
f 907/1/1 904/1/1 903/1/1
f 908/1/1 904/1/1 907/1/1
f 911/4/1 910/4/1 909/4/1
f 912/4/1 910/4/1 911/4/1
f 914/3/1 913/3/1 912/3/1
f 915/3/1 913/3/1 914/3/1
f 918/4/1 917/4/1 916/4/1
f 919/4/1 917/4/1 918/4/1
f 920/4/1 917/4/1 919/4/1
f 930/1/1 922/1/1 921/1/1
f 931/1/1 922/1/1 930/1/1
f 932/1/1 924/1/1 923/1/1
f 933/1/1 924/1/1 932/1/1
f 934/1/1 926/1/1 925/1/1
f 935/4/1 927/4/1 926/4/1
f 935/1/1 926/1/1 934/1/1
f 936/3/1 928/3/1 927/3/1
f 936/4/1 927/4/1 935/4/1
f 937/1/1 929/1/1 928/1/1
f 937/3/1 928/3/1 936/3/1
f 938/1/1 929/1/1 937/1/1
f 941/4/1 940/4/1 939/4/1
f 942/4/1 940/4/1 941/4/1
f 944/4/1 943/4/1 942/4/1
f 945/4/1 943/4/1 944/4/1
f 946/3/1 945/3/1 944/3/1
f 947/3/1 945/3/1 946/3/1
f 950/3/1 949/3/1 948/3/1
f 951/3/1 949/3/1 950/3/1
f 956/1/1 953/1/1 952/1/1
f 957/1/1 953/1/1 956/1/1
f 959/4/1 955/4/1 954/4/1
f 960/4/1 955/4/1 959/4/1
f 967/1/1 958/1/1 957/1/1
f 968/1/1 958/1/1 967/1/1
f 969/4/1 962/4/1 961/4/1
f 970/3/1 963/3/1 962/3/1
f 970/4/1 962/4/1 969/4/1
f 971/3/1 963/3/1 970/3/1
f 972/1/1 965/1/1 964/1/1
f 973/3/1 966/3/1 965/3/1
f 973/1/1 965/1/1 972/1/1
f 974/3/1 966/3/1 973/3/1
f 977/3/1 976/3/1 975/3/1
f 978/3/1 976/3/1 977/3/1
f 981/3/1 980/3/1 979/3/1
f 982/3/1 980/3/1 981/3/1
f 985/4/1 984/4/1 983/4/1
f 986/4/1 984/4/1 985/4/1
f 987/3/1 986/3/1 985/3/1
f 988/3/1 986/3/1 987/3/1
f 991/4/1 989/4/1 988/4/1
f 992/3/1 990/3/1 989/3/1
f 992/4/1 989/4/1 991/4/1
f 993/3/1 990/3/1 992/3/1
f 995/3/1 994/3/1 993/3/1
f 996/3/1 994/3/1 995/3/1
f 1003/1/1 998/1/1 997/1/1
f 1004/1/1 998/1/1 1003/1/1
f 1005/3/1 1000/3/1 999/3/1
f 1006/3/1 1000/3/1 1005/3/1
f 1007/3/1 1002/3/1 1001/3/1
f 1008/3/1 1002/3/1 1007/3/1
f 1011/3/1 1010/3/1 1009/3/1
f 1012/3/1 1010/3/1 1011/3/1
f 1013/4/1 1012/4/1 1011/4/1
f 1014/4/1 1012/4/1 1013/4/1
f 1015/3/1 1014/3/1 1013/3/1
f 1016/3/1 1014/3/1 1015/3/1
f 1017/4/1 1016/4/1 1015/4/1
f 1018/4/1 1016/4/1 1017/4/1
f 1020/3/1 1019/3/1 1018/3/1
f 1021/3/1 1019/3/1 1020/3/1
f 1024/4/1 1023/4/1 1022/4/1
f 1025/4/1 1023/4/1 1024/4/1
f 1026/4/1 1023/4/1 1025/4/1
f 1028/3/1 1027/3/1 1026/3/1
f 1029/3/1 1027/3/1 1028/3/1
f 1032/1/1 1031/1/1 1030/1/1
f 1033/1/1 1031/1/1 1032/1/1
f 1036/3/1 1035/3/1 1034/3/1
f 1037/3/1 1035/3/1 1036/3/1
f 1038/4/1 1037/4/1 1036/4/1
f 1039/4/1 1037/4/1 1038/4/1
f 1040/3/1 1039/3/1 1038/3/1
f 1041/3/1 1039/3/1 1040/3/1
f 1047/1/1 1043/1/1 1042/1/1
f 1048/3/1 1044/3/1 1043/3/1
f 1048/1/1 1043/1/1 1047/1/1
f 1049/3/1 1044/3/1 1048/3/1
f 1050/1/1 1046/1/1 1045/1/1
f 1051/1/1 1046/1/1 1050/1/1
f 1060/1/1 1053/1/1 1052/1/1
f 1061/4/1 1054/4/1 1053/4/1
f 1061/1/1 1053/1/1 1060/1/1
f 1062/3/1 1055/3/1 1054/3/1
f 1062/4/1 1054/4/1 1061/4/1
f 1063/3/1 1055/3/1 1062/3/1
f 1064/1/1 1057/1/1 1056/1/1
f 1065/4/1 1058/4/1 1057/4/1
f 1065/1/1 1057/1/1 1064/1/1
f 1066/1/1 1059/1/1 1058/1/1
f 1066/4/1 1058/4/1 1065/4/1
f 1067/1/1 1059/1/1 1066/1/1
f 1070/4/1 1069/4/1 1068/4/1
f 1071/4/1 1069/4/1 1070/4/1
f 1074/3/1 1073/3/1 1072/3/1
f 1075/3/1 1073/3/1 1074/3/1
f 1078/1/1 1077/1/1 1076/1/1
f 1079/1/1 1077/1/1 1078/1/1
f 1082/3/1 1081/3/1 1080/3/1
f 1083/3/1 1081/3/1 1082/3/1
f 1084/3/1 1081/3/1 1083/3/1
f 1087/3/1 1086/3/1 1085/3/1
f 1088/3/1 1086/3/1 1087/3/1
f 1091/3/1 1090/3/1 1089/3/1
f 1092/3/1 1090/3/1 1091/3/1
f 1095/3/1 1094/3/1 1093/3/1
f 1096/3/1 1094/3/1 1095/3/1
f 1099/3/1 1098/3/1 1097/3/1
f 1100/3/1 1098/3/1 1099/3/1
f 1102/4/1 1101/4/1 1100/4/1
f 1103/4/1 1101/4/1 1102/4/1
f 1106/4/1 1104/4/1 1103/4/1
f 1107/4/1 1104/4/1 1106/4/1
f 1108/3/1 1106/3/1 1105/3/1
f 1109/3/1 1106/3/1 1108/3/1
f 1113/4/1 1111/4/1 1110/4/1
f 1113/3/1 1112/3/1 1111/3/1
f 1114/3/1 1112/3/1 1113/3/1
f 1115/4/1 1113/4/1 1110/4/1
f 1116/4/1 1113/4/1 1115/4/1
f 1118/3/1 1116/3/1 1115/3/1
f 1118/3/1 1117/3/1 1116/3/1
f 1119/3/1 1117/3/1 1118/3/1
f 1120/3/1 1117/3/1 1119/3/1
f 1122/3/1 1121/3/1 1120/3/1
f 1123/3/1 1121/3/1 1122/3/1
f 1126/3/1 1125/3/1 1124/3/1
f 1127/3/1 1125/3/1 1126/3/1
f 1131/4/1 1127/4/1 1126/4/1
f 1132/3/1 1128/3/1 1127/3/1
f 1132/4/1 1127/4/1 1131/4/1
f 1133/3/1 1128/3/1 1132/3/1
f 1134/4/1 1130/4/1 1129/4/1
f 1135/4/1 1130/4/1 1134/4/1
f 1137/3/1 1135/3/1 1134/3/1
f 1138/3/1 1135/3/1 1137/3/1
f 1139/3/1 1137/3/1 1136/3/1
f 1140/3/1 1137/3/1 1139/3/1
f 1143/3/1 1142/3/1 1141/3/1
f 1144/3/1 1142/3/1 1143/3/1
f 1145/4/1 1144/4/1 1143/4/1
f 1146/4/1 1144/4/1 1145/4/1
f 1147/3/1 1146/3/1 1145/3/1
f 1148/3/1 1146/3/1 1147/3/1
f 1150/3/1 1149/3/1 1148/3/1
f 1151/3/1 1149/3/1 1150/3/1
f 1154/3/1 1153/3/1 1152/3/1
f 1155/3/1 1153/3/1 1154/3/1
f 1158/3/1 1157/3/1 1156/3/1
f 1159/3/1 1157/3/1 1158/3/1
f 1161/3/1 1160/3/1 1159/3/1
f 1162/3/1 1160/3/1 1161/3/1
f 1163/4/1 1162/4/1 1161/4/1
f 1164/4/1 1162/4/1 1163/4/1
f 1165/3/1 1164/3/1 1163/3/1
f 1166/3/1 1164/3/1 1165/3/1
f 1169/4/1 1168/4/1 1167/4/1
f 1170/4/1 1168/4/1 1169/4/1
f 1173/3/1 1172/3/1 1171/3/1
f 1174/3/1 1172/3/1 1173/3/1
f 1175/4/1 1174/4/1 1173/4/1
f 1176/4/1 1174/4/1 1175/4/1
f 1179/3/1 1178/3/1 1177/3/1
f 1180/3/1 1178/3/1 1179/3/1
f 1181/4/1 1180/4/1 1179/4/1
f 1182/4/1 1180/4/1 1181/4/1
f 1185/4/1 1184/4/1 1183/4/1
f 1186/4/1 1184/4/1 1185/4/1
f 1187/3/1 1186/3/1 1185/3/1
f 1188/3/1 1186/3/1 1187/3/1
f 1191/3/1 1190/3/1 1189/3/1
f 1192/3/1 1190/3/1 1191/3/1
f 1193/3/2 1194/3/2 1195/3/2
f 1195/3/2 1194/3/2 1196/3/2
f 1195/4/2 1196/4/2 1197/4/2
f 1197/4/2 1196/4/2 1198/4/2
f 1197/3/2 1198/3/2 1199/3/2
f 1199/3/2 1198/3/2 1200/3/2
f 1199/4/2 1200/4/2 1201/4/2
f 1201/4/2 1200/4/2 1202/4/2
f 1203/4/2 1204/4/2 1205/4/2
f 1205/4/2 1204/4/2 1206/4/2
f 1207/3/2 1208/3/2 1209/3/2
f 1209/3/2 1208/3/2 1210/3/2
f 1207/3/2 1209/3/2 1211/3/2
f 1211/3/2 1209/3/2 1212/3/2
f 1211/4/2 1212/4/2 1213/4/2
f 1213/4/2 1212/4/2 1214/4/2
f 1213/3/2 1214/3/2 1215/3/2
f 1215/3/2 1214/3/2 1216/3/2
f 1215/4/2 1216/4/2 1217/4/2
f 1217/4/2 1216/4/2 1218/4/2
f 1219/4/2 1220/4/2 1221/4/2
f 1221/4/2 1220/4/2 1222/4/2
f 1223/3/2 1224/3/2 1225/3/2
f 1225/3/2 1224/3/2 1226/3/2
f 1226/4/2 1227/4/2 1228/4/2
f 1228/4/2 1227/4/2 1229/4/2
f 1229/4/2 1227/4/2 1230/4/2
f 1231/3/2 1232/3/2 1234/3/2
f 1233/3/2 1234/3/2 1235/3/2
f 1234/3/2 1232/3/2 1236/3/2
f 1235/3/2 1234/3/2 1236/3/2
f 1236/3/2 1232/3/2 1237/3/2
f 1235/4/2 1236/4/2 1238/4/2
f 1238/4/2 1236/4/2 1239/4/2
f 1240/3/2 1241/3/2 1243/3/2
f 1241/4/2 1242/4/2 1244/4/2
f 1243/3/2 1241/3/2 1244/3/2
f 1244/4/2 1242/4/2 1245/4/2
f 1246/4/2 1247/4/2 1248/4/2
f 1248/4/2 1247/4/2 1249/4/2
f 1248/3/2 1249/3/2 1250/3/2
f 1250/3/2 1249/3/2 1251/3/2
f 1252/3/2 1253/3/2 1254/3/2
f 1254/3/2 1253/3/2 1255/3/2
f 1256/3/2 1257/3/2 1258/3/2
f 1258/3/2 1257/3/2 1259/3/2
f 1260/3/2 1261/3/2 1262/3/2
f 1262/3/2 1261/3/2 1263/3/2
f 1263/4/2 1264/4/2 1265/4/2
f 1265/4/2 1264/4/2 1266/4/2
f 1266/3/2 1267/3/2 1268/3/2
f 1268/3/2 1267/3/2 1269/3/2
f 1270/3/2 1271/3/2 1272/3/2
f 1272/3/2 1271/3/2 1273/3/2
f 1274/4/2 1275/4/2 1276/4/2
f 1276/4/2 1275/4/2 1277/4/2
f 1276/3/2 1277/3/2 1278/3/2
f 1278/3/2 1277/3/2 1279/3/2
f 1278/4/2 1279/4/2 1280/4/2
f 1280/4/2 1279/4/2 1281/4/2
f 1280/3/2 1281/3/2 1282/3/2
f 1282/3/2 1281/3/2 1283/3/2
f 1282/4/2 1283/4/2 1284/4/2
f 1284/4/2 1283/4/2 1285/4/2
f 1284/3/2 1285/3/2 1286/3/2
f 1286/3/2 1285/3/2 1287/3/2
f 1286/4/2 1287/4/2 1288/4/2
f 1288/4/2 1287/4/2 1289/4/2
f 1290/4/2 1291/4/2 1292/4/2
f 1292/4/2 1291/4/2 1293/4/2
f 1292/3/2 1293/3/2 1294/3/2
f 1294/3/2 1293/3/2 1295/3/2
f 1296/4/2 1297/4/2 1298/4/2
f 1298/4/2 1297/4/2 1299/4/2
f 1299/3/2 1300/3/2 1301/3/2
f 1301/3/2 1300/3/2 1302/3/2
f 1302/4/2 1303/4/2 1304/4/2
f 1304/4/2 1303/4/2 1305/4/2
f 1305/4/2 1306/4/2 1307/4/2
f 1307/4/2 1306/4/2 1308/4/2
f 1307/3/2 1308/3/2 1309/3/2
f 1309/3/2 1308/3/2 1310/3/2
f 1309/4/2 1310/4/2 1311/4/2
f 1311/4/2 1310/4/2 1312/4/2
f 1311/3/2 1312/3/2 1313/3/2
f 1313/3/2 1312/3/2 1314/3/2
f 1315/1/2 1316/1/2 1317/1/2
f 1317/1/2 1316/1/2 1318/1/2
f 1319/3/2 1320/3/2 1321/3/2
f 1321/3/2 1320/3/2 1322/3/2
f 1321/4/2 1322/4/2 1323/4/2
f 1323/4/2 1322/4/2 1324/4/2
f 1323/3/2 1324/3/2 1325/3/2
f 1325/3/2 1324/3/2 1326/3/2
f 1327/3/2 1328/3/2 1329/3/2
f 1329/3/2 1328/3/2 1330/3/2
f 1330/4/2 1331/4/2 1332/4/2
f 1332/4/2 1331/4/2 1333/4/2
f 1333/4/2 1334/4/2 1335/4/2
f 1335/4/2 1334/4/2 1336/4/2
f 1337/4/2 1338/4/2 1342/4/2
f 1338/3/2 1339/3/2 1343/3/2
f 1342/4/2 1338/4/2 1343/4/2
f 1343/3/2 1339/3/2 1344/3/2
f 1340/4/2 1341/4/2 1345/4/2
f 1345/4/2 1341/4/2 1346/4/2
f 1347/4/2 1348/4/2 1354/4/2
f 1348/3/2 1349/3/2 1355/3/2
f 1354/4/2 1348/4/2 1355/4/2
f 1355/3/2 1349/3/2 1356/3/2
f 1350/4/2 1351/4/2 1357/4/2
f 1351/1/2 1352/1/2 1358/1/2
f 1357/4/2 1351/4/2 1358/4/2
f 1352/4/2 1353/4/2 1359/4/2
f 1358/1/2 1352/1/2 1359/1/2
f 1359/4/2 1353/4/2 1360/4/2
f 1361/3/2 1362/3/2 1363/3/2
f 1363/3/2 1362/3/2 1364/3/2
f 1363/4/2 1364/4/2 1365/4/2
f 1365/4/2 1364/4/2 1366/4/2
f 1367/3/2 1368/3/2 1370/3/2
f 1370/3/2 1368/3/2 1371/3/2
f 1369/4/2 1370/4/2 1372/4/2
f 1372/4/2 1370/4/2 1373/4/2
f 1374/1/2 1375/1/2 1376/1/2
f 1376/1/2 1375/1/2 1377/1/2
f 1378/4/2 1379/4/2 1380/4/2
f 1380/4/2 1379/4/2 1381/4/2
f 1382/4/2 1383/4/2 1384/4/2
f 1384/4/2 1383/4/2 1385/4/2
f 1385/3/2 1386/3/2 1387/3/2
f 1387/3/2 1386/3/2 1388/3/2
f 1389/1/2 1390/1/2 1395/1/2
f 1395/1/2 1390/1/2 1396/1/2
f 1391/4/2 1392/4/2 1397/4/2
f 1397/4/2 1392/4/2 1398/4/2
f 1393/3/2 1394/3/2 1399/3/2
f 1399/3/2 1394/3/2 1400/3/2
f 1401/3/2 1402/3/2 1403/3/2
f 1403/3/2 1402/3/2 1404/3/2
f 1405/1/2 1406/1/2 1409/1/2
f 1409/1/2 1406/1/2 1410/1/2
f 1407/4/2 1408/4/2 1412/4/2
f 1412/4/2 1408/4/2 1413/4/2
f 1410/1/2 1411/1/2 1417/1/2
f 1417/1/2 1411/1/2 1418/1/2
f 1414/1/2 1415/1/2 1419/1/2
f 1415/3/2 1416/3/2 1420/3/2
f 1419/1/2 1415/1/2 1420/1/2
f 1420/3/2 1416/3/2 1421/3/2
f 1422/4/2 1423/4/2 1424/4/2
f 1424/4/2 1423/4/2 1425/4/2
f 1426/4/2 1427/4/2 1428/4/2
f 1428/4/2 1427/4/2 1429/4/2
f 1430/1/2 1431/1/2 1433/1/2
f 1431/3/2 1432/3/2 1434/3/2
f 1433/1/2 1431/1/2 1434/1/2
f 1434/3/2 1432/3/2 1435/3/2
f 1436/1/2 1437/1/2 1445/1/2
f 1445/1/2 1437/1/2 1446/1/2
f 1438/1/2 1439/1/2 1447/1/2
f 1447/1/2 1439/1/2 1448/1/2
f 1440/1/2 1441/1/2 1449/1/2
f 1441/3/2 1442/3/2 1450/3/2
f 1449/1/2 1441/1/2 1450/1/2
f 1442/3/2 1443/3/2 1450/3/2
f 1443/1/2 1444/1/2 1451/1/2
f 1450/3/2 1443/3/2 1451/3/2
f 1451/1/2 1444/1/2 1452/1/2
f 1453/3/2 1454/3/2 1455/3/2
f 1455/3/2 1454/3/2 1456/3/2
f 1457/1/2 1458/1/2 1464/1/2
f 1458/3/2 1459/3/2 1465/3/2
f 1464/1/2 1458/1/2 1465/1/2
f 1465/3/2 1459/3/2 1466/3/2
f 1460/1/2 1461/1/2 1467/1/2
f 1467/1/2 1461/1/2 1468/1/2
f 1462/1/2 1463/1/2 1471/1/2
f 1471/1/2 1463/1/2 1472/1/2
f 1469/1/2 1470/1/2 1473/1/2
f 1473/1/2 1470/1/2 1474/1/2
f 1475/3/2 1476/3/2 1483/3/2
f 1476/4/2 1477/4/2 1484/4/2
f 1483/3/2 1476/3/2 1484/3/2
f 1484/4/2 1477/4/2 1485/4/2
f 1478/4/2 1479/4/2 1486/4/2
f 1486/4/2 1479/4/2 1487/4/2
f 1480/1/2 1481/1/2 1488/1/2
f 1488/1/2 1481/1/2 1489/1/2
f 1482/4/2 1483/4/2 1490/4/2
f 1490/4/2 1483/4/2 1491/4/2
f 1492/1/2 1493/1/2 1494/1/2
f 1494/1/2 1493/1/2 1495/1/2
f 1495/1/2 1496/1/2 1499/1/2
f 1499/1/2 1496/1/2 1500/1/2
f 1497/3/2 1498/3/2 1510/3/2
f 1510/3/2 1498/3/2 1511/3/2
f 1500/1/2 1501/1/2 1512/1/2
f 1512/1/2 1501/1/2 1513/1/2
f 1502/3/2 1503/3/2 1514/3/2
f 1503/1/2 1504/1/2 1515/1/2
f 1514/3/2 1503/3/2 1515/3/2
f 1515/1/2 1504/1/2 1516/1/2
f 1505/3/2 1506/3/2 1517/3/2
f 1517/3/2 1506/3/2 1518/3/2
f 1507/3/2 1508/3/2 1519/3/2
f 1508/1/2 1509/1/2 1520/1/2
f 1519/3/2 1508/3/2 1520/3/2
f 1520/1/2 1509/1/2 1521/1/2
f 1522/3/2 1523/3/2 1541/3/2
f 1541/3/2 1523/3/2 1542/3/2
f 1524/4/2 1525/4/2 1543/4/2
f 1525/3/2 1526/3/2 1544/3/2
f 1543/4/2 1525/4/2 1544/4/2
f 1526/1/2 1527/1/2 1545/1/2
f 1544/3/2 1526/3/2 1545/3/2
f 1545/1/2 1527/1/2 1546/1/2
f 1528/1/2 1529/1/2 1547/1/2
f 1529/3/2 1530/3/2 1548/3/2
f 1547/1/2 1529/1/2 1548/1/2
f 1548/3/2 1530/3/2 1549/3/2
f 1531/3/2 1532/3/2 1550/3/2
f 1532/1/2 1533/1/2 1551/1/2
f 1550/3/2 1532/3/2 1551/3/2
f 1551/1/2 1533/1/2 1552/1/2
f 1534/1/2 1535/1/2 1553/1/2
f 1553/1/2 1535/1/2 1554/1/2
f 1536/1/2 1537/1/2 1555/1/2
f 1537/3/2 1538/3/2 1556/3/2
f 1555/1/2 1537/1/2 1556/1/2
f 1538/1/2 1539/1/2 1557/1/2
f 1556/3/2 1538/3/2 1557/3/2
f 1557/1/2 1539/1/2 1558/1/2
f 1540/1/2 1541/1/2 1559/1/2
f 1559/1/2 1541/1/2 1560/1/2
f 1561/1/2 1562/1/2 1563/1/2
f 1563/1/2 1562/1/2 1564/1/2
f 1565/1/2 1566/1/2 1568/1/2
f 1566/4/2 1567/4/2 1569/4/2
f 1568/1/2 1566/1/2 1569/1/2
f 1569/4/2 1567/4/2 1570/4/2
f 1571/4/2 1572/4/2 1574/4/2
f 1572/3/2 1573/3/2 1575/3/2
f 1574/4/2 1572/4/2 1575/4/2
f 1575/3/2 1573/3/2 1576/3/2
f 1577/1/2 1578/1/2 1582/1/2
f 1582/1/2 1578/1/2 1583/1/2
f 1579/1/2 1580/1/2 1584/1/2
f 1580/3/2 1581/3/2 1585/3/2
f 1584/1/2 1580/1/2 1585/1/2
f 1585/3/2 1581/3/2 1586/3/2
f 1587/2/2 1588/2/2 1589/2/2
f 1589/2/2 1588/2/2 1590/2/2
f 1591/2/2 1592/2/2 1593/2/2
f 1593/2/2 1592/2/2 1594/2/2
f 1595/1/2 1596/1/2 1598/1/2
f 1596/4/2 1597/4/2 1599/4/2
f 1598/1/2 1596/1/2 1599/1/2
f 1599/4/2 1597/4/2 1600/4/2
f 1601/2/2 1602/2/2 1603/2/2
f 1603/2/2 1602/2/2 1604/2/2
f 1605/2/2 1606/2/2 1607/2/2
f 1607/2/2 1606/2/2 1608/2/2
f 1609/3/2 1610/3/2 1611/3/2
f 1611/3/2 1610/3/2 1612/3/2
f 1613/4/2 1614/4/2 1615/4/2
f 1615/4/2 1614/4/2 1616/4/2
f 1617/2/2 1618/2/2 1619/2/2
f 1619/2/2 1618/2/2 1620/2/2
f 1619/4/2 1620/4/2 1621/4/2
f 1621/4/2 1620/4/2 1622/4/2
f 1621/1/2 1622/1/2 1623/1/2
f 1623/1/2 1622/1/2 1624/1/2
f 1623/2/2 1624/2/2 1625/2/2
f 1625/2/2 1624/2/2 1626/2/2
f 1625/4/2 1626/4/2 1627/4/2
f 1627/4/2 1626/4/2 1628/4/2
f 1627/1/2 1628/1/2 1629/1/2
f 1629/1/2 1628/1/2 1630/1/2
f 1629/4/2 1630/4/2 1631/4/2
f 1631/4/2 1630/4/2 1632/4/2
f 1631/1/2 1632/1/2 1633/1/2
f 1633/1/2 1632/1/2 1634/1/2
f 1633/2/2 1634/2/2 1635/2/2
f 1635/2/2 1634/2/2 1636/2/2
f 1637/3/2 1638/3/2 1645/3/2
f 1638/4/2 1639/4/2 1646/4/2
f 1645/3/2 1638/3/2 1646/3/2
f 1639/3/2 1640/3/2 1647/3/2
f 1646/4/2 1639/4/2 1647/4/2
f 1647/3/2 1640/3/2 1648/3/2
f 1641/3/2 1642/3/2 1649/3/2
f 1649/3/2 1642/3/2 1650/3/2
f 1643/3/2 1644/3/2 1651/3/2
f 1651/3/2 1644/3/2 1652/3/2
f 1653/1/2 1654/1/2 1656/1/2
f 1654/1/2 1655/1/2 1656/1/2
f 1656/1/2 1655/1/2 1657/1/2
f 1658/1/2 1659/1/2 1660/1/2
f 1660/1/2 1659/1/2 1661/1/2
f 1662/3/2 1663/3/2 1667/3/2
f 1663/4/2 1664/4/2 1668/4/2
f 1667/3/2 1663/3/2 1668/3/2
f 1664/3/2 1665/3/2 1669/3/2
f 1668/4/2 1664/4/2 1669/4/2
f 1665/2/2 1666/2/2 1670/2/2
f 1669/3/2 1665/3/2 1670/3/2
f 1670/2/2 1666/2/2 1671/2/2
f 1672/1/2 1673/1/2 1674/1/2
f 1674/1/2 1673/1/2 1675/1/2
f 1676/4/2 1677/4/2 1679/4/2
f 1679/4/2 1677/4/2 1680/4/2
f 1678/1/2 1679/1/2 1681/1/2
f 1681/1/2 1679/1/2 1682/1/2
f 1683/1/2 1684/1/2 1686/1/2
f 1686/1/2 1684/1/2 1687/1/2
f 1685/1/2 1686/1/2 1688/1/2
f 1688/1/2 1686/1/2 1689/1/2
f 1690/2/2 1691/2/2 1694/2/2
f 1691/4/2 1692/4/2 1695/4/2
f 1694/2/2 1691/2/2 1695/2/2
f 1692/1/2 1693/1/2 1696/1/2
f 1695/4/2 1692/4/2 1696/4/2
f 1696/1/2 1693/1/2 1697/1/2
f 1698/1/2 1699/1/2 1700/1/2
f 1700/1/2 1699/1/2 1701/1/2
f 1702/1/2 1703/1/2 1704/1/2
f 1704/1/2 1703/1/2 1705/1/2
f 1706/1/2 1707/1/2 1708/1/2
f 1708/1/2 1707/1/2 1709/1/2
f 1710/4/2 1711/4/2 1712/4/2
f 1712/4/2 1711/4/2 1713/4/2
f 1714/2/2 1715/2/2 1716/2/2
f 1716/2/2 1715/2/2 1717/2/2
f 1718/4/2 1719/4/2 1720/4/2
f 1720/4/2 1719/4/2 1721/4/2
f 1722/1/2 1723/1/2 1724/1/2
f 1724/1/2 1723/1/2 1725/1/2
f 1726/1/2 1727/1/2 1728/1/2
f 1728/1/2 1727/1/2 1729/1/2
f 1730/4/2 1731/4/2 1732/4/2
f 1732/4/2 1731/4/2 1733/4/2
f 1734/2/2 1735/2/2 1737/2/2
f 1735/1/2 1736/1/2 1738/1/2
f 1737/2/2 1735/2/2 1738/2/2
f 1738/1/2 1736/1/2 1739/1/2
f 1740/4/2 1741/4/2 1745/4/2
f 1741/3/2 1742/3/2 1746/3/2
f 1745/4/2 1741/4/2 1746/4/2
f 1746/3/2 1742/3/2 1747/3/2
f 1743/3/2 1744/3/2 1748/3/2
f 1748/3/2 1744/3/2 1749/3/2
f 1750/1/2 1751/1/2 1752/1/2
f 1752/1/2 1751/1/2 1753/1/2
f 1754/4/2 1755/4/2 1758/4/2
f 1758/4/2 1755/4/2 1759/4/2
f 1756/1/2 1757/1/2 1760/1/2
f 1760/1/2 1757/1/2 1761/1/2
f 1762/4/2 1763/4/2 1765/4/2
f 1763/1/2 1764/1/2 1766/1/2
f 1765/4/2 1763/4/2 1766/4/2
f 1766/1/2 1764/1/2 1767/1/2
f 1768/4/2 1769/4/2 1773/4/2
f 1773/4/2 1769/4/2 1774/4/2
f 1770/4/2 1771/4/2 1775/4/2
f 1771/3/2 1772/3/2 1776/3/2
f 1775/4/2 1771/4/2 1776/4/2
f 1776/3/2 1772/3/2 1777/3/2
f 1778/1/2 1779/1/2 1781/1/2
f 1779/2/2 1780/2/2 1782/2/2
f 1781/1/2 1779/1/2 1782/1/2
f 1782/2/2 1780/2/2 1783/2/2
f 1784/1/2 1785/1/2 1788/1/2
f 1788/1/2 1785/1/2 1789/1/2
f 1786/1/2 1787/1/2 1790/1/2
f 1790/1/2 1787/1/2 1791/1/2
f 1792/3/2 1793/3/2 1794/3/2
f 1794/3/2 1793/3/2 1795/3/2
f 1796/1/2 1797/1/2 1798/1/2
f 1798/1/2 1797/1/2 1799/1/2
f 1800/3/2 1801/3/2 1802/3/2
f 1802/3/2 1801/3/2 1803/3/2
f 1804/4/2 1805/4/2 1806/4/2
f 1806/4/2 1805/4/2 1807/4/2
f 1807/3/2 1808/3/2 1809/3/2
f 1809/3/2 1808/3/2 1810/3/2
f 1810/3/2 1811/3/2 1812/3/2
f 1812/3/2 1811/3/2 1813/3/2
f 1812/4/2 1813/4/2 1815/4/2
f 1815/4/2 1813/4/2 1816/4/2
f 1814/4/2 1815/4/2 1817/4/2
f 1817/4/2 1815/4/2 1818/4/2
f 1818/4/2 1819/4/2 1820/4/2
f 1820/4/2 1819/4/2 1821/4/2
f 1822/4/2 1823/4/2 1827/4/2
f 1827/4/2 1823/4/2 1828/4/2
f 1824/1/2 1825/1/2 1829/1/2
f 1829/1/2 1825/1/2 1830/1/2
f 1826/1/2 1827/1/2 1831/1/2
f 1831/1/2 1827/1/2 1832/1/2
f 1833/4/2 1834/4/2 1835/4/2
f 1835/4/2 1834/4/2 1836/4/2
f 1837/3/2 1838/3/2 1839/3/2
f 1839/3/2 1838/3/2 1840/3/2
f 1839/4/2 1840/4/2 1841/4/2
f 1841/4/2 1840/4/2 1842/4/2
f 1843/1/2 1844/1/2 1850/1/2
f 1850/1/2 1844/1/2 1851/1/2
f 1845/4/2 1846/4/2 1852/4/2
f 1852/4/2 1846/4/2 1853/4/2
f 1847/4/2 1848/4/2 1854/4/2
f 1854/4/2 1848/4/2 1855/4/2
f 1855/4/2 1848/4/2 1856/4/2
f 1849/1/2 1850/1/2 1857/1/2
f 1857/1/2 1850/1/2 1858/1/2
f 1859/3/2 1860/3/2 1865/3/2
f 1865/3/2 1860/3/2 1866/3/2
f 1861/3/2 1862/3/2 1867/3/2
f 1862/2/2 1863/2/2 1868/2/2
f 1867/3/2 1862/3/2 1868/3/2
f 1863/3/2 1864/3/2 1869/3/2
f 1868/2/2 1863/2/2 1869/2/2
f 1869/3/2 1864/3/2 1870/3/2
f 1871/3/2 1872/3/2 1873/3/2
f 1873/3/2 1872/3/2 1874/3/2
f 1875/4/2 1876/4/2 1878/4/2
f 1876/3/2 1877/3/2 1879/3/2
f 1878/4/2 1876/4/2 1879/4/2
f 1879/3/2 1877/3/2 1880/3/2
f 1880/3/2 1881/3/2 1882/3/2
f 1882/3/2 1881/3/2 1883/3/2
f 1884/1/2 1885/1/2 1886/1/2
f 1886/1/2 1885/1/2 1887/1/2
f 1888/1/2 1889/1/2 1892/1/2
f 1892/1/2 1889/1/2 1893/1/2
f 1890/1/2 1891/1/2 1895/1/2
f 1895/1/2 1891/1/2 1896/1/2
f 1894/1/2 1895/1/2 1897/1/2
f 1897/1/2 1895/1/2 1898/1/2
f 1899/3/2 1900/3/2 1902/3/2
f 1900/4/2 1901/4/2 1903/4/2
f 1902/3/2 1900/3/2 1903/3/2
f 1903/4/2 1901/4/2 1904/4/2
f 1905/3/2 1906/3/2 1907/3/2
f 1907/3/2 1906/3/2 1908/3/2
f 1908/4/2 1909/4/2 1910/4/2
f 1910/4/2 1909/4/2 1911/4/2
f 1911/3/2 1912/3/2 1913/3/2
f 1913/3/2 1912/3/2 1914/3/2
f 1915/1/2 1916/1/2 1919/1/2
f 1919/1/2 1916/1/2 1920/1/2
f 1917/2/2 1918/2/2 1921/2/2
f 1921/2/2 1918/2/2 1922/2/2
f 1923/1/2 1924/1/2 1927/1/2
f 1927/1/2 1924/1/2 1928/1/2
f 1925/1/2 1926/1/2 1929/1/2
f 1929/1/2 1926/1/2 1930/1/2
f 1928/2/2 1929/2/2 1931/2/2
f 1931/2/2 1929/2/2 1932/2/2
f 1931/1/2 1932/1/2 1933/1/2
f 1933/1/2 1932/1/2 1934/1/2
f 1933/2/2 1934/2/2 1935/2/2
f 1935/2/2 1934/2/2 1936/2/2
f 1935/4/2 1936/4/2 1937/4/2
f 1937/4/2 1936/4/2 1938/4/2
f 1937/1/2 1938/1/2 1939/1/2
f 1939/1/2 1938/1/2 1940/1/2
f 1939/2/2 1940/2/2 1941/2/2
f 1941/2/2 1940/2/2 1942/2/2
f 1941/1/2 1942/1/2 1943/1/2
f 1943/1/2 1942/1/2 1944/1/2
f 1943/4/2 1944/4/2 1945/4/2
f 1945/4/2 1944/4/2 1946/4/2
f 1945/2/2 1946/2/2 1947/2/2
f 1947/2/2 1946/2/2 1948/2/2
f 1947/1/2 1948/1/2 1949/1/2
f 1949/1/2 1948/1/2 1950/1/2
f 1949/4/2 1950/4/2 1951/4/2
f 1951/4/2 1950/4/2 1952/4/2
f 1951/1/2 1952/1/2 1953/1/2
f 1953/1/2 1952/1/2 1954/1/2
f 1955/3/2 1956/3/2 1957/3/2
f 1957/3/2 1956/3/2 1958/3/2
f 1958/4/2 1959/4/2 1960/4/2
f 1960/4/2 1959/4/2 1961/4/2
f 1962/4/2 1963/4/2 1966/4/2
f 1966/4/2 1963/4/2 1967/4/2
f 1964/4/2 1965/4/2 1968/4/2
f 1968/4/2 1965/4/2 1969/4/2
f 1970/4/2 1971/4/2 1976/4/2
f 1971/1/2 1972/1/2 1977/1/2
f 1976/4/2 1971/4/2 1977/4/2
f 1972/4/2 1973/4/2 1978/4/2
f 1977/1/2 1972/1/2 1978/1/2
f 1978/4/2 1973/4/2 1979/4/2
f 1974/4/2 1975/4/2 1980/4/2
f 1980/4/2 1975/4/2 1981/4/2
f 1982/1/2 1983/1/2 1988/1/2
f 1983/4/2 1984/4/2 1989/4/2
f 1988/1/2 1983/1/2 1989/1/2
f 1984/1/2 1985/1/2 1990/1/2
f 1989/4/2 1984/4/2 1990/4/2
f 1985/2/2 1986/2/2 1991/2/2
f 1990/1/2 1985/1/2 1991/1/2
f 1986/1/2 1987/1/2 1992/1/2
f 1991/2/2 1986/2/2 1992/2/2
f 1992/1/2 1987/1/2 1993/1/2
f 1994/3/2 1995/3/2 1996/3/2
f 1996/3/2 1995/3/2 1997/3/2
f 1998/3/2 1999/3/2 2000/3/2
f 2000/3/2 1999/3/2 2001/3/2
f 2001/3/2 1999/3/2 2002/3/2
f 2003/1/2 2004/1/2 2006/1/2
f 2004/4/2 2005/4/2 2007/4/2
f 2006/1/2 2004/1/2 2007/1/2
f 2007/4/2 2005/4/2 2008/4/2
f 2008/4/2 2009/4/2 2012/4/2
f 2012/4/2 2009/4/2 2013/4/2
f 2010/3/2 2011/3/2 2024/3/2
f 2024/3/2 2011/3/2 2025/3/2
f 2014/3/2 2015/3/2 2026/3/2
f 2026/3/2 2015/3/2 2027/3/2
f 2016/4/2 2017/4/2 2028/4/2
f 2028/4/2 2017/4/2 2029/4/2
f 2018/3/2 2019/3/2 2030/3/2
f 2019/4/2 2020/4/2 2031/4/2
f 2030/3/2 2019/3/2 2031/3/2
f 2020/1/2 2021/1/2 2032/1/2
f 2031/4/2 2020/4/2 2032/4/2
f 2032/1/2 2021/1/2 2033/1/2
f 2022/1/2 2023/1/2 2034/1/2
f 2034/1/2 2023/1/2 2035/1/2
f 2036/3/2 2037/3/2 2038/3/2
f 2038/3/2 2037/3/2 2039/3/2
f 2038/4/2 2039/4/2 2040/4/2
f 2040/4/2 2039/4/2 2041/4/2
f 2042/3/2 2043/3/2 2054/3/2
f 2043/4/2 2044/4/2 2055/4/2
f 2054/3/2 2043/3/2 2055/3/2
f 2055/4/2 2044/4/2 2056/4/2
f 2045/4/2 2046/4/2 2057/4/2
f 2057/4/2 2046/4/2 2058/4/2
f 2047/3/2 2048/3/2 2059/3/2
f 2048/4/2 2049/4/2 2060/4/2
f 2059/3/2 2048/3/2 2060/3/2
f 2060/4/2 2049/4/2 2061/4/2
f 2050/1/2 2051/1/2 2062/1/2
f 2062/1/2 2051/1/2 2063/1/2
f 2052/4/2 2053/4/2 2064/4/2
f 2064/4/2 2053/4/2 2065/4/2
f 2066/3/2 2067/3/2 2068/3/2
f 2066/3/2 2068/3/2 2069/3/2
f 2069/3/2 2068/3/2 2070/3/2
f 2071/3/2 2072/3/2 2078/3/2
f 2078/3/2 2072/3/2 2079/3/2
f 2073/1/2 2074/1/2 2080/1/2
f 2080/1/2 2074/1/2 2081/1/2
f 2075/4/2 2076/4/2 2088/4/2
f 2076/1/2 2077/1/2 2089/1/2
f 2088/4/2 2076/4/2 2089/4/2
f 2089/1/2 2077/1/2 2090/1/2
f 2079/3/2 2080/3/2 2091/3/2
f 2091/3/2 2080/3/2 2092/3/2
f 2082/1/2 2083/1/2 2093/1/2
f 2093/1/2 2083/1/2 2094/1/2
f 2084/1/2 2085/1/2 2095/1/2
f 2095/1/2 2085/1/2 2096/1/2
f 2086/1/2 2087/1/2 2097/1/2
f 2097/1/2 2087/1/2 2098/1/2
f 2099/4/2 2100/4/2 2101/4/2
f 2101/4/2 2100/4/2 2102/4/2
f 2102/3/2 2103/3/2 2104/3/2
f 2104/3/2 2103/3/2 2105/3/2
f 2106/4/2 2107/4/2 2110/4/2
f 2110/4/2 2107/4/2 2111/4/2
f 2108/3/2 2109/3/2 2112/3/2
f 2112/3/2 2109/3/2 2113/3/2
f 2114/4/2 2115/4/2 2118/4/2
f 2115/3/2 2116/3/2 2119/3/2
f 2118/4/2 2115/4/2 2119/4/2
f 2116/1/2 2117/1/2 2120/1/2
f 2119/3/2 2116/3/2 2120/3/2
f 2120/1/2 2117/1/2 2121/1/2
f 2122/4/2 2123/4/2 2124/4/2
f 2124/4/2 2123/4/2 2125/4/2
f 2125/4/2 2126/4/2 2127/4/2
f 2127/4/2 2126/4/2 2128/4/2
f 2129/3/2 2130/3/2 2131/3/2
f 2131/3/2 2130/3/2 2132/3/2
f 2132/1/2 2133/1/2 2134/1/2
f 2134/1/2 2133/1/2 2135/1/2
f 2136/1/2 2137/1/2 2145/1/2
f 2145/1/2 2137/1/2 2146/1/2
f 2138/3/2 2139/3/2 2147/3/2
f 2147/3/2 2139/3/2 2148/3/2
f 2140/4/2 2141/4/2 2149/4/2
f 2141/3/2 2142/3/2 2150/3/2
f 2149/4/2 2141/4/2 2150/4/2
f 2150/3/2 2142/3/2 2151/3/2
f 2143/1/2 2144/1/2 2152/1/2
f 2152/1/2 2144/1/2 2153/1/2
f 2154/3/2 2155/3/2 2156/3/2
f 2156/3/2 2155/3/2 2157/3/2
f 2158/4/2 2159/4/2 2160/4/2
f 2160/4/2 2159/4/2 2161/4/2
f 2160/3/2 2161/3/2 2162/3/2
f 2162/3/2 2161/3/2 2163/3/2
f 2164/4/2 2165/4/2 2167/4/2
f 2165/3/2 2166/3/2 2168/3/2
f 2167/4/2 2165/4/2 2168/4/2
f 2168/3/2 2166/3/2 2169/3/2
f 2170/3/2 2171/3/2 2172/3/2
f 2172/3/2 2171/3/2 2173/3/2
f 2174/1/2 2175/1/2 2180/1/2
f 2180/1/2 2175/1/2 2181/1/2
f 2176/1/2 2177/1/2 2190/1/2
f 2190/1/2 2177/1/2 2191/1/2
f 2178/4/2 2179/4/2 2192/4/2
f 2192/4/2 2179/4/2 2193/4/2
f 2182/1/2 2183/1/2 2194/1/2
f 2194/1/2 2183/1/2 2195/1/2
f 2184/1/2 2185/1/2 2196/1/2
f 2196/1/2 2185/1/2 2197/1/2
f 2186/3/2 2187/3/2 2198/3/2
f 2198/3/2 2187/3/2 2199/3/2
f 2188/3/2 2189/3/2 2200/3/2
f 2200/3/2 2189/3/2 2201/3/2
f 2202/3/2 2203/3/2 2204/3/2
f 2204/3/2 2203/3/2 2205/3/2
f 2204/4/2 2205/4/2 2206/4/2
f 2206/4/2 2205/4/2 2207/4/2
f 2206/3/2 2207/3/2 2208/3/2
f 2208/3/2 2207/3/2 2209/3/2
f 2208/4/2 2209/4/2 2210/4/2
f 2210/4/2 2209/4/2 2211/4/2
f 2211/3/2 2212/3/2 2213/3/2
f 2213/3/2 2212/3/2 2214/3/2
f 2214/3/2 2215/3/2 2216/3/2
f 2216/3/2 2215/3/2 2217/3/2
f 2218/4/2 2219/4/2 2220/4/2
f 2220/4/2 2219/4/2 2221/4/2
f 2221/3/2 2222/3/2 2223/3/2
f 2223/3/2 2222/3/2 2224/3/2
f 2224/4/2 2225/4/2 2226/4/2
f 2226/4/2 2225/4/2 2227/4/2
f 2226/3/2 2227/3/2 2228/3/2
f 2228/3/2 2227/3/2 2229/3/2
f 2230/3/2 2231/3/2 2232/3/2
f 2232/3/2 2231/3/2 2233/3/2
f 2233/3/2 2234/3/2 2235/3/2
f 2235/3/2 2234/3/2 2236/3/2
f 2237/3/2 2238/3/2 2241/3/2
f 2241/3/2 2238/3/2 2242/3/2
f 2239/1/2 2240/1/2 2243/1/2
f 2243/1/2 2240/1/2 2244/1/2
f 2245/3/2 2246/3/2 2247/3/2
f 2247/3/2 2246/3/2 2248/3/2
f 2248/3/2 2246/3/2 2249/3/2
f 2248/4/2 2249/4/2 2250/4/2
f 2250/4/2 2249/4/2 2251/4/2
f 2250/3/2 2251/3/2 2252/3/2
f 2252/3/2 2251/3/2 2253/3/2
f 2254/1/2 2255/1/2 2259/1/2
f 2255/3/2 2256/3/2 2260/3/2
f 2259/1/2 2255/1/2 2260/1/2
f 2260/3/2 2256/3/2 2261/3/2
f 2257/1/2 2258/1/2 2262/1/2
f 2262/1/2 2258/1/2 2263/1/2
f 2264/4/2 2265/4/2 2271/4/2
f 2265/3/2 2266/3/2 2272/3/2
f 2271/4/2 2265/4/2 2272/4/2
f 2272/3/2 2266/3/2 2273/3/2
f 2267/1/2 2268/1/2 2274/1/2
f 2268/4/2 2269/4/2 2275/4/2
f 2274/1/2 2268/1/2 2275/1/2
f 2269/1/2 2270/1/2 2276/1/2
f 2275/4/2 2269/4/2 2276/4/2
f 2276/1/2 2270/1/2 2277/1/2
f 2278/4/2 2279/4/2 2280/4/2
f 2280/4/2 2279/4/2 2281/4/2
f 2282/3/2 2283/3/2 2284/3/2
f 2284/3/2 2283/3/2 2285/3/2
f 2286/1/2 2287/1/2 2288/1/2
f 2288/1/2 2287/1/2 2289/1/2
f 2290/1/2 2291/1/2 2292/1/2
f 2292/1/2 2291/1/2 2293/1/2
f 2294/3/2 2295/3/2 2296/3/2
f 2296/3/2 2295/3/2 2297/3/2
f 2298/3/2 2299/3/2 2300/3/2
f 2300/3/2 2299/3/2 2301/3/2
f 2302/4/2 2303/4/2 2304/4/2
f 2304/4/2 2303/4/2 2305/4/2
f 2306/3/2 2307/3/2 2308/3/2
f 2308/3/2 2307/3/2 2309/3/2
f 2310/3/2 2311/3/2 2312/3/2
f 2312/3/2 2311/3/2 2313/3/2
f 2313/4/2 2314/4/2 2315/4/2
f 2315/4/2 2314/4/2 2316/4/2
f 2316/4/2 2317/4/2 2319/4/2
f 2319/4/2 2317/4/2 2320/4/2
f 2318/3/2 2319/3/2 2321/3/2
f 2321/3/2 2319/3/2 2322/3/2
f 2321/4/2 2322/4/2 2323/4/2
f 2323/4/2 2322/4/2 2324/4/2
f 2325/4/2 2326/4/2 2328/4/2
f 2326/3/2 2327/3/2 2328/3/2
f 2328/3/2 2327/3/2 2329/3/2
f 2325/4/2 2328/4/2 2330/4/2
f 2330/4/2 2328/4/2 2331/4/2
f 2330/3/2 2331/3/2 2333/3/2
f 2331/3/2 2332/3/2 2333/3/2
f 2333/3/2 2332/3/2 2334/3/2
f 2334/3/2 2335/3/2 2336/3/2
f 2336/3/2 2335/3/2 2337/3/2
f 2338/3/2 2339/3/2 2340/3/2
f 2340/3/2 2339/3/2 2341/3/2
f 2340/4/2 2341/4/2 2345/4/2
f 2341/3/2 2342/3/2 2346/3/2
f 2345/4/2 2341/4/2 2346/4/2
f 2346/3/2 2342/3/2 2347/3/2
f 2343/4/2 2344/4/2 2348/4/2
f 2348/4/2 2344/4/2 2349/4/2
f 2348/3/2 2349/3/2 2351/3/2
f 2351/3/2 2349/3/2 2352/3/2
f 2350/3/2 2351/3/2 2353/3/2
f 2353/3/2 2351/3/2 2354/3/2
f 2355/3/2 2356/3/2 2357/3/2
f 2357/3/2 2356/3/2 2358/3/2
f 2357/4/2 2358/4/2 2359/4/2
f 2359/4/2 2358/4/2 2360/4/2
f 2359/3/2 2360/3/2 2361/3/2
f 2361/3/2 2360/3/2 2362/3/2
f 2362/3/2 2363/3/2 2364/3/2
f 2364/3/2 2363/3/2 2365/3/2
f 2366/3/2 2367/3/2 2368/3/2
f 2368/3/2 2367/3/2 2369/3/2
f 2370/3/2 2371/3/2 2372/3/2
f 2372/3/2 2371/3/2 2373/3/2
f 2373/3/2 2374/3/2 2375/3/2
f 2375/3/2 2374/3/2 2376/3/2
f 2375/4/2 2376/4/2 2377/4/2
f 2377/4/2 2376/4/2 2378/4/2
f 2377/3/2 2378/3/2 2379/3/2
f 2379/3/2 2378/3/2 2380/3/2
f 2381/4/2 2382/4/2 2383/4/2
f 2383/4/2 2382/4/2 2384/4/2
f 2385/3/2 2386/3/2 2387/3/2
f 2387/3/2 2386/3/2 2388/3/2
f 2387/4/2 2388/4/2 2389/4/2
f 2389/4/2 2388/4/2 2390/4/2
f 2391/3/2 2392/3/2 2393/3/2
f 2393/3/2 2392/3/2 2394/3/2
f 2393/4/2 2394/4/2 2395/4/2
f 2395/4/2 2394/4/2 2396/4/2
f 2397/4/2 2398/4/2 2399/4/2
f 2399/4/2 2398/4/2 2400/4/2
f 2399/3/2 2400/3/2 2401/3/2
f 2401/3/2 2400/3/2 2402/3/2
f 2403/3/2 2404/3/2 2405/3/2
f 2405/3/2 2404/3/2 2406/3/2
f 2410/3/3 2408/3/3 2407/3/3
f 2411/3/3 2408/3/3 2410/3/3
f 2412/3/3 2410/3/3 2409/3/3
f 2413/3/3 2410/3/3 2412/3/3
f 2417/4/3 2415/4/3 2414/4/3
f 2418/4/3 2415/4/3 2417/4/3
f 2419/4/3 2417/4/3 2416/4/3
f 2420/4/3 2417/4/3 2419/4/3
f 2424/3/3 2422/3/3 2421/3/3
f 2425/4/3 2423/4/3 2422/4/3
f 2425/3/3 2422/3/3 2424/3/3
f 2426/4/3 2423/4/3 2425/4/3
f 2431/4/3 2428/4/3 2427/4/3
f 2433/3/3 2430/3/3 2429/3/3
f 2434/4/3 2431/4/3 2430/4/3
f 2434/3/3 2430/3/3 2433/3/3
f 2435/4/3 2428/4/3 2431/4/3
f 2435/4/3 2431/4/3 2434/4/3
f 2436/3/3 2433/3/3 2432/3/3
f 2436/3/3 2434/3/3 2433/3/3
f 2437/3/3 2434/3/3 2436/3/3
f 2438/3/3 2434/3/3 2437/3/3
f 2439/3/3 2437/3/3 2436/3/3
f 2440/3/3 2437/3/3 2439/3/3
f 2443/3/3 2442/3/3 2441/3/3
f 2444/3/3 2442/3/3 2443/3/3
f 2446/3/3 2445/3/3 2444/3/3
f 2447/3/3 2445/3/3 2446/3/3
f 2448/3/3 2445/3/3 2447/3/3
f 2451/4/3 2450/4/3 2449/4/3
f 2452/4/3 2450/4/3 2451/4/3
f 2454/3/3 2452/3/3 2451/3/3
f 2454/3/3 2453/3/3 2452/3/3
f 2455/3/3 2453/3/3 2454/3/3
f 2458/4/3 2457/4/3 2456/4/3
f 2459/4/3 2457/4/3 2458/4/3
f 2462/4/3 2461/4/3 2460/4/3
f 2463/4/3 2461/4/3 2462/4/3
f 2469/3/3 2465/3/3 2464/3/3
f 2470/4/3 2466/4/3 2465/4/3
f 2470/3/3 2465/3/3 2469/3/3
f 2471/3/3 2467/3/3 2466/3/3
f 2471/4/3 2466/4/3 2470/4/3
f 2472/4/3 2468/4/3 2467/4/3
f 2472/3/3 2467/3/3 2471/3/3
f 2473/4/3 2468/4/3 2472/4/3
f 2476/4/3 2475/4/3 2474/4/3
f 2477/4/3 2475/4/3 2476/4/3
f 2482/3/3 2479/3/3 2478/3/3
f 2483/3/3 2479/3/3 2482/3/3
f 2484/4/3 2481/4/3 2480/4/3
f 2485/4/3 2481/4/3 2484/4/3
f 2489/3/3 2487/3/3 2486/3/3
f 2490/3/3 2487/3/3 2489/3/3
f 2491/4/3 2489/4/3 2488/4/3
f 2492/4/3 2489/4/3 2491/4/3
f 2499/3/3 2494/3/3 2493/3/3
f 2500/3/3 2494/3/3 2499/3/3
f 2501/3/3 2496/3/3 2495/3/3
f 2502/3/3 2496/3/3 2501/3/3
f 2503/4/3 2497/4/3 2496/4/3
f 2503/3/3 2496/3/3 2502/3/3
f 2504/3/3 2498/3/3 2497/3/3
f 2504/4/3 2497/4/3 2503/4/3
f 2505/3/3 2498/3/3 2504/3/3
f 2508/3/3 2507/3/3 2506/3/3
f 2509/3/3 2507/3/3 2508/3/3
f 2516/3/3 2511/3/3 2510/3/3
f 2517/4/3 2512/4/3 2511/4/3
f 2517/3/3 2511/3/3 2516/3/3
f 2518/4/3 2512/4/3 2517/4/3
f 2519/4/3 2514/4/3 2513/4/3
f 2520/3/3 2515/3/3 2514/3/3
f 2520/4/3 2514/4/3 2519/4/3
f 2521/3/3 2515/3/3 2520/3/3
f 2523/3/3 2521/3/3 2520/3/3
f 2524/4/3 2522/4/3 2521/4/3
f 2524/3/3 2521/3/3 2523/3/3
f 2525/4/3 2522/4/3 2524/4/3
f 2529/4/3 2527/4/3 2526/4/3
f 2530/3/3 2528/3/3 2527/3/3
f 2530/4/3 2527/4/3 2529/4/3
f 2531/3/3 2528/3/3 2530/3/3
f 2532/3/3 2528/3/3 2531/3/3
f 2534/3/3 2531/3/3 2530/3/3
f 2535/4/3 2532/4/3 2531/4/3
f 2535/3/3 2531/3/3 2534/3/3
f 2536/3/3 2533/3/3 2532/3/3
f 2536/4/3 2532/4/3 2535/4/3
f 2537/3/3 2533/3/3 2536/3/3
f 2538/3/3 2535/3/3 2534/3/3
f 2539/3/3 2535/3/3 2538/3/3
f 2542/4/3 2541/4/3 2540/4/3
f 2543/4/3 2541/4/3 2542/4/3
f 2546/4/3 2545/4/3 2544/4/3
f 2547/4/3 2545/4/3 2546/4/3
f 2551/4/3 2549/4/3 2548/4/3
f 2551/4/3 2550/4/3 2549/4/3
f 2552/4/3 2550/4/3 2551/4/3
f 2555/3/3 2554/3/3 2553/3/3
f 2556/3/3 2554/3/3 2555/3/3
f 2559/3/3 2558/3/3 2557/3/3
f 2560/3/3 2558/3/3 2559/3/3
f 2563/4/3 2562/4/3 2561/4/3
f 2564/4/3 2562/4/3 2563/4/3
f 2565/4/3 2562/4/3 2564/4/3
f 2566/3/3 2564/3/3 2563/3/3
f 2567/3/3 2564/3/3 2566/3/3
f 2570/3/3 2569/3/3 2568/3/3
f 2571/3/3 2569/3/3 2570/3/3
f 2575/4/3 2573/4/3 2572/4/3
f 2576/4/3 2573/4/3 2575/4/3
f 2577/3/3 2574/3/3 2573/3/3
f 2577/4/3 2573/4/3 2576/4/3
f 2578/3/3 2574/3/3 2577/3/3
f 2583/4/3 2580/4/3 2579/4/3
f 2584/4/3 2580/4/3 2583/4/3
f 2586/4/3 2582/4/3 2581/4/3
f 2587/3/3 2586/3/3 2585/3/3
f 2588/4/3 2582/4/3 2586/4/3
f 2588/3/3 2586/3/3 2587/3/3
f 2589/4/3 2582/4/3 2588/4/3
f 2592/4/3 2591/4/3 2590/4/3
f 2593/4/3 2591/4/3 2592/4/3
f 2599/3/3 2595/3/3 2594/3/3
f 2600/3/3 2595/3/3 2599/3/3
f 2601/3/3 2597/3/3 2596/3/3
f 2602/4/3 2598/4/3 2597/4/3
f 2602/3/3 2597/3/3 2601/3/3
f 2603/3/3 2599/3/3 2598/3/3
f 2603/4/3 2598/4/3 2602/4/3
f 2604/3/3 2599/3/3 2603/3/3
f 2608/3/3 2606/3/3 2605/3/3
f 2609/4/3 2607/4/3 2606/4/3
f 2609/3/3 2606/3/3 2608/3/3
f 2610/4/3 2607/4/3 2609/4/3
f 2611/3/3 2610/3/3 2609/3/3
f 2612/3/3 2610/3/3 2611/3/3
f 2615/4/3 2614/4/3 2613/4/3
f 2616/4/3 2614/4/3 2615/4/3
f 2619/3/3 2618/3/3 2617/3/3
f 2620/3/3 2618/3/3 2619/3/3
f 2623/3/3 2622/3/3 2621/3/3
f 2624/3/3 2622/3/3 2623/3/3
f 2629/3/3 2626/3/3 2625/3/3
f 2630/4/3 2627/4/3 2626/4/3
f 2630/3/3 2626/3/3 2629/3/3
f 2631/3/3 2628/3/3 2627/3/3
f 2631/4/3 2627/4/3 2630/4/3
f 2632/3/3 2628/3/3 2631/3/3
f 2635/4/3 2631/4/3 2630/4/3
f 2635/4/3 2633/4/3 2632/4/3
f 2635/4/3 2632/4/3 2631/4/3
f 2636/3/3 2634/3/3 2633/3/3
f 2636/4/3 2633/4/3 2635/4/3
f 2637/3/3 2634/3/3 2636/3/3
f 2640/4/3 2639/4/3 2638/4/3
f 2641/4/3 2639/4/3 2640/4/3
f 2643/4/3 2642/4/3 2641/4/3
f 2644/4/3 2642/4/3 2643/4/3
f 2645/4/3 2642/4/3 2644/4/3
f 2649/4/3 2644/4/3 2643/4/3
f 2650/3/3 2645/3/3 2644/3/3
f 2650/4/3 2644/4/3 2649/4/3
f 2650/3/3 2646/3/3 2645/3/3
f 2651/4/3 2647/4/3 2646/4/3
f 2651/3/3 2646/3/3 2650/3/3
f 2652/3/3 2648/3/3 2647/3/3
f 2652/4/3 2647/4/3 2651/4/3
f 2653/3/3 2648/3/3 2652/3/3
f 2655/4/3 2654/4/3 2653/4/3
f 2656/4/3 2654/4/3 2655/4/3
f 2659/4/3 2658/4/3 2657/4/3
f 2660/4/3 2658/4/3 2659/4/3
f 2663/1/3 2662/1/3 2661/1/3
f 2664/1/3 2662/1/3 2663/1/3
f 2667/3/3 2666/3/3 2665/3/3
f 2668/3/3 2666/3/3 2667/3/3
f 2671/3/3 2670/3/3 2669/3/3
f 2672/3/3 2670/3/3 2671/3/3
f 2676/4/3 2674/4/3 2673/4/3
f 2677/3/3 2675/3/3 2674/3/3
f 2677/4/3 2674/4/3 2676/4/3
f 2678/3/3 2675/3/3 2677/3/3
f 2679/3/3 2678/3/3 2677/3/3
f 2680/3/3 2678/3/3 2679/3/3
f 2682/4/3 2681/4/3 2680/4/3
f 2683/4/3 2681/4/3 2682/4/3
f 2686/4/3 2685/4/3 2684/4/3
f 2687/4/3 2685/4/3 2686/4/3
f 2688/1/3 2687/1/3 2686/1/3
f 2689/1/3 2687/1/3 2688/1/3
f 2690/4/3 2689/4/3 2688/4/3
f 2691/4/3 2689/4/3 2690/4/3
f 2692/1/3 2691/1/3 2690/1/3
f 2693/1/3 2691/1/3 2692/1/3
f 2694/2/3 2693/2/3 2692/2/3
f 2695/2/3 2693/2/3 2694/2/3
f 2696/1/3 2695/1/3 2694/1/3
f 2697/1/3 2695/1/3 2696/1/3
f 2698/4/3 2697/4/3 2696/4/3
f 2699/4/3 2697/4/3 2698/4/3
f 2703/3/3 2701/3/3 2700/3/3
f 2704/3/3 2703/3/3 2702/3/3
f 2705/3/3 2701/3/3 2703/3/3
f 2705/3/3 2703/3/3 2704/3/3
f 2706/3/3 2704/3/3 2702/3/3
f 2707/3/3 2704/3/3 2706/3/3
f 2710/4/3 2709/4/3 2708/4/3
f 2711/4/3 2709/4/3 2710/4/3
f 2712/4/3 2709/4/3 2711/4/3
f 2715/1/3 2714/1/3 2713/1/3
f 2716/1/3 2714/1/3 2715/1/3
f 2719/2/3 2718/2/3 2717/2/3
f 2720/2/3 2718/2/3 2719/2/3
f 2723/1/3 2722/1/3 2721/1/3
f 2724/1/3 2722/1/3 2723/1/3
f 2727/4/3 2726/4/3 2725/4/3
f 2728/4/3 2726/4/3 2727/4/3
f 2731/1/3 2730/1/3 2729/1/3
f 2732/1/3 2730/1/3 2731/1/3
f 2735/1/3 2734/1/3 2733/1/3
f 2736/1/3 2734/1/3 2735/1/3
f 2739/2/3 2738/2/3 2737/2/3
f 2740/2/3 2738/2/3 2739/2/3
f 2742/1/3 2741/1/3 2740/1/3
f 2743/1/3 2741/1/3 2742/1/3
f 2744/1/3 2741/1/3 2743/1/3
f 2747/1/3 2746/1/3 2745/1/3
f 2748/1/3 2746/1/3 2747/1/3
f 2751/1/3 2750/1/3 2749/1/3
f 2752/1/3 2750/1/3 2751/1/3
f 2754/4/3 2752/4/3 2751/4/3
f 2755/4/3 2752/4/3 2754/4/3
f 2756/4/3 2754/4/3 2753/4/3
f 2757/4/3 2754/4/3 2756/4/3
f 2758/3/3 2757/3/3 2756/3/3
f 2759/3/3 2757/3/3 2758/3/3
f 2762/1/3 2761/1/3 2760/1/3
f 2763/1/3 2761/1/3 2762/1/3
f 2766/3/3 2765/3/3 2764/3/3
f 2767/3/3 2765/3/3 2766/3/3
f 2770/3/3 2769/3/3 2768/3/3
f 2771/3/3 2769/3/3 2770/3/3
f 2774/2/3 2773/2/3 2772/2/3
f 2775/2/3 2773/2/3 2774/2/3
f 2786/2/3 2777/2/3 2776/2/3
f 2787/4/3 2778/4/3 2777/4/3
f 2787/2/3 2777/2/3 2786/2/3
f 2788/1/3 2779/1/3 2778/1/3
f 2788/4/3 2778/4/3 2787/4/3
f 2789/2/3 2780/2/3 2779/2/3
f 2789/1/3 2779/1/3 2788/1/3
f 2790/4/3 2781/4/3 2780/4/3
f 2790/2/3 2780/2/3 2789/2/3
f 2791/1/3 2782/1/3 2781/1/3
f 2791/4/3 2781/4/3 2790/4/3
f 2792/4/3 2783/4/3 2782/4/3
f 2792/1/3 2782/1/3 2791/1/3
f 2793/1/3 2784/1/3 2783/1/3
f 2793/4/3 2783/4/3 2792/4/3
f 2794/2/3 2785/2/3 2784/2/3
f 2794/1/3 2784/1/3 2793/1/3
f 2795/2/3 2785/2/3 2794/2/3
f 2798/3/3 2797/3/3 2796/3/3
f 2799/3/3 2797/3/3 2798/3/3
f 2800/4/3 2799/4/3 2798/4/3
f 2801/4/3 2799/4/3 2800/4/3
f 2802/3/3 2801/3/3 2800/3/3
f 2803/3/3 2801/3/3 2802/3/3
f 2804/2/3 2803/2/3 2802/2/3
f 2805/2/3 2803/2/3 2804/2/3
f 2806/4/3 2805/4/3 2804/4/3
f 2807/4/3 2805/4/3 2806/4/3
f 2810/4/3 2809/4/3 2808/4/3
f 2811/4/3 2809/4/3 2810/4/3
f 2812/3/3 2811/3/3 2810/3/3
f 2813/3/3 2811/3/3 2812/3/3
f 2819/4/3 2815/4/3 2814/4/3
f 2820/3/3 2816/3/3 2815/3/3
f 2820/4/3 2815/4/3 2819/4/3
f 2821/3/3 2816/3/3 2820/3/3
f 2825/3/3 2818/3/3 2817/3/3
f 2826/4/3 2819/4/3 2818/4/3
f 2826/3/3 2818/3/3 2825/3/3
f 2827/4/3 2819/4/3 2826/4/3
f 2831/3/3 2823/3/3 2822/3/3
f 2832/4/3 2824/4/3 2823/4/3
f 2832/3/3 2823/3/3 2831/3/3
f 2833/3/3 2825/3/3 2824/3/3
f 2833/4/3 2824/4/3 2832/4/3
f 2834/3/3 2825/3/3 2833/3/3
f 2835/3/3 2829/3/3 2828/3/3
f 2836/4/3 2830/4/3 2829/4/3
f 2836/3/3 2829/3/3 2835/3/3
f 2837/3/3 2831/3/3 2830/3/3
f 2837/4/3 2830/4/3 2836/4/3
f 2838/3/3 2831/3/3 2837/3/3
f 2841/1/3 2840/1/3 2839/1/3
f 2842/1/3 2840/1/3 2841/1/3
f 2845/4/3 2844/4/3 2843/4/3
f 2846/4/3 2844/4/3 2845/4/3
f 2849/3/3 2848/3/3 2847/3/3
f 2850/3/3 2848/3/3 2849/3/3
f 2853/3/3 2852/3/3 2851/3/3
f 2854/3/3 2852/3/3 2853/3/3
f 2857/1/3 2856/1/3 2855/1/3
f 2858/1/3 2856/1/3 2857/1/3
f 2859/3/3 2858/3/3 2857/3/3
f 2860/3/3 2858/3/3 2859/3/3
f 2863/1/3 2862/1/3 2861/1/3
f 2864/1/3 2862/1/3 2863/1/3
f 2867/3/3 2866/3/3 2865/3/3
f 2868/3/3 2866/3/3 2867/3/3
f 2871/3/3 2870/3/3 2869/3/3
f 2872/3/3 2870/3/3 2871/3/3
f 2875/1/3 2874/1/3 2873/1/3
f 2876/1/3 2874/1/3 2875/1/3
f 2879/4/3 2878/4/3 2877/4/3
f 2880/4/3 2878/4/3 2879/4/3
f 2881/1/3 2880/1/3 2879/1/3
f 2882/1/3 2880/1/3 2881/1/3
f 2885/1/3 2884/1/3 2883/1/3
f 2886/1/3 2884/1/3 2885/1/3
f 2889/1/3 2888/1/3 2887/1/3
f 2890/1/3 2888/1/3 2889/1/3
f 2893/3/3 2892/3/3 2891/3/3
f 2894/3/3 2892/3/3 2893/3/3
f 2897/1/3 2896/1/3 2895/1/3
f 2898/1/3 2896/1/3 2897/1/3
f 2901/1/3 2900/1/3 2899/1/3
f 2902/1/3 2900/1/3 2901/1/3
f 2903/4/3 2902/4/3 2901/4/3
f 2904/4/3 2902/4/3 2903/4/3
f 2910/3/3 2906/3/3 2905/3/3
f 2911/3/3 2906/3/3 2910/3/3
f 2913/4/3 2908/4/3 2907/4/3
f 2914/4/3 2908/4/3 2913/4/3
f 2915/3/3 2910/3/3 2909/3/3
f 2916/4/3 2911/4/3 2910/4/3
f 2916/3/3 2910/3/3 2915/3/3
f 2917/4/3 2911/4/3 2916/4/3
f 2919/3/3 2913/3/3 2912/3/3
f 2920/3/3 2913/3/3 2919/3/3
f 2921/3/3 2919/3/3 2918/3/3
f 2922/3/3 2919/3/3 2921/3/3
f 2925/4/3 2924/4/3 2923/4/3
f 2926/4/3 2924/4/3 2925/4/3
f 2927/1/3 2926/1/3 2925/1/3
f 2928/1/3 2926/1/3 2927/1/3
f 2931/3/3 2930/3/3 2929/3/3
f 2932/3/3 2930/3/3 2931/3/3
f 2935/3/3 2934/3/3 2933/3/3
f 2936/3/3 2934/3/3 2935/3/3
f 2939/4/3 2938/4/3 2937/4/3
f 2940/4/3 2938/4/3 2939/4/3
f 2941/3/3 2940/3/3 2939/3/3
f 2942/3/3 2940/3/3 2941/3/3
f 2943/3/3 2940/3/3 2942/3/3
f 2947/3/3 2945/3/3 2944/3/3
f 2948/3/3 2945/3/3 2947/3/3
f 2951/1/3 2947/1/3 2946/1/3
f 2952/1/3 2947/1/3 2951/1/3
f 2953/1/3 2950/1/3 2949/1/3
f 2954/1/3 2950/1/3 2953/1/3
f 2957/3/3 2956/3/3 2955/3/3
f 2958/3/3 2956/3/3 2957/3/3
f 2961/4/3 2960/4/3 2959/4/3
f 2962/4/3 2960/4/3 2961/4/3
f 2966/4/3 2964/4/3 2963/4/3
f 2967/3/3 2965/3/3 2964/3/3
f 2967/4/3 2964/4/3 2966/4/3
f 2968/3/3 2965/3/3 2967/3/3
f 2971/1/3 2970/1/3 2969/1/3
f 2972/1/3 2970/1/3 2971/1/3
f 2975/3/3 2974/3/3 2973/3/3
f 2976/3/3 2974/3/3 2975/3/3
f 2977/1/3 2976/1/3 2975/1/3
f 2978/1/3 2976/1/3 2977/1/3
f 2981/3/3 2980/3/3 2979/3/3
f 2982/3/3 2980/3/3 2981/3/3
f 2985/2/3 2984/2/3 2983/2/3
f 2986/2/3 2984/2/3 2985/2/3
f 2989/1/3 2988/1/3 2987/1/3
f 2990/1/3 2988/1/3 2989/1/3
f 2993/3/3 2992/3/3 2991/3/3
f 2994/3/3 2992/3/3 2993/3/3
f 2995/4/3 2994/4/3 2993/4/3
f 2996/4/3 2994/4/3 2995/4/3
f 3000/3/3 2998/3/3 2997/3/3
f 3001/3/3 2998/3/3 3000/3/3
f 3004/4/3 3000/4/3 2999/4/3
f 3005/4/3 3000/4/3 3004/4/3
f 3008/3/3 3003/3/3 3002/3/3
f 3009/4/3 3004/4/3 3003/4/3
f 3009/3/3 3003/3/3 3008/3/3
f 3010/4/3 3004/4/3 3009/4/3
f 3013/3/3 3007/3/3 3006/3/3
f 3014/4/3 3008/4/3 3007/4/3
f 3014/3/3 3007/3/3 3013/3/3
f 3015/4/3 3008/4/3 3014/4/3
f 3017/4/3 3012/4/3 3011/4/3
f 3018/3/3 3013/3/3 3012/3/3
f 3018/4/3 3012/4/3 3017/4/3
f 3019/3/3 3013/3/3 3018/3/3
f 3020/3/3 3017/3/3 3016/3/3
f 3021/3/3 3017/3/3 3020/3/3
f 3024/1/3 3023/1/3 3022/1/3
f 3025/1/3 3023/1/3 3024/1/3
f 3028/1/3 3027/1/3 3026/1/3
f 3029/1/3 3027/1/3 3028/1/3
f 3032/1/3 3031/1/3 3030/1/3
f 3033/1/3 3031/1/3 3032/1/3
f 3048/2/3 3034/2/3 3033/2/3
f 3049/1/3 3035/1/3 3034/1/3
f 3049/2/3 3034/2/3 3048/2/3
f 3050/2/3 3036/2/3 3035/2/3
f 3050/1/3 3035/1/3 3049/1/3
f 3051/4/3 3037/4/3 3036/4/3
f 3051/2/3 3036/2/3 3050/2/3
f 3052/1/3 3038/1/3 3037/1/3
f 3052/4/3 3037/4/3 3051/4/3
f 3053/2/3 3039/2/3 3038/2/3
f 3053/1/3 3038/1/3 3052/1/3
f 3054/1/3 3040/1/3 3039/1/3
f 3054/2/3 3039/2/3 3053/2/3
f 3055/4/3 3041/4/3 3040/4/3
f 3055/1/3 3040/1/3 3054/1/3
f 3056/2/3 3042/2/3 3041/2/3
f 3056/4/3 3041/4/3 3055/4/3
f 3057/1/3 3043/1/3 3042/1/3
f 3057/2/3 3042/2/3 3056/2/3
f 3058/4/3 3044/4/3 3043/4/3
f 3058/1/3 3043/1/3 3057/1/3
f 3059/1/3 3045/1/3 3044/1/3
f 3059/4/3 3044/4/3 3058/4/3
f 3060/1/3 3045/1/3 3059/1/3
f 3061/2/3 3047/2/3 3046/2/3
f 3062/2/3 3047/2/3 3061/2/3
f 3065/1/3 3064/1/3 3063/1/3
f 3066/1/3 3064/1/3 3065/1/3
f 3069/3/3 3068/3/3 3067/3/3
f 3070/3/3 3068/3/3 3069/3/3
f 3073/1/3 3072/1/3 3071/1/3
f 3074/1/3 3072/1/3 3073/1/3
f 3077/4/3 3076/4/3 3075/4/3
f 3078/4/3 3076/4/3 3077/4/3
f 3081/4/3 3080/4/3 3079/4/3
f 3082/4/3 3080/4/3 3081/4/3
f 3085/4/3 3084/4/3 3083/4/3
f 3086/4/3 3084/4/3 3085/4/3
f 3087/4/3 3084/4/3 3086/4/3
f 3088/1/3 3087/1/3 3086/1/3
f 3089/1/3 3087/1/3 3088/1/3
f 3092/1/3 3091/1/3 3090/1/3
f 3093/1/3 3091/1/3 3092/1/3
f 3094/2/3 3093/2/3 3092/2/3
f 3095/2/3 3093/2/3 3094/2/3
f 3098/1/3 3097/1/3 3096/1/3
f 3099/1/3 3097/1/3 3098/1/3
f 3100/4/3 3099/4/3 3098/4/3
f 3101/4/3 3099/4/3 3100/4/3
f 3104/1/3 3103/1/3 3102/1/3
f 3105/1/3 3103/1/3 3104/1/3
f 3107/1/3 3106/1/3 3105/1/3
f 3108/1/3 3106/1/3 3107/1/3
f 3111/4/3 3110/4/3 3109/4/3
f 3112/4/3 3110/4/3 3111/4/3
f 3113/1/3 3112/1/3 3111/1/3
f 3114/1/3 3112/1/3 3113/1/3
f 3117/3/3 3116/3/3 3115/3/3
f 3118/3/3 3116/3/3 3117/3/3
f 3121/1/3 3120/1/3 3119/1/3
f 3122/1/3 3120/1/3 3121/1/3
f 3125/4/3 3124/4/3 3123/4/3
f 3126/4/3 3124/4/3 3125/4/3
f 3129/4/3 3128/4/3 3127/4/3
f 3130/4/3 3128/4/3 3129/4/3
f 3131/1/3 3130/1/3 3129/1/3
f 3132/1/3 3130/1/3 3131/1/3
f 3133/4/3 3132/4/3 3131/4/3
f 3134/4/3 3132/4/3 3133/4/3
f 3135/1/3 3134/1/3 3133/1/3
f 3136/1/3 3134/1/3 3135/1/3
f 3139/1/3 3138/1/3 3137/1/3
f 3140/1/3 3138/1/3 3139/1/3
f 3143/1/3 3142/1/3 3141/1/3
f 3144/1/3 3142/1/3 3143/1/3
f 3145/3/3 3144/3/3 3143/3/3
f 3146/3/3 3144/3/3 3145/3/3
f 3149/1/3 3148/1/3 3147/1/3
f 3150/1/3 3148/1/3 3149/1/3
f 3153/3/3 3152/3/3 3151/3/3
f 3154/3/3 3152/3/3 3153/3/3
f 3157/3/3 3156/3/3 3155/3/3
f 3158/3/3 3156/3/3 3157/3/3
f 3161/2/3 3160/2/3 3159/2/3
f 3162/2/3 3160/2/3 3161/2/3
f 3163/1/3 3162/1/3 3161/1/3
f 3164/1/3 3162/1/3 3163/1/3
f 3165/4/3 3164/4/3 3163/4/3
f 3166/4/3 3164/4/3 3165/4/3
f 3167/1/3 3166/1/3 3165/1/3
f 3168/1/3 3166/1/3 3167/1/3
f 3171/3/3 3170/3/3 3169/3/3
f 3172/3/3 3170/3/3 3171/3/3
f 3176/1/3 3174/1/3 3173/1/3
f 3177/1/3 3174/1/3 3176/1/3
f 3178/1/3 3176/1/3 3175/1/3
f 3179/1/3 3176/1/3 3178/1/3
f 3182/1/3 3181/1/3 3180/1/3
f 3183/1/3 3181/1/3 3182/1/3
f 3184/4/3 3183/4/3 3182/4/3
f 3185/4/3 3183/4/3 3184/4/3
f 3188/1/3 3187/1/3 3186/1/3
f 3189/1/3 3187/1/3 3188/1/3
f 3192/3/3 3191/3/3 3190/3/3
f 3193/3/3 3191/3/3 3192/3/3
f 3198/3/3 3195/3/3 3194/3/3
f 3199/3/3 3195/3/3 3198/3/3
f 3200/1/3 3197/1/3 3196/1/3
f 3201/1/3 3197/1/3 3200/1/3
f 3203/1/3 3202/1/3 3201/1/3
f 3204/1/3 3202/1/3 3203/1/3
f 3207/3/3 3206/3/3 3205/3/3
f 3208/3/3 3206/3/3 3207/3/3
f 3211/4/3 3210/4/3 3209/4/3
f 3212/4/3 3210/4/3 3211/4/3
f 3213/1/3 3212/1/3 3211/1/3
f 3214/1/3 3212/1/3 3213/1/3
f 3217/4/3 3216/4/3 3215/4/3
f 3218/4/3 3216/4/3 3217/4/3
f 3221/4/3 3220/4/3 3219/4/3
f 3222/4/3 3220/4/3 3221/4/3
f 3223/1/3 3222/1/3 3221/1/3
f 3224/1/3 3222/1/3 3223/1/3
f 3227/3/3 3226/3/3 3225/3/3
f 3228/3/3 3226/3/3 3227/3/3
f 3231/4/3 3230/4/3 3229/4/3
f 3232/4/3 3230/4/3 3231/4/3
f 3235/1/3 3233/1/3 3232/1/3
f 3236/1/3 3233/1/3 3235/1/3
f 3237/1/3 3235/1/3 3234/1/3
f 3238/1/3 3235/1/3 3237/1/3
f 3241/1/3 3240/1/3 3239/1/3
f 3242/1/3 3240/1/3 3241/1/3
f 3245/1/3 3244/1/3 3243/1/3
f 3246/1/3 3244/1/3 3245/1/3
f 3249/4/3 3248/4/3 3247/4/3
f 3250/4/3 3248/4/3 3249/4/3
f 3252/1/3 3251/1/3 3250/1/3
f 3253/1/3 3251/1/3 3252/1/3
f 3256/1/3 3255/1/3 3254/1/3
f 3257/1/3 3255/1/3 3256/1/3
f 3258/4/3 3257/4/3 3256/4/3
f 3259/4/3 3257/4/3 3258/4/3
f 3260/2/3 3259/2/3 3258/2/3
f 3261/2/3 3259/2/3 3260/2/3
f 3262/1/3 3261/1/3 3260/1/3
f 3263/1/3 3261/1/3 3262/1/3
f 3266/1/3 3265/1/3 3264/1/3
f 3267/1/3 3265/1/3 3266/1/3
f 3270/1/3 3269/1/3 3268/1/3
f 3271/1/3 3269/1/3 3270/1/3
f 3274/1/3 3273/1/3 3272/1/3
f 3275/1/3 3273/1/3 3274/1/3
f 3278/1/3 3277/1/3 3276/1/3
f 3279/1/3 3277/1/3 3278/1/3
f 3280/3/3 3279/3/3 3278/3/3
f 3281/3/3 3279/3/3 3280/3/3
f 3284/1/3 3283/1/3 3282/1/3
f 3285/1/3 3283/1/3 3284/1/3
f 3287/1/3 3286/1/3 3285/1/3
f 3288/1/3 3286/1/3 3287/1/3
f 3291/1/3 3290/1/3 3289/1/3
f 3292/1/3 3290/1/3 3291/1/3
f 3295/1/3 3294/1/3 3293/1/3
f 3296/1/3 3294/1/3 3295/1/3
f 3299/4/3 3298/4/3 3297/4/3
f 3300/4/3 3298/4/3 3299/4/3
f 3303/1/3 3302/1/3 3301/1/3
f 3304/1/3 3302/1/3 3303/1/3
f 3307/3/3 3306/3/3 3305/3/3
f 3308/3/3 3306/3/3 3307/3/3
f 3309/4/3 3308/4/3 3307/4/3
f 3310/4/3 3308/4/3 3309/4/3
f 3311/3/3 3310/3/3 3309/3/3
f 3312/3/3 3310/3/3 3311/3/3
f 3323/4/3 3313/4/3 3312/4/3
f 3324/3/3 3314/3/3 3313/3/3
f 3324/4/3 3313/4/3 3323/4/3
f 3325/4/3 3315/4/3 3314/4/3
f 3325/3/3 3314/3/3 3324/3/3
f 3326/3/3 3316/3/3 3315/3/3
f 3326/4/3 3315/4/3 3325/4/3
f 3327/4/3 3317/4/3 3316/4/3
f 3327/3/3 3316/3/3 3326/3/3
f 3328/3/3 3318/3/3 3317/3/3
f 3328/4/3 3317/4/3 3327/4/3
f 3329/4/3 3319/4/3 3318/4/3
f 3329/3/3 3318/3/3 3328/3/3
f 3330/3/3 3320/3/3 3319/3/3
f 3330/4/3 3319/4/3 3329/4/3
f 3331/4/3 3321/4/3 3320/4/3
f 3331/3/3 3320/3/3 3330/3/3
f 3332/3/3 3322/3/3 3321/3/3
f 3332/4/3 3321/4/3 3331/4/3
f 3333/3/3 3322/3/3 3332/3/3
f 3334/1/3 3331/1/3 3330/1/3
f 3335/1/3 3331/1/3 3334/1/3
f 3336/4/3 3335/4/3 3334/4/3
f 3337/4/3 3335/4/3 3336/4/3
f 3340/1/3 3339/1/3 3338/1/3
f 3341/1/3 3339/1/3 3340/1/3
f 3344/4/3 3343/4/3 3342/4/3
f 3345/4/3 3343/4/3 3344/4/3
f 3348/1/3 3346/1/3 3345/1/3
f 3349/1/3 3346/1/3 3348/1/3
f 3350/1/3 3348/1/3 3347/1/3
f 3351/1/3 3348/1/3 3350/1/3
f 3354/1/3 3353/1/3 3352/1/3
f 3355/1/3 3353/1/3 3354/1/3
f 3358/4/3 3357/4/3 3356/4/3
f 3359/4/3 3357/4/3 3358/4/3
f 3362/4/3 3361/4/3 3360/4/3
f 3363/4/3 3361/4/3 3362/4/3
f 3366/1/3 3365/1/3 3364/1/3
f 3367/1/3 3365/1/3 3366/1/3
f 3371/3/3 3369/3/3 3368/3/3
f 3372/4/3 3370/4/3 3369/4/3
f 3372/3/3 3369/3/3 3371/3/3
f 3373/4/3 3370/4/3 3372/4/3
f 3374/4/3 3370/4/3 3373/4/3
f 3375/3/3 3374/3/3 3373/3/3
f 3376/3/3 3374/3/3 3375/3/3
f 3379/1/3 3378/1/3 3377/1/3
f 3380/1/3 3378/1/3 3379/1/3
f 3383/4/3 3382/4/3 3381/4/3
f 3384/4/3 3382/4/3 3383/4/3
f 3387/1/3 3386/1/3 3385/1/3
f 3388/1/3 3386/1/3 3387/1/3
f 3391/1/3 3390/1/3 3389/1/3
f 3392/1/3 3390/1/3 3391/1/3
f 3395/3/3 3394/3/3 3393/3/3
f 3396/3/3 3394/3/3 3395/3/3
f 3397/4/3 3396/4/3 3395/4/3
f 3398/4/3 3396/4/3 3397/4/3
f 3400/3/3 3399/3/3 3398/3/3
f 3401/3/3 3399/3/3 3400/3/3
f 3404/3/3 3403/3/3 3402/3/3
f 3405/3/3 3403/3/3 3404/3/3
f 3406/4/3 3405/4/3 3404/4/3
f 3407/4/3 3405/4/3 3406/4/3
f 3411/1/3 3409/1/3 3408/1/3
f 3412/1/3 3409/1/3 3411/1/3
f 3413/3/3 3411/3/3 3410/3/3
f 3414/3/3 3411/3/3 3413/3/3
f 3417/1/3 3416/1/3 3415/1/3
f 3418/1/3 3416/1/3 3417/1/3
f 3424/3/3 3420/3/3 3419/3/3
f 3425/4/3 3421/4/3 3420/4/3
f 3425/3/3 3420/3/3 3424/3/3
f 3426/3/3 3422/3/3 3421/3/3
f 3426/4/3 3421/4/3 3425/4/3
f 3427/4/3 3423/4/3 3422/4/3
f 3427/3/3 3422/3/3 3426/3/3
f 3428/4/3 3423/4/3 3427/4/3
f 3431/3/3 3430/3/3 3429/3/3
f 3432/3/3 3430/3/3 3431/3/3
f 3435/1/3 3434/1/3 3433/1/3
f 3436/1/3 3434/1/3 3435/1/3
f 3441/1/3 3440/1/3 3439/1/3
f 3442/1/3 3440/1/3 3441/1/3
f 3443/3/3 3438/3/3 3437/3/3
f 3444/3/3 3438/3/3 3443/3/3
f 3447/3/3 3446/3/3 3445/3/3
f 3448/3/3 3446/3/3 3447/3/3
f 3454/3/3 3450/3/3 3449/3/3
f 3455/4/3 3451/4/3 3450/4/3
f 3455/3/3 3450/3/3 3454/3/3
f 3456/3/3 3452/3/3 3451/3/3
f 3456/4/3 3451/4/3 3455/4/3
f 3457/4/3 3453/4/3 3452/4/3
f 3457/3/3 3452/3/3 3456/3/3
f 3458/4/3 3453/4/3 3457/4/3
f 3459/4/3 3453/4/3 3458/4/3
f 3460/4/3 3453/4/3 3459/4/3
f 3463/4/3 3462/4/3 3461/4/3
f 3464/4/3 3462/4/3 3463/4/3
f 3467/1/3 3466/1/3 3465/1/3
f 3468/1/3 3466/1/3 3467/1/3
f 3471/1/3 3470/1/3 3469/1/3
f 3472/1/3 3470/1/3 3471/1/3
f 3475/3/3 3474/3/3 3473/3/3
f 3476/3/3 3474/3/3 3475/3/3
f 3479/1/3 3478/1/3 3477/1/3
f 3480/1/3 3478/1/3 3479/1/3
f 3483/3/3 3482/3/3 3481/3/3
f 3484/3/3 3482/3/3 3483/3/3
f 3486/1/3 3485/1/3 3484/1/3
f 3487/1/3 3485/1/3 3486/1/3
f 3490/2/3 3489/2/3 3488/2/3
f 3491/2/3 3489/2/3 3490/2/3
f 3492/1/3 3491/1/3 3490/1/3
f 3493/1/3 3491/1/3 3492/1/3
f 3496/3/3 3495/3/3 3494/3/3
f 3497/3/3 3495/3/3 3496/3/3
f 3498/4/3 3497/4/3 3496/4/3
f 3499/4/3 3497/4/3 3498/4/3
f 3502/4/3 3501/4/3 3500/4/3
f 3503/4/3 3501/4/3 3502/4/3
f 3506/3/3 3505/3/3 3504/3/3
f 3507/3/3 3505/3/3 3506/3/3
f 3510/4/3 3509/4/3 3508/4/3
f 3511/4/3 3509/4/3 3510/4/3
f 3514/3/3 3513/3/3 3512/3/3
f 3515/3/3 3513/3/3 3514/3/3
f 3518/1/3 3517/1/3 3516/1/3
f 3519/1/3 3517/1/3 3518/1/3
f 3522/1/3 3521/1/3 3520/1/3
f 3523/1/3 3521/1/3 3522/1/3
f 3526/4/3 3525/4/3 3524/4/3
f 3527/4/3 3525/4/3 3526/4/3
f 3530/2/3 3529/2/3 3528/2/3
f 3531/2/3 3529/2/3 3530/2/3
f 3532/1/3 3531/1/3 3530/1/3
f 3533/1/3 3531/1/3 3532/1/3
f 3536/4/3 3535/4/3 3534/4/3
f 3537/4/3 3535/4/3 3536/4/3
f 3540/3/3 3539/3/3 3538/3/3
f 3541/3/3 3539/3/3 3540/3/3
f 3544/1/3 3543/1/3 3542/1/3
f 3545/1/3 3543/1/3 3544/1/3
f 3548/1/3 3547/1/3 3546/1/3
f 3549/1/3 3547/1/3 3548/1/3
f 3552/1/3 3551/1/3 3550/1/3
f 3553/1/3 3551/1/3 3552/1/3
f 3556/4/3 3555/4/3 3554/4/3
f 3557/4/3 3555/4/3 3556/4/3
f 3560/4/3 3559/4/3 3558/4/3
f 3561/4/3 3559/4/3 3560/4/3
f 3564/1/3 3563/1/3 3562/1/3
f 3565/1/3 3563/1/3 3564/1/3
f 3568/4/3 3567/4/3 3566/4/3
f 3569/4/3 3567/4/3 3568/4/3
f 3572/3/3 3571/3/3 3570/3/3
f 3573/3/3 3571/3/3 3572/3/3
f 3576/1/3 3575/1/3 3574/1/3
f 3577/1/3 3575/1/3 3576/1/3
f 3580/1/3 3579/1/3 3578/1/3
f 3581/1/3 3579/1/3 3580/1/3
f 3584/3/3 3583/3/3 3582/3/3
f 3585/3/3 3583/3/3 3584/3/3
f 3588/3/3 3587/3/3 3586/3/3
f 3589/3/3 3587/3/3 3588/3/3
f 3592/1/3 3591/1/3 3590/1/3
f 3593/1/3 3591/1/3 3592/1/3
f 3594/4/3 3593/4/3 3592/4/3
f 3595/4/3 3593/4/3 3594/4/3
f 3598/3/3 3597/3/3 3596/3/3
f 3599/3/3 3597/3/3 3598/3/3
f 3600/4/3 3599/4/3 3598/4/3
f 3601/4/3 3599/4/3 3600/4/3
f 3602/1/3 3601/1/3 3600/1/3
f 3603/1/3 3601/1/3 3602/1/3
f 3604/3/4 3605/3/4 3607/3/4
f 3607/3/4 3605/3/4 3608/3/4
f 3606/3/4 3607/3/4 3609/3/4
f 3609/3/4 3607/3/4 3610/3/4
f 3611/4/4 3612/4/4 3614/4/4
f 3614/4/4 3612/4/4 3615/4/4
f 3613/4/4 3614/4/4 3616/4/4
f 3616/4/4 3614/4/4 3617/4/4
f 3618/3/4 3619/3/4 3621/3/4
f 3619/4/4 3620/4/4 3622/4/4
f 3621/3/4 3619/3/4 3622/3/4
f 3622/4/4 3620/4/4 3623/4/4
f 3624/4/4 3625/4/4 3628/4/4
f 3628/4/4 3625/4/4 3629/4/4
f 3626/3/4 3627/3/4 3631/3/4
f 3627/4/4 3628/4/4 3632/4/4
f 3628/4/4 3629/4/4 3632/4/4
f 3631/3/4 3627/3/4 3632/3/4
f 3632/4/4 3629/4/4 3633/4/4
f 3630/3/4 3631/3/4 3634/3/4
f 3631/3/4 3632/3/4 3634/3/4
f 3634/3/4 3632/3/4 3635/3/4
f 3630/3/4 3634/3/4 3636/3/4
f 3636/3/4 3634/3/4 3637/3/4
f 3638/3/4 3639/3/4 3640/3/4
f 3640/3/4 3639/3/4 3641/3/4
f 3641/3/4 3642/3/4 3643/3/4
f 3643/3/4 3642/3/4 3644/3/4
f 3645/4/4 3646/4/4 3647/4/4
f 3647/4/4 3646/4/4 3648/4/4
f 3647/3/4 3648/3/4 3650/3/4
f 3648/3/4 3649/3/4 3650/3/4
f 3650/3/4 3649/3/4 3651/3/4
f 3651/3/4 3649/3/4 3652/3/4
f 3653/4/4 3654/4/4 3655/4/4
f 3655/4/4 3654/4/4 3656/4/4
f 3657/4/4 3658/4/4 3659/4/4
f 3659/4/4 3658/4/4 3660/4/4
f 3661/3/4 3662/3/4 3666/3/4
f 3662/4/4 3663/4/4 3667/4/4
f 3666/3/4 3662/3/4 3667/3/4
f 3663/3/4 3664/3/4 3668/3/4
f 3667/4/4 3663/4/4 3668/4/4
f 3664/4/4 3665/4/4 3669/4/4
f 3668/3/4 3664/3/4 3669/3/4
f 3669/4/4 3665/4/4 3670/4/4
f 3671/4/4 3672/4/4 3673/4/4
f 3673/4/4 3672/4/4 3674/4/4
f 3675/3/4 3676/3/4 3679/3/4
f 3679/3/4 3676/3/4 3680/3/4
f 3677/4/4 3678/4/4 3681/4/4
f 3681/4/4 3678/4/4 3682/4/4
f 3683/3/4 3684/3/4 3686/3/4
f 3686/3/4 3684/3/4 3687/3/4
f 3685/4/4 3686/4/4 3688/4/4
f 3688/4/4 3686/4/4 3689/4/4
f 3690/3/4 3691/3/4 3696/3/4
f 3696/3/4 3691/3/4 3697/3/4
f 3692/3/4 3693/3/4 3698/3/4
f 3693/4/4 3694/4/4 3699/4/4
f 3698/3/4 3693/3/4 3699/3/4
f 3694/3/4 3695/3/4 3700/3/4
f 3699/4/4 3694/4/4 3700/4/4
f 3700/3/4 3695/3/4 3701/3/4
f 3702/3/4 3703/3/4 3704/3/4
f 3704/3/4 3703/3/4 3705/3/4
f 3706/3/4 3707/3/4 3712/3/4
f 3707/4/4 3708/4/4 3713/4/4
f 3712/3/4 3707/3/4 3713/3/4
f 3713/4/4 3708/4/4 3714/4/4
f 3709/4/4 3710/4/4 3715/4/4
f 3710/3/4 3711/3/4 3716/3/4
f 3715/4/4 3710/4/4 3716/4/4
f 3716/3/4 3711/3/4 3717/3/4
f 3716/3/4 3717/3/4 3718/3/4
f 3718/3/4 3717/3/4 3719/3/4
f 3720/4/4 3721/4/4 3723/4/4
f 3721/3/4 3722/3/4 3724/3/4
f 3723/4/4 3721/4/4 3724/4/4
f 3724/3/4 3722/3/4 3725/3/4
f 3725/3/4 3722/3/4 3726/3/4
f 3724/3/4 3725/3/4 3728/3/4
f 3725/4/4 3726/4/4 3728/4/4
f 3726/3/4 3727/3/4 3729/3/4
f 3728/4/4 3726/4/4 3729/4/4
f 3729/3/4 3727/3/4 3730/3/4
f 3724/3/4 3728/3/4 3731/3/4
f 3731/3/4 3728/3/4 3732/3/4
f 3733/3/4 3734/3/4 3735/3/4
f 3735/3/4 3734/3/4 3736/3/4
f 3737/4/4 3738/4/4 3739/4/4
f 3739/4/4 3738/4/4 3740/4/4
f 3741/3/4 3742/3/4 3743/3/4
f 3743/3/4 3742/3/4 3744/3/4
f 3743/4/4 3744/4/4 3745/4/4
f 3745/4/4 3744/4/4 3746/4/4
f 3747/3/4 3748/3/4 3749/3/4
f 3749/3/4 3748/3/4 3750/3/4
f 3751/3/4 3752/3/4 3753/3/4
f 3753/3/4 3752/3/4 3754/3/4
f 3755/4/4 3756/4/4 3758/4/4
f 3756/4/4 3757/4/4 3758/4/4
f 3758/4/4 3757/4/4 3759/4/4
f 3759/4/4 3757/4/4 3760/4/4
f 3758/3/4 3759/3/4 3761/3/4
f 3761/3/4 3759/3/4 3762/3/4
f 3763/3/4 3764/3/4 3765/3/4
f 3765/3/4 3764/3/4 3766/3/4
f 3768/3/4 3769/3/4 3770/3/4
f 3767/4/4 3768/4/4 3771/4/4
f 3768/3/4 3770/3/4 3772/3/4
f 3771/4/4 3768/4/4 3772/4/4
f 3772/3/4 3770/3/4 3773/3/4
f 3774/4/4 3775/4/4 3778/4/4
f 3778/4/4 3775/4/4 3779/4/4
f 3776/4/4 3777/4/4 3781/4/4
f 3781/4/4 3777/4/4 3782/4/4
f 3780/3/4 3781/3/4 3783/3/4
f 3781/4/4 3782/4/4 3784/4/4
f 3783/3/4 3781/3/4 3784/3/4
f 3784/4/4 3782/4/4 3785/4/4
f 3786/3/4 3787/3/4 3791/3/4
f 3791/3/4 3787/3/4 3792/3/4
f 3788/3/4 3789/3/4 3793/3/4
f 3789/4/4 3790/4/4 3794/4/4
f 3793/3/4 3789/3/4 3794/3/4
f 3790/3/4 3791/3/4 3795/3/4
f 3794/4/4 3790/4/4 3795/4/4
f 3795/3/4 3791/3/4 3796/3/4
f 3797/3/4 3798/3/4 3800/3/4
f 3798/4/4 3799/4/4 3801/4/4
f 3800/3/4 3798/3/4 3801/3/4
f 3801/4/4 3799/4/4 3802/4/4
f 3801/3/4 3802/3/4 3803/3/4
f 3803/3/4 3802/3/4 3804/3/4
f 3805/4/4 3806/4/4 3807/4/4
f 3807/4/4 3806/4/4 3808/4/4
f 3809/3/4 3810/3/4 3811/3/4
f 3811/3/4 3810/3/4 3812/3/4
f 3813/4/4 3814/4/4 3816/4/4
f 3814/3/4 3815/3/4 3817/3/4
f 3816/4/4 3814/4/4 3817/4/4
f 3817/3/4 3815/3/4 3818/3/4
f 3816/4/4 3817/4/4 3821/4/4
f 3817/4/4 3818/4/4 3821/4/4
f 3818/4/4 3819/4/4 3821/4/4
f 3819/3/4 3820/3/4 3822/3/4
f 3821/4/4 3819/4/4 3822/4/4
f 3822/3/4 3820/3/4 3823/3/4
f 3824/4/4 3825/4/4 3826/4/4
f 3826/4/4 3825/4/4 3827/4/4
f 3828/4/4 3829/4/4 3830/4/4
f 3827/4/4 3828/4/4 3830/4/4
f 3830/4/4 3829/4/4 3831/4/4
f 3827/4/4 3830/4/4 3835/4/4
f 3830/3/4 3831/3/4 3836/3/4
f 3835/4/4 3830/4/4 3836/4/4
f 3831/3/4 3832/3/4 3836/3/4
f 3832/4/4 3833/4/4 3837/4/4
f 3836/3/4 3832/3/4 3837/3/4
f 3833/3/4 3834/3/4 3838/3/4
f 3837/4/4 3833/4/4 3838/4/4
f 3838/3/4 3834/3/4 3839/3/4
f 3839/4/4 3840/4/4 3841/4/4
f 3841/4/4 3840/4/4 3842/4/4
f 3843/3/4 3844/3/4 3845/3/4
f 3845/3/4 3844/3/4 3846/3/4
f 3847/3/4 3848/3/4 3849/3/4
f 3849/3/4 3848/3/4 3850/3/4
f 3851/4/4 3852/4/4 3853/4/4
f 3853/4/4 3852/4/4 3854/4/4
f 3855/3/4 3856/3/4 3857/3/4
f 3857/3/4 3856/3/4 3858/3/4
f 3859/4/4 3860/4/4 3862/4/4
f 3860/3/4 3861/3/4 3863/3/4
f 3862/4/4 3860/4/4 3863/4/4
f 3863/3/4 3861/3/4 3864/3/4
f 3863/3/4 3864/3/4 3865/3/4
f 3865/3/4 3864/3/4 3866/3/4
f 3867/4/4 3868/4/4 3869/4/4
f 3869/4/4 3868/4/4 3870/4/4
f 3871/3/4 3872/3/4 3874/3/4
f 3873/3/4 3874/3/4 3875/3/4
f 3874/3/4 3872/3/4 3876/3/4
f 3875/3/4 3874/3/4 3876/3/4
f 3873/3/4 3875/3/4 3877/3/4
f 3877/3/4 3875/3/4 3878/3/4
f 3879/4/4 3880/4/4 3881/4/4
f 3881/4/4 3880/4/4 3882/4/4
f 3883/4/4 3884/4/4 3885/4/4
f 3885/4/4 3884/4/4 3886/4/4
f 3887/4/4 3888/4/4 3889/4/4
f 3889/4/4 3888/4/4 3890/4/4
f 3891/4/4 3892/4/4 3893/4/4
f 3893/4/4 3892/4/4 3894/4/4
f 3895/4/4 3896/4/4 3897/4/4
f 3897/4/4 3896/4/4 3898/4/4
f 3899/1/4 3900/1/4 3901/1/4
f 3901/1/4 3900/1/4 3902/1/4
f 3903/4/4 3904/4/4 3905/4/4
f 3905/4/4 3904/4/4 3906/4/4
f 3907/3/4 3908/3/4 3909/3/4
f 3909/3/4 3908/3/4 3910/3/4
f 3911/1/4 3912/1/4 3913/1/4
f 3913/1/4 3912/1/4 3914/1/4
f 3915/3/4 3916/3/4 3917/3/4
f 3917/3/4 3916/3/4 3918/3/4
f 3919/3/4 3920/3/4 3921/3/4
f 3921/3/4 3920/3/4 3922/3/4
f 3923/1/4 3924/1/4 3925/1/4
f 3925/1/4 3924/1/4 3926/1/4
f 3927/3/4 3928/3/4 3929/3/4
f 3929/3/4 3928/3/4 3930/3/4
f 3931/1/4 3932/1/4 3942/1/4
f 3932/2/4 3933/2/4 3943/2/4
f 3942/1/4 3932/1/4 3943/1/4
f 3933/4/4 3934/4/4 3944/4/4
f 3943/2/4 3933/2/4 3944/2/4
f 3934/1/4 3935/1/4 3945/1/4
f 3944/4/4 3934/4/4 3945/4/4
f 3935/2/4 3936/2/4 3946/2/4
f 3945/1/4 3935/1/4 3946/1/4
f 3936/4/4 3937/4/4 3947/4/4
f 3946/2/4 3936/2/4 3947/2/4
f 3937/1/4 3938/1/4 3948/1/4
f 3947/4/4 3937/4/4 3948/4/4
f 3938/4/4 3939/4/4 3949/4/4
f 3948/1/4 3938/1/4 3949/1/4
f 3939/1/4 3940/1/4 3950/1/4
f 3949/4/4 3939/4/4 3950/4/4
f 3940/2/4 3941/2/4 3951/2/4
f 3950/1/4 3940/1/4 3951/1/4
f 3951/2/4 3941/2/4 3952/2/4
f 3953/3/4 3954/3/4 3955/3/4
f 3955/3/4 3954/3/4 3956/3/4
f 3957/3/4 3958/3/4 3959/3/4
f 3959/3/4 3958/3/4 3960/3/4
f 3961/4/4 3962/4/4 3965/4/4
f 3965/4/4 3962/4/4 3966/4/4
f 3963/3/4 3964/3/4 3970/3/4
f 3970/3/4 3964/3/4 3971/3/4
f 3967/3/4 3968/3/4 3975/3/4
f 3968/4/4 3969/4/4 3976/4/4
f 3975/3/4 3968/3/4 3976/3/4
f 3969/3/4 3970/3/4 3977/3/4
f 3976/4/4 3969/4/4 3977/4/4
f 3977/3/4 3970/3/4 3978/3/4
f 3972/3/4 3973/3/4 3979/3/4
f 3973/4/4 3974/4/4 3980/4/4
f 3979/3/4 3973/3/4 3980/3/4
f 3974/3/4 3975/3/4 3981/3/4
f 3980/4/4 3974/4/4 3981/4/4
f 3981/3/4 3975/3/4 3982/3/4
f 3983/1/4 3984/1/4 3985/1/4
f 3985/1/4 3984/1/4 3986/1/4
f 3987/1/4 3988/1/4 3989/1/4
f 3989/1/4 3988/1/4 3990/1/4
f 3991/1/4 3992/1/4 3993/1/4
f 3993/1/4 3992/1/4 3994/1/4
f 3993/2/4 3994/2/4 3995/2/4
f 3995/2/4 3994/2/4 3996/2/4
f 3997/1/4 3998/1/4 3999/1/4
f 3999/1/4 3998/1/4 4000/1/4
f 3999/3/4 4000/3/4 4003/3/4
f 4003/3/4 4000/3/4 4004/3/4
f 4001/4/4 4002/4/4 4005/4/4
f 4005/4/4 4002/4/4 4006/4/4
f 4006/1/4 4007/1/4 4008/1/4
f 4008/1/4 4007/1/4 4009/1/4
f 4010/3/4 4011/3/4 4015/3/4
f 4015/3/4 4011/3/4 4016/3/4
f 4012/3/4 4013/3/4 4018/3/4
f 4018/3/4 4013/3/4 4019/3/4
f 4014/3/4 4015/3/4 4020/3/4
f 4020/3/4 4015/3/4 4021/3/4
f 4017/3/4 4018/3/4 4023/3/4
f 4023/3/4 4018/3/4 4024/3/4
f 4022/3/4 4023/3/4 4025/3/4
f 4025/3/4 4023/3/4 4026/3/4
f 4027/1/4 4028/1/4 4029/1/4
f 4029/1/4 4028/1/4 4030/1/4
f 4031/4/4 4032/4/4 4033/4/4
f 4033/4/4 4032/4/4 4034/4/4
f 4035/4/4 4036/4/4 4037/4/4
f 4037/4/4 4036/4/4 4038/4/4
f 4037/3/4 4038/3/4 4039/3/4
f 4039/3/4 4038/3/4 4040/3/4
f 4039/2/4 4040/2/4 4041/2/4
f 4041/2/4 4040/2/4 4042/2/4
f 4041/3/4 4042/3/4 4043/3/4
f 4043/3/4 4042/3/4 4044/3/4
f 4045/4/4 4046/4/4 4047/4/4
f 4047/4/4 4046/4/4 4048/4/4
f 4049/1/4 4050/1/4 4051/1/4
f 4051/1/4 4050/1/4 4052/1/4
f 4053/4/4 4054/4/4 4059/4/4
f 4059/4/4 4054/4/4 4060/4/4
f 4055/3/4 4056/3/4 4061/3/4
f 4056/4/4 4057/4/4 4062/4/4
f 4061/3/4 4056/3/4 4062/3/4
f 4062/4/4 4057/4/4 4063/4/4
f 4058/3/4 4059/3/4 4065/3/4
f 4065/3/4 4059/3/4 4066/3/4
f 4064/3/4 4065/3/4 4067/3/4
f 4067/3/4 4065/3/4 4068/3/4
f 4069/4/4 4070/4/4 4071/4/4
f 4071/4/4 4070/4/4 4072/4/4
f 4073/3/4 4074/3/4 4075/3/4
f 4075/3/4 4074/3/4 4076/3/4
f 4077/1/4 4078/1/4 4079/1/4
f 4079/1/4 4078/1/4 4080/1/4
f 4081/3/4 4082/3/4 4083/3/4
f 4083/3/4 4082/3/4 4084/3/4
f 4085/1/4 4086/1/4 4087/1/4
f 4085/1/4 4087/1/4 4088/1/4
f 4088/1/4 4087/1/4 4089/1/4
f 4090/3/4 4091/3/4 4092/3/4
f 4092/3/4 4091/3/4 4093/3/4
f 4094/1/4 4095/1/4 4096/1/4
f 4096/1/4 4095/1/4 4097/1/4
f 4098/3/4 4099/3/4 4102/3/4
f 4102/3/4 4099/3/4 4103/3/4
f 4100/4/4 4101/4/4 4104/4/4
f 4104/4/4 4101/4/4 4105/4/4
f 4106/4/4 4107/4/4 4109/4/4
f 4107/3/4 4108/3/4 4110/3/4
f 4109/4/4 4107/4/4 4110/4/4
f 4110/3/4 4108/3/4 4111/3/4
f 4112/1/4 4113/1/4 4115/1/4
f 4115/1/4 4113/1/4 4116/1/4
f 4114/3/4 4115/3/4 4117/3/4
f 4117/3/4 4115/3/4 4118/3/4
f 4119/3/4 4120/3/4 4121/3/4
f 4121/3/4 4120/3/4 4122/3/4
f 4121/1/4 4122/1/4 4123/1/4
f 4123/1/4 4122/1/4 4124/1/4
f 4125/1/4 4126/1/4 4127/1/4
f 4127/1/4 4126/1/4 4128/1/4
f 4129/4/4 4130/4/4 4131/4/4
f 4131/4/4 4130/4/4 4132/4/4
f 4133/3/4 4134/3/4 4135/3/4
f 4135/3/4 4134/3/4 4136/3/4
f 4135/2/4 4136/2/4 4137/2/4
f 4137/2/4 4136/2/4 4138/2/4
f 4137/3/4 4138/3/4 4139/3/4
f 4139/3/4 4138/3/4 4140/3/4
f 4141/1/4 4142/1/4 4143/1/4
f 4143/1/4 4142/1/4 4144/1/4
f 4145/1/4 4146/1/4 4147/1/4
f 4147/1/4 4146/1/4 4148/1/4
f 4149/3/4 4150/3/4 4151/3/4
f 4151/3/4 4150/3/4 4152/3/4
f 4151/4/4 4152/4/4 4153/4/4
f 4153/4/4 4152/4/4 4154/4/4
f 4155/3/4 4156/3/4 4158/3/4
f 4158/3/4 4156/3/4 4159/3/4
f 4157/4/4 4158/4/4 4162/4/4
f 4162/4/4 4158/4/4 4163/4/4
f 4160/3/4 4161/3/4 4166/3/4
f 4161/4/4 4162/4/4 4167/4/4
f 4166/3/4 4161/3/4 4167/3/4
f 4167/4/4 4162/4/4 4168/4/4
f 4164/3/4 4165/3/4 4171/3/4
f 4165/4/4 4166/4/4 4172/4/4
f 4171/3/4 4165/3/4 4172/3/4
f 4172/4/4 4166/4/4 4173/4/4
f 4169/4/4 4170/4/4 4175/4/4
f 4170/3/4 4171/3/4 4176/3/4
f 4175/4/4 4170/4/4 4176/4/4
f 4176/3/4 4171/3/4 4177/3/4
f 4174/3/4 4175/3/4 4178/3/4
f 4178/3/4 4175/3/4 4179/3/4
f 4180/1/4 4181/1/4 4182/1/4
f 4182/1/4 4181/1/4 4183/1/4
f 4184/4/4 4185/4/4 4186/4/4
f 4186/4/4 4185/4/4 4187/4/4
f 4186/1/4 4187/1/4 4188/1/4
f 4188/1/4 4187/1/4 4189/1/4
f 4188/4/4 4189/4/4 4190/4/4
f 4190/4/4 4189/4/4 4191/4/4
f 4190/1/4 4191/1/4 4192/1/4
f 4192/1/4 4191/1/4 4193/1/4
f 4194/1/4 4195/1/4 4196/1/4
f 4196/1/4 4195/1/4 4197/1/4
f 4197/2/4 4198/2/4 4210/2/4
f 4198/1/4 4199/1/4 4211/1/4
f 4210/2/4 4198/2/4 4211/2/4
f 4199/2/4 4200/2/4 4212/2/4
f 4211/1/4 4199/1/4 4212/1/4
f 4200/4/4 4201/4/4 4213/4/4
f 4212/2/4 4200/2/4 4213/2/4
f 4201/1/4 4202/1/4 4214/1/4
f 4213/4/4 4201/4/4 4214/4/4
f 4202/2/4 4203/2/4 4215/2/4
f 4214/1/4 4202/1/4 4215/1/4
f 4203/1/4 4204/1/4 4216/1/4
f 4215/2/4 4203/2/4 4216/2/4
f 4204/4/4 4205/4/4 4217/4/4
f 4216/1/4 4204/1/4 4217/1/4
f 4205/2/4 4206/2/4 4218/2/4
f 4217/4/4 4205/4/4 4218/4/4
f 4206/1/4 4207/1/4 4219/1/4
f 4218/2/4 4206/2/4 4219/2/4
f 4207/4/4 4208/4/4 4220/4/4
f 4219/1/4 4207/1/4 4220/1/4
f 4208/1/4 4209/1/4 4221/1/4
f 4220/4/4 4208/4/4 4221/4/4
f 4221/1/4 4209/1/4 4222/1/4
f 4223/3/4 4224/3/4 4225/3/4
f 4225/3/4 4224/3/4 4226/3/4
f 4227/1/4 4228/1/4 4229/1/4
f 4229/1/4 4228/1/4 4230/1/4
f 4230/1/4 4228/1/4 4231/1/4
f 4232/3/4 4233/3/4 4234/3/4
f 4234/3/4 4233/3/4 4235/3/4
f 4236/3/4 4237/3/4 4238/3/4
f 4238/3/4 4237/3/4 4239/3/4
f 4240/1/4 4241/1/4 4242/1/4
f 4242/1/4 4241/1/4 4243/1/4
f 4244/4/4 4245/4/4 4246/4/4
f 4246/4/4 4245/4/4 4247/4/4
f 4246/3/4 4247/3/4 4248/3/4
f 4248/3/4 4247/3/4 4249/3/4
f 4248/4/4 4249/4/4 4250/4/4
f 4250/4/4 4249/4/4 4251/4/4
f 4252/3/4 4253/3/4 4254/3/4
f 4254/3/4 4253/3/4 4255/3/4
f 4256/4/4 4257/4/4 4258/4/4
f 4258/4/4 4257/4/4 4259/4/4
f 4258/1/4 4259/1/4 4260/1/4
f 4260/1/4 4259/1/4 4261/1/4
f 4260/4/4 4261/4/4 4262/4/4
f 4262/4/4 4261/4/4 4263/4/4
f 4262/1/4 4263/1/4 4264/1/4
f 4264/1/4 4263/1/4 4265/1/4
f 4266/1/4 4267/1/4 4268/1/4
f 4268/1/4 4267/1/4 4269/1/4
f 4270/4/4 4271/4/4 4272/4/4
f 4272/4/4 4271/4/4 4273/4/4
f 4274/4/4 4275/4/4 4276/4/4
f 4276/4/4 4275/4/4 4277/4/4
f 4276/1/4 4277/1/4 4278/1/4
f 4278/1/4 4277/1/4 4279/1/4
f 4280/3/4 4281/3/4 4283/3/4
f 4283/3/4 4281/3/4 4284/3/4
f 4282/3/4 4283/3/4 4285/3/4
f 4285/3/4 4283/3/4 4286/3/4
f 4287/1/4 4288/1/4 4289/1/4
f 4289/1/4 4288/1/4 4290/1/4
f 4291/1/4 4292/1/4 4293/1/4
f 4293/1/4 4292/1/4 4294/1/4
f 4295/1/4 4296/1/4 4297/1/4
f 4297/1/4 4296/1/4 4298/1/4
f 4299/1/4 4300/1/4 4301/1/4
f 4301/1/4 4300/1/4 4302/1/4
f 4301/3/4 4302/3/4 4303/3/4
f 4303/3/4 4302/3/4 4304/3/4
f 4305/3/4 4306/3/4 4307/3/4
f 4307/3/4 4306/3/4 4308/3/4
f 4309/1/4 4310/1/4 4311/1/4
f 4311/1/4 4310/1/4 4312/1/4
f 4312/1/4 4310/1/4 4313/1/4
f 4314/3/4 4315/3/4 4316/3/4
f 4316/3/4 4315/3/4 4317/3/4
f 4318/1/4 4319/1/4 4320/1/4
f 4320/1/4 4319/1/4 4321/1/4
f 4320/2/4 4321/2/4 4322/2/4
f 4322/2/4 4321/2/4 4323/2/4
f 4324/1/4 4325/1/4 4326/1/4
f 4326/1/4 4325/1/4 4327/1/4
f 4328/4/4 4329/4/4 4330/4/4
f 4330/4/4 4329/4/4 4331/4/4
f 4332/1/4 4333/1/4 4335/1/4
f 4335/1/4 4333/1/4 4336/1/4
f 4334/1/4 4335/1/4 4337/1/4
f 4337/1/4 4335/1/4 4338/1/4
f 4339/1/4 4340/1/4 4341/1/4
f 4341/1/4 4340/1/4 4342/1/4
f 4341/4/4 4342/4/4 4343/4/4
f 4343/4/4 4342/4/4 4344/4/4
f 4345/1/4 4346/1/4 4347/1/4
f 4347/1/4 4346/1/4 4348/1/4
f 4349/1/4 4350/1/4 4351/1/4
f 4351/1/4 4350/1/4 4352/1/4
f 4351/4/4 4352/4/4 4353/4/4
f 4353/4/4 4352/4/4 4354/4/4
f 4353/1/4 4354/1/4 4355/1/4
f 4355/1/4 4354/1/4 4356/1/4
f 4355/2/4 4356/2/4 4357/2/4
f 4357/2/4 4356/2/4 4358/2/4
f 4357/1/4 4358/1/4 4359/1/4
f 4359/1/4 4358/1/4 4360/1/4
f 4361/4/4 4362/4/4 4363/4/4
f 4363/4/4 4362/4/4 4364/4/4
f 4365/1/4 4366/1/4 4367/1/4
f 4367/1/4 4366/1/4 4368/1/4
f 4369/1/4 4370/1/4 4371/1/4
f 4371/1/4 4370/1/4 4372/1/4
f 4372/1/4 4373/1/4 4374/1/4
f 4374/1/4 4373/1/4 4375/1/4
f 4376/1/4 4377/1/4 4378/1/4
f 4378/1/4 4377/1/4 4379/1/4
f 4380/1/4 4381/1/4 4382/1/4
f 4382/1/4 4381/1/4 4383/1/4
f 4384/4/4 4385/4/4 4386/4/4
f 4386/4/4 4385/4/4 4387/4/4
f 4386/1/4 4387/1/4 4388/1/4
f 4388/1/4 4387/1/4 4389/1/4
f 4390/2/4 4391/2/4 4392/2/4
f 4392/2/4 4391/2/4 4393/2/4
f 4392/4/4 4393/4/4 4394/4/4
f 4394/4/4 4393/4/4 4395/4/4
f 4396/4/4 4397/4/4 4398/4/4
f 4398/4/4 4397/4/4 4399/4/4
f 4400/1/4 4401/1/4 4402/1/4
f 4402/1/4 4401/1/4 4403/1/4
f 4404/1/4 4405/1/4 4406/1/4
f 4406/1/4 4405/1/4 4407/1/4
f 4408/1/4 4409/1/4 4410/1/4
f 4410/1/4 4409/1/4 4411/1/4
f 4412/3/4 4413/3/4 4414/3/4
f 4414/3/4 4413/3/4 4415/3/4
f 4416/1/4 4417/1/4 4418/1/4
f 4418/1/4 4417/1/4 4419/1/4
f 4420/4/4 4421/4/4 4422/4/4
f 4422/4/4 4421/4/4 4423/4/4
f 4423/1/4 4424/1/4 4425/1/4
f 4425/1/4 4424/1/4 4426/1/4
f 4427/3/4 4428/3/4 4429/3/4
f 4429/3/4 4428/3/4 4430/3/4
f 4431/1/4 4432/1/4 4433/1/4
f 4433/1/4 4432/1/4 4434/1/4
f 4433/4/4 4434/4/4 4435/4/4
f 4435/4/4 4434/4/4 4436/4/4
f 4437/1/4 4438/1/4 4439/1/4
f 4439/1/4 4438/1/4 4440/1/4
f 4441/1/4 4442/1/4 4443/1/4
f 4443/1/4 4442/1/4 4444/1/4
f 4445/3/4 4446/3/4 4447/3/4
f 4447/3/4 4446/3/4 4448/3/4
f 4449/2/4 4450/2/4 4451/2/4
f 4451/2/4 4450/2/4 4452/2/4
f 4453/1/4 4454/1/4 4455/1/4
f 4455/1/4 4454/1/4 4456/1/4
f 4456/1/4 4457/1/4 4458/1/4
f 4458/1/4 4457/1/4 4459/1/4
f 4460/4/4 4461/4/4 4462/4/4
f 4462/4/4 4461/4/4 4463/4/4
f 4464/4/4 4465/4/4 4466/4/4
f 4466/4/4 4465/4/4 4467/4/4
f 4468/1/4 4469/1/4 4470/1/4
f 4470/1/4 4469/1/4 4471/1/4
f 4472/3/4 4473/3/4 4474/3/4
f 4474/3/4 4473/3/4 4475/3/4
f 4476/4/4 4477/4/4 4478/4/4
f 4478/4/4 4477/4/4 4479/4/4
f 4478/3/4 4479/3/4 4480/3/4
f 4480/3/4 4479/3/4 4481/3/4
f 4481/4/4 4482/4/4 4492/4/4
f 4482/3/4 4483/3/4 4493/3/4
f 4492/4/4 4482/4/4 4493/4/4
f 4483/4/4 4484/4/4 4494/4/4
f 4493/3/4 4483/3/4 4494/3/4
f 4484/3/4 4485/3/4 4495/3/4
f 4494/4/4 4484/4/4 4495/4/4
f 4485/4/4 4486/4/4 4496/4/4
f 4495/3/4 4485/3/4 4496/3/4
f 4486/3/4 4487/3/4 4497/3/4
f 4496/4/4 4486/4/4 4497/4/4
f 4487/4/4 4488/4/4 4498/4/4
f 4497/3/4 4487/3/4 4498/3/4
f 4488/3/4 4489/3/4 4499/3/4
f 4498/4/4 4488/4/4 4499/4/4
f 4489/4/4 4490/4/4 4500/4/4
f 4499/3/4 4489/3/4 4500/3/4
f 4490/3/4 4491/3/4 4501/3/4
f 4500/4/4 4490/4/4 4501/4/4
f 4501/3/4 4491/3/4 4502/3/4
f 4499/1/4 4500/1/4 4503/1/4
f 4503/1/4 4500/1/4 4504/1/4
f 4505/3/4 4506/3/4 4507/3/4
f 4507/3/4 4506/3/4 4508/3/4
f 4509/1/4 4510/1/4 4511/1/4
f 4511/1/4 4510/1/4 4512/1/4
f 4513/1/4 4514/1/4 4517/1/4
f 4517/1/4 4514/1/4 4518/1/4
f 4515/3/4 4516/3/4 4519/3/4
f 4519/3/4 4516/3/4 4520/3/4
f 4521/1/4 4522/1/4 4523/1/4
f 4523/1/4 4522/1/4 4524/1/4
f 4525/3/4 4526/3/4 4527/3/4
f 4527/3/4 4526/3/4 4528/3/4
f 4529/3/4 4530/3/4 4531/3/4
f 4531/3/4 4530/3/4 4532/3/4
f 4531/1/4 4532/1/4 4533/1/4
f 4533/1/4 4532/1/4 4534/1/4
f 4535/4/4 4536/4/4 4537/4/4
f 4537/4/4 4536/4/4 4538/4/4
f 4538/4/4 4536/4/4 4539/4/4
f 4538/3/4 4539/3/4 4540/3/4
f 4540/3/4 4539/3/4 4541/3/4
f 4542/1/4 4543/1/4 4544/1/4
f 4544/1/4 4543/1/4 4545/1/4
f 4546/1/4 4547/1/4 4548/1/4
f 4548/1/4 4547/1/4 4549/1/4
f 4550/1/4 4551/1/4 4552/1/4
f 4552/1/4 4551/1/4 4553/1/4
f 4554/2/4 4555/2/4 4556/2/4
f 4556/2/4 4555/2/4 4557/2/4
f 4558/4/4 4559/4/4 4560/4/4
f 4560/4/4 4559/4/4 4561/4/4
f 4560/1/4 4561/1/4 4562/1/4
f 4562/1/4 4561/1/4 4563/1/4
f 4564/3/4 4565/3/4 4566/3/4
f 4566/3/4 4565/3/4 4567/3/4
f 4566/4/4 4567/4/4 4568/4/4
f 4568/4/4 4567/4/4 4569/4/4
f 4569/3/4 4570/3/4 4571/3/4
f 4571/3/4 4570/3/4 4572/3/4
f 4573/3/4 4574/3/4 4575/3/4
f 4575/3/4 4574/3/4 4576/3/4
f 4577/1/4 4578/1/4 4579/1/4
f 4579/1/4 4578/1/4 4580/1/4
f 4581/1/4 4582/1/4 4583/1/4
f 4583/1/4 4582/1/4 4584/1/4
f 4585/1/4 4586/1/4 4587/1/4
f 4587/1/4 4586/1/4 4588/1/4
f 4589/1/4 4590/1/4 4591/1/4
f 4589/1/4 4591/1/4 4592/1/4
f 4592/1/4 4591/1/4 4593/1/4
f 4594/3/4 4595/3/4 4599/3/4
f 4595/4/4 4596/4/4 4600/4/4
f 4599/3/4 4595/3/4 4600/3/4
f 4596/3/4 4597/3/4 4601/3/4
f 4600/4/4 4596/4/4 4601/4/4
f 4597/4/4 4598/4/4 4602/4/4
f 4601/3/4 4597/3/4 4602/3/4
f 4602/4/4 4598/4/4 4603/4/4
f 4604/3/4 4605/3/4 4606/3/4
f 4606/3/4 4605/3/4 4607/3/4
f 4608/2/4 4609/2/4 4612/2/4
f 4612/2/4 4609/2/4 4613/2/4
f 4612/4/4 4613/4/4 4614/4/4
f 4614/4/4 4613/4/4 4615/4/4
f 4610/3/4 4611/3/4 4616/3/4
f 4616/3/4 4611/3/4 4617/3/4
f 4614/1/4 4615/1/4 4618/1/4
f 4618/1/4 4615/1/4 4619/1/4
f 4620/3/4 4621/3/4 4622/3/4
f 4622/3/4 4621/3/4 4623/3/4
f 4624/3/4 4625/3/4 4626/3/4
f 4626/3/4 4625/3/4 4627/3/4
f 4628/3/4 4629/3/4 4633/3/4
f 4629/4/4 4630/4/4 4634/4/4
f 4633/3/4 4629/3/4 4634/3/4
f 4630/3/4 4631/3/4 4635/3/4
f 4634/4/4 4630/4/4 4635/4/4
f 4631/4/4 4632/4/4 4636/4/4
f 4635/3/4 4631/3/4 4636/3/4
f 4636/4/4 4632/4/4 4637/4/4
f 4637/4/4 4632/4/4 4638/4/4
f 4638/4/4 4632/4/4 4639/4/4
f 4639/3/4 4640/3/4 4641/3/4
f 4641/3/4 4640/3/4 4642/3/4
f 4643/1/4 4644/1/4 4645/1/4
f 4645/1/4 4644/1/4 4646/1/4
f 4645/4/4 4646/4/4 4647/4/4
f 4647/4/4 4646/4/4 4648/4/4
f 4649/3/4 4650/3/4 4651/3/4
f 4651/3/4 4650/3/4 4652/3/4
f 4653/1/4 4654/1/4 4655/1/4
f 4655/1/4 4654/1/4 4656/1/4
f 4657/1/4 4658/1/4 4659/1/4
f 4657/1/4 4659/1/4 4660/1/4
f 4660/1/4 4659/1/4 4661/1/4
f 4662/1/4 4663/1/4 4664/1/4
f 4664/1/4 4663/1/4 4665/1/4
f 4665/1/4 4663/1/4 4666/1/4
f 4667/2/4 4668/2/4 4669/2/4
f 4669/2/4 4668/2/4 4670/2/4
f 4669/3/4 4670/3/4 4673/3/4
f 4673/3/4 4670/3/4 4674/3/4
f 4671/1/4 4672/1/4 4675/1/4
f 4675/1/4 4672/1/4 4676/1/4
f 4677/3/4 4678/3/4 4679/3/4
f 4679/3/4 4678/3/4 4680/3/4
f 4681/1/4 4682/1/4 4683/1/4
f 4683/1/4 4682/1/4 4684/1/4
f 4685/3/4 4686/3/4 4687/3/4
f 4687/3/4 4686/3/4 4688/3/4
f 4689/4/4 4690/4/4 4691/4/4
f 4691/4/4 4690/4/4 4692/4/4
f 4693/3/4 4694/3/4 4695/3/4
f 4695/3/4 4694/3/4 4696/3/4
f 4697/3/4 4698/3/4 4699/3/4
f 4699/3/4 4698/3/4 4700/3/4
f 4701/4/4 4702/4/4 4703/4/4
f 4703/4/4 4702/4/4 4704/4/4
f 4705/1/4 4706/1/4 4707/1/4
f 4707/1/4 4706/1/4 4708/1/4
f 4709/4/4 4710/4/4 4711/4/4
f 4711/4/4 4710/4/4 4712/4/4
f 4713/3/4 4714/3/4 4715/3/4
f 4715/3/4 4714/3/4 4716/3/4
f 4717/1/4 4718/1/4 4719/1/4
f 4719/1/4 4718/1/4 4720/1/4
f 4721/4/4 4722/4/4 4723/4/4
f 4723/4/4 4722/4/4 4724/4/4
f 4723/2/4 4724/2/4 4725/2/4
f 4725/2/4 4724/2/4 4726/2/4
f 4727/4/4 4728/4/4 4729/4/4
f 4729/4/4 4728/4/4 4730/4/4
f 4731/4/4 4732/4/4 4733/4/4
f 4733/4/4 4732/4/4 4734/4/4
f 4735/1/4 4736/1/4 4737/1/4
f 4737/1/4 4736/1/4 4738/1/4
f 4739/4/4 4740/4/4 4741/4/4
f 4741/4/4 4740/4/4 4742/4/4
f 4743/3/4 4744/3/4 4745/3/4
f 4745/3/4 4744/3/4 4746/3/4
f 4747/1/4 4748/1/4 4749/1/4
f 4749/1/4 4748/1/4 4750/1/4
f 4751/4/4 4752/4/4 4753/4/4
f 4753/4/4 4752/4/4 4754/4/4
f 4755/3/4 4756/3/4 4757/3/4
f 4757/3/4 4756/3/4 4758/3/4
f 4759/1/4 4760/1/4 4761/1/4
f 4761/1/4 4760/1/4 4762/1/4
f 4763/1/4 4764/1/4 4765/1/4
f 4765/1/4 4764/1/4 4766/1/4
f 4765/2/4 4766/2/4 4767/2/4
f 4767/2/4 4766/2/4 4768/2/4
f 4767/1/4 4768/1/4 4769/1/4
f 4769/1/4 4768/1/4 4770/1/4
f 4769/4/4 4770/4/4 4771/4/4
f 4771/4/4 4770/4/4 4772/4/4
f 4771/1/4 4772/1/4 4773/1/4
f 4773/1/4 4772/1/4 4774/1/4
f 4773/2/4 4774/2/4 4775/2/4
f 4775/2/4 4774/2/4 4776/2/4
f 4777/1/4 4778/1/4 4779/1/4
f 4779/1/4 4778/1/4 4780/1/4
f 4781/1/4 4782/1/4 4783/1/4
f 4783/1/4 4782/1/4 4784/1/4
f 4783/4/4 4784/4/4 4785/4/4
f 4785/4/4 4784/4/4 4786/4/4
f 4787/3/4 4788/3/4 4789/3/4
f 4789/3/4 4788/3/4 4790/3/4
f 4791/1/4 4792/1/4 4793/1/4
f 4793/1/4 4792/1/4 4794/1/4
f 4795/1/4 4796/1/4 4797/1/4
f 4797/1/4 4796/1/4 4798/1/4
f 4797/2/4 4798/2/4 4799/2/4
f 4799/2/4 4798/2/4 4800/2/4
f 4801/3/4 4802/3/4 4803/3/4
f 4803/3/4 4802/3/4 4804/3/4
f 4803/4/4 4804/4/4 4805/4/4
f 4805/4/4 4804/4/4 4806/4/4
f 4805/1/4 4806/1/4 4808/1/4
f 4808/1/4 4806/1/4 4809/1/4
f 4807/4/4 4808/4/4 4810/4/4
f 4810/4/4 4808/4/4 4811/4/4
f 4810/3/4 4811/3/4 4812/3/4
f 4812/3/4 4811/3/4 4813/3/4
f 4813/3/4 4814/3/4 4815/3/4
f 4815/3/4 4814/3/4 4816/3/4
f 4819/3/5 4818/3/5 4817/3/5
f 4820/3/5 4818/3/5 4819/3/5
f 4823/3/5 4822/3/5 4821/3/5
f 4824/3/5 4822/3/5 4823/3/5
f 4828/4/5 4826/4/5 4825/4/5
f 4829/4/5 4826/4/5 4828/4/5
f 4832/3/5 4828/3/5 4827/3/5
f 4833/3/5 4828/3/5 4832/3/5
f 4835/3/5 4831/3/5 4830/3/5
f 4836/3/5 4831/3/5 4835/3/5
f 4838/4/5 4835/4/5 4834/4/5
f 4839/3/5 4838/3/5 4837/3/5
f 4840/4/5 4835/4/5 4838/4/5
f 4840/3/5 4838/3/5 4839/3/5
f 4841/4/5 4835/4/5 4840/4/5
f 4844/3/5 4843/3/5 4842/3/5
f 4845/3/5 4843/3/5 4844/3/5
f 4848/3/5 4847/3/5 4846/3/5
f 4849/3/5 4847/3/5 4848/3/5
f 4852/3/5 4851/3/5 4850/3/5
f 4853/3/5 4851/3/5 4852/3/5
f 4856/3/5 4855/3/5 4854/3/5
f 4857/3/5 4855/3/5 4856/3/5
f 4860/3/5 4859/3/5 4858/3/5
f 4861/3/5 4859/3/5 4860/3/5
f 4863/4/5 4862/4/5 4861/4/5
f 4864/4/5 4862/4/5 4863/4/5
f 4867/3/5 4866/3/5 4865/3/5
f 4868/3/5 4866/3/5 4867/3/5
f 4872/4/5 4870/4/5 4869/4/5
f 4873/3/5 4871/3/5 4870/3/5
f 4873/4/5 4870/4/5 4872/4/5
f 4874/3/5 4871/3/5 4873/3/5
f 4877/4/5 4876/4/5 4875/4/5
f 4878/4/5 4876/4/5 4877/4/5
f 4881/3/5 4880/3/5 4879/3/5
f 4882/3/5 4880/3/5 4881/3/5
f 4885/4/5 4884/4/5 4883/4/5
f 4886/4/5 4884/4/5 4885/4/5
f 4891/4/5 4888/4/5 4887/4/5
f 4892/4/5 4888/4/5 4891/4/5
f 4893/3/5 4890/3/5 4889/3/5
f 4894/3/5 4890/3/5 4893/3/5
f 4897/3/5 4896/3/5 4895/3/5
f 4898/3/5 4896/3/5 4897/3/5
f 4901/3/5 4900/3/5 4899/3/5
f 4902/3/5 4900/3/5 4901/3/5
f 4903/4/5 4902/4/5 4901/4/5
f 4904/4/5 4902/4/5 4903/4/5
f 4908/3/5 4906/3/5 4905/3/5
f 4908/3/5 4907/3/5 4906/3/5
f 4909/3/5 4907/3/5 4908/3/5
f 4912/4/5 4911/4/5 4910/4/5
f 4913/4/5 4911/4/5 4912/4/5
f 4916/4/5 4915/4/5 4914/4/5
f 4917/4/5 4915/4/5 4916/4/5
f 4920/3/5 4919/3/5 4918/3/5
f 4921/3/5 4919/3/5 4920/3/5
f 4927/3/5 4923/3/5 4922/3/5
f 4928/3/5 4923/3/5 4927/3/5
f 4929/4/5 4925/4/5 4924/4/5
f 4930/3/5 4926/3/5 4925/3/5
f 4930/4/5 4925/4/5 4929/4/5
f 4931/3/5 4926/3/5 4930/3/5
f 4934/3/5 4933/3/5 4932/3/5
f 4935/3/5 4933/3/5 4934/3/5
f 4938/3/5 4937/3/5 4936/3/5
f 4939/3/5 4937/3/5 4938/3/5
f 4942/3/5 4941/3/5 4940/3/5
f 4943/3/5 4941/3/5 4942/3/5
f 4946/3/5 4945/3/5 4944/3/5
f 4947/3/5 4945/3/5 4946/3/5
f 4950/4/5 4949/4/5 4948/4/5
f 4951/4/5 4949/4/5 4950/4/5
f 4954/4/5 4953/4/5 4952/4/5
f 4955/4/5 4953/4/5 4954/4/5
f 4958/3/5 4957/3/5 4956/3/5
f 4959/3/5 4957/3/5 4958/3/5
f 4962/4/5 4961/4/5 4960/4/5
f 4963/4/5 4961/4/5 4962/4/5
f 4968/4/5 4965/4/5 4964/4/5
f 4969/4/5 4965/4/5 4968/4/5
f 4970/4/5 4967/4/5 4966/4/5
f 4971/4/5 4967/4/5 4970/4/5
f 4973/4/5 4972/4/5 4971/4/5
f 4974/4/5 4972/4/5 4973/4/5
f 4979/3/5 4976/3/5 4975/3/5
f 4980/3/5 4976/3/5 4979/3/5
f 4981/3/5 4978/3/5 4977/3/5
f 4982/3/5 4978/3/5 4981/3/5
f 4985/3/5 4984/3/5 4983/3/5
f 4986/3/5 4984/3/5 4985/3/5
f 4988/3/5 4987/3/5 4986/3/5
f 4989/3/5 4987/3/5 4988/3/5
f 4992/4/5 4991/4/5 4990/4/5
f 4993/4/5 4991/4/5 4992/4/5
f 4996/3/5 4995/3/5 4994/3/5
f 4997/3/5 4995/3/5 4996/3/5
f 4998/3/5 4995/3/5 4997/3/5
f 5005/3/5 5000/3/5 4999/3/5
f 5006/3/5 5000/3/5 5005/3/5
f 5007/3/5 5002/3/5 5001/3/5
f 5008/3/5 5002/3/5 5007/3/5
f 5010/3/5 5004/3/5 5003/3/5
f 5011/3/5 5004/3/5 5010/3/5
f 5012/4/5 5009/4/5 5008/4/5
f 5013/4/5 5009/4/5 5012/4/5
f 5018/4/5 5015/4/5 5014/4/5
f 5019/4/5 5015/4/5 5018/4/5
f 5020/4/5 5017/4/5 5016/4/5
f 5021/4/5 5017/4/5 5020/4/5
f 5024/3/5 5023/3/5 5022/3/5
f 5025/3/5 5023/3/5 5024/3/5
f 5028/4/5 5027/4/5 5026/4/5
f 5029/4/5 5027/4/5 5028/4/5
f 5031/3/5 5030/3/5 5029/3/5
f 5032/3/5 5030/3/5 5031/3/5
f 5036/3/5 5034/3/5 5033/3/5
f 5036/3/5 5035/3/5 5034/3/5
f 5037/3/5 5035/3/5 5036/3/5
f 5042/4/5 5039/4/5 5038/4/5
f 5042/4/5 5040/4/5 5039/4/5
f 5043/4/5 5040/4/5 5042/4/5
f 5044/3/5 5042/3/5 5041/3/5
f 5045/3/5 5042/3/5 5044/3/5
f 5048/4/5 5047/4/5 5046/4/5
f 5049/4/5 5047/4/5 5048/4/5
f 5050/3/5 5049/3/5 5048/3/5
f 5051/3/5 5049/3/5 5050/3/5
f 5054/3/5 5053/3/5 5052/3/5
f 5055/3/5 5053/3/5 5054/3/5
f 5058/4/5 5057/4/5 5056/4/5
f 5059/4/5 5057/4/5 5058/4/5
f 5062/3/5 5061/3/5 5060/3/5
f 5063/3/5 5061/3/5 5062/3/5
f 5065/3/5 5064/3/5 5063/3/5
f 5066/3/5 5064/3/5 5065/3/5
f 5069/4/5 5068/4/5 5067/4/5
f 5070/4/5 5068/4/5 5069/4/5
f 5073/3/5 5072/3/5 5071/3/5
f 5074/3/5 5072/3/5 5073/3/5
f 5076/3/5 5075/3/5 5074/3/5
f 5077/3/5 5075/3/5 5076/3/5
f 5080/3/5 5079/3/5 5078/3/5
f 5081/3/5 5079/3/5 5080/3/5
f 5085/3/5 5083/3/5 5082/3/5
f 5086/4/5 5084/4/5 5083/4/5
f 5086/3/5 5083/3/5 5085/3/5
f 5087/4/5 5084/4/5 5086/4/5
f 5090/4/5 5089/4/5 5088/4/5
f 5091/4/5 5089/4/5 5090/4/5
f 5094/3/5 5093/3/5 5092/3/5
f 5095/3/5 5093/3/5 5094/3/5
f 5098/4/5 5097/4/5 5096/4/5
f 5099/4/5 5097/4/5 5098/4/5
f 5102/4/5 5101/4/5 5100/4/5
f 5103/4/5 5101/4/5 5102/4/5
f 5106/3/5 5105/3/5 5104/3/5
f 5107/3/5 5105/3/5 5106/3/5
f 5110/3/5 5109/3/5 5108/3/5
f 5111/3/5 5109/3/5 5110/3/5
f 5115/4/5 5113/4/5 5112/4/5
f 5115/4/5 5114/4/5 5113/4/5
f 5116/4/5 5114/4/5 5115/4/5
f 5119/4/5 5118/4/5 5117/4/5
f 5120/4/5 5118/4/5 5119/4/5
f 5123/4/5 5122/4/5 5121/4/5
f 5124/4/5 5122/4/5 5123/4/5
f 5127/3/5 5126/3/5 5125/3/5
f 5128/3/5 5126/3/5 5127/3/5
f 5132/3/5 5130/3/5 5129/3/5
f 5133/4/5 5131/4/5 5130/4/5
f 5133/3/5 5130/3/5 5132/3/5
f 5134/4/5 5131/4/5 5133/4/5
f 5135/3/5 5134/3/5 5133/3/5
f 5136/3/5 5134/3/5 5135/3/5
f 5139/3/5 5138/3/5 5137/3/5
f 5140/3/5 5138/3/5 5139/3/5
f 5143/3/5 5142/3/5 5141/3/5
f 5144/3/5 5142/3/5 5143/3/5
f 5147/3/5 5146/3/5 5145/3/5
f 5148/3/5 5146/3/5 5147/3/5
f 5151/4/5 5150/4/5 5149/4/5
f 5152/4/5 5150/4/5 5151/4/5
f 5153/3/5 5152/3/5 5151/3/5
f 5157/4/5 5156/4/5 5155/4/5
f 5158/4/5 5156/4/5 5157/4/5
f 5160/3/5 5153/3/5 5151/3/5
f 5160/3/5 5154/3/5 5153/3/5
f 5161/3/5 5154/3/5 5160/3/5
f 5163/4/5 5159/4/5 5158/4/5
f 5164/4/5 5163/4/5 5162/4/5
f 5165/4/5 5159/4/5 5163/4/5
f 5165/4/5 5163/4/5 5164/4/5
f 5166/4/5 5159/4/5 5165/4/5
f 5167/4/5 5159/4/5 5166/4/5
f 5171/3/5 5169/3/5 5168/3/5
f 5172/3/5 5169/3/5 5171/3/5
f 5175/3/5 5171/3/5 5170/3/5
f 5175/3/5 5172/3/5 5171/3/5
f 5176/3/5 5172/3/5 5175/3/5
f 5177/3/5 5172/3/5 5176/3/5
f 5179/3/5 5174/3/5 5173/3/5
f 5180/3/5 5174/3/5 5179/3/5
f 5181/4/5 5175/4/5 5174/4/5
f 5181/3/5 5174/3/5 5180/3/5
f 5181/4/5 5176/4/5 5175/4/5
f 5182/4/5 5176/4/5 5181/4/5
f 5183/3/5 5180/3/5 5179/3/5
f 5183/3/5 5179/3/5 5178/3/5
f 5184/3/5 5180/3/5 5183/3/5
f 5185/3/5 5183/3/5 5178/3/5
f 5186/3/5 5183/3/5 5185/3/5
f 5192/3/5 5188/3/5 5187/3/5
f 5193/4/5 5189/4/5 5188/4/5
f 5193/3/5 5188/3/5 5192/3/5
f 5194/3/5 5190/3/5 5189/3/5
f 5194/4/5 5189/4/5 5193/4/5
f 5195/3/5 5190/3/5 5194/3/5
f 5196/3/5 5193/3/5 5192/3/5
f 5196/3/5 5192/3/5 5191/3/5
f 5197/3/5 5193/3/5 5196/3/5
f 5200/3/5 5199/3/5 5198/3/5
f 5201/3/5 5199/3/5 5200/3/5
f 5204/3/5 5203/3/5 5202/3/5
f 5205/3/5 5203/3/5 5204/3/5
f 5208/3/5 5207/3/5 5206/3/5
f 5209/3/5 5207/3/5 5208/3/5
f 5212/4/5 5211/4/5 5210/4/5
f 5213/4/5 5211/4/5 5212/4/5
f 5216/3/5 5215/3/5 5214/3/5
f 5217/3/5 5215/3/5 5216/3/5
f 5220/1/5 5219/1/5 5218/1/5
f 5221/1/5 5219/1/5 5220/1/5
f 5224/1/5 5223/1/5 5222/1/5
f 5225/1/5 5223/1/5 5224/1/5
f 5228/1/5 5227/1/5 5226/1/5
f 5229/1/5 5227/1/5 5228/1/5
f 5230/4/5 5229/4/5 5228/4/5
f 5231/4/5 5229/4/5 5230/4/5
f 5237/1/5 5233/1/5 5232/1/5
f 5238/1/5 5233/1/5 5237/1/5
f 5239/3/5 5236/3/5 5235/3/5
f 5239/4/5 5235/4/5 5234/4/5
f 5240/3/5 5236/3/5 5239/3/5
f 5241/4/5 5239/4/5 5234/4/5
f 5242/4/5 5239/4/5 5241/4/5
f 5246/4/5 5244/4/5 5243/4/5
f 5247/1/5 5245/1/5 5244/1/5
f 5247/4/5 5244/4/5 5246/4/5
f 5248/1/5 5245/1/5 5247/1/5
f 5249/3/5 5248/3/5 5247/3/5
f 5250/3/5 5248/3/5 5249/3/5
f 5254/1/5 5252/1/5 5251/1/5
f 5255/1/5 5252/1/5 5254/1/5
f 5256/4/5 5253/4/5 5252/4/5
f 5256/1/5 5252/1/5 5255/1/5
f 5257/4/5 5253/4/5 5256/4/5
f 5258/4/5 5256/4/5 5255/4/5
f 5259/3/5 5257/3/5 5256/3/5
f 5259/4/5 5256/4/5 5258/4/5
f 5260/3/5 5257/3/5 5259/3/5
f 5263/4/5 5262/4/5 5261/4/5
f 5264/4/5 5262/4/5 5263/4/5
f 5268/4/5 5266/4/5 5265/4/5
f 5269/3/5 5267/3/5 5266/3/5
f 5269/4/5 5266/4/5 5268/4/5
f 5270/3/5 5267/3/5 5269/3/5
f 5273/3/5 5269/3/5 5268/3/5
f 5274/3/5 5269/3/5 5273/3/5
f 5280/1/5 5272/1/5 5271/1/5
f 5281/1/5 5272/1/5 5280/1/5
f 5284/1/5 5276/1/5 5275/1/5
f 5285/1/5 5276/1/5 5284/1/5
f 5286/4/5 5278/4/5 5277/4/5
f 5287/1/5 5279/1/5 5278/1/5
f 5287/4/5 5278/4/5 5286/4/5
f 5288/1/5 5279/1/5 5287/1/5
f 5289/1/5 5283/1/5 5282/1/5
f 5290/1/5 5283/1/5 5289/1/5
f 5295/3/5 5288/3/5 5287/3/5
f 5296/3/5 5288/3/5 5295/3/5
f 5297/1/5 5292/1/5 5291/1/5
f 5298/1/5 5292/1/5 5297/1/5
f 5299/1/5 5294/1/5 5293/1/5
f 5300/1/5 5294/1/5 5299/1/5
f 5305/1/5 5302/1/5 5301/1/5
f 5306/1/5 5302/1/5 5305/1/5
f 5310/3/5 5298/3/5 5297/3/5
f 5311/3/5 5298/3/5 5310/3/5
f 5312/4/5 5308/4/5 5307/4/5
f 5313/1/5 5309/1/5 5308/1/5
f 5313/4/5 5308/4/5 5312/4/5
f 5314/1/5 5309/1/5 5313/1/5
f 5315/4/5 5304/4/5 5303/4/5
f 5316/4/5 5304/4/5 5315/4/5
f 5319/3/5 5316/3/5 5315/3/5
f 5320/3/5 5316/3/5 5319/3/5
f 5324/1/5 5318/1/5 5317/1/5
f 5325/1/5 5318/1/5 5324/1/5
f 5326/1/5 5322/1/5 5321/1/5
f 5327/4/5 5323/4/5 5322/4/5
f 5327/1/5 5322/1/5 5326/1/5
f 5328/4/5 5323/4/5 5327/4/5
f 5331/4/5 5330/4/5 5329/4/5
f 5332/4/5 5330/4/5 5331/4/5
f 5335/3/5 5334/3/5 5333/3/5
f 5336/3/5 5334/3/5 5335/3/5
f 5338/4/5 5336/4/5 5335/4/5
f 5341/3/5 5338/3/5 5337/3/5
f 5342/4/5 5336/4/5 5338/4/5
f 5342/3/5 5338/3/5 5341/3/5
f 5343/4/5 5336/4/5 5342/4/5
f 5345/3/5 5340/3/5 5339/3/5
f 5346/3/5 5340/3/5 5345/3/5
f 5351/3/5 5343/3/5 5342/3/5
f 5352/4/5 5344/4/5 5343/4/5
f 5352/3/5 5343/3/5 5351/3/5
f 5353/4/5 5344/4/5 5352/4/5
f 5355/4/5 5346/4/5 5345/4/5
f 5356/4/5 5346/4/5 5355/4/5
f 5357/3/5 5348/3/5 5347/3/5
f 5358/3/5 5348/3/5 5357/3/5
f 5361/1/5 5353/1/5 5352/1/5
f 5362/1/5 5353/1/5 5361/1/5
f 5363/4/5 5355/4/5 5354/4/5
f 5364/1/5 5356/1/5 5355/1/5
f 5364/4/5 5355/4/5 5363/4/5
f 5365/3/5 5357/3/5 5356/3/5
f 5365/1/5 5356/1/5 5364/1/5
f 5366/3/5 5357/3/5 5365/3/5
f 5368/1/5 5350/1/5 5349/1/5
f 5369/1/5 5350/1/5 5368/1/5
f 5370/1/5 5364/1/5 5363/1/5
f 5370/4/5 5365/4/5 5364/4/5
f 5371/4/5 5365/4/5 5370/4/5
f 5372/4/5 5367/4/5 5366/4/5
f 5373/4/5 5367/4/5 5372/4/5
f 5374/1/5 5360/1/5 5359/1/5
f 5375/1/5 5360/1/5 5374/1/5
f 5380/1/5 5370/1/5 5363/1/5
f 5381/1/5 5370/1/5 5380/1/5
f 5382/3/5 5373/3/5 5372/3/5
f 5383/3/5 5373/3/5 5382/3/5
f 5384/4/5 5375/4/5 5374/4/5
f 5385/4/5 5375/4/5 5384/4/5
f 5386/1/5 5377/1/5 5376/1/5
f 5387/1/5 5377/1/5 5386/1/5
f 5388/3/5 5379/3/5 5378/3/5
f 5389/3/5 5379/3/5 5388/3/5
f 5390/1/5 5383/1/5 5382/1/5
f 5391/1/5 5383/1/5 5390/1/5
f 5392/3/5 5387/3/5 5386/3/5
f 5397/3/5 5387/3/5 5392/3/5
f 5398/3/5 5394/3/5 5393/3/5
f 5399/4/5 5395/4/5 5394/4/5
f 5399/3/5 5394/3/5 5398/3/5
f 5400/1/5 5396/1/5 5395/1/5
f 5400/4/5 5395/4/5 5399/4/5
f 5401/1/5 5396/1/5 5400/1/5
f 5402/3/5 5387/3/5 5397/3/5
f 5403/3/5 5387/3/5 5402/3/5
f 5411/1/5 5405/1/5 5404/1/5
f 5412/1/5 5405/1/5 5411/1/5
f 5413/1/5 5407/1/5 5406/1/5
f 5414/4/5 5408/4/5 5407/4/5
f 5414/1/5 5407/1/5 5413/1/5
f 5415/4/5 5408/4/5 5414/4/5
f 5416/1/5 5410/1/5 5409/1/5
f 5417/1/5 5410/1/5 5416/1/5
f 5418/3/5 5412/3/5 5411/3/5
f 5419/3/5 5412/3/5 5418/3/5
f 5420/3/5 5414/3/5 5413/3/5
f 5421/3/5 5414/3/5 5420/3/5
f 5428/1/5 5421/1/5 5420/1/5
f 5428/1/5 5422/1/5 5421/1/5
f 5429/1/5 5422/1/5 5428/1/5
f 5430/3/5 5423/3/5 5422/3/5
f 5430/1/5 5422/1/5 5429/1/5
f 5431/3/5 5423/3/5 5430/3/5
f 5435/1/5 5425/1/5 5424/1/5
f 5436/1/5 5425/1/5 5435/1/5
f 5437/1/5 5427/1/5 5426/1/5
f 5438/1/5 5427/1/5 5437/1/5
f 5440/4/5 5429/4/5 5428/4/5
f 5441/4/5 5429/4/5 5440/4/5
f 5444/1/5 5433/1/5 5432/1/5
f 5445/4/5 5434/4/5 5433/4/5
f 5445/1/5 5433/1/5 5444/1/5
f 5446/4/5 5434/4/5 5445/4/5
f 5450/3/5 5439/3/5 5438/3/5
f 5450/3/5 5438/3/5 5437/3/5
f 5451/3/5 5439/3/5 5450/3/5
f 5452/1/5 5441/1/5 5440/1/5
f 5453/4/5 5442/4/5 5441/4/5
f 5453/1/5 5441/1/5 5452/1/5
f 5454/3/5 5446/3/5 5445/3/5
f 5454/4/5 5442/4/5 5453/4/5
f 5454/3/5 5447/3/5 5446/3/5
f 5454/3/5 5444/3/5 5443/3/5
f 5454/3/5 5443/3/5 5442/3/5
f 5454/3/5 5445/3/5 5444/3/5
f 5455/3/5 5447/3/5 5454/3/5
f 5456/3/5 5447/3/5 5455/3/5
f 5459/3/5 5449/3/5 5448/3/5
f 5460/1/5 5450/1/5 5449/1/5
f 5460/3/5 5449/3/5 5459/3/5
f 5460/1/5 5451/1/5 5450/1/5
f 5461/1/5 5451/1/5 5460/1/5
f 5462/1/5 5451/1/5 5461/1/5
f 5463/1/5 5451/1/5 5462/1/5
f 5464/4/5 5453/4/5 5452/4/5
f 5465/3/5 5454/3/5 5453/3/5
f 5465/4/5 5453/4/5 5464/4/5
f 5466/1/5 5455/1/5 5454/1/5
f 5466/3/5 5454/3/5 5465/3/5
f 5467/1/5 5455/1/5 5466/1/5
f 5470/1/5 5458/1/5 5457/1/5
f 5471/1/5 5458/1/5 5470/1/5
f 5474/3/5 5462/3/5 5461/3/5
f 5475/3/5 5462/3/5 5474/3/5
f 5476/3/5 5465/3/5 5464/3/5
f 5476/3/5 5466/3/5 5465/3/5
f 5477/3/5 5466/3/5 5476/3/5
f 5478/3/5 5466/3/5 5477/3/5
f 5479/1/5 5468/1/5 5467/1/5
f 5480/1/5 5468/1/5 5479/1/5
f 5481/1/5 5468/1/5 5480/1/5
f 5482/4/5 5470/4/5 5469/4/5
f 5483/3/5 5471/3/5 5470/3/5
f 5483/4/5 5470/4/5 5482/4/5
f 5484/4/5 5473/4/5 5472/4/5
f 5484/3/5 5471/3/5 5483/3/5
f 5484/4/5 5472/4/5 5471/4/5
f 5485/4/5 5473/4/5 5484/4/5
f 5486/1/5 5475/1/5 5474/1/5
f 5486/4/5 5473/4/5 5485/4/5
f 5486/1/5 5474/1/5 5473/1/5
f 5487/1/5 5475/1/5 5486/1/5
f 5488/1/5 5475/1/5 5487/1/5
f 5490/4/5 5478/4/5 5477/4/5
f 5491/4/5 5478/4/5 5490/4/5
f 5496/1/5 5486/1/5 5485/1/5
f 5497/4/5 5487/4/5 5486/4/5
f 5497/1/5 5486/1/5 5496/1/5
f 5498/1/5 5489/1/5 5488/1/5
f 5498/3/5 5488/3/5 5487/3/5
f 5499/1/5 5489/1/5 5498/1/5
f 5500/1/5 5493/1/5 5492/1/5
f 5501/3/5 5494/3/5 5493/3/5
f 5501/1/5 5493/1/5 5500/1/5
f 5502/3/5 5494/3/5 5501/3/5
f 5505/1/5 5496/1/5 5495/1/5
f 5506/1/5 5496/1/5 5505/1/5
f 5507/1/5 5496/1/5 5506/1/5
f 5508/4/5 5487/4/5 5497/4/5
f 5509/3/5 5498/3/5 5487/3/5
f 5509/4/5 5487/4/5 5508/4/5
f 5510/3/5 5498/3/5 5509/3/5
f 5517/1/5 5504/1/5 5503/1/5
f 5518/1/5 5504/1/5 5517/1/5
f 5522/1/5 5509/1/5 5508/1/5
f 5523/1/5 5509/1/5 5522/1/5
f 5524/1/5 5511/1/5 5510/1/5
f 5525/1/5 5511/1/5 5524/1/5
f 5526/4/5 5513/4/5 5512/4/5
f 5527/1/5 5514/1/5 5513/1/5
f 5527/4/5 5513/4/5 5526/4/5
f 5528/1/5 5514/1/5 5527/1/5
f 5530/4/5 5516/4/5 5515/4/5
f 5531/4/5 5516/4/5 5530/4/5
f 5536/4/5 5520/4/5 5519/4/5
f 5537/1/5 5521/1/5 5520/1/5
f 5537/4/5 5520/4/5 5536/4/5
f 5538/1/5 5521/1/5 5537/1/5
f 5539/3/5 5525/3/5 5524/3/5
f 5540/3/5 5525/3/5 5539/3/5
f 5541/3/5 5527/3/5 5526/3/5
f 5542/3/5 5527/3/5 5541/3/5
f 5543/1/5 5529/1/5 5528/1/5
f 5544/1/5 5529/1/5 5543/1/5
f 5545/3/5 5531/3/5 5530/3/5
f 5546/3/5 5531/3/5 5545/3/5
f 5547/1/5 5533/1/5 5532/1/5
f 5548/1/5 5533/1/5 5547/1/5
f 5549/1/5 5533/1/5 5548/1/5
f 5550/1/5 5535/1/5 5534/1/5
f 5551/1/5 5535/1/5 5550/1/5
f 5556/1/5 5540/1/5 5539/1/5
f 5557/4/5 5542/4/5 5541/4/5
f 5558/4/5 5542/4/5 5557/4/5
f 5561/4/5 5548/4/5 5547/4/5
f 5562/4/5 5548/4/5 5561/4/5
f 5566/1/5 5553/1/5 5552/1/5
f 5567/1/5 5553/1/5 5566/1/5
f 5569/1/5 5555/1/5 5554/1/5
f 5570/3/5 5556/3/5 5555/3/5
f 5570/1/5 5555/1/5 5569/1/5
f 5571/1/5 5540/1/5 5556/1/5
f 5571/3/5 5556/3/5 5570/3/5
f 5572/1/5 5540/1/5 5571/1/5
f 5573/1/5 5558/1/5 5557/1/5
f 5574/1/5 5558/1/5 5573/1/5
f 5576/1/5 5560/1/5 5559/1/5
f 5577/1/5 5560/1/5 5576/1/5
f 5579/3/5 5562/3/5 5561/3/5
f 5580/3/5 5562/3/5 5579/3/5
f 5581/1/5 5564/1/5 5563/1/5
f 5582/4/5 5565/4/5 5564/4/5
f 5582/1/5 5564/1/5 5581/1/5
f 5583/3/5 5567/3/5 5566/3/5
f 5584/3/5 5567/3/5 5583/3/5
f 5585/4/5 5575/4/5 5574/4/5
f 5587/3/5 5577/3/5 5576/3/5
f 5588/1/5 5578/1/5 5577/1/5
f 5588/3/5 5577/3/5 5587/3/5
f 5589/1/5 5578/1/5 5588/1/5
f 5592/4/5 5565/4/5 5582/4/5
f 5593/4/5 5565/4/5 5592/4/5
f 5594/1/5 5569/1/5 5568/1/5
f 5595/1/5 5569/1/5 5594/1/5
f 5596/3/5 5571/3/5 5570/3/5
f 5597/3/5 5571/3/5 5596/3/5
f 5599/4/5 5585/4/5 5574/4/5
f 5600/1/5 5586/1/5 5585/1/5
f 5600/4/5 5585/4/5 5599/4/5
f 5601/1/5 5586/1/5 5600/1/5
f 5603/1/5 5591/1/5 5590/1/5
f 5604/1/5 5591/1/5 5603/1/5
f 5605/3/5 5593/3/5 5592/3/5
f 5606/3/5 5593/3/5 5605/3/5
f 5608/1/5 5597/1/5 5596/1/5
f 5609/1/5 5597/1/5 5608/1/5
f 5611/1/5 5599/1/5 5598/1/5
f 5612/1/5 5599/1/5 5611/1/5
f 5613/1/5 5602/1/5 5601/1/5
f 5614/1/5 5602/1/5 5613/1/5
f 5615/1/5 5602/1/5 5614/1/5
f 5616/4/5 5604/4/5 5603/4/5
f 5617/4/5 5604/4/5 5616/4/5
f 5621/3/5 5608/3/5 5607/3/5
f 5621/3/5 5609/3/5 5608/3/5
f 5622/3/5 5609/3/5 5621/3/5
f 5623/1/5 5610/1/5 5609/1/5
f 5623/3/5 5609/3/5 5622/3/5
f 5624/4/5 5614/4/5 5613/4/5
f 5625/4/5 5614/4/5 5624/4/5
f 5626/4/5 5619/4/5 5618/4/5
f 5627/4/5 5619/4/5 5626/4/5
f 5629/1/5 5621/1/5 5620/1/5
f 5630/4/5 5622/4/5 5621/4/5
f 5630/1/5 5621/1/5 5629/1/5
f 5631/4/5 5622/4/5 5630/4/5
f 5632/1/5 5610/1/5 5623/1/5
f 5633/3/5 5625/3/5 5624/3/5
f 5634/3/5 5625/3/5 5633/3/5
f 5637/1/5 5617/1/5 5616/1/5
f 5638/1/5 5617/1/5 5637/1/5
f 5639/1/5 5629/1/5 5628/1/5
f 5640/1/5 5629/1/5 5639/1/5
f 5641/1/5 5629/1/5 5640/1/5
f 5642/1/5 5632/1/5 5631/1/5
f 5643/1/5 5610/1/5 5632/1/5
f 5643/1/5 5632/1/5 5642/1/5
f 5644/1/5 5610/1/5 5643/1/5
f 5645/1/5 5634/1/5 5633/1/5
f 5646/1/5 5634/1/5 5645/1/5
f 5647/3/5 5636/3/5 5635/3/5
f 5648/3/5 5636/3/5 5647/3/5
f 5649/1/5 5627/1/5 5626/1/5
f 5650/1/5 5627/1/5 5649/1/5
f 5651/3/5 5641/3/5 5640/3/5
f 5652/4/5 5650/4/5 5649/4/5
f 5653/4/5 5650/4/5 5652/4/5
f 5656/3/5 5651/3/5 5640/3/5
f 5657/3/5 5651/3/5 5656/3/5
f 5660/4/5 5655/4/5 5654/4/5
f 5661/4/5 5655/4/5 5660/4/5
f 5662/1/5 5657/1/5 5656/1/5
f 5663/1/5 5657/1/5 5662/1/5
f 5664/3/5 5659/3/5 5658/3/5
f 5665/3/5 5659/3/5 5664/3/5
f 5668/3/5 5667/3/5 5666/3/5
f 5669/3/5 5667/3/5 5668/3/5
f 5672/3/5 5671/3/5 5670/3/5
f 5673/3/5 5671/3/5 5672/3/5
f 5676/4/5 5675/4/5 5674/4/5
f 5677/4/5 5675/4/5 5676/4/5
f 5683/1/5 5679/1/5 5678/1/5
f 5684/4/5 5680/4/5 5679/4/5
f 5684/1/5 5679/1/5 5683/1/5
f 5685/2/5 5681/2/5 5680/2/5
f 5685/4/5 5680/4/5 5684/4/5
f 5686/2/5 5681/2/5 5685/2/5
f 5687/1/5 5682/1/5 5681/1/5
f 5687/2/5 5681/2/5 5686/2/5
f 5688/1/5 5682/1/5 5687/1/5
f 5689/1/5 5682/1/5 5688/1/5
f 5691/4/5 5684/4/5 5683/4/5
f 5691/4/5 5685/4/5 5684/4/5
f 5692/1/5 5686/1/5 5685/1/5
f 5692/4/5 5685/4/5 5691/4/5
f 5693/2/5 5687/2/5 5686/2/5
f 5693/1/5 5686/1/5 5692/1/5
f 5693/2/5 5688/2/5 5687/2/5
f 5694/2/5 5688/2/5 5693/2/5
f 5695/1/5 5690/1/5 5689/1/5
f 5695/2/5 5688/2/5 5694/2/5
f 5695/1/5 5689/1/5 5688/1/5
f 5696/1/5 5690/1/5 5695/1/5
f 5697/1/5 5690/1/5 5696/1/5
f 5701/1/5 5683/1/5 5678/1/5
f 5702/1/5 5683/1/5 5701/1/5
f 5703/1/5 5694/1/5 5693/1/5
f 5703/1/5 5693/1/5 5692/1/5
f 5703/1/5 5692/1/5 5691/1/5
f 5704/2/5 5695/2/5 5694/2/5
f 5704/1/5 5694/1/5 5703/1/5
f 5704/2/5 5696/2/5 5695/2/5
f 5705/2/5 5696/2/5 5704/2/5
f 5706/1/5 5697/1/5 5696/1/5
f 5706/2/5 5696/2/5 5705/2/5
f 5707/4/5 5698/4/5 5697/4/5
f 5707/1/5 5697/1/5 5706/1/5
f 5708/4/5 5698/4/5 5707/4/5
f 5709/1/5 5700/1/5 5699/1/5
f 5710/1/5 5700/1/5 5709/1/5
f 5711/1/5 5700/1/5 5710/1/5
f 5713/4/5 5691/4/5 5683/4/5
f 5713/1/5 5703/1/5 5691/1/5
f 5714/1/5 5703/1/5 5713/1/5
f 5715/1/5 5705/1/5 5704/1/5
f 5716/2/5 5706/2/5 5705/2/5
f 5716/1/5 5705/1/5 5715/1/5
f 5717/4/5 5708/4/5 5707/4/5
f 5717/2/5 5706/2/5 5716/2/5
f 5717/4/5 5707/4/5 5706/4/5
f 5718/4/5 5708/4/5 5717/4/5
f 5719/1/5 5709/1/5 5708/1/5
f 5719/4/5 5708/4/5 5718/4/5
f 5720/1/5 5711/1/5 5710/1/5
f 5720/2/5 5710/2/5 5709/2/5
f 5721/1/5 5711/1/5 5720/1/5
f 5722/1/5 5683/1/5 5702/1/5
f 5722/4/5 5714/4/5 5713/4/5
f 5722/4/5 5713/4/5 5683/4/5
f 5723/4/5 5714/4/5 5722/4/5
f 5724/4/5 5718/4/5 5717/4/5
f 5724/4/5 5717/4/5 5716/4/5
f 5725/1/5 5719/1/5 5718/1/5
f 5725/4/5 5718/4/5 5724/4/5
f 5726/1/5 5711/1/5 5721/1/5
f 5726/2/5 5721/2/5 5720/2/5
f 5727/4/5 5712/4/5 5711/4/5
f 5727/1/5 5711/1/5 5726/1/5
f 5728/4/5 5712/4/5 5727/4/5
f 5730/1/5 5723/1/5 5722/1/5
f 5730/1/5 5722/1/5 5702/1/5
f 5731/4/5 5714/4/5 5723/4/5
f 5731/1/5 5723/1/5 5730/1/5
f 5732/1/5 5725/1/5 5724/1/5
f 5733/1/5 5719/1/5 5725/1/5
f 5733/1/5 5725/1/5 5732/1/5
f 5734/2/5 5726/2/5 5720/2/5
f 5734/2/5 5720/2/5 5709/2/5
f 5735/4/5 5728/4/5 5727/4/5
f 5735/2/5 5726/2/5 5734/2/5
f 5735/4/5 5727/4/5 5726/4/5
f 5736/1/5 5729/1/5 5728/1/5
f 5736/4/5 5728/4/5 5735/4/5
f 5737/1/5 5729/1/5 5736/1/5
f 5739/4/5 5714/4/5 5731/4/5
f 5739/4/5 5731/4/5 5730/4/5
f 5740/4/5 5714/4/5 5739/4/5
f 5742/4/5 5733/4/5 5732/4/5
f 5743/4/5 5733/4/5 5742/4/5
f 5744/1/5 5719/1/5 5733/1/5
f 5744/4/5 5733/4/5 5743/4/5
f 5745/1/5 5709/1/5 5719/1/5
f 5745/1/5 5719/1/5 5744/1/5
f 5746/2/5 5734/2/5 5709/2/5
f 5746/1/5 5709/1/5 5745/1/5
f 5747/2/5 5734/2/5 5746/2/5
f 5749/1/5 5730/1/5 5702/1/5
f 5750/2/5 5741/2/5 5740/2/5
f 5750/4/5 5739/4/5 5730/4/5
f 5750/2/5 5740/2/5 5739/2/5
f 5751/2/5 5741/2/5 5750/2/5
f 5752/1/5 5743/1/5 5742/1/5
f 5752/2/5 5741/2/5 5751/2/5
f 5752/1/5 5742/1/5 5741/1/5
f 5753/1/5 5743/1/5 5752/1/5
f 5754/4/5 5744/4/5 5743/4/5
f 5754/1/5 5743/1/5 5753/1/5
f 5754/4/5 5745/4/5 5744/4/5
f 5755/4/5 5745/4/5 5754/4/5
f 5756/1/5 5746/1/5 5745/1/5
f 5756/4/5 5745/4/5 5755/4/5
f 5757/4/5 5747/4/5 5746/4/5
f 5757/1/5 5746/1/5 5756/1/5
f 5758/4/5 5747/4/5 5757/4/5
f 5759/1/5 5738/1/5 5737/1/5
f 5761/1/5 5749/1/5 5748/1/5
f 5761/1/5 5730/1/5 5749/1/5
f 5762/4/5 5750/4/5 5730/4/5
f 5762/1/5 5730/1/5 5761/1/5
f 5763/2/5 5753/2/5 5752/2/5
f 5763/2/5 5752/2/5 5751/2/5
f 5763/1/5 5755/1/5 5754/1/5
f 5763/1/5 5754/1/5 5753/1/5
f 5764/1/5 5755/1/5 5763/1/5
f 5765/4/5 5757/4/5 5756/4/5
f 5765/1/5 5755/1/5 5764/1/5
f 5765/4/5 5756/4/5 5755/4/5
f 5766/4/5 5757/4/5 5765/4/5
f 5767/1/5 5758/1/5 5757/1/5
f 5770/1/5 5759/1/5 5737/1/5
f 5771/4/5 5760/4/5 5759/4/5
f 5771/1/5 5759/1/5 5770/1/5
f 5772/1/5 5761/1/5 5748/1/5
f 5773/4/5 5762/4/5 5761/4/5
f 5773/1/5 5761/1/5 5772/1/5
f 5774/4/5 5750/4/5 5762/4/5
f 5774/4/5 5762/4/5 5773/4/5
f 5775/1/5 5751/1/5 5750/1/5
f 5775/4/5 5750/4/5 5774/4/5
f 5776/2/5 5764/2/5 5763/2/5
f 5776/1/5 5751/1/5 5775/1/5
f 5776/2/5 5763/2/5 5751/2/5
f 5777/2/5 5764/2/5 5776/2/5
f 5778/2/5 5764/2/5 5777/2/5
f 5779/1/5 5765/1/5 5764/1/5
f 5779/2/5 5764/2/5 5778/2/5
f 5779/1/5 5766/1/5 5765/1/5
f 5780/1/5 5766/1/5 5779/1/5
f 5781/1/5 5768/1/5 5767/1/5
f 5781/1/5 5767/1/5 5757/1/5
f 5782/1/5 5768/1/5 5781/1/5
f 5783/1/5 5770/1/5 5769/1/5
f 5784/4/5 5771/4/5 5770/4/5
f 5784/1/5 5770/1/5 5783/1/5
f 5785/4/5 5760/4/5 5771/4/5
f 5785/4/5 5771/4/5 5784/4/5
f 5786/4/5 5774/4/5 5773/4/5
f 5786/4/5 5773/4/5 5772/4/5
f 5787/1/5 5775/1/5 5774/1/5
f 5787/4/5 5774/4/5 5786/4/5
f 5788/2/5 5777/2/5 5776/2/5
f 5788/2/5 5776/2/5 5775/2/5
f 5789/1/5 5778/1/5 5777/1/5
f 5789/2/5 5777/2/5 5788/2/5
f 5790/1/5 5766/1/5 5780/1/5
f 5790/2/5 5780/2/5 5779/2/5
f 5790/2/5 5779/2/5 5778/2/5
f 5791/4/5 5757/4/5 5766/4/5
f 5791/1/5 5766/1/5 5790/1/5
f 5792/1/5 5785/1/5 5784/1/5
f 5792/2/5 5782/2/5 5781/2/5
f 5792/1/5 5784/1/5 5783/1/5
f 5792/1/5 5783/1/5 5782/1/5
f 5793/1/5 5785/1/5 5792/1/5
f 5794/1/5 5785/1/5 5793/1/5
f 5796/2/5 5790/2/5 5778/2/5
f 5796/1/5 5778/1/5 5789/1/5
f 5796/1/5 5789/1/5 5788/1/5
f 5797/2/5 5790/2/5 5796/2/5
f 5798/4/5 5791/4/5 5790/4/5
f 5798/2/5 5790/2/5 5797/2/5
f 5799/4/5 5757/4/5 5791/4/5
f 5799/4/5 5791/4/5 5798/4/5
f 5800/1/5 5781/1/5 5757/1/5
f 5800/4/5 5757/4/5 5799/4/5
f 5801/2/5 5793/2/5 5792/2/5
f 5801/1/5 5781/1/5 5800/1/5
f 5801/2/5 5792/2/5 5781/2/5
f 5802/2/5 5793/2/5 5801/2/5
f 5803/1/5 5794/1/5 5793/1/5
f 5803/2/5 5793/2/5 5802/2/5
f 5803/1/5 5795/1/5 5794/1/5
f 5804/1/5 5795/1/5 5803/1/5
f 5805/1/5 5787/1/5 5786/1/5
f 5806/2/5 5788/2/5 5775/2/5
f 5806/1/5 5787/1/5 5805/1/5
f 5806/1/5 5775/1/5 5787/1/5
f 5807/1/5 5797/1/5 5796/1/5
f 5807/2/5 5788/2/5 5806/2/5
f 5807/1/5 5796/1/5 5788/1/5
f 5808/4/5 5798/4/5 5797/4/5
f 5808/1/5 5797/1/5 5807/1/5
f 5808/4/5 5799/4/5 5798/4/5
f 5809/1/5 5802/1/5 5801/1/5
f 5809/4/5 5799/4/5 5808/4/5
f 5809/1/5 5801/1/5 5800/1/5
f 5809/1/5 5800/1/5 5799/1/5
f 5810/2/5 5803/2/5 5802/2/5
f 5810/1/5 5802/1/5 5809/1/5
f 5810/2/5 5804/2/5 5803/2/5
f 5811/2/5 5804/2/5 5810/2/5
f 5814/1/5 5813/1/5 5812/1/5
f 5815/1/5 5813/1/5 5814/1/5
f 5817/1/5 5816/1/5 5815/1/5
f 5818/1/5 5816/1/5 5817/1/5
f 5822/2/5 5821/2/5 5820/2/5
f 5827/1/5 5820/1/5 5819/1/5
f 5828/2/5 5822/2/5 5820/2/5
f 5828/1/5 5820/1/5 5827/1/5
f 5829/2/5 5822/2/5 5828/2/5
f 5830/4/5 5823/4/5 5822/4/5
f 5830/2/5 5822/2/5 5829/2/5
f 5831/1/5 5824/1/5 5823/1/5
f 5831/4/5 5823/4/5 5830/4/5
f 5832/1/5 5824/1/5 5831/1/5
f 5833/1/5 5826/1/5 5825/1/5
f 5833/4/5 5825/4/5 5824/4/5
f 5834/1/5 5826/1/5 5833/1/5
f 5835/1/5 5826/1/5 5834/1/5
f 5840/1/5 5827/1/5 5819/1/5
f 5841/2/5 5829/2/5 5828/2/5
f 5841/1/5 5827/1/5 5840/1/5
f 5841/2/5 5828/2/5 5827/2/5
f 5842/2/5 5829/2/5 5841/2/5
f 5843/2/5 5829/2/5 5842/2/5
f 5844/4/5 5830/4/5 5829/4/5
f 5844/2/5 5829/2/5 5843/2/5
f 5844/4/5 5831/4/5 5830/4/5
f 5845/4/5 5831/4/5 5844/4/5
f 5846/2/5 5832/2/5 5831/2/5
f 5846/4/5 5831/4/5 5845/4/5
f 5847/2/5 5832/2/5 5846/2/5
f 5848/1/5 5824/1/5 5832/1/5
f 5848/2/5 5832/2/5 5847/2/5
f 5849/4/5 5833/4/5 5824/4/5
f 5849/1/5 5824/1/5 5848/1/5
f 5849/4/5 5834/4/5 5833/4/5
f 5850/4/5 5834/4/5 5849/4/5
f 5851/2/5 5836/2/5 5835/2/5
f 5851/1/5 5837/1/5 5836/1/5
f 5852/1/5 5837/1/5 5851/1/5
f 5853/1/5 5839/1/5 5838/1/5
f 5853/4/5 5838/4/5 5837/4/5
f 5854/1/5 5839/1/5 5853/1/5
f 5855/1/5 5839/1/5 5854/1/5
f 5857/1/5 5843/1/5 5842/1/5
f 5858/4/5 5845/4/5 5844/4/5
f 5858/1/5 5843/1/5 5857/1/5
f 5858/4/5 5844/4/5 5843/4/5
f 5859/1/5 5847/1/5 5846/1/5
f 5859/4/5 5845/4/5 5858/4/5
f 5859/1/5 5846/1/5 5845/1/5
f 5860/2/5 5848/2/5 5847/2/5
f 5860/1/5 5847/1/5 5859/1/5
f 5860/2/5 5849/2/5 5848/2/5
f 5861/1/5 5850/1/5 5849/1/5
f 5861/2/5 5849/2/5 5860/2/5
f 5862/4/5 5834/4/5 5850/4/5
f 5862/1/5 5850/1/5 5861/1/5
f 5863/1/5 5835/1/5 5834/1/5
f 5863/4/5 5834/4/5 5862/4/5
f 5864/2/5 5852/2/5 5851/2/5
f 5864/1/5 5835/1/5 5863/1/5
f 5864/2/5 5851/2/5 5835/2/5
f 5865/2/5 5852/2/5 5864/2/5
f 5866/1/5 5837/1/5 5852/1/5
f 5866/2/5 5852/2/5 5865/2/5
f 5867/1/5 5837/1/5 5866/1/5
f 5868/4/5 5853/4/5 5837/4/5
f 5868/1/5 5837/1/5 5867/1/5
f 5869/4/5 5853/4/5 5868/4/5
f 5870/1/5 5856/1/5 5855/1/5
f 5870/1/5 5855/1/5 5854/1/5
f 5871/1/5 5856/1/5 5870/1/5
f 5872/1/5 5856/1/5 5871/1/5
f 5876/4/5 5865/4/5 5864/4/5
f 5876/4/5 5863/4/5 5862/4/5
f 5876/4/5 5864/4/5 5863/4/5
f 5877/4/5 5865/4/5 5876/4/5
f 5878/2/5 5866/2/5 5865/2/5
f 5878/4/5 5865/4/5 5877/4/5
f 5878/2/5 5867/2/5 5866/2/5
f 5879/2/5 5867/2/5 5878/2/5
f 5880/4/5 5868/4/5 5867/4/5
f 5880/2/5 5867/2/5 5879/2/5
f 5881/4/5 5868/4/5 5880/4/5
f 5882/4/5 5873/4/5 5872/4/5
f 5882/4/5 5872/4/5 5871/4/5
f 5883/4/5 5873/4/5 5882/4/5
f 5884/4/5 5873/4/5 5883/4/5
f 5885/1/5 5875/1/5 5874/1/5
f 5886/1/5 5875/1/5 5885/1/5
f 5888/1/5 5877/1/5 5876/1/5
f 5889/1/5 5877/1/5 5888/1/5
f 5890/4/5 5879/4/5 5878/4/5
f 5890/1/5 5877/1/5 5889/1/5
f 5890/4/5 5878/4/5 5877/4/5
f 5891/4/5 5879/4/5 5890/4/5
f 5895/4/5 5884/4/5 5883/4/5
f 5896/1/5 5887/1/5 5886/1/5
f 5896/1/5 5886/1/5 5885/1/5
f 5896/4/5 5884/4/5 5895/4/5
f 5896/1/5 5885/1/5 5884/1/5
f 5897/1/5 5887/1/5 5896/1/5
f 5899/1/5 5889/1/5 5888/1/5
f 5900/1/5 5889/1/5 5899/1/5
f 5901/1/5 5893/1/5 5892/1/5
f 5902/1/5 5895/1/5 5894/1/5
f 5903/4/5 5898/4/5 5897/4/5
f 5903/4/5 5897/4/5 5896/4/5
f 5903/1/5 5895/1/5 5902/1/5
f 5903/4/5 5896/4/5 5895/4/5
f 5904/4/5 5898/4/5 5903/4/5
f 5905/4/5 5898/4/5 5904/4/5
f 5906/4/5 5898/4/5 5905/4/5
f 5907/4/5 5898/4/5 5906/4/5
f 5909/1/5 5902/1/5 5901/1/5
f 5910/4/5 5903/4/5 5902/4/5
f 5910/1/5 5902/1/5 5909/1/5
f 5910/4/5 5904/4/5 5903/4/5
f 5911/4/5 5904/4/5 5910/4/5
f 5912/1/5 5905/1/5 5904/1/5
f 5912/4/5 5904/4/5 5911/4/5
f 5913/2/5 5906/2/5 5905/2/5
f 5913/1/5 5905/1/5 5912/1/5
f 5914/2/5 5906/2/5 5913/2/5
f 5915/4/5 5908/4/5 5907/4/5
f 5915/2/5 5906/2/5 5914/2/5
f 5915/4/5 5907/4/5 5906/4/5
f 5916/4/5 5908/4/5 5915/4/5
f 5917/1/5 5901/1/5 5892/1/5
f 5917/1/5 5909/1/5 5901/1/5
f 5918/1/5 5909/1/5 5917/1/5
f 5919/4/5 5911/4/5 5910/4/5
f 5919/4/5 5910/4/5 5909/4/5
f 5920/1/5 5912/1/5 5911/1/5
f 5920/4/5 5911/4/5 5919/4/5
f 5921/2/5 5914/2/5 5913/2/5
f 5921/1/5 5912/1/5 5920/1/5
f 5921/2/5 5913/2/5 5912/2/5
f 5922/1/5 5916/1/5 5915/1/5
f 5922/2/5 5914/2/5 5921/2/5
f 5922/1/5 5915/1/5 5914/1/5
f 5923/4/5 5908/4/5 5916/4/5
f 5923/1/5 5916/1/5 5922/1/5
f 5924/4/5 5908/4/5 5923/4/5
f 5925/1/5 5909/1/5 5918/1/5
f 5926/4/5 5919/4/5 5909/4/5
f 5926/1/5 5909/1/5 5925/1/5
f 5927/1/5 5920/1/5 5919/1/5
f 5927/1/5 5921/1/5 5920/1/5
f 5928/1/5 5921/1/5 5927/1/5
f 5929/4/5 5919/4/5 5926/4/5
f 5930/1/5 5927/1/5 5919/1/5
f 5930/4/5 5919/4/5 5929/4/5
f 5931/1/5 5924/1/5 5923/1/5
f 5931/1/5 5923/1/5 5922/1/5
f 5932/1/5 5924/1/5 5931/1/5
f 5933/1/5 5930/1/5 5929/1/5
f 5934/1/5 5927/1/5 5930/1/5
f 5934/1/5 5930/1/5 5933/1/5
f 5935/1/5 5927/1/5 5934/1/5
f 5937/1/5 5931/1/5 5922/1/5
f 5938/1/5 5931/1/5 5937/1/5
f 5939/4/5 5932/4/5 5931/4/5
f 5939/1/5 5931/1/5 5938/1/5
f 5940/2/5 5936/2/5 5935/2/5
f 5940/2/5 5935/2/5 5934/2/5
f 5941/1/5 5938/1/5 5937/1/5
f 5941/2/5 5936/2/5 5940/2/5
f 5941/1/5 5937/1/5 5936/1/5
f 5942/1/5 5938/1/5 5941/1/5
f 5943/4/5 5939/4/5 5938/4/5
f 5943/1/5 5938/1/5 5942/1/5
f 5944/4/5 5932/4/5 5939/4/5
f 5944/4/5 5939/4/5 5943/4/5
f 5945/4/5 5932/4/5 5944/4/5
f 5946/4/5 5941/4/5 5940/4/5
f 5947/4/5 5941/4/5 5946/4/5
f 5948/1/5 5942/1/5 5941/1/5
f 5948/4/5 5941/4/5 5947/4/5
f 5949/4/5 5943/4/5 5942/4/5
f 5949/1/5 5942/1/5 5948/1/5
f 5949/4/5 5944/4/5 5943/4/5
f 5950/4/5 5944/4/5 5949/4/5
f 5952/4/5 5948/4/5 5947/4/5
f 5952/4/5 5951/4/5 5950/4/5
f 5952/4/5 5950/4/5 5949/4/5
f 5952/4/5 5949/4/5 5948/4/5
f 5953/4/5 5951/4/5 5952/4/5
f 5954/4/5 5951/4/5 5953/4/5
f 5955/4/5 5951/4/5 5954/4/5
f 5956/1/5 5953/1/5 5952/1/5
f 5956/2/5 5954/2/5 5953/2/5
f 5957/2/5 5954/2/5 5956/2/5
f 5958/1/5 5955/1/5 5954/1/5
f 5958/2/5 5954/2/5 5957/2/5
f 5959/4/5 5951/4/5 5955/4/5
f 5959/1/5 5955/1/5 5958/1/5
f 5960/4/5 5951/4/5 5959/4/5
f 5961/1/5 5957/1/5 5956/1/5
f 5961/1/5 5956/1/5 5952/1/5
f 5962/1/5 5957/1/5 5961/1/5
f 5963/2/5 5958/2/5 5957/2/5
f 5963/1/5 5960/1/5 5959/1/5
f 5963/2/5 5959/2/5 5958/2/5
f 5964/4/5 5951/4/5 5960/4/5
f 5964/1/5 5960/1/5 5963/1/5
f 5965/4/5 5951/4/5 5964/4/5
f 5966/1/5 5957/1/5 5962/1/5
f 5967/2/5 5963/2/5 5957/2/5
f 5967/1/5 5957/1/5 5966/1/5
f 5968/2/5 5963/2/5 5967/2/5
f 5971/1/5 5970/1/5 5969/1/5
f 5972/1/5 5970/1/5 5971/1/5
f 5974/1/5 5973/1/5 5972/1/5
f 5975/1/5 5973/1/5 5974/1/5
f 5986/4/5 5977/4/5 5976/4/5
f 5987/1/5 5978/1/5 5977/1/5
f 5987/4/5 5977/4/5 5986/4/5
f 5988/1/5 5978/1/5 5987/1/5
f 5989/1/5 5980/1/5 5979/1/5
f 5989/2/5 5981/2/5 5980/2/5
f 5990/1/5 5982/1/5 5981/1/5
f 5990/2/5 5981/2/5 5989/2/5
f 5991/4/5 5983/4/5 5982/4/5
f 5991/1/5 5982/1/5 5990/1/5
f 5992/4/5 5983/4/5 5991/4/5
f 5993/4/5 5983/4/5 5992/4/5
f 5996/2/5 5985/2/5 5984/2/5
f 5997/2/5 5985/2/5 5996/2/5
f 5999/4/5 5986/4/5 5976/4/5
f 6000/4/5 5986/4/5 5999/4/5
f 6001/2/5 5987/2/5 5986/2/5
f 6001/4/5 5986/4/5 6000/4/5
f 6002/2/5 5987/2/5 6001/2/5
f 6003/4/5 5988/4/5 5987/4/5
f 6003/2/5 5987/2/5 6002/2/5
f 6004/1/5 5978/1/5 5988/1/5
f 6004/4/5 5988/4/5 6003/4/5
f 6005/1/5 5978/1/5 6004/1/5
f 6006/1/5 5978/1/5 6005/1/5
f 6007/4/5 5979/4/5 5978/4/5
f 6007/1/5 5978/1/5 6006/1/5
f 6008/1/5 5989/1/5 5979/1/5
f 6008/4/5 5979/4/5 6007/4/5
f 6008/1/5 5990/1/5 5989/1/5
f 6009/1/5 5990/1/5 6008/1/5
f 6010/2/5 5991/2/5 5990/2/5
f 6010/1/5 5990/1/5 6009/1/5
f 6011/1/5 5994/1/5 5993/1/5
f 6011/4/5 5993/4/5 5992/4/5
f 6012/1/5 5994/1/5 6011/1/5
f 6014/2/5 5998/2/5 5997/2/5
f 6014/1/5 5996/1/5 5995/1/5
f 6014/2/5 5997/2/5 5996/2/5
f 6015/2/5 5998/2/5 6014/2/5
f 6016/2/5 5998/2/5 6015/2/5
f 6018/1/5 6003/1/5 6002/1/5
f 6018/4/5 6005/4/5 6004/4/5
f 6018/4/5 6004/4/5 6003/4/5
f 6019/4/5 6005/4/5 6018/4/5
f 6020/1/5 6006/1/5 6005/1/5
f 6020/4/5 6005/4/5 6019/4/5
f 6021/4/5 6007/4/5 6006/4/5
f 6021/1/5 6006/1/5 6020/1/5
f 6022/4/5 6007/4/5 6021/4/5
f 6023/1/5 6009/1/5 6008/1/5
f 6023/4/5 6007/4/5 6022/4/5
f 6023/1/5 6008/1/5 6007/1/5
f 6024/4/5 6012/4/5 6011/4/5
f 6024/1/5 5992/1/5 5991/1/5
f 6024/4/5 6011/4/5 5992/4/5
f 6025/4/5 6012/4/5 6024/4/5
f 6026/2/5 6017/2/5 6016/2/5
f 6026/2/5 6016/2/5 6015/2/5
f 6026/1/5 6015/1/5 6014/1/5
f 6027/2/5 6017/2/5 6026/2/5
f 6028/2/5 6017/2/5 6027/2/5
f 6030/2/5 6002/2/5 6001/2/5
f 6030/2/5 6001/2/5 6000/2/5
f 6031/2/5 6002/2/5 6030/2/5
f 6032/1/5 6019/1/5 6018/1/5
f 6032/4/5 6020/4/5 6019/4/5
f 6032/4/5 6022/4/5 6021/4/5
f 6032/4/5 6021/4/5 6020/4/5
f 6033/4/5 6022/4/5 6032/4/5
f 6034/4/5 6022/4/5 6033/4/5
f 6035/1/5 6023/1/5 6022/1/5
f 6035/4/5 6022/4/5 6034/4/5
f 6036/1/5 6009/1/5 6023/1/5
f 6036/1/5 6023/1/5 6035/1/5
f 6037/2/5 6010/2/5 6009/2/5
f 6037/1/5 6009/1/5 6036/1/5
f 6038/2/5 5991/2/5 6010/2/5
f 6038/2/5 6010/2/5 6037/2/5
f 6038/1/5 6025/1/5 6024/1/5
f 6038/1/5 6024/1/5 5991/1/5
f 6039/1/5 6025/1/5 6038/1/5
f 6040/1/5 6013/1/5 6012/1/5
f 6040/4/5 6012/4/5 6025/4/5
f 6041/1/5 6013/1/5 6040/1/5
f 6042/1/5 6027/1/5 6026/1/5
f 6042/2/5 6028/2/5 6027/2/5
f 6043/4/5 6029/4/5 6028/4/5
f 6043/2/5 6028/2/5 6042/2/5
f 6044/4/5 6029/4/5 6043/4/5
f 6045/1/5 6031/1/5 6030/1/5
f 6046/2/5 6002/2/5 6031/2/5
f 6046/1/5 6031/1/5 6045/1/5
f 6047/1/5 6033/1/5 6032/1/5
f 6047/2/5 6002/2/5 6046/2/5
f 6047/1/5 6018/1/5 6002/1/5
f 6047/1/5 6032/1/5 6018/1/5
f 6048/1/5 6033/1/5 6047/1/5
f 6049/1/5 6035/1/5 6034/1/5
f 6049/1/5 6036/1/5 6035/1/5
f 6050/2/5 6037/2/5 6036/2/5
f 6050/1/5 6036/1/5 6049/1/5
f 6050/2/5 6039/2/5 6038/2/5
f 6050/2/5 6038/2/5 6037/2/5
f 6051/2/5 6039/2/5 6050/2/5
f 6052/2/5 6039/2/5 6051/2/5
f 6053/1/5 6025/1/5 6039/1/5
f 6053/2/5 6039/2/5 6052/2/5
f 6054/4/5 6041/4/5 6040/4/5
f 6054/1/5 6025/1/5 6053/1/5
f 6054/4/5 6040/4/5 6025/4/5
f 6055/4/5 6041/4/5 6054/4/5
f 6056/4/5 6041/4/5 6055/4/5
f 6057/1/5 6042/1/5 6026/1/5
f 6057/1/5 6043/1/5 6042/1/5
f 6058/4/5 6044/4/5 6043/4/5
f 6058/1/5 6043/1/5 6057/1/5
f 6059/2/5 6047/2/5 6046/2/5
f 6059/2/5 6046/2/5 6045/2/5
f 6059/2/5 6048/2/5 6047/2/5
f 6060/2/5 6048/2/5 6059/2/5
f 6061/1/5 6033/1/5 6048/1/5
f 6061/2/5 6048/2/5 6060/2/5
f 6062/1/5 6033/1/5 6061/1/5
f 6063/4/5 6054/4/5 6053/4/5
f 6063/4/5 6055/4/5 6054/4/5
f 6064/4/5 6055/4/5 6063/4/5
f 6065/1/5 6056/1/5 6055/1/5
f 6065/4/5 6055/4/5 6064/4/5
f 6066/1/5 6057/1/5 6026/1/5
f 6066/1/5 6014/1/5 5995/1/5
f 6066/1/5 6026/1/5 6014/1/5
f 6067/1/5 6057/1/5 6066/1/5
f 6068/4/5 6058/4/5 6057/4/5
f 6068/1/5 6057/1/5 6067/1/5
f 6069/1/5 6045/1/5 6044/1/5
f 6069/4/5 6058/4/5 6068/4/5
f 6069/4/5 6044/4/5 6058/4/5
f 6070/2/5 6059/2/5 6045/2/5
f 6070/1/5 6045/1/5 6069/1/5
f 6071/1/5 6060/1/5 6059/1/5
f 6071/2/5 6059/2/5 6070/2/5
f 6072/2/5 6061/2/5 6060/2/5
f 6072/1/5 6060/1/5 6071/1/5
f 6072/2/5 6062/2/5 6061/2/5
f 6073/2/5 6062/2/5 6072/2/5
f 6074/1/5 6033/1/5 6062/1/5
f 6074/2/5 6062/2/5 6073/2/5
f 6075/4/5 6034/4/5 6033/4/5
f 6075/1/5 6033/1/5 6074/1/5
f 6076/1/5 6049/1/5 6034/1/5
f 6076/4/5 6034/4/5 6075/4/5
f 6077/1/5 6049/1/5 6076/1/5
f 6078/1/5 6049/1/5 6077/1/5
f 6080/1/5 6052/1/5 6051/1/5
f 6080/2/5 6053/2/5 6052/2/5
f 6081/4/5 6063/4/5 6053/4/5
f 6081/2/5 6053/2/5 6080/2/5
f 6082/1/5 6065/1/5 6064/1/5
f 6083/1/5 6056/1/5 6065/1/5
f 6083/1/5 6065/1/5 6082/1/5
f 6084/4/5 6068/4/5 6067/4/5
f 6084/4/5 6070/4/5 6069/4/5
f 6084/4/5 6069/4/5 6068/4/5
f 6085/4/5 6070/4/5 6084/4/5
f 6086/1/5 6073/1/5 6072/1/5
f 6086/4/5 6070/4/5 6085/4/5
f 6086/1/5 6071/1/5 6070/1/5
f 6086/1/5 6072/1/5 6071/1/5
f 6087/1/5 6073/1/5 6086/1/5
f 6088/2/5 6074/2/5 6073/2/5
f 6088/1/5 6073/1/5 6087/1/5
f 6089/4/5 6075/4/5 6074/4/5
f 6089/2/5 6074/2/5 6088/2/5
f 6089/4/5 6077/4/5 6076/4/5
f 6089/4/5 6076/4/5 6075/4/5
f 6090/4/5 6077/4/5 6089/4/5
f 6091/4/5 6077/4/5 6090/4/5
f 6092/2/5 6079/2/5 6078/2/5
f 6092/2/5 6078/2/5 6077/2/5
f 6093/2/5 6079/2/5 6092/2/5
f 6094/1/5 6080/1/5 6051/1/5
f 6095/4/5 6081/4/5 6080/4/5
f 6095/1/5 6080/1/5 6094/1/5
f 6097/1/5 6056/1/5 6083/1/5
f 6098/4/5 6086/4/5 6085/4/5
f 6098/4/5 6087/4/5 6086/4/5
f 6099/1/5 6088/1/5 6087/1/5
f 6099/4/5 6087/4/5 6098/4/5
f 6100/4/5 6089/4/5 6088/4/5
f 6100/1/5 6088/1/5 6099/1/5
f 6100/4/5 6090/4/5 6089/4/5
f 6101/1/5 6091/1/5 6090/1/5
f 6101/4/5 6090/4/5 6100/4/5
f 6102/4/5 6077/4/5 6091/4/5
f 6102/1/5 6091/1/5 6101/1/5
f 6103/2/5 6092/2/5 6077/2/5
f 6103/4/5 6077/4/5 6102/4/5
f 6104/1/5 6093/1/5 6092/1/5
f 6104/2/5 6092/2/5 6103/2/5
f 6105/1/5 6093/1/5 6104/1/5
f 6107/4/5 6095/4/5 6094/4/5
f 6108/4/5 6095/4/5 6107/4/5
f 6109/4/5 6081/4/5 6095/4/5
f 6109/4/5 6095/4/5 6108/4/5
f 6109/4/5 6063/4/5 6081/4/5
f 6110/4/5 6063/4/5 6109/4/5
f 6112/2/5 6097/2/5 6096/2/5
f 6112/1/5 6056/1/5 6097/1/5
f 6113/1/5 6056/1/5 6112/1/5
f 6114/4/5 6103/4/5 6102/4/5
f 6114/4/5 6104/4/5 6103/4/5
f 6114/4/5 6105/4/5 6104/4/5
f 6115/1/5 6106/1/5 6105/1/5
f 6115/4/5 6105/4/5 6114/4/5
f 6116/4/5 6108/4/5 6107/4/5
f 6116/1/5 6106/1/5 6115/1/5
f 6116/4/5 6107/4/5 6106/4/5
f 6117/1/5 6109/1/5 6108/1/5
f 6117/4/5 6108/4/5 6116/4/5
f 6118/1/5 6109/1/5 6117/1/5
f 6119/1/5 6111/1/5 6110/1/5
f 6119/4/5 6110/4/5 6109/4/5
f 6120/1/5 6111/1/5 6119/1/5
f 6121/2/5 6113/2/5 6112/2/5
f 6121/2/5 6112/2/5 6096/2/5
f 6122/2/5 6113/2/5 6121/2/5
f 6123/1/5 6109/1/5 6118/1/5
f 6124/4/5 6120/4/5 6119/4/5
f 6124/1/5 6109/1/5 6123/1/5
f 6124/4/5 6119/4/5 6109/4/5
f 6125/4/5 6120/4/5 6124/4/5
f 6126/1/5 6122/1/5 6121/1/5
f 6126/4/5 6120/4/5 6125/4/5
f 6126/1/5 6121/1/5 6120/1/5
f 6127/1/5 6122/1/5 6126/1/5
f 6128/1/5 6125/1/5 6124/1/5
f 6129/4/5 6127/4/5 6126/4/5
f 6129/1/5 6125/1/5 6128/1/5
f 6129/4/5 6126/4/5 6125/4/5
f 6130/1/5 6122/1/5 6127/1/5
f 6130/4/5 6127/4/5 6129/4/5
f 6131/2/5 6113/2/5 6122/2/5
f 6131/1/5 6122/1/5 6130/1/5
f 6132/2/5 6113/2/5 6131/2/5
f 6133/1/5 6129/1/5 6128/1/5
f 6134/1/5 6129/1/5 6133/1/5
f 6135/1/5 6132/1/5 6131/1/5
f 6135/1/5 6131/1/5 6130/1/5
f 6136/1/5 6132/1/5 6135/1/5
f 6137/1/5 6132/1/5 6136/1/5
f 6138/1/5 6132/1/5 6137/1/5
f 6142/1/5 6140/1/5 6139/1/5
f 6142/1/5 6141/1/5 6140/1/5
f 6143/1/5 6141/1/5 6142/1/5
f 6144/1/5 6141/1/5 6143/1/5
f 6145/1/5 6141/1/5 6144/1/5
f 6146/1/5 6141/1/5 6145/1/5
f 6147/1/5 6146/1/5 6145/1/5
f 6148/1/5 6146/1/5 6147/1/5
f 6152/1/5 6150/1/5 6149/1/5
f 6153/1/5 6150/1/5 6152/1/5
f 6154/1/5 6152/1/5 6151/1/5
f 6155/1/5 6152/1/5 6154/1/5
f 6157/1/5 6156/1/5 6155/1/5
f 6158/1/5 6156/1/5 6157/1/5
f 6161/2/5 6160/2/5 6159/2/5
f 6162/2/5 6160/2/5 6161/2/5
f 6170/3/5 6164/3/5 6163/3/5
f 6171/4/5 6165/4/5 6164/4/5
f 6171/3/5 6164/3/5 6170/3/5
f 6172/3/5 6166/3/5 6165/3/5
f 6172/4/5 6165/4/5 6171/4/5
f 6173/3/5 6166/3/5 6172/3/5
f 6174/3/5 6166/3/5 6173/3/5
f 6175/2/5 6167/2/5 6166/2/5
f 6175/3/5 6166/3/5 6174/3/5
f 6176/4/5 6168/4/5 6167/4/5
f 6178/3/5 6170/3/5 6169/3/5
f 6178/3/5 6171/3/5 6170/3/5
f 6178/3/5 6172/3/5 6171/3/5
f 6179/4/5 6173/4/5 6172/4/5
f 6179/3/5 6172/3/5 6178/3/5
f 6180/3/5 6174/3/5 6173/3/5
f 6180/4/5 6173/4/5 6179/4/5
f 6181/2/5 6175/2/5 6174/2/5
f 6181/3/5 6174/3/5 6180/3/5
f 6182/2/5 6175/2/5 6181/2/5
f 6183/2/5 6167/2/5 6175/2/5
f 6183/2/5 6175/2/5 6182/2/5
f 6184/4/5 6176/4/5 6167/4/5
f 6184/2/5 6167/2/5 6183/2/5
f 6185/3/5 6177/3/5 6176/3/5
f 6185/4/5 6176/4/5 6184/4/5
f 6186/3/5 6177/3/5 6185/3/5
f 6190/3/5 6178/3/5 6169/3/5
f 6191/4/5 6179/4/5 6178/4/5
f 6191/3/5 6178/3/5 6190/3/5
f 6192/3/5 6180/3/5 6179/3/5
f 6192/4/5 6179/4/5 6191/4/5
f 6193/4/5 6182/4/5 6181/4/5
f 6193/3/5 6180/3/5 6192/3/5
f 6193/4/5 6181/4/5 6180/4/5
f 6194/4/5 6182/4/5 6193/4/5
f 6195/3/5 6183/3/5 6182/3/5
f 6195/4/5 6182/4/5 6194/4/5
f 6196/4/5 6184/4/5 6183/4/5
f 6196/3/5 6183/3/5 6195/3/5
f 6197/3/5 6185/3/5 6184/3/5
f 6197/4/5 6184/4/5 6196/4/5
f 6198/2/5 6186/2/5 6185/2/5
f 6198/3/5 6185/3/5 6197/3/5
f 6199/3/5 6187/3/5 6186/3/5
f 6199/2/5 6186/2/5 6198/2/5
f 6200/3/5 6187/3/5 6199/3/5
f 6202/3/5 6189/3/5 6188/3/5
f 6203/3/5 6190/3/5 6169/3/5
f 6204/4/5 6191/4/5 6190/4/5
f 6204/3/5 6190/3/5 6203/3/5
f 6205/3/5 6192/3/5 6191/3/5
f 6205/4/5 6191/4/5 6204/4/5
f 6206/2/5 6194/2/5 6193/2/5
f 6206/3/5 6192/3/5 6205/3/5
f 6206/2/5 6193/2/5 6192/2/5
f 6207/3/5 6195/3/5 6194/3/5
f 6207/2/5 6194/2/5 6206/2/5
f 6208/4/5 6196/4/5 6195/4/5
f 6208/3/5 6195/3/5 6207/3/5
f 6209/4/5 6196/4/5 6208/4/5
f 6210/3/5 6202/3/5 6201/3/5
f 6210/3/5 6189/3/5 6202/3/5
f 6211/3/5 6189/3/5 6210/3/5
f 6212/3/5 6205/3/5 6204/3/5
f 6213/2/5 6206/2/5 6205/2/5
f 6213/3/5 6205/3/5 6212/3/5
f 6214/3/5 6209/3/5 6208/3/5
f 6214/2/5 6206/2/5 6213/2/5
f 6214/3/5 6208/3/5 6207/3/5
f 6214/3/5 6207/3/5 6206/3/5
f 6215/3/5 6209/3/5 6214/3/5
f 6216/3/5 6210/3/5 6201/3/5
f 6217/4/5 6211/4/5 6210/4/5
f 6217/3/5 6210/3/5 6216/3/5
f 6218/4/5 6211/4/5 6217/4/5
f 6220/4/5 6217/4/5 6216/4/5
f 6221/3/5 6218/3/5 6217/3/5
f 6221/4/5 6217/4/5 6220/4/5
f 6222/3/5 6218/3/5 6221/3/5
f 6223/4/5 6220/4/5 6219/4/5
f 6223/3/5 6221/3/5 6220/3/5
f 6224/3/5 6221/3/5 6223/3/5
f 6230/3/5 6225/3/5 6224/3/5
f 6231/3/5 6227/3/5 6226/3/5
f 6233/3/5 6229/3/5 6228/3/5
f 6234/3/5 6229/3/5 6233/3/5
f 6235/3/5 6229/3/5 6234/3/5
f 6238/4/5 6223/4/5 6219/4/5
f 6239/2/5 6224/2/5 6223/2/5
f 6239/4/5 6223/4/5 6238/4/5
f 6240/3/5 6230/3/5 6224/3/5
f 6240/2/5 6224/2/5 6239/2/5
f 6240/3/5 6231/3/5 6230/3/5
f 6241/3/5 6231/3/5 6240/3/5
f 6242/3/5 6227/3/5 6231/3/5
f 6242/3/5 6231/3/5 6241/3/5
f 6243/3/5 6227/3/5 6242/3/5
f 6244/3/5 6233/3/5 6232/3/5
f 6245/4/5 6234/4/5 6233/4/5
f 6245/3/5 6233/3/5 6244/3/5
f 6246/4/5 6234/4/5 6245/4/5
f 6247/2/5 6235/2/5 6234/2/5
f 6247/4/5 6234/4/5 6246/4/5
f 6248/3/5 6236/3/5 6235/3/5
f 6248/2/5 6235/2/5 6247/2/5
f 6249/3/5 6239/3/5 6238/3/5
f 6249/3/5 6238/3/5 6237/3/5
f 6249/4/5 6240/4/5 6239/4/5
f 6250/2/5 6241/2/5 6240/2/5
f 6250/4/5 6240/4/5 6249/4/5
f 6251/3/5 6242/3/5 6241/3/5
f 6251/2/5 6241/2/5 6250/2/5
f 6252/4/5 6243/4/5 6242/4/5
f 6252/3/5 6242/3/5 6251/3/5
f 6253/4/5 6243/4/5 6252/4/5
f 6254/3/5 6246/3/5 6245/3/5
f 6254/4/5 6245/4/5 6244/4/5
f 6255/2/5 6247/2/5 6246/2/5
f 6255/3/5 6246/3/5 6254/3/5
f 6256/4/5 6248/4/5 6247/4/5
f 6256/2/5 6247/2/5 6255/2/5
f 6257/3/5 6236/3/5 6248/3/5
f 6257/4/5 6248/4/5 6256/4/5
f 6258/3/5 6236/3/5 6257/3/5
f 6259/3/5 6249/3/5 6237/3/5
f 6259/3/5 6250/3/5 6249/3/5
f 6260/3/5 6250/3/5 6259/3/5
f 6261/3/5 6250/3/5 6260/3/5
f 6262/4/5 6251/4/5 6250/4/5
f 6262/3/5 6250/3/5 6261/3/5
f 6262/4/5 6252/4/5 6251/4/5
f 6263/4/5 6252/4/5 6262/4/5
f 6264/3/5 6253/3/5 6252/3/5
f 6264/4/5 6252/4/5 6263/4/5
f 6265/3/5 6253/3/5 6264/3/5
f 6266/3/5 6261/3/5 6260/3/5
f 6267/4/5 6262/4/5 6261/4/5
f 6267/3/5 6261/3/5 6266/3/5
f 6268/3/5 6263/3/5 6262/3/5
f 6268/4/5 6262/4/5 6267/4/5
f 6269/2/5 6265/2/5 6264/2/5
f 6269/3/5 6263/3/5 6268/3/5
f 6269/2/5 6264/2/5 6263/2/5
f 6270/2/5 6265/2/5 6269/2/5
f 6271/4/5 6254/4/5 6244/4/5
f 6272/2/5 6255/2/5 6254/2/5
f 6272/4/5 6254/4/5 6271/4/5
f 6273/3/5 6256/3/5 6255/3/5
f 6273/2/5 6255/2/5 6272/2/5
f 6273/3/5 6257/3/5 6256/3/5
f 6274/3/5 6257/3/5 6273/3/5
f 6275/4/5 6258/4/5 6257/4/5
f 6275/3/5 6257/3/5 6274/3/5
f 6276/4/5 6258/4/5 6275/4/5
f 6277/3/5 6269/3/5 6268/3/5
f 6277/3/5 6268/3/5 6267/3/5
f 6278/3/5 6269/3/5 6277/3/5
f 6279/3/5 6273/3/5 6272/3/5
f 6280/2/5 6274/2/5 6273/2/5
f 6280/3/5 6273/3/5 6279/3/5
f 6281/3/5 6275/3/5 6274/3/5
f 6281/2/5 6274/2/5 6280/2/5
f 6282/3/5 6275/3/5 6281/3/5
f 6287/3/5 6284/3/5 6283/3/5
f 6288/4/5 6285/4/5 6284/4/5
f 6288/3/5 6284/3/5 6287/3/5
f 6289/4/5 6285/4/5 6288/4/5
f 6290/2/5 6282/2/5 6281/2/5
f 6290/3/5 6281/3/5 6280/3/5
f 6291/2/5 6282/2/5 6290/2/5
f 6292/3/5 6287/3/5 6286/3/5
f 6293/3/5 6287/3/5 6292/3/5
f 6294/4/5 6288/4/5 6287/4/5
f 6294/3/5 6287/3/5 6293/3/5
f 6295/3/5 6290/3/5 6280/3/5
f 6295/3/5 6291/3/5 6290/3/5
f 6296/3/5 6291/3/5 6295/3/5
f 6299/2/5 6294/2/5 6293/2/5
f 6300/4/5 6288/4/5 6294/4/5
f 6300/2/5 6294/2/5 6299/2/5
f 6301/3/5 6289/3/5 6288/3/5
f 6301/4/5 6288/4/5 6300/4/5
f 6302/4/5 6300/4/5 6299/4/5
f 6302/4/5 6299/4/5 6298/4/5
f 6302/3/5 6298/3/5 6297/3/5
f 6303/4/5 6300/4/5 6302/4/5
f 6304/4/5 6300/4/5 6303/4/5
f 6305/2/5 6301/2/5 6300/2/5
f 6305/4/5 6300/4/5 6304/4/5
f 6306/3/5 6289/3/5 6301/3/5
f 6306/2/5 6301/2/5 6305/2/5
f 6307/3/5 6289/3/5 6306/3/5
f 6308/3/5 6302/3/5 6297/3/5
f 6309/2/5 6303/2/5 6302/2/5
f 6309/3/5 6302/3/5 6308/3/5
f 6310/4/5 6304/4/5 6303/4/5
f 6310/2/5 6303/2/5 6309/2/5
f 6311/3/5 6305/3/5 6304/3/5
f 6311/4/5 6304/4/5 6310/4/5
f 6312/3/5 6305/3/5 6311/3/5
f 6313/3/5 6305/3/5 6312/3/5
f 6314/4/5 6310/4/5 6309/4/5
f 6314/4/5 6309/4/5 6308/4/5
f 6315/2/5 6312/2/5 6311/2/5
f 6315/4/5 6310/4/5 6314/4/5
f 6315/2/5 6311/2/5 6310/2/5
f 6316/2/5 6312/2/5 6315/2/5
f 6317/3/6 6318/3/6 6319/3/6
f 6319/3/6 6318/3/6 6320/3/6
f 6321/3/6 6322/3/6 6323/3/6
f 6323/3/6 6322/3/6 6324/3/6
f 6325/4/6 6326/4/6 6327/4/6
f 6327/4/6 6326/4/6 6328/4/6
f 6329/3/6 6330/3/6 6332/3/6
f 6332/3/6 6330/3/6 6333/3/6
f 6331/4/6 6332/4/6 6335/4/6
f 6334/3/6 6335/3/6 6336/3/6
f 6335/4/6 6332/4/6 6337/4/6
f 6336/3/6 6335/3/6 6337/3/6
f 6337/4/6 6332/4/6 6338/4/6
f 6339/3/6 6340/3/6 6341/3/6
f 6341/3/6 6340/3/6 6342/3/6
f 6343/3/6 6344/3/6 6345/3/6
f 6345/3/6 6344/3/6 6346/3/6
f 6347/3/6 6348/3/6 6349/3/6
f 6349/3/6 6348/3/6 6350/3/6
f 6351/3/6 6352/3/6 6353/3/6
f 6353/3/6 6352/3/6 6354/3/6
f 6354/4/6 6355/4/6 6356/4/6
f 6356/4/6 6355/4/6 6357/4/6
f 6358/3/6 6359/3/6 6360/3/6
f 6360/3/6 6359/3/6 6361/3/6
f 6362/4/6 6363/4/6 6364/4/6
f 6364/4/6 6363/4/6 6365/4/6
f 6366/3/6 6367/3/6 6368/3/6
f 6368/3/6 6367/3/6 6369/3/6
f 6370/4/6 6371/4/6 6372/4/6
f 6372/4/6 6371/4/6 6373/4/6
f 6374/4/6 6375/4/6 6377/4/6
f 6377/4/6 6375/4/6 6378/4/6
f 6376/4/6 6377/4/6 6379/4/6
f 6379/4/6 6377/4/6 6380/4/6
f 6381/3/6 6382/3/6 6383/3/6
f 6383/3/6 6382/3/6 6384/3/6
f 6385/4/6 6386/4/6 6389/4/6
f 6389/4/6 6386/4/6 6390/4/6
f 6387/3/6 6388/3/6 6391/3/6
f 6391/3/6 6388/3/6 6392/3/6
f 6393/4/6 6394/4/6 6395/4/6
f 6395/4/6 6394/4/6 6396/4/6
f 6396/4/6 6394/4/6 6397/4/6
f 6398/3/6 6399/3/6 6400/3/6
f 6400/3/6 6399/3/6 6401/3/6
f 6402/3/6 6403/3/6 6406/3/6
f 6406/3/6 6403/3/6 6407/3/6
f 6404/4/6 6405/4/6 6408/4/6
f 6408/4/6 6405/4/6 6409/4/6
f 6410/3/6 6411/3/6 6412/3/6
f 6412/3/6 6411/3/6 6413/3/6
f 6414/3/6 6415/3/6 6416/3/6
f 6416/3/6 6415/3/6 6417/3/6
f 6418/4/6 6419/4/6 6420/4/6
f 6420/4/6 6419/4/6 6421/4/6
f 6422/4/6 6423/4/6 6424/4/6
f 6424/4/6 6423/4/6 6425/4/6
f 6425/4/6 6423/4/6 6426/4/6
f 6427/4/6 6428/4/6 6429/4/6
f 6429/4/6 6428/4/6 6430/4/6
f 6430/3/6 6431/3/6 6432/3/6
f 6432/3/6 6431/3/6 6433/3/6
f 6434/3/6 6435/3/6 6436/3/6
f 6436/3/6 6435/3/6 6437/3/6
f 6438/3/6 6439/3/6 6440/3/6
f 6440/3/6 6439/3/6 6441/3/6
f 6442/4/6 6443/4/6 6444/4/6
f 6444/4/6 6443/4/6 6445/4/6
f 6446/4/6 6447/4/6 6448/4/6
f 6448/4/6 6447/4/6 6449/4/6
f 6450/3/6 6451/3/6 6454/3/6
f 6454/3/6 6451/3/6 6455/3/6
f 6452/4/6 6453/4/6 6459/4/6
f 6459/4/6 6453/4/6 6460/4/6
f 6455/4/6 6456/4/6 6461/4/6
f 6461/4/6 6456/4/6 6462/4/6
f 6457/4/6 6458/4/6 6464/4/6
f 6464/4/6 6458/4/6 6465/4/6
f 6462/4/6 6463/4/6 6466/4/6
f 6466/4/6 6463/4/6 6467/4/6
f 6468/3/6 6469/3/6 6473/3/6
f 6473/3/6 6469/3/6 6474/3/6
f 6470/4/6 6471/4/6 6475/4/6
f 6471/3/6 6472/3/6 6476/3/6
f 6475/4/6 6471/4/6 6476/4/6
f 6476/3/6 6472/3/6 6477/3/6
f 6478/3/6 6479/3/6 6480/3/6
f 6480/3/6 6479/3/6 6481/3/6
f 6482/4/6 6483/4/6 6484/4/6
f 6484/4/6 6483/4/6 6485/4/6
f 6486/3/6 6487/3/6 6488/3/6
f 6488/3/6 6487/3/6 6489/3/6
f 6490/3/6 6491/3/6 6494/3/6
f 6494/3/6 6491/3/6 6495/3/6
f 6492/3/6 6493/3/6 6496/3/6
f 6496/3/6 6493/3/6 6497/3/6
f 6498/4/6 6499/4/6 6502/4/6
f 6502/4/6 6499/4/6 6503/4/6
f 6500/4/6 6501/4/6 6504/4/6
f 6504/4/6 6501/4/6 6505/4/6
f 6506/4/6 6507/4/6 6508/4/6
f 6508/4/6 6507/4/6 6509/4/6
f 6508/3/6 6509/3/6 6510/3/6
f 6510/3/6 6509/3/6 6511/3/6
f 6512/3/6 6513/3/6 6514/3/6
f 6514/3/6 6513/3/6 6515/3/6
f 6516/3/6 6517/3/6 6518/3/6
f 6518/3/6 6517/3/6 6519/3/6
f 6520/3/6 6521/3/6 6522/3/6
f 6522/3/6 6521/3/6 6523/3/6
f 6524/3/6 6525/3/6 6526/3/6
f 6526/3/6 6525/3/6 6527/3/6
f 6528/3/6 6529/3/6 6530/3/6
f 6530/3/6 6529/3/6 6531/3/6
f 6532/3/6 6533/3/6 6534/3/6
f 6534/3/6 6533/3/6 6535/3/6
f 6536/4/6 6537/4/6 6538/4/6
f 6538/4/6 6537/4/6 6539/4/6
f 6540/3/6 6541/3/6 6542/3/6
f 6542/3/6 6541/3/6 6543/3/6
f 6544/4/6 6545/4/6 6546/4/6
f 6546/4/6 6545/4/6 6547/4/6
f 6548/3/6 6549/3/6 6550/3/6
f 6550/3/6 6549/3/6 6551/3/6
f 6551/3/6 6549/3/6 6552/3/6
f 6552/3/6 6553/3/6 6554/3/6
f 6554/3/6 6553/3/6 6555/3/6
f 6556/3/6 6557/3/6 6558/3/6
f 6558/3/6 6557/3/6 6559/3/6
f 6560/4/6 6561/4/6 6562/4/6
f 6562/4/6 6561/4/6 6563/4/6
f 6564/4/6 6565/4/6 6566/4/6
f 6566/4/6 6565/4/6 6567/4/6
f 6568/3/6 6569/3/6 6571/3/6
f 6571/3/6 6569/3/6 6572/3/6
f 6570/3/6 6571/3/6 6573/3/6
f 6573/3/6 6571/3/6 6574/3/6
f 6575/3/6 6576/3/6 6577/3/6
f 6577/3/6 6576/3/6 6578/3/6
f 6578/3/6 6579/3/6 6580/3/6
f 6580/3/6 6579/3/6 6581/3/6
f 6582/3/6 6583/3/6 6586/3/6
f 6583/4/6 6584/4/6 6587/4/6
f 6586/3/6 6583/3/6 6587/3/6
f 6587/4/6 6584/4/6 6588/4/6
f 6585/4/6 6586/4/6 6589/4/6
f 6589/4/6 6586/4/6 6590/4/6
f 6591/3/6 6592/3/6 6593/3/6
f 6593/3/6 6592/3/6 6594/3/6
f 6595/4/6 6596/4/6 6597/4/6
f 6597/4/6 6596/4/6 6598/4/6
f 6599/4/6 6600/4/6 6601/4/6
f 6601/4/6 6600/4/6 6602/4/6
f 6603/3/6 6604/3/6 6605/3/6
f 6605/3/6 6604/3/6 6606/3/6
f 6607/4/6 6608/4/6 6609/4/6
f 6609/4/6 6608/4/6 6610/4/6
f 6611/3/6 6612/3/6 6613/3/6
f 6613/3/6 6612/3/6 6614/3/6
f 6615/4/6 6616/4/6 6617/4/6
f 6617/4/6 6616/4/6 6618/4/6
f 6617/3/6 6618/3/6 6620/3/6
f 6618/4/6 6619/4/6 6621/4/6
f 6620/3/6 6618/3/6 6621/3/6
f 6621/4/6 6619/4/6 6622/4/6
f 6621/3/6 6622/3/6 6623/3/6
f 6623/3/6 6622/3/6 6624/3/6
f 6625/3/6 6626/3/6 6627/3/6
f 6627/3/6 6626/3/6 6628/3/6
f 6628/3/6 6626/3/6 6629/3/6
f 6630/3/6 6631/3/6 6632/3/6
f 6632/3/6 6631/3/6 6633/3/6
f 6634/3/6 6635/3/6 6636/3/6
f 6636/3/6 6635/3/6 6637/3/6
f 6638/4/6 6639/4/6 6640/4/6
f 6640/4/6 6639/4/6 6641/4/6
f 6640/3/6 6641/3/6 6642/3/6
f 6644/4/6 6645/4/6 6646/4/6
f 6646/4/6 6645/4/6 6647/4/6
f 6640/3/6 6642/3/6 6649/3/6
f 6642/3/6 6643/3/6 6649/3/6
f 6649/3/6 6643/3/6 6650/3/6
f 6646/3/6 6647/3/6 6651/3/6
f 6647/4/6 6648/4/6 6652/4/6
f 6651/3/6 6647/3/6 6652/3/6
f 6651/4/6 6652/4/6 6653/4/6
f 6652/4/6 6648/4/6 6654/4/6
f 6653/4/6 6652/4/6 6654/4/6
f 6654/4/6 6648/4/6 6655/4/6
f 6655/4/6 6648/4/6 6656/4/6
f 6657/3/6 6658/3/6 6661/3/6
f 6658/4/6 6659/4/6 6662/4/6
f 6661/3/6 6658/3/6 6662/3/6
f 6662/4/6 6659/4/6 6663/4/6
f 6660/3/6 6661/3/6 6666/3/6
f 6661/3/6 6662/3/6 6666/3/6
f 6666/3/6 6662/3/6 6667/3/6
f 6667/3/6 6662/3/6 6668/3/6
f 6664/3/6 6665/3/6 6670/3/6
f 6670/3/6 6665/3/6 6671/3/6
f 6665/4/6 6666/4/6 6672/4/6
f 6671/3/6 6665/3/6 6672/3/6
f 6666/4/6 6667/4/6 6672/4/6
f 6672/4/6 6667/4/6 6673/4/6
f 6670/3/6 6671/3/6 6674/3/6
f 6669/3/6 6670/3/6 6674/3/6
f 6674/3/6 6671/3/6 6675/3/6
f 6675/3/6 6671/3/6 6676/3/6
f 6674/3/6 6675/3/6 6677/3/6
f 6677/3/6 6675/3/6 6678/3/6
f 6679/3/6 6680/3/6 6685/3/6
f 6680/4/6 6681/4/6 6686/4/6
f 6685/3/6 6680/3/6 6686/3/6
f 6681/3/6 6682/3/6 6687/3/6
f 6686/4/6 6681/4/6 6687/4/6
f 6687/3/6 6682/3/6 6688/3/6
f 6683/4/6 6684/4/6 6689/4/6
f 6684/3/6 6685/3/6 6690/3/6
f 6689/4/6 6684/4/6 6690/4/6
f 6685/3/6 6686/3/6 6690/3/6
f 6690/3/6 6686/3/6 6691/3/6
f 6692/3/6 6693/3/6 6694/3/6
f 6694/3/6 6693/3/6 6695/3/6
f 6696/3/6 6697/3/6 6698/3/6
f 6698/3/6 6697/3/6 6699/3/6
f 6700/3/6 6701/3/6 6702/3/6
f 6702/3/6 6701/3/6 6703/3/6
f 6704/3/6 6705/3/6 6706/3/6
f 6706/3/6 6705/3/6 6707/3/6
f 6708/1/6 6709/1/6 6710/1/6
f 6710/1/6 6709/1/6 6711/1/6
f 6712/1/6 6713/1/6 6714/1/6
f 6714/1/6 6713/1/6 6715/1/6
f 6716/1/6 6717/1/6 6718/1/6
f 6718/1/6 6717/1/6 6719/1/6
f 6718/4/6 6719/4/6 6720/4/6
f 6720/4/6 6719/4/6 6721/4/6
f 6722/1/6 6723/1/6 6727/1/6
f 6727/1/6 6723/1/6 6728/1/6
f 6724/4/6 6725/4/6 6729/4/6
f 6725/3/6 6726/3/6 6730/3/6
f 6729/4/6 6725/4/6 6730/4/6
f 6730/3/6 6726/3/6 6731/3/6
f 6729/4/6 6730/4/6 6732/4/6
f 6732/4/6 6730/4/6 6733/4/6
f 6734/4/6 6735/4/6 6737/4/6
f 6735/1/6 6736/1/6 6738/1/6
f 6737/4/6 6735/4/6 6738/4/6
f 6738/1/6 6736/1/6 6739/1/6
f 6738/3/6 6739/3/6 6740/3/6
f 6740/3/6 6739/3/6 6741/3/6
f 6742/1/6 6743/1/6 6745/1/6
f 6745/1/6 6743/1/6 6746/1/6
f 6743/4/6 6744/4/6 6747/4/6
f 6746/1/6 6743/1/6 6747/1/6
f 6747/4/6 6744/4/6 6748/4/6
f 6746/4/6 6747/4/6 6749/4/6
f 6747/3/6 6748/3/6 6750/3/6
f 6749/4/6 6747/4/6 6750/4/6
f 6750/3/6 6748/3/6 6751/3/6
f 6752/4/6 6753/4/6 6754/4/6
f 6754/4/6 6753/4/6 6755/4/6
f 6756/4/6 6757/4/6 6759/4/6
f 6757/3/6 6758/3/6 6760/3/6
f 6759/4/6 6757/4/6 6760/4/6
f 6760/3/6 6758/3/6 6761/3/6
f 6759/3/6 6760/3/6 6764/3/6
f 6764/3/6 6760/3/6 6765/3/6
f 6762/1/6 6763/1/6 6771/1/6
f 6771/1/6 6763/1/6 6772/1/6
f 6766/1/6 6767/1/6 6775/1/6
f 6775/1/6 6767/1/6 6776/1/6
f 6768/4/6 6769/4/6 6777/4/6
f 6769/1/6 6770/1/6 6778/1/6
f 6777/4/6 6769/4/6 6778/4/6
f 6778/1/6 6770/1/6 6779/1/6
f 6773/1/6 6774/1/6 6780/1/6
f 6780/1/6 6774/1/6 6781/1/6
f 6778/3/6 6779/3/6 6786/3/6
f 6786/3/6 6779/3/6 6787/3/6
f 6782/1/6 6783/1/6 6788/1/6
f 6788/1/6 6783/1/6 6789/1/6
f 6784/1/6 6785/1/6 6790/1/6
f 6790/1/6 6785/1/6 6791/1/6
f 6792/1/6 6793/1/6 6796/1/6
f 6796/1/6 6793/1/6 6797/1/6
f 6788/3/6 6789/3/6 6801/3/6
f 6801/3/6 6789/3/6 6802/3/6
f 6798/4/6 6799/4/6 6803/4/6
f 6799/1/6 6800/1/6 6804/1/6
f 6803/4/6 6799/4/6 6804/4/6
f 6804/1/6 6800/1/6 6805/1/6
f 6794/4/6 6795/4/6 6806/4/6
f 6806/4/6 6795/4/6 6807/4/6
f 6806/3/6 6807/3/6 6810/3/6
f 6810/3/6 6807/3/6 6811/3/6
f 6808/1/6 6809/1/6 6815/1/6
f 6815/1/6 6809/1/6 6816/1/6
f 6812/1/6 6813/1/6 6817/1/6
f 6813/4/6 6814/4/6 6818/4/6
f 6817/1/6 6813/1/6 6818/1/6
f 6818/4/6 6814/4/6 6819/4/6
f 6820/4/6 6821/4/6 6822/4/6
f 6822/4/6 6821/4/6 6823/4/6
f 6824/3/6 6825/3/6 6826/3/6
f 6826/3/6 6825/3/6 6827/3/6
f 6826/4/6 6827/4/6 6829/4/6
f 6828/3/6 6829/3/6 6832/3/6
f 6829/4/6 6827/4/6 6833/4/6
f 6832/3/6 6829/3/6 6833/3/6
f 6833/4/6 6827/4/6 6834/4/6
f 6830/3/6 6831/3/6 6836/3/6
f 6836/3/6 6831/3/6 6837/3/6
f 6833/3/6 6834/3/6 6842/3/6
f 6834/4/6 6835/4/6 6843/4/6
f 6842/3/6 6834/3/6 6843/3/6
f 6843/4/6 6835/4/6 6844/4/6
f 6836/4/6 6837/4/6 6846/4/6
f 6846/4/6 6837/4/6 6847/4/6
f 6838/3/6 6839/3/6 6848/3/6
f 6848/3/6 6839/3/6 6849/3/6
f 6843/1/6 6844/1/6 6852/1/6
f 6852/1/6 6844/1/6 6853/1/6
f 6845/4/6 6846/4/6 6854/4/6
f 6846/1/6 6847/1/6 6855/1/6
f 6854/4/6 6846/4/6 6855/4/6
f 6847/3/6 6848/3/6 6856/3/6
f 6855/1/6 6847/1/6 6856/1/6
f 6856/3/6 6848/3/6 6857/3/6
f 6840/1/6 6841/1/6 6859/1/6
f 6859/1/6 6841/1/6 6860/1/6
f 6854/1/6 6855/1/6 6861/1/6
f 6855/4/6 6856/4/6 6862/4/6
f 6861/1/6 6855/1/6 6862/1/6
f 6862/4/6 6856/4/6 6863/4/6
f 6857/4/6 6858/4/6 6864/4/6
f 6864/4/6 6858/4/6 6865/4/6
f 6850/1/6 6851/1/6 6866/1/6
f 6866/1/6 6851/1/6 6867/1/6
f 6861/1/6 6862/1/6 6872/1/6
f 6872/1/6 6862/1/6 6873/1/6
f 6864/3/6 6865/3/6 6874/3/6
f 6874/3/6 6865/3/6 6875/3/6
f 6866/4/6 6867/4/6 6876/4/6
f 6876/4/6 6867/4/6 6877/4/6
f 6868/1/6 6869/1/6 6878/1/6
f 6878/1/6 6869/1/6 6879/1/6
f 6870/3/6 6871/3/6 6880/3/6
f 6880/3/6 6871/3/6 6881/3/6
f 6874/1/6 6875/1/6 6882/1/6
f 6882/1/6 6875/1/6 6883/1/6
f 6884/3/6 6885/3/6 6888/3/6
f 6885/4/6 6886/4/6 6889/4/6
f 6888/3/6 6885/3/6 6889/3/6
f 6886/1/6 6887/1/6 6890/1/6
f 6889/4/6 6886/4/6 6890/4/6
f 6890/1/6 6887/1/6 6891/1/6
f 6878/3/6 6879/3/6 6892/3/6
f 6892/3/6 6879/3/6 6893/3/6
f 6894/1/6 6895/1/6 6901/1/6
f 6901/1/6 6895/1/6 6902/1/6
f 6896/1/6 6897/1/6 6903/1/6
f 6897/4/6 6898/4/6 6904/4/6
f 6903/1/6 6897/1/6 6904/1/6
f 6904/4/6 6898/4/6 6905/4/6
f 6899/1/6 6900/1/6 6906/1/6
f 6906/1/6 6900/1/6 6907/1/6
f 6901/3/6 6902/3/6 6908/3/6
f 6908/3/6 6902/3/6 6909/3/6
f 6903/3/6 6904/3/6 6910/3/6
f 6910/3/6 6904/3/6 6911/3/6
f 6910/1/6 6911/1/6 6918/1/6
f 6911/1/6 6912/1/6 6918/1/6
f 6918/1/6 6912/1/6 6919/1/6
f 6912/3/6 6913/3/6 6920/3/6
f 6919/1/6 6912/1/6 6920/1/6
f 6920/3/6 6913/3/6 6921/3/6
f 6914/1/6 6915/1/6 6925/1/6
f 6925/1/6 6915/1/6 6926/1/6
f 6916/1/6 6917/1/6 6927/1/6
f 6927/1/6 6917/1/6 6928/1/6
f 6918/4/6 6919/4/6 6930/4/6
f 6930/4/6 6919/4/6 6931/4/6
f 6922/1/6 6923/1/6 6933/1/6
f 6923/4/6 6924/4/6 6934/4/6
f 6933/1/6 6923/1/6 6934/1/6
f 6934/4/6 6924/4/6 6935/4/6
f 6928/3/6 6929/3/6 6939/3/6
f 6927/3/6 6928/3/6 6939/3/6
f 6939/3/6 6929/3/6 6940/3/6
f 6930/1/6 6931/1/6 6941/1/6
f 6931/4/6 6932/4/6 6942/4/6
f 6941/1/6 6931/1/6 6942/1/6
f 6934/3/6 6935/3/6 6943/3/6
f 6942/4/6 6932/4/6 6943/4/6
f 6935/3/6 6936/3/6 6943/3/6
f 6932/3/6 6933/3/6 6943/3/6
f 6933/3/6 6934/3/6 6943/3/6
f 6943/3/6 6936/3/6 6944/3/6
f 6944/3/6 6936/3/6 6945/3/6
f 6937/3/6 6938/3/6 6948/3/6
f 6938/1/6 6939/1/6 6949/1/6
f 6948/3/6 6938/3/6 6949/3/6
f 6939/1/6 6940/1/6 6949/1/6
f 6949/1/6 6940/1/6 6950/1/6
f 6950/1/6 6940/1/6 6951/1/6
f 6951/1/6 6940/1/6 6952/1/6
f 6941/4/6 6942/4/6 6953/4/6
f 6942/3/6 6943/3/6 6954/3/6
f 6953/4/6 6942/4/6 6954/4/6
f 6943/1/6 6944/1/6 6955/1/6
f 6954/3/6 6943/3/6 6955/3/6
f 6955/1/6 6944/1/6 6956/1/6
f 6946/1/6 6947/1/6 6959/1/6
f 6959/1/6 6947/1/6 6960/1/6
f 6950/3/6 6951/3/6 6962/3/6
f 6962/3/6 6951/3/6 6963/3/6
f 6953/3/6 6954/3/6 6964/3/6
f 6954/3/6 6955/3/6 6964/3/6
f 6964/3/6 6955/3/6 6965/3/6
f 6965/3/6 6955/3/6 6966/3/6
f 6956/1/6 6957/1/6 6967/1/6
f 6967/1/6 6957/1/6 6968/1/6
f 6958/4/6 6959/4/6 6969/4/6
f 6959/3/6 6960/3/6 6970/3/6
f 6969/4/6 6959/4/6 6970/4/6
f 6960/4/6 6961/4/6 6971/4/6
f 6970/3/6 6960/3/6 6971/3/6
f 6971/4/6 6961/4/6 6972/4/6
f 6962/1/6 6963/1/6 6973/1/6
f 6972/4/6 6961/4/6 6973/4/6
f 6961/1/6 6962/1/6 6973/1/6
f 6973/1/6 6963/1/6 6974/1/6
f 6974/1/6 6963/1/6 6975/1/6
f 6965/4/6 6966/4/6 6977/4/6
f 6977/4/6 6966/4/6 6978/4/6
f 6972/1/6 6973/1/6 6983/1/6
f 6973/4/6 6974/4/6 6984/4/6
f 6983/1/6 6973/1/6 6984/1/6
f 6975/1/6 6976/1/6 6985/1/6
f 6974/3/6 6975/3/6 6985/3/6
f 6985/1/6 6976/1/6 6986/1/6
f 6979/1/6 6980/1/6 6987/1/6
f 6980/3/6 6981/3/6 6988/3/6
f 6987/1/6 6980/1/6 6988/1/6
f 6988/3/6 6981/3/6 6989/3/6
f 6982/1/6 6983/1/6 6992/1/6
f 6992/1/6 6983/1/6 6993/1/6
f 6984/4/6 6974/4/6 6994/4/6
f 6974/3/6 6985/3/6 6995/3/6
f 6994/4/6 6974/4/6 6995/4/6
f 6995/3/6 6985/3/6 6996/3/6
f 6990/1/6 6991/1/6 7003/1/6
f 7003/1/6 6991/1/6 7004/1/6
f 6994/1/6 6995/1/6 7008/1/6
f 7008/1/6 6995/1/6 7009/1/6
f 6996/1/6 6997/1/6 7010/1/6
f 7010/1/6 6997/1/6 7011/1/6
f 6998/4/6 6999/4/6 7012/4/6
f 6999/1/6 7000/1/6 7013/1/6
f 7012/4/6 6999/4/6 7013/4/6
f 7013/1/6 7000/1/6 7014/1/6
f 7001/4/6 7002/4/6 7016/4/6
f 7016/4/6 7002/4/6 7017/4/6
f 7005/4/6 7006/4/6 7022/4/6
f 7006/1/6 7007/1/6 7023/1/6
f 7022/4/6 7006/4/6 7023/4/6
f 7023/1/6 7007/1/6 7024/1/6
f 7010/3/6 7011/3/6 7025/3/6
f 7025/3/6 7011/3/6 7026/3/6
f 7012/3/6 7013/3/6 7027/3/6
f 7027/3/6 7013/3/6 7028/3/6
f 7014/1/6 7015/1/6 7029/1/6
f 7029/1/6 7015/1/6 7030/1/6
f 7016/3/6 7017/3/6 7031/3/6
f 7031/3/6 7017/3/6 7032/3/6
f 7018/1/6 7019/1/6 7033/1/6
f 7033/1/6 7019/1/6 7034/1/6
f 7034/1/6 7019/1/6 7035/1/6
f 7020/1/6 7021/1/6 7036/1/6
f 7036/1/6 7021/1/6 7037/1/6
f 7025/1/6 7026/1/6 7042/1/6
f 7027/4/6 7028/4/6 7043/4/6
f 7043/4/6 7028/4/6 7044/4/6
f 7033/4/6 7034/4/6 7047/4/6
f 7047/4/6 7034/4/6 7048/4/6
f 7038/1/6 7039/1/6 7052/1/6
f 7052/1/6 7039/1/6 7053/1/6
f 7040/1/6 7041/1/6 7055/1/6
f 7041/3/6 7042/3/6 7056/3/6
f 7055/1/6 7041/1/6 7056/1/6
f 7042/1/6 7026/1/6 7057/1/6
f 7056/3/6 7042/3/6 7057/3/6
f 7057/1/6 7026/1/6 7058/1/6
f 7043/1/6 7044/1/6 7059/1/6
f 7059/1/6 7044/1/6 7060/1/6
f 7045/1/6 7046/1/6 7062/1/6
f 7062/1/6 7046/1/6 7063/1/6
f 7047/3/6 7048/3/6 7065/3/6
f 7065/3/6 7048/3/6 7066/3/6
f 7049/1/6 7050/1/6 7067/1/6
f 7050/4/6 7051/4/6 7068/4/6
f 7067/1/6 7050/1/6 7068/1/6
f 7052/3/6 7053/3/6 7069/3/6
f 7069/3/6 7053/3/6 7070/3/6
f 7060/4/6 7061/4/6 7071/4/6
f 7062/3/6 7063/3/6 7073/3/6
f 7063/1/6 7064/1/6 7074/1/6
f 7073/3/6 7063/3/6 7074/3/6
f 7074/1/6 7064/1/6 7075/1/6
f 7068/4/6 7051/4/6 7078/4/6
f 7078/4/6 7051/4/6 7079/4/6
f 7054/1/6 7055/1/6 7080/1/6
f 7080/1/6 7055/1/6 7081/1/6
f 7056/3/6 7057/3/6 7082/3/6
f 7082/3/6 7057/3/6 7083/3/6
f 7060/4/6 7071/4/6 7085/4/6
f 7071/1/6 7072/1/6 7086/1/6
f 7085/4/6 7071/4/6 7086/4/6
f 7086/1/6 7072/1/6 7087/1/6
f 7076/1/6 7077/1/6 7089/1/6
f 7089/1/6 7077/1/6 7090/1/6
f 7078/3/6 7079/3/6 7091/3/6
f 7091/3/6 7079/3/6 7092/3/6
f 7082/1/6 7083/1/6 7094/1/6
f 7094/1/6 7083/1/6 7095/1/6
f 7084/1/6 7085/1/6 7097/1/6
f 7097/1/6 7085/1/6 7098/1/6
f 7087/1/6 7088/1/6 7099/1/6
f 7099/1/6 7088/1/6 7100/1/6
f 7100/1/6 7088/1/6 7101/1/6
f 7101/1/6 7088/1/6 7102/1/6
f 7089/4/6 7090/4/6 7103/4/6
f 7103/4/6 7090/4/6 7104/4/6
f 7093/3/6 7094/3/6 7108/3/6
f 7094/3/6 7095/3/6 7108/3/6
f 7108/3/6 7095/3/6 7109/3/6
f 7095/1/6 7096/1/6 7110/1/6
f 7109/3/6 7095/3/6 7110/3/6
f 7099/4/6 7100/4/6 7111/4/6
f 7111/4/6 7100/4/6 7112/4/6
f 7105/4/6 7106/4/6 7113/4/6
f 7113/4/6 7106/4/6 7114/4/6
f 7107/1/6 7108/1/6 7116/1/6
f 7108/4/6 7109/4/6 7117/4/6
f 7116/1/6 7108/1/6 7117/1/6
f 7117/4/6 7109/4/6 7118/4/6
f 7110/1/6 7096/1/6 7119/1/6
f 7111/3/6 7112/3/6 7120/3/6
f 7120/3/6 7112/3/6 7121/3/6
f 7103/1/6 7104/1/6 7124/1/6
f 7124/1/6 7104/1/6 7125/1/6
f 7115/1/6 7116/1/6 7126/1/6
f 7126/1/6 7116/1/6 7127/1/6
f 7127/1/6 7116/1/6 7128/1/6
f 7128/1/6 7116/1/6 7129/1/6
f 7118/1/6 7119/1/6 7130/1/6
f 7119/1/6 7096/1/6 7131/1/6
f 7130/1/6 7119/1/6 7131/1/6
f 7120/1/6 7121/1/6 7132/1/6
f 7132/1/6 7121/1/6 7133/1/6
f 7122/3/6 7123/3/6 7134/3/6
f 7134/3/6 7123/3/6 7135/3/6
f 7113/1/6 7114/1/6 7136/1/6
f 7136/1/6 7114/1/6 7137/1/6
f 7128/3/6 7129/3/6 7138/3/6
f 7136/4/6 7137/4/6 7139/4/6
f 7139/4/6 7137/4/6 7140/4/6
f 7138/3/6 7129/3/6 7143/3/6
f 7143/3/6 7129/3/6 7144/3/6
f 7141/4/6 7142/4/6 7147/4/6
f 7147/4/6 7142/4/6 7148/4/6
f 7143/1/6 7144/1/6 7149/1/6
f 7149/1/6 7144/1/6 7150/1/6
f 7145/3/6 7146/3/6 7151/3/6
f 7151/3/6 7146/3/6 7152/3/6
f 7153/3/6 7154/3/6 7155/3/6
f 7155/3/6 7154/3/6 7156/3/6
f 7157/3/6 7158/3/6 7159/3/6
f 7159/3/6 7158/3/6 7160/3/6
f 7161/4/6 7162/4/6 7163/4/6
f 7163/4/6 7162/4/6 7164/4/6
f 7165/3/6 7166/3/6 7167/3/6
f 7167/3/6 7166/3/6 7168/3/6
f 7169/1/6 7170/1/6 7174/1/6
f 7170/4/6 7171/4/6 7175/4/6
f 7174/1/6 7170/1/6 7175/1/6
f 7171/2/6 7172/2/6 7176/2/6
f 7175/4/6 7171/4/6 7176/4/6
f 7176/2/6 7172/2/6 7177/2/6
f 7172/1/6 7173/1/6 7178/1/6
f 7177/2/6 7172/2/6 7178/2/6
f 7178/1/6 7173/1/6 7179/1/6
f 7179/1/6 7173/1/6 7180/1/6
f 7174/4/6 7175/4/6 7182/4/6
f 7175/4/6 7176/4/6 7182/4/6
f 7176/1/6 7177/1/6 7183/1/6
f 7182/4/6 7176/4/6 7183/4/6
f 7177/2/6 7178/2/6 7184/2/6
f 7183/1/6 7177/1/6 7184/1/6
f 7178/2/6 7179/2/6 7184/2/6
f 7184/2/6 7179/2/6 7185/2/6
f 7180/1/6 7181/1/6 7186/1/6
f 7185/2/6 7179/2/6 7186/2/6
f 7179/1/6 7180/1/6 7186/1/6
f 7186/1/6 7181/1/6 7187/1/6
f 7187/1/6 7181/1/6 7188/1/6
f 7169/1/6 7174/1/6 7192/1/6
f 7192/1/6 7174/1/6 7193/1/6
f 7184/1/6 7185/1/6 7194/1/6
f 7183/1/6 7184/1/6 7194/1/6
f 7182/1/6 7183/1/6 7194/1/6
f 7185/2/6 7186/2/6 7195/2/6
f 7194/1/6 7185/1/6 7195/1/6
f 7186/2/6 7187/2/6 7195/2/6
f 7195/2/6 7187/2/6 7196/2/6
f 7187/1/6 7188/1/6 7197/1/6
f 7196/2/6 7187/2/6 7197/2/6
f 7188/4/6 7189/4/6 7198/4/6
f 7197/1/6 7188/1/6 7198/1/6
f 7198/4/6 7189/4/6 7199/4/6
f 7190/1/6 7191/1/6 7200/1/6
f 7200/1/6 7191/1/6 7201/1/6
f 7201/1/6 7191/1/6 7202/1/6
f 7174/4/6 7182/4/6 7204/4/6
f 7182/1/6 7194/1/6 7204/1/6
f 7204/1/6 7194/1/6 7205/1/6
f 7195/1/6 7196/1/6 7206/1/6
f 7196/2/6 7197/2/6 7207/2/6
f 7206/1/6 7196/1/6 7207/1/6
f 7198/4/6 7199/4/6 7208/4/6
f 7207/2/6 7197/2/6 7208/2/6
f 7197/4/6 7198/4/6 7208/4/6
f 7208/4/6 7199/4/6 7209/4/6
f 7199/1/6 7200/1/6 7210/1/6
f 7209/4/6 7199/4/6 7210/4/6
f 7201/1/6 7202/1/6 7211/1/6
f 7200/2/6 7201/2/6 7211/2/6
f 7211/1/6 7202/1/6 7212/1/6
f 7193/1/6 7174/1/6 7213/1/6
f 7204/4/6 7205/4/6 7213/4/6
f 7174/4/6 7204/4/6 7213/4/6
f 7213/4/6 7205/4/6 7214/4/6
f 7208/4/6 7209/4/6 7215/4/6
f 7207/4/6 7208/4/6 7215/4/6
f 7209/1/6 7210/1/6 7216/1/6
f 7215/4/6 7209/4/6 7216/4/6
f 7212/1/6 7202/1/6 7217/1/6
f 7211/2/6 7212/2/6 7217/2/6
f 7202/4/6 7203/4/6 7218/4/6
f 7217/1/6 7202/1/6 7218/1/6
f 7218/4/6 7203/4/6 7219/4/6
f 7213/1/6 7214/1/6 7221/1/6
f 7193/1/6 7213/1/6 7221/1/6
f 7214/4/6 7205/4/6 7222/4/6
f 7221/1/6 7214/1/6 7222/1/6
f 7215/1/6 7216/1/6 7223/1/6
f 7216/1/6 7210/1/6 7224/1/6
f 7223/1/6 7216/1/6 7224/1/6
f 7211/2/6 7217/2/6 7225/2/6
f 7200/2/6 7211/2/6 7225/2/6
f 7218/4/6 7219/4/6 7226/4/6
f 7225/2/6 7217/2/6 7226/2/6
f 7217/4/6 7218/4/6 7226/4/6
f 7219/1/6 7220/1/6 7227/1/6
f 7226/4/6 7219/4/6 7227/4/6
f 7227/1/6 7220/1/6 7228/1/6
f 7222/4/6 7205/4/6 7230/4/6
f 7221/4/6 7222/4/6 7230/4/6
f 7230/4/6 7205/4/6 7231/4/6
f 7223/4/6 7224/4/6 7233/4/6
f 7233/4/6 7224/4/6 7234/4/6
f 7224/1/6 7210/1/6 7235/1/6
f 7234/4/6 7224/4/6 7235/4/6
f 7210/1/6 7200/1/6 7236/1/6
f 7235/1/6 7210/1/6 7236/1/6
f 7200/2/6 7225/2/6 7237/2/6
f 7236/1/6 7200/1/6 7237/1/6
f 7237/2/6 7225/2/6 7238/2/6
f 7193/1/6 7221/1/6 7240/1/6
f 7231/2/6 7232/2/6 7241/2/6
f 7221/4/6 7230/4/6 7241/4/6
f 7230/2/6 7231/2/6 7241/2/6
f 7241/2/6 7232/2/6 7242/2/6
f 7233/1/6 7234/1/6 7243/1/6
f 7242/2/6 7232/2/6 7243/2/6
f 7232/1/6 7233/1/6 7243/1/6
f 7243/1/6 7234/1/6 7244/1/6
f 7234/4/6 7235/4/6 7245/4/6
f 7244/1/6 7234/1/6 7245/1/6
f 7235/4/6 7236/4/6 7245/4/6
f 7245/4/6 7236/4/6 7246/4/6
f 7236/1/6 7237/1/6 7247/1/6
f 7246/4/6 7236/4/6 7247/4/6
f 7237/4/6 7238/4/6 7248/4/6
f 7247/1/6 7237/1/6 7248/1/6
f 7248/4/6 7238/4/6 7249/4/6
f 7228/1/6 7229/1/6 7250/1/6
f 7239/1/6 7240/1/6 7252/1/6
f 7240/1/6 7221/1/6 7252/1/6
f 7221/4/6 7241/4/6 7253/4/6
f 7252/1/6 7221/1/6 7253/1/6
f 7243/2/6 7244/2/6 7254/2/6
f 7242/2/6 7243/2/6 7254/2/6
f 7245/1/6 7246/1/6 7254/1/6
f 7244/1/6 7245/1/6 7254/1/6
f 7254/1/6 7246/1/6 7255/1/6
f 7247/4/6 7248/4/6 7256/4/6
f 7255/1/6 7246/1/6 7256/1/6
f 7246/4/6 7247/4/6 7256/4/6
f 7256/4/6 7248/4/6 7257/4/6
f 7248/1/6 7249/1/6 7258/1/6
f 7228/1/6 7250/1/6 7261/1/6
f 7250/4/6 7251/4/6 7262/4/6
f 7261/1/6 7250/1/6 7262/1/6
f 7239/1/6 7252/1/6 7263/1/6
f 7252/4/6 7253/4/6 7264/4/6
f 7263/1/6 7252/1/6 7264/1/6
f 7253/4/6 7241/4/6 7265/4/6
f 7264/4/6 7253/4/6 7265/4/6
f 7241/1/6 7242/1/6 7266/1/6
f 7265/4/6 7241/4/6 7266/4/6
f 7254/2/6 7255/2/6 7267/2/6
f 7266/1/6 7242/1/6 7267/1/6
f 7242/2/6 7254/2/6 7267/2/6
f 7267/2/6 7255/2/6 7268/2/6
f 7268/2/6 7255/2/6 7269/2/6
f 7255/1/6 7256/1/6 7270/1/6
f 7269/2/6 7255/2/6 7270/2/6
f 7256/1/6 7257/1/6 7270/1/6
f 7270/1/6 7257/1/6 7271/1/6
f 7258/1/6 7259/1/6 7272/1/6
f 7248/1/6 7258/1/6 7272/1/6
f 7272/1/6 7259/1/6 7273/1/6
f 7260/1/6 7261/1/6 7274/1/6
f 7261/4/6 7262/4/6 7275/4/6
f 7274/1/6 7261/1/6 7275/1/6
f 7262/4/6 7251/4/6 7276/4/6
f 7275/4/6 7262/4/6 7276/4/6
f 7264/4/6 7265/4/6 7277/4/6
f 7263/4/6 7264/4/6 7277/4/6
f 7265/1/6 7266/1/6 7278/1/6
f 7277/4/6 7265/4/6 7278/4/6
f 7267/2/6 7268/2/6 7279/2/6
f 7266/2/6 7267/2/6 7279/2/6
f 7268/1/6 7269/1/6 7280/1/6
f 7279/2/6 7268/2/6 7280/2/6
f 7271/1/6 7257/1/6 7281/1/6
f 7270/2/6 7271/2/6 7281/2/6
f 7269/2/6 7270/2/6 7281/2/6
f 7257/4/6 7248/4/6 7282/4/6
f 7281/1/6 7257/1/6 7282/1/6
f 7275/1/6 7276/1/6 7283/1/6
f 7272/2/6 7273/2/6 7283/2/6
f 7274/1/6 7275/1/6 7283/1/6
f 7273/1/6 7274/1/6 7283/1/6
f 7283/1/6 7276/1/6 7284/1/6
f 7284/1/6 7276/1/6 7285/1/6
f 7269/2/6 7281/2/6 7287/2/6
f 7280/1/6 7269/1/6 7287/1/6
f 7279/1/6 7280/1/6 7287/1/6
f 7287/2/6 7281/2/6 7288/2/6
f 7281/4/6 7282/4/6 7289/4/6
f 7288/2/6 7281/2/6 7289/2/6
f 7282/4/6 7248/4/6 7290/4/6
f 7289/4/6 7282/4/6 7290/4/6
f 7248/1/6 7272/1/6 7291/1/6
f 7290/4/6 7248/4/6 7291/4/6
f 7283/2/6 7284/2/6 7292/2/6
f 7291/1/6 7272/1/6 7292/1/6
f 7272/2/6 7283/2/6 7292/2/6
f 7292/2/6 7284/2/6 7293/2/6
f 7284/1/6 7285/1/6 7294/1/6
f 7293/2/6 7284/2/6 7294/2/6
f 7285/1/6 7286/1/6 7294/1/6
f 7294/1/6 7286/1/6 7295/1/6
f 7277/1/6 7278/1/6 7296/1/6
f 7266/2/6 7279/2/6 7297/2/6
f 7296/1/6 7278/1/6 7297/1/6
f 7278/1/6 7266/1/6 7297/1/6
f 7287/1/6 7288/1/6 7298/1/6
f 7297/2/6 7279/2/6 7298/2/6
f 7279/1/6 7287/1/6 7298/1/6
f 7288/4/6 7289/4/6 7299/4/6
f 7298/1/6 7288/1/6 7299/1/6
f 7289/4/6 7290/4/6 7299/4/6
f 7292/1/6 7293/1/6 7300/1/6
f 7299/4/6 7290/4/6 7300/4/6
f 7291/1/6 7292/1/6 7300/1/6
f 7290/1/6 7291/1/6 7300/1/6
f 7293/2/6 7294/2/6 7301/2/6
f 7300/1/6 7293/1/6 7301/1/6
f 7294/2/6 7295/2/6 7301/2/6
f 7301/2/6 7295/2/6 7302/2/6
f 7303/1/6 7304/1/6 7305/1/6
f 7305/1/6 7304/1/6 7306/1/6
f 7306/1/6 7307/1/6 7308/1/6
f 7308/1/6 7307/1/6 7309/1/6
f 7311/2/6 7312/2/6 7313/2/6
f 7310/1/6 7311/1/6 7318/1/6
f 7311/2/6 7313/2/6 7319/2/6
f 7318/1/6 7311/1/6 7319/1/6
f 7319/2/6 7313/2/6 7320/2/6
f 7313/4/6 7314/4/6 7321/4/6
f 7320/2/6 7313/2/6 7321/2/6
f 7314/1/6 7315/1/6 7322/1/6
f 7321/4/6 7314/4/6 7322/4/6
f 7322/1/6 7315/1/6 7323/1/6
f 7316/1/6 7317/1/6 7324/1/6
f 7315/4/6 7316/4/6 7324/4/6
f 7324/1/6 7317/1/6 7325/1/6
f 7325/1/6 7317/1/6 7326/1/6
f 7310/1/6 7318/1/6 7331/1/6
f 7319/2/6 7320/2/6 7332/2/6
f 7331/1/6 7318/1/6 7332/1/6
f 7318/2/6 7319/2/6 7332/2/6
f 7332/2/6 7320/2/6 7333/2/6
f 7333/2/6 7320/2/6 7334/2/6
f 7320/4/6 7321/4/6 7335/4/6
f 7334/2/6 7320/2/6 7335/2/6
f 7321/4/6 7322/4/6 7335/4/6
f 7335/4/6 7322/4/6 7336/4/6
f 7322/2/6 7323/2/6 7337/2/6
f 7336/4/6 7322/4/6 7337/4/6
f 7337/2/6 7323/2/6 7338/2/6
f 7323/1/6 7315/1/6 7339/1/6
f 7338/2/6 7323/2/6 7339/2/6
f 7315/4/6 7324/4/6 7340/4/6
f 7339/1/6 7315/1/6 7340/1/6
f 7324/4/6 7325/4/6 7340/4/6
f 7340/4/6 7325/4/6 7341/4/6
f 7326/2/6 7327/2/6 7342/2/6
f 7327/1/6 7328/1/6 7342/1/6
f 7342/1/6 7328/1/6 7343/1/6
f 7329/1/6 7330/1/6 7344/1/6
f 7328/4/6 7329/4/6 7344/4/6
f 7344/1/6 7330/1/6 7345/1/6
f 7345/1/6 7330/1/6 7346/1/6
f 7333/1/6 7334/1/6 7348/1/6
f 7335/4/6 7336/4/6 7349/4/6
f 7348/1/6 7334/1/6 7349/1/6
f 7334/4/6 7335/4/6 7349/4/6
f 7337/1/6 7338/1/6 7350/1/6
f 7349/4/6 7336/4/6 7350/4/6
f 7336/1/6 7337/1/6 7350/1/6
f 7338/2/6 7339/2/6 7351/2/6
f 7350/1/6 7338/1/6 7351/1/6
f 7339/2/6 7340/2/6 7351/2/6
f 7340/1/6 7341/1/6 7352/1/6
f 7351/2/6 7340/2/6 7352/2/6
f 7341/4/6 7325/4/6 7353/4/6
f 7352/1/6 7341/1/6 7353/1/6
f 7325/1/6 7326/1/6 7354/1/6
f 7353/4/6 7325/4/6 7354/4/6
f 7342/2/6 7343/2/6 7355/2/6
f 7354/1/6 7326/1/6 7355/1/6
f 7326/2/6 7342/2/6 7355/2/6
f 7355/2/6 7343/2/6 7356/2/6
f 7343/1/6 7328/1/6 7357/1/6
f 7356/2/6 7343/2/6 7357/2/6
f 7357/1/6 7328/1/6 7358/1/6
f 7328/4/6 7344/4/6 7359/4/6
f 7358/1/6 7328/1/6 7359/1/6
f 7359/4/6 7344/4/6 7360/4/6
f 7346/1/6 7347/1/6 7361/1/6
f 7345/1/6 7346/1/6 7361/1/6
f 7361/1/6 7347/1/6 7362/1/6
f 7362/1/6 7347/1/6 7363/1/6
f 7355/4/6 7356/4/6 7367/4/6
f 7353/4/6 7354/4/6 7367/4/6
f 7354/4/6 7355/4/6 7367/4/6
f 7367/4/6 7356/4/6 7368/4/6
f 7356/2/6 7357/2/6 7369/2/6
f 7368/4/6 7356/4/6 7369/4/6
f 7357/2/6 7358/2/6 7369/2/6
f 7369/2/6 7358/2/6 7370/2/6
f 7358/4/6 7359/4/6 7371/4/6
f 7370/2/6 7358/2/6 7371/2/6
f 7371/4/6 7359/4/6 7372/4/6
f 7363/4/6 7364/4/6 7373/4/6
f 7362/4/6 7363/4/6 7373/4/6
f 7373/4/6 7364/4/6 7374/4/6
f 7374/4/6 7364/4/6 7375/4/6
f 7365/1/6 7366/1/6 7376/1/6
f 7376/1/6 7366/1/6 7377/1/6
f 7367/1/6 7368/1/6 7379/1/6
f 7369/4/6 7370/4/6 7380/4/6
f 7379/1/6 7368/1/6 7380/1/6
f 7368/4/6 7369/4/6 7380/4/6
f 7380/4/6 7370/4/6 7381/4/6
f 7374/4/6 7375/4/6 7385/4/6
f 7377/1/6 7378/1/6 7386/1/6
f 7376/1/6 7377/1/6 7386/1/6
f 7385/4/6 7375/4/6 7386/4/6
f 7375/1/6 7376/1/6 7386/1/6
f 7386/1/6 7378/1/6 7387/1/6
f 7367/1/6 7379/1/6 7389/1/6
f 7389/1/6 7379/1/6 7390/1/6
f 7382/1/6 7383/1/6 7391/1/6
f 7384/1/6 7385/1/6 7392/1/6
f 7387/4/6 7388/4/6 7393/4/6
f 7386/4/6 7387/4/6 7393/4/6
f 7392/1/6 7385/1/6 7393/1/6
f 7385/4/6 7386/4/6 7393/4/6
f 7393/4/6 7388/4/6 7394/4/6
f 7394/4/6 7388/4/6 7395/4/6
f 7395/4/6 7388/4/6 7396/4/6
f 7396/4/6 7388/4/6 7397/4/6
f 7391/1/6 7392/1/6 7399/1/6
f 7392/4/6 7393/4/6 7400/4/6
f 7399/1/6 7392/1/6 7400/1/6
f 7393/4/6 7394/4/6 7400/4/6
f 7400/4/6 7394/4/6 7401/4/6
f 7394/1/6 7395/1/6 7402/1/6
f 7401/4/6 7394/4/6 7402/4/6
f 7395/2/6 7396/2/6 7403/2/6
f 7402/1/6 7395/1/6 7403/1/6
f 7403/2/6 7396/2/6 7404/2/6
f 7397/4/6 7398/4/6 7405/4/6
f 7404/2/6 7396/2/6 7405/2/6
f 7396/4/6 7397/4/6 7405/4/6
f 7405/4/6 7398/4/6 7406/4/6
f 7382/1/6 7391/1/6 7407/1/6
f 7391/1/6 7399/1/6 7407/1/6
f 7407/1/6 7399/1/6 7408/1/6
f 7400/4/6 7401/4/6 7409/4/6
f 7399/4/6 7400/4/6 7409/4/6
f 7401/1/6 7402/1/6 7410/1/6
f 7409/4/6 7401/4/6 7410/4/6
f 7403/2/6 7404/2/6 7411/2/6
f 7410/1/6 7402/1/6 7411/1/6
f 7402/2/6 7403/2/6 7411/2/6
f 7405/1/6 7406/1/6 7412/1/6
f 7411/2/6 7404/2/6 7412/2/6
f 7404/1/6 7405/1/6 7412/1/6
f 7406/4/6 7398/4/6 7413/4/6
f 7412/1/6 7406/1/6 7413/1/6
f 7413/4/6 7398/4/6 7414/4/6
f 7408/1/6 7399/1/6 7415/1/6
f 7399/4/6 7409/4/6 7416/4/6
f 7415/1/6 7399/1/6 7416/1/6
f 7409/1/6 7410/1/6 7417/1/6
f 7410/1/6 7411/1/6 7417/1/6
f 7417/1/6 7411/1/6 7418/1/6
f 7416/4/6 7409/4/6 7419/4/6
f 7409/1/6 7417/1/6 7420/1/6
f 7419/4/6 7409/4/6 7420/4/6
f 7413/1/6 7414/1/6 7421/1/6
f 7412/1/6 7413/1/6 7421/1/6
f 7421/1/6 7414/1/6 7422/1/6
f 7419/1/6 7420/1/6 7423/1/6
f 7420/1/6 7417/1/6 7424/1/6
f 7423/1/6 7420/1/6 7424/1/6
f 7424/1/6 7417/1/6 7425/1/6
f 7412/1/6 7421/1/6 7427/1/6
f 7427/1/6 7421/1/6 7428/1/6
f 7421/4/6 7422/4/6 7429/4/6
f 7428/1/6 7421/1/6 7429/1/6
f 7425/2/6 7426/2/6 7430/2/6
f 7424/2/6 7425/2/6 7430/2/6
f 7427/1/6 7428/1/6 7431/1/6
f 7430/2/6 7426/2/6 7431/2/6
f 7426/1/6 7427/1/6 7431/1/6
f 7431/1/6 7428/1/6 7432/1/6
f 7428/4/6 7429/4/6 7433/4/6
f 7432/1/6 7428/1/6 7433/1/6
f 7429/4/6 7422/4/6 7434/4/6
f 7433/4/6 7429/4/6 7434/4/6
f 7434/4/6 7422/4/6 7435/4/6
f 7430/4/6 7431/4/6 7436/4/6
f 7436/4/6 7431/4/6 7437/4/6
f 7431/1/6 7432/1/6 7438/1/6
f 7437/4/6 7431/4/6 7438/4/6
f 7432/4/6 7433/4/6 7439/4/6
f 7438/1/6 7432/1/6 7439/1/6
f 7433/4/6 7434/4/6 7439/4/6
f 7439/4/6 7434/4/6 7440/4/6
f 7437/4/6 7438/4/6 7442/4/6
f 7440/4/6 7441/4/6 7442/4/6
f 7439/4/6 7440/4/6 7442/4/6
f 7438/4/6 7439/4/6 7442/4/6
f 7442/4/6 7441/4/6 7443/4/6
f 7443/4/6 7441/4/6 7444/4/6
f 7444/4/6 7441/4/6 7445/4/6
f 7442/1/6 7443/1/6 7446/1/6
f 7443/2/6 7444/2/6 7446/2/6
f 7446/2/6 7444/2/6 7447/2/6
f 7444/1/6 7445/1/6 7448/1/6
f 7447/2/6 7444/2/6 7448/2/6
f 7445/4/6 7441/4/6 7449/4/6
f 7448/1/6 7445/1/6 7449/1/6
f 7449/4/6 7441/4/6 7450/4/6
f 7446/1/6 7447/1/6 7451/1/6
f 7442/1/6 7446/1/6 7451/1/6
f 7451/1/6 7447/1/6 7452/1/6
f 7447/2/6 7448/2/6 7453/2/6
f 7449/1/6 7450/1/6 7453/1/6
f 7448/2/6 7449/2/6 7453/2/6
f 7450/4/6 7441/4/6 7454/4/6
f 7453/1/6 7450/1/6 7454/1/6
f 7454/4/6 7441/4/6 7455/4/6
f 7452/1/6 7447/1/6 7456/1/6
f 7447/2/6 7453/2/6 7457/2/6
f 7456/1/6 7447/1/6 7457/1/6
f 7457/2/6 7453/2/6 7458/2/6
f 7459/1/6 7460/1/6 7461/1/6
f 7461/1/6 7460/1/6 7462/1/6
f 7462/1/6 7463/1/6 7464/1/6
f 7464/1/6 7463/1/6 7465/1/6
f 7466/4/6 7467/4/6 7476/4/6
f 7467/1/6 7468/1/6 7477/1/6
f 7476/4/6 7467/4/6 7477/4/6
f 7477/1/6 7468/1/6 7478/1/6
f 7469/1/6 7470/1/6 7479/1/6
f 7470/2/6 7471/2/6 7479/2/6
f 7471/1/6 7472/1/6 7480/1/6
f 7479/2/6 7471/2/6 7480/2/6
f 7472/4/6 7473/4/6 7481/4/6
f 7480/1/6 7472/1/6 7481/1/6
f 7481/4/6 7473/4/6 7482/4/6
f 7482/4/6 7473/4/6 7483/4/6
f 7474/2/6 7475/2/6 7486/2/6
f 7486/2/6 7475/2/6 7487/2/6
f 7466/4/6 7476/4/6 7489/4/6
f 7489/4/6 7476/4/6 7490/4/6
f 7476/2/6 7477/2/6 7491/2/6
f 7490/4/6 7476/4/6 7491/4/6
f 7491/2/6 7477/2/6 7492/2/6
f 7477/4/6 7478/4/6 7493/4/6
f 7492/2/6 7477/2/6 7493/2/6
f 7478/1/6 7468/1/6 7494/1/6
f 7493/4/6 7478/4/6 7494/4/6
f 7494/1/6 7468/1/6 7495/1/6
f 7495/1/6 7468/1/6 7496/1/6
f 7468/4/6 7469/4/6 7497/4/6
f 7496/1/6 7468/1/6 7497/1/6
f 7469/1/6 7479/1/6 7498/1/6
f 7497/4/6 7469/4/6 7498/4/6
f 7479/1/6 7480/1/6 7498/1/6
f 7498/1/6 7480/1/6 7499/1/6
f 7480/2/6 7481/2/6 7500/2/6
f 7499/1/6 7480/1/6 7500/1/6
f 7483/1/6 7484/1/6 7501/1/6
f 7482/4/6 7483/4/6 7501/4/6
f 7501/1/6 7484/1/6 7502/1/6
f 7487/2/6 7488/2/6 7504/2/6
f 7485/1/6 7486/1/6 7504/1/6
f 7486/2/6 7487/2/6 7504/2/6
f 7504/2/6 7488/2/6 7505/2/6
f 7505/2/6 7488/2/6 7506/2/6
f 7492/1/6 7493/1/6 7508/1/6
f 7494/4/6 7495/4/6 7508/4/6
f 7493/4/6 7494/4/6 7508/4/6
f 7508/4/6 7495/4/6 7509/4/6
f 7495/1/6 7496/1/6 7510/1/6
f 7509/4/6 7495/4/6 7510/4/6
f 7496/4/6 7497/4/6 7511/4/6
f 7510/1/6 7496/1/6 7511/1/6
f 7511/4/6 7497/4/6 7512/4/6
f 7498/1/6 7499/1/6 7513/1/6
f 7512/4/6 7497/4/6 7513/4/6
f 7497/1/6 7498/1/6 7513/1/6
f 7501/4/6 7502/4/6 7514/4/6
f 7481/1/6 7482/1/6 7514/1/6
f 7482/4/6 7501/4/6 7514/4/6
f 7514/4/6 7502/4/6 7515/4/6
f 7506/2/6 7507/2/6 7516/2/6
f 7505/2/6 7506/2/6 7516/2/6
f 7504/1/6 7505/1/6 7516/1/6
f 7516/2/6 7507/2/6 7517/2/6
f 7517/2/6 7507/2/6 7518/2/6
f 7491/2/6 7492/2/6 7520/2/6
f 7490/2/6 7491/2/6 7520/2/6
f 7520/2/6 7492/2/6 7521/2/6
f 7508/1/6 7509/1/6 7522/1/6
f 7509/4/6 7510/4/6 7522/4/6
f 7511/4/6 7512/4/6 7522/4/6
f 7510/4/6 7511/4/6 7522/4/6
f 7522/4/6 7512/4/6 7523/4/6
f 7523/4/6 7512/4/6 7524/4/6
f 7512/1/6 7513/1/6 7525/1/6
f 7524/4/6 7512/4/6 7525/4/6
f 7513/1/6 7499/1/6 7526/1/6
f 7525/1/6 7513/1/6 7526/1/6
f 7499/2/6 7500/2/6 7527/2/6
f 7526/1/6 7499/1/6 7527/1/6
f 7500/2/6 7481/2/6 7528/2/6
f 7527/2/6 7500/2/6 7528/2/6
f 7514/1/6 7515/1/6 7528/1/6
f 7481/1/6 7514/1/6 7528/1/6
f 7528/1/6 7515/1/6 7529/1/6
f 7502/1/6 7503/1/6 7530/1/6
f 7515/4/6 7502/4/6 7530/4/6
f 7530/1/6 7503/1/6 7531/1/6
f 7516/1/6 7517/1/6 7532/1/6
f 7517/2/6 7518/2/6 7532/2/6
f 7518/4/6 7519/4/6 7533/4/6
f 7532/2/6 7518/2/6 7533/2/6
f 7533/4/6 7519/4/6 7534/4/6
f 7520/1/6 7521/1/6 7535/1/6
f 7521/2/6 7492/2/6 7536/2/6
f 7535/1/6 7521/1/6 7536/1/6
f 7522/1/6 7523/1/6 7537/1/6
f 7536/2/6 7492/2/6 7537/2/6
f 7492/1/6 7508/1/6 7537/1/6
f 7508/1/6 7522/1/6 7537/1/6
f 7537/1/6 7523/1/6 7538/1/6
f 7524/1/6 7525/1/6 7539/1/6
f 7525/1/6 7526/1/6 7539/1/6
f 7526/2/6 7527/2/6 7540/2/6
f 7539/1/6 7526/1/6 7540/1/6
f 7528/2/6 7529/2/6 7540/2/6
f 7527/2/6 7528/2/6 7540/2/6
f 7540/2/6 7529/2/6 7541/2/6
f 7541/2/6 7529/2/6 7542/2/6
f 7529/1/6 7515/1/6 7543/1/6
f 7542/2/6 7529/2/6 7543/2/6
f 7530/4/6 7531/4/6 7544/4/6
f 7543/1/6 7515/1/6 7544/1/6
f 7515/4/6 7530/4/6 7544/4/6
f 7544/4/6 7531/4/6 7545/4/6
f 7545/4/6 7531/4/6 7546/4/6
f 7516/1/6 7532/1/6 7547/1/6
f 7532/1/6 7533/1/6 7547/1/6
f 7533/4/6 7534/4/6 7548/4/6
f 7547/1/6 7533/1/6 7548/1/6
f 7536/2/6 7537/2/6 7549/2/6
f 7535/2/6 7536/2/6 7549/2/6
f 7537/2/6 7538/2/6 7549/2/6
f 7549/2/6 7538/2/6 7550/2/6
f 7538/1/6 7523/1/6 7551/1/6
f 7550/2/6 7538/2/6 7551/2/6
f 7551/1/6 7523/1/6 7552/1/6
f 7543/4/6 7544/4/6 7553/4/6
f 7544/4/6 7545/4/6 7553/4/6
f 7553/4/6 7545/4/6 7554/4/6
f 7545/1/6 7546/1/6 7555/1/6
f 7554/4/6 7545/4/6 7555/4/6
f 7516/1/6 7547/1/6 7556/1/6
f 7485/1/6 7504/1/6 7556/1/6
f 7504/1/6 7516/1/6 7556/1/6
f 7556/1/6 7547/1/6 7557/1/6
f 7547/4/6 7548/4/6 7558/4/6
f 7557/1/6 7547/1/6 7558/1/6
f 7534/1/6 7535/1/6 7559/1/6
f 7558/4/6 7548/4/6 7559/4/6
f 7548/4/6 7534/4/6 7559/4/6
f 7535/2/6 7549/2/6 7560/2/6
f 7559/1/6 7535/1/6 7560/1/6
f 7549/1/6 7550/1/6 7561/1/6
f 7560/2/6 7549/2/6 7561/2/6
f 7550/2/6 7551/2/6 7562/2/6
f 7561/1/6 7550/1/6 7562/1/6
f 7551/2/6 7552/2/6 7562/2/6
f 7562/2/6 7552/2/6 7563/2/6
f 7552/1/6 7523/1/6 7564/1/6
f 7563/2/6 7552/2/6 7564/2/6
f 7523/4/6 7524/4/6 7565/4/6
f 7564/1/6 7523/1/6 7565/1/6
f 7524/1/6 7539/1/6 7566/1/6
f 7565/4/6 7524/4/6 7566/4/6
f 7566/1/6 7539/1/6 7567/1/6
f 7567/1/6 7539/1/6 7568/1/6
f 7541/1/6 7542/1/6 7570/1/6
f 7542/2/6 7543/2/6 7570/2/6
f 7543/4/6 7553/4/6 7571/4/6
f 7570/2/6 7543/2/6 7571/2/6
f 7554/1/6 7555/1/6 7572/1/6
f 7555/1/6 7546/1/6 7573/1/6
f 7572/1/6 7555/1/6 7573/1/6
f 7573/1/6 7546/1/6 7574/1/6
f 7557/4/6 7558/4/6 7575/4/6
f 7559/4/6 7560/4/6 7575/4/6
f 7558/4/6 7559/4/6 7575/4/6
f 7575/4/6 7560/4/6 7576/4/6
f 7562/1/6 7563/1/6 7577/1/6
f 7576/4/6 7560/4/6 7577/4/6
f 7560/1/6 7561/1/6 7577/1/6
f 7561/1/6 7562/1/6 7577/1/6
f 7577/1/6 7563/1/6 7578/1/6
f 7563/2/6 7564/2/6 7579/2/6
f 7578/1/6 7563/1/6 7579/1/6
f 7564/4/6 7565/4/6 7580/4/6
f 7579/2/6 7564/2/6 7580/2/6
f 7566/4/6 7567/4/6 7580/4/6
f 7565/4/6 7566/4/6 7580/4/6
f 7580/4/6 7567/4/6 7581/4/6
f 7581/4/6 7567/4/6 7582/4/6
f 7568/2/6 7569/2/6 7583/2/6
f 7567/2/6 7568/2/6 7583/2/6
f 7583/2/6 7569/2/6 7584/2/6
f 7541/1/6 7570/1/6 7585/1/6
f 7570/4/6 7571/4/6 7586/4/6
f 7585/1/6 7570/1/6 7586/1/6
f 7571/4/6 7553/4/6 7587/4/6
f 7586/4/6 7571/4/6 7587/4/6
f 7574/1/6 7546/1/6 7589/1/6
f 7576/4/6 7577/4/6 7590/4/6
f 7577/4/6 7578/4/6 7590/4/6
f 7578/1/6 7579/1/6 7591/1/6
f 7590/4/6 7578/4/6 7591/4/6
f 7579/4/6 7580/4/6 7592/4/6
f 7591/1/6 7579/1/6 7592/1/6
f 7580/4/6 7581/4/6 7592/4/6
f 7581/1/6 7582/1/6 7593/1/6
f 7592/4/6 7581/4/6 7593/4/6
f 7582/4/6 7567/4/6 7594/4/6
f 7593/1/6 7582/1/6 7594/1/6
f 7567/2/6 7583/2/6 7595/2/6
f 7594/4/6 7567/4/6 7595/4/6
f 7583/1/6 7584/1/6 7596/1/6
f 7595/2/6 7583/2/6 7596/2/6
f 7596/1/6 7584/1/6 7597/1/6
f 7586/4/6 7587/4/6 7599/4/6
f 7585/4/6 7586/4/6 7599/4/6
f 7599/4/6 7587/4/6 7600/4/6
f 7600/4/6 7587/4/6 7601/4/6
f 7601/4/6 7587/4/6 7602/4/6
f 7588/2/6 7589/2/6 7604/2/6
f 7589/1/6 7546/1/6 7605/1/6
f 7604/2/6 7589/2/6 7605/2/6
f 7605/1/6 7546/1/6 7606/1/6
f 7596/4/6 7597/4/6 7607/4/6
f 7594/4/6 7595/4/6 7607/4/6
f 7595/4/6 7596/4/6 7607/4/6
f 7597/1/6 7598/1/6 7608/1/6
f 7607/4/6 7597/4/6 7608/4/6
f 7599/4/6 7600/4/6 7609/4/6
f 7608/1/6 7598/1/6 7609/1/6
f 7598/4/6 7599/4/6 7609/4/6
f 7600/1/6 7601/1/6 7610/1/6
f 7609/4/6 7600/4/6 7610/4/6
f 7610/1/6 7601/1/6 7611/1/6
f 7602/1/6 7603/1/6 7612/1/6
f 7601/4/6 7602/4/6 7612/4/6
f 7612/1/6 7603/1/6 7613/1/6
f 7605/2/6 7606/2/6 7614/2/6
f 7604/2/6 7605/2/6 7614/2/6
f 7614/2/6 7606/2/6 7615/2/6
f 7611/1/6 7601/1/6 7616/1/6
f 7612/4/6 7613/4/6 7617/4/6
f 7616/1/6 7601/1/6 7617/1/6
f 7601/4/6 7612/4/6 7617/4/6
f 7617/4/6 7613/4/6 7618/4/6
f 7614/1/6 7615/1/6 7619/1/6
f 7618/4/6 7613/4/6 7619/4/6
f 7613/1/6 7614/1/6 7619/1/6
f 7619/1/6 7615/1/6 7620/1/6
f 7617/1/6 7618/1/6 7621/1/6
f 7619/4/6 7620/4/6 7621/4/6
f 7618/4/6 7619/4/6 7621/4/6
f 7620/1/6 7615/1/6 7622/1/6
f 7621/4/6 7620/4/6 7622/4/6
f 7615/2/6 7606/2/6 7623/2/6
f 7622/1/6 7615/1/6 7623/1/6
f 7623/2/6 7606/2/6 7624/2/6
f 7617/1/6 7621/1/6 7625/1/6
f 7625/1/6 7621/1/6 7626/1/6
f 7623/1/6 7624/1/6 7627/1/6
f 7622/1/6 7623/1/6 7627/1/6
f 7627/1/6 7624/1/6 7628/1/6
f 7628/1/6 7624/1/6 7629/1/6
f 7629/1/6 7624/1/6 7630/1/6
f 7631/1/6 7632/1/6 7633/1/6
f 7633/1/6 7632/1/6 7634/1/6
f 7634/1/6 7632/1/6 7635/1/6
f 7635/1/6 7632/1/6 7636/1/6
f 7636/1/6 7632/1/6 7637/1/6
f 7637/1/6 7632/1/6 7638/1/6
f 7639/1/6 7640/1/6 7642/1/6
f 7642/1/6 7640/1/6 7643/1/6
f 7641/1/6 7642/1/6 7644/1/6
f 7644/1/6 7642/1/6 7645/1/6
f 7645/1/6 7646/1/6 7647/1/6
f 7647/1/6 7646/1/6 7648/1/6
f 7649/1/6 7650/1/6 7651/1/6
f 7651/1/6 7650/1/6 7652/1/6
f 7653/2/6 7654/2/6 7655/2/6
f 7655/2/6 7654/2/6 7656/2/6
f 7657/3/6 7658/3/6 7664/3/6
f 7658/4/6 7659/4/6 7665/4/6
f 7664/3/6 7658/3/6 7665/3/6
f 7659/3/6 7660/3/6 7666/3/6
f 7665/4/6 7659/4/6 7666/4/6
f 7666/3/6 7660/3/6 7667/3/6
f 7667/3/6 7660/3/6 7668/3/6
f 7660/2/6 7661/2/6 7669/2/6
f 7668/3/6 7660/3/6 7669/3/6
f 7661/4/6 7662/4/6 7670/4/6
f 7663/3/6 7664/3/6 7672/3/6
f 7664/3/6 7665/3/6 7672/3/6
f 7665/3/6 7666/3/6 7672/3/6
f 7666/4/6 7667/4/6 7673/4/6
f 7672/3/6 7666/3/6 7673/3/6
f 7667/3/6 7668/3/6 7674/3/6
f 7673/4/6 7667/4/6 7674/4/6
f 7668/2/6 7669/2/6 7675/2/6
f 7674/3/6 7668/3/6 7675/3/6
f 7675/2/6 7669/2/6 7676/2/6
f 7669/2/6 7661/2/6 7677/2/6
f 7676/2/6 7669/2/6 7677/2/6
f 7661/4/6 7670/4/6 7678/4/6
f 7677/2/6 7661/2/6 7678/2/6
f 7670/3/6 7671/3/6 7679/3/6
f 7678/4/6 7670/4/6 7679/4/6
f 7679/3/6 7671/3/6 7680/3/6
f 7663/3/6 7672/3/6 7684/3/6
f 7672/4/6 7673/4/6 7685/4/6
f 7684/3/6 7672/3/6 7685/3/6
f 7673/3/6 7674/3/6 7686/3/6
f 7685/4/6 7673/4/6 7686/4/6
f 7675/4/6 7676/4/6 7687/4/6
f 7686/3/6 7674/3/6 7687/3/6
f 7674/4/6 7675/4/6 7687/4/6
f 7687/4/6 7676/4/6 7688/4/6
f 7676/3/6 7677/3/6 7689/3/6
f 7688/4/6 7676/4/6 7689/4/6
f 7677/4/6 7678/4/6 7690/4/6
f 7689/3/6 7677/3/6 7690/3/6
f 7678/3/6 7679/3/6 7691/3/6
f 7690/4/6 7678/4/6 7691/4/6
f 7679/2/6 7680/2/6 7692/2/6
f 7691/3/6 7679/3/6 7692/3/6
f 7680/3/6 7681/3/6 7693/3/6
f 7692/2/6 7680/2/6 7693/2/6
f 7693/3/6 7681/3/6 7694/3/6
f 7682/3/6 7683/3/6 7696/3/6
f 7663/3/6 7684/3/6 7697/3/6
f 7684/4/6 7685/4/6 7698/4/6
f 7697/3/6 7684/3/6 7698/3/6
f 7685/3/6 7686/3/6 7699/3/6
f 7698/4/6 7685/4/6 7699/4/6
f 7687/2/6 7688/2/6 7700/2/6
f 7699/3/6 7686/3/6 7700/3/6
f 7686/2/6 7687/2/6 7700/2/6
f 7688/3/6 7689/3/6 7701/3/6
f 7700/2/6 7688/2/6 7701/2/6
f 7689/4/6 7690/4/6 7702/4/6
f 7701/3/6 7689/3/6 7702/3/6
f 7702/4/6 7690/4/6 7703/4/6
f 7695/3/6 7696/3/6 7704/3/6
f 7696/3/6 7683/3/6 7704/3/6
f 7704/3/6 7683/3/6 7705/3/6
f 7698/3/6 7699/3/6 7706/3/6
f 7699/2/6 7700/2/6 7707/2/6
f 7706/3/6 7699/3/6 7707/3/6
f 7702/3/6 7703/3/6 7708/3/6
f 7707/2/6 7700/2/6 7708/2/6
f 7701/3/6 7702/3/6 7708/3/6
f 7700/3/6 7701/3/6 7708/3/6
f 7708/3/6 7703/3/6 7709/3/6
f 7695/3/6 7704/3/6 7710/3/6
f 7704/4/6 7705/4/6 7711/4/6
f 7710/3/6 7704/3/6 7711/3/6
f 7711/4/6 7705/4/6 7712/4/6
f 7710/4/6 7711/4/6 7714/4/6
f 7711/3/6 7712/3/6 7715/3/6
f 7714/4/6 7711/4/6 7715/4/6
f 7715/3/6 7712/3/6 7716/3/6
f 7713/4/6 7714/4/6 7717/4/6
f 7714/3/6 7715/3/6 7717/3/6
f 7717/3/6 7715/3/6 7718/3/6
f 7718/3/6 7719/3/6 7724/3/6
f 7720/3/6 7721/3/6 7725/3/6
f 7722/3/6 7723/3/6 7727/3/6
f 7727/3/6 7723/3/6 7728/3/6
f 7728/3/6 7723/3/6 7729/3/6
f 7713/4/6 7717/4/6 7732/4/6
f 7717/2/6 7718/2/6 7733/2/6
f 7732/4/6 7717/4/6 7733/4/6
f 7718/3/6 7724/3/6 7734/3/6
f 7733/2/6 7718/2/6 7734/2/6
f 7724/3/6 7725/3/6 7734/3/6
f 7734/3/6 7725/3/6 7735/3/6
f 7725/3/6 7721/3/6 7736/3/6
f 7735/3/6 7725/3/6 7736/3/6
f 7736/3/6 7721/3/6 7737/3/6
f 7726/3/6 7727/3/6 7738/3/6
f 7727/4/6 7728/4/6 7739/4/6
f 7738/3/6 7727/3/6 7739/3/6
f 7739/4/6 7728/4/6 7740/4/6
f 7728/2/6 7729/2/6 7741/2/6
f 7740/4/6 7728/4/6 7741/4/6
f 7729/3/6 7730/3/6 7742/3/6
f 7741/2/6 7729/2/6 7742/2/6
f 7732/3/6 7733/3/6 7743/3/6
f 7731/3/6 7732/3/6 7743/3/6
f 7733/4/6 7734/4/6 7743/4/6
f 7734/2/6 7735/2/6 7744/2/6
f 7743/4/6 7734/4/6 7744/4/6
f 7735/3/6 7736/3/6 7745/3/6
f 7744/2/6 7735/2/6 7745/2/6
f 7736/4/6 7737/4/6 7746/4/6
f 7745/3/6 7736/3/6 7746/3/6
f 7746/4/6 7737/4/6 7747/4/6
f 7739/3/6 7740/3/6 7748/3/6
f 7738/4/6 7739/4/6 7748/4/6
f 7740/2/6 7741/2/6 7749/2/6
f 7748/3/6 7740/3/6 7749/3/6
f 7741/4/6 7742/4/6 7750/4/6
f 7749/2/6 7741/2/6 7750/2/6
f 7742/3/6 7730/3/6 7751/3/6
f 7750/4/6 7742/4/6 7751/4/6
f 7751/3/6 7730/3/6 7752/3/6
f 7731/3/6 7743/3/6 7753/3/6
f 7743/3/6 7744/3/6 7753/3/6
f 7753/3/6 7744/3/6 7754/3/6
f 7754/3/6 7744/3/6 7755/3/6
f 7744/4/6 7745/4/6 7756/4/6
f 7755/3/6 7744/3/6 7756/3/6
f 7745/4/6 7746/4/6 7756/4/6
f 7756/4/6 7746/4/6 7757/4/6
f 7746/3/6 7747/3/6 7758/3/6
f 7757/4/6 7746/4/6 7758/4/6
f 7758/3/6 7747/3/6 7759/3/6
f 7754/3/6 7755/3/6 7760/3/6
f 7755/4/6 7756/4/6 7761/4/6
f 7760/3/6 7755/3/6 7761/3/6
f 7756/3/6 7757/3/6 7762/3/6
f 7761/4/6 7756/4/6 7762/4/6
f 7758/2/6 7759/2/6 7763/2/6
f 7762/3/6 7757/3/6 7763/3/6
f 7757/2/6 7758/2/6 7763/2/6
f 7763/2/6 7759/2/6 7764/2/6
f 7738/4/6 7748/4/6 7765/4/6
f 7748/2/6 7749/2/6 7766/2/6
f 7765/4/6 7748/4/6 7766/4/6
f 7749/3/6 7750/3/6 7767/3/6
f 7766/2/6 7749/2/6 7767/2/6
f 7750/3/6 7751/3/6 7767/3/6
f 7767/3/6 7751/3/6 7768/3/6
f 7751/4/6 7752/4/6 7769/4/6
f 7768/3/6 7751/3/6 7769/3/6
f 7769/4/6 7752/4/6 7770/4/6
f 7762/3/6 7763/3/6 7771/3/6
f 7761/3/6 7762/3/6 7771/3/6
f 7771/3/6 7763/3/6 7772/3/6
f 7766/3/6 7767/3/6 7773/3/6
f 7767/2/6 7768/2/6 7774/2/6
f 7773/3/6 7767/3/6 7774/3/6
f 7768/3/6 7769/3/6 7775/3/6
f 7774/2/6 7768/2/6 7775/2/6
f 7775/3/6 7769/3/6 7776/3/6
f 7777/3/6 7778/3/6 7781/3/6
f 7778/4/6 7779/4/6 7782/4/6
f 7781/3/6 7778/3/6 7782/3/6
f 7782/4/6 7779/4/6 7783/4/6
f 7775/2/6 7776/2/6 7784/2/6
f 7774/3/6 7775/3/6 7784/3/6
f 7784/2/6 7776/2/6 7785/2/6
f 7780/3/6 7781/3/6 7786/3/6
f 7786/3/6 7781/3/6 7787/3/6
f 7781/4/6 7782/4/6 7788/4/6
f 7787/3/6 7781/3/6 7788/3/6
f 7774/3/6 7784/3/6 7789/3/6
f 7784/3/6 7785/3/6 7789/3/6
f 7789/3/6 7785/3/6 7790/3/6
f 7787/2/6 7788/2/6 7793/2/6
f 7788/4/6 7782/4/6 7794/4/6
f 7793/2/6 7788/2/6 7794/2/6
f 7782/3/6 7783/3/6 7795/3/6
f 7794/4/6 7782/4/6 7795/4/6
f 7793/4/6 7794/4/6 7796/4/6
f 7792/4/6 7793/4/6 7796/4/6
f 7791/3/6 7792/3/6 7796/3/6
f 7796/4/6 7794/4/6 7797/4/6
f 7797/4/6 7794/4/6 7798/4/6
f 7794/2/6 7795/2/6 7799/2/6
f 7798/4/6 7794/4/6 7799/4/6
f 7795/3/6 7783/3/6 7800/3/6
f 7799/2/6 7795/2/6 7800/2/6
f 7800/3/6 7783/3/6 7801/3/6
f 7791/3/6 7796/3/6 7802/3/6
f 7796/2/6 7797/2/6 7803/2/6
f 7802/3/6 7796/3/6 7803/3/6
f 7797/4/6 7798/4/6 7804/4/6
f 7803/2/6 7797/2/6 7804/2/6
f 7798/3/6 7799/3/6 7805/3/6
f 7804/4/6 7798/4/6 7805/4/6
f 7805/3/6 7799/3/6 7806/3/6
f 7806/3/6 7799/3/6 7807/3/6
f 7803/4/6 7804/4/6 7808/4/6
f 7802/4/6 7803/4/6 7808/4/6
f 7805/2/6 7806/2/6 7809/2/6
f 7808/4/6 7804/4/6 7809/4/6
f 7804/2/6 7805/2/6 7809/2/6
f 7809/2/6 7806/2/6 7810/2/6
