# MagicaVoxel @ Ephtracy

# material
mtllib most.mtl
usemtl palette

# normals
vn -1 0 0
vn 1 0 0
vn 0 0 1
vn 0 0 -1
vn 0 -1 0
vn 0 1 0

# texcoords
vt 0.0566406 0.5
vt 0.146484 0.5
vt 0.208984 0.5
vt 0.373047 0.5
vt 0.470703 0.5
vt 0.947266 0.5
vt 0.955078 0.5

# verts
v -11 0 29
v -11 0 27
v -11 1 29
v -11 1 27
v -10 0 30
v -10 0 29
v -10 0 15
v -10 0 13
v -10 1 30
v -10 1 29
v -10 1 28
v -10 1 15
v -10 1 13
v -10 2 29
v -10 2 28
v -10 16 14
v -10 16 13
v -10 17 14
v -10 17 13
v -9 0 27
v -9 0 26
v -9 0 13
v -9 0 12
v -9 0 -23
v -9 0 -26
v -9 1 28
v -9 1 27
v -9 1 26
v -9 1 14
v -9 1 13
v -9 1 12
v -9 1 -23
v -9 1 -26
v -9 2 29
v -9 2 28
v -9 2 27
v -9 3 14
v -9 3 13
v -9 4 14
v -9 4 13
v -9 5 14
v -9 5 13
v -9 6 14
v -9 6 13
v -9 7 29
v -9 7 28
v -9 7 14
v -9 7 13
v -9 10 29
v -9 10 28
v -9 10 14
v -9 10 13
v -9 11 30
v -9 11 29
v -9 11 28
v -9 11 14
v -9 11 13
v -9 11 12
v -9 12 14
v -9 12 13
v -9 12 12
v -9 13 30
v -9 13 28
v -9 13 14
v -9 13 13
v -9 13 12
v -9 13 -23
v -9 13 -24
v -9 14 29
v -9 14 28
v -9 14 13
v -9 14 12
v -9 15 14
v -9 15 13
v -9 16 36
v -9 16 35
v -9 16 34
v -9 16 31
v -9 16 30
v -9 16 29
v -9 16 28
v -9 16 26
v -9 16 22
v -9 16 21
v -9 16 20
v -9 16 19
v -9 16 16
v -9 16 14
v -9 16 13
v -9 16 12
v -9 16 11
v -9 16 9
v -9 16 8
v -9 16 7
v -9 16 -2
v -9 16 -3
v -9 16 -4
v -9 16 -6
v -9 16 -8
v -9 16 -9
v -9 16 -10
v -9 16 -11
v -9 16 -12
v -9 16 -13
v -9 16 -14
v -9 16 -16
v -9 16 -17
v -9 16 -19
v -9 16 -22
v -9 16 -23
v -9 16 -25
v -9 16 -28
v -9 16 -32
v -9 17 30
v -9 17 28
v -9 17 27
v -9 17 20
v -9 17 19
v -9 17 18
v -9 17 16
v -9 17 15
v -9 17 14
v -9 17 13
v -9 17 11
v -9 17 9
v -9 17 -7
v -9 17 -8
v -9 17 -9
v -9 17 -10
v -9 17 -12
v -9 17 -13
v -9 17 -17
v -9 17 -18
v -9 17 -22
v -9 17 -23
v -9 17 -25
v -9 17 -26
v -9 17 -27
v -9 17 -28
v -9 18 36
v -9 18 35
v -9 18 28
v -9 18 27
v -9 18 26
v -9 18 25
v -9 18 24
v -9 18 22
v -9 18 21
v -9 18 19
v -9 18 18
v -9 18 14
v -9 18 13
v -9 18 11
v -9 18 9
v -9 18 8
v -9 18 7
v -9 18 -1
v -9 18 -2
v -9 18 -3
v -9 18 -5
v -9 18 -6
v -9 18 -7
v -9 18 -8
v -9 18 -10
v -9 18 -11
v -9 18 -15
v -9 18 -16
v -9 18 -17
v -9 18 -18
v -9 18 -22
v -9 18 -23
v -9 18 -24
v -9 18 -25
v -9 18 -26
v -9 19 36
v -9 19 34
v -9 19 31
v -9 19 30
v -9 19 27
v -9 19 26
v -9 19 25
v -9 19 24
v -9 19 22
v -9 19 18
v -9 19 15
v -9 19 14
v -9 19 11
v -9 19 9
v -9 19 -1
v -9 19 -4
v -9 19 -5
v -9 19 -6
v -9 19 -7
v -9 19 -10
v -9 19 -11
v -9 19 -14
v -9 19 -15
v -9 19 -18
v -9 19 -19
v -9 19 -22
v -9 19 -23
v -9 19 -26
v -9 19 -27
v -9 19 -32
v -8 1 -24
v -8 1 -25
v -8 13 -24
v -8 15 33
v -8 15 30
v -8 15 28
v -8 15 22
v -8 15 19
v -8 15 14
v -8 15 12
v -8 15 8
v -8 15 -4
v -8 15 -10
v -8 15 -14
v -8 15 -15
v -8 15 -18
v -8 15 -23
v -8 15 -26
v -8 15 -30
v -8 16 33
v -8 16 31
v -8 16 30
v -8 16 28
v -8 16 26
v -8 16 22
v -8 16 21
v -8 16 20
v -8 16 19
v -8 16 16
v -8 16 14
v -8 16 12
v -8 16 11
v -8 16 9
v -8 16 8
v -8 16 -4
v -8 16 -6
v -8 16 -8
v -8 16 -9
v -8 16 -10
v -8 16 -14
v -8 16 -15
v -8 16 -16
v -8 16 -17
v -8 16 -18
v -8 16 -19
v -8 16 -22
v -8 16 -23
v -8 16 -24
v -8 16 -25
v -8 16 -26
v -8 16 -28
v -8 16 -30
v -8 16 -32
v -8 16 -33
v -8 16 -34
v -8 17 30
v -8 17 29
v -8 17 28
v -8 17 21
v -8 17 20
v -8 17 19
v -8 17 13
v -8 17 12
v -8 17 11
v -8 17 7
v -8 17 6
v -8 17 -8
v -8 17 -9
v -8 17 -10
v -8 17 -16
v -8 17 -17
v -8 17 -24
v -8 17 -25
v -8 17 -33
v -8 17 -34
v -8 18 30
v -8 18 29
v -8 18 28
v -8 18 22
v -8 18 21
v -8 18 19
v -8 18 18
v -8 18 13
v -8 18 12
v -8 18 11
v -8 18 9
v -8 18 8
v -8 18 7
v -8 18 6
v -8 18 -0
v -8 18 -1
v -8 18 -7
v -8 18 -8
v -8 18 -9
v -8 18 -10
v -8 18 -15
v -8 18 -16
v -8 18 -23
v -8 18 -24
v -8 18 -33
v -8 18 -34
v -8 19 22
v -8 19 21
v -8 19 18
v -8 19 17
v -8 19 16
v -8 19 15
v -8 19 12
v -8 19 11
v -8 19 9
v -8 19 8
v -8 19 -0
v -8 19 -1
v -8 19 -7
v -8 19 -8
v -8 19 -13
v -8 19 -14
v -8 19 -15
v -8 19 -23
v -8 19 -24
v -8 19 -32
v -8 19 -34
v -8 20 19
v -8 20 18
v -8 20 17
v -8 20 16
v -8 20 15
v -8 20 -15
v -8 20 -16
v -8 21 18
v -8 21 17
v -8 21 16
v -8 21 -13
v -8 21 -15
v -8 22 17
v -8 22 16
v -8 25 17
v -8 25 16
v -8 26 18
v -8 26 17
v -8 26 16
v -7 0 29
v -7 0 28
v -7 0 14
v -7 0 13
v -7 0 -22
v -7 0 -23
v -7 1 29
v -7 1 28
v -7 1 14
v -7 1 13
v -7 1 -22
v -7 1 -23
v -7 15 30
v -7 15 28
v -7 15 22
v -7 15 19
v -7 15 -10
v -7 15 -14
v -7 15 -15
v -7 15 -18
v -7 15 -23
v -7 15 -24
v -7 15 -25
v -7 15 -26
v -7 15 -30
v -7 15 -31
v -7 15 -32
v -7 16 30
v -7 16 28
v -7 16 22
v -7 16 21
v -7 16 20
v -7 16 19
v -7 16 -10
v -7 16 -14
v -7 16 -15
v -7 16 -16
v -7 16 -17
v -7 16 -18
v -7 16 -23
v -7 16 -24
v -7 16 -25
v -7 16 -26
v -7 16 -30
v -7 16 -31
v -7 16 -32
v -7 17 -16
v -7 17 -17
v -7 17 -24
v -7 17 -25
v -7 18 30
v -7 18 29
v -7 18 21
v -7 18 19
v -7 18 14
v -7 18 13
v -7 18 8
v -7 18 7
v -7 18 -9
v -7 18 -10
v -7 18 -11
v -7 18 -17
v -7 18 -24
v -7 18 -25
v -7 19 30
v -7 19 29
v -7 19 21
v -7 19 19
v -7 19 14
v -7 19 13
v -7 19 8
v -7 19 7
v -7 19 -9
v -7 19 -10
v -7 19 -11
v -7 19 -12
v -7 19 -13
v -7 19 -16
v -7 19 -17
v -7 19 -24
v -7 19 -25
v -7 20 19
v -7 20 18
v -7 20 16
v -7 20 15
v -7 21 18
v -7 21 16
v -7 21 15
v -7 21 -12
v -7 21 -13
v -7 22 19
v -7 22 18
v -7 22 16
v -7 23 19
v -7 23 18
v -7 23 16
v -7 23 15
v -7 24 19
v -7 24 18
v -7 25 19
v -7 25 18
v -7 25 16
v -7 26 19
v -7 26 18
v -7 26 17
v -7 26 16
v -7 26 15
v -7 27 18
v -7 27 17
v -7 27 16
v -6 0 20
v -6 0 18
v -6 0 -7
v -6 0 -9
v -6 13 21
v -6 13 20
v -6 13 18
v -6 13 17
v -6 13 -6
v -6 13 -7
v -6 13 -9
v -6 13 -10
v -6 14 22
v -6 14 21
v -6 14 17
v -6 14 16
v -6 14 -5
v -6 14 -6
v -6 14 -10
v -6 14 -11
v -6 15 32
v -6 15 31
v -6 15 22
v -6 15 16
v -6 15 -2
v -6 15 -4
v -6 15 -5
v -6 15 -11
v -6 16 36
v -6 16 35
v -6 16 32
v -6 16 31
v -6 16 -3
v -6 16 -4
v -6 17 36
v -6 17 35
v -6 17 -2
v -6 17 -3
v -6 18 29
v -6 18 28
v -6 18 13
v -6 18 12
v -6 18 1
v -6 18 -0
v -6 18 -7
v -6 18 -8
v -6 18 -9
v -6 18 -25
v -6 18 -26
v -6 19 29
v -6 19 28
v -6 19 13
v -6 19 12
v -6 19 1
v -6 19 -0
v -6 19 -7
v -6 19 -8
v -6 19 -9
v -6 19 -13
v -6 19 -15
v -6 19 -25
v -6 19 -26
v -6 20 -13
v -6 20 -15
v -6 26 19
v -6 26 18
v -6 26 16
v -6 26 15
v -6 27 19
v -6 27 18
v -6 27 17
v -6 27 16
v -6 27 15
v -6 28 18
v -6 28 17
v -6 28 16
v -5 0 21
v -5 0 20
v -5 0 18
v -5 0 17
v -5 0 -6
v -5 0 -7
v -5 0 -9
v -5 0 -10
v -5 13 22
v -5 13 21
v -5 13 20
v -5 13 18
v -5 13 17
v -5 13 16
v -5 13 -5
v -5 13 -6
v -5 13 -7
v -5 13 -9
v -5 13 -10
v -5 13 -11
v -5 14 23
v -5 14 22
v -5 14 21
v -5 14 17
v -5 14 16
v -5 14 15
v -5 14 -4
v -5 14 -5
v -5 14 -6
v -5 14 -10
v -5 14 -11
v -5 14 -12
v -5 15 23
v -5 15 22
v -5 15 16
v -5 15 15
v -5 15 -4
v -5 15 -5
v -5 15 -11
v -5 15 -12
v -5 18 -6
v -5 18 -7
v -5 18 -24
v -5 18 -25
v -5 19 -6
v -5 19 -7
v -5 19 -24
v -5 19 -25
v -5 27 19
v -5 27 18
v -5 27 16
v -5 27 15
v -5 28 19
v -5 28 18
v -5 28 16
v -5 28 15
v -4 0 19
v -4 0 18
v -4 1 20
v -4 1 19
v -4 12 19
v -4 12 18
v -4 13 20
v -4 13 18
v -4 18 22
v -4 18 21
v -4 18 14
v -4 18 13
v -4 18 12
v -4 18 11
v -4 18 -17
v -4 18 -18
v -4 18 -25
v -4 18 -26
v -4 18 -28
v -4 18 -29
v -4 19 22
v -4 19 21
v -4 19 14
v -4 19 13
v -4 19 12
v -4 19 11
v -4 19 -17
v -4 19 -18
v -4 19 -25
v -4 19 -26
v -4 19 -28
v -4 19 -29
v -4 28 18
v -4 28 16
v -4 29 18
v -4 29 16
v -3 0 18
v -3 0 17
v -3 0 -6
v -3 0 -7
v -3 1 18
v -3 1 17
v -3 3 18
v -3 3 17
v -3 3 -6
v -3 3 -7
v -3 4 18
v -3 4 17
v -3 4 -6
v -3 4 -7
v -3 11 18
v -3 11 17
v -3 11 -6
v -3 11 -7
v -3 15 -32
v -3 15 -33
v -3 16 34
v -3 16 33
v -3 16 -32
v -3 16 -33
v -3 17 34
v -3 17 33
v -3 17 -1
v -3 17 -2
v -3 17 -32
v -3 17 -33
v -3 18 34
v -3 18 33
v -3 18 -0
v -3 18 -1
v -3 18 -2
v -3 18 -18
v -3 18 -19
v -3 18 -32
v -3 18 -33
v -3 19 34
v -3 19 33
v -3 19 -0
v -3 19 -1
v -3 19 -18
v -3 19 -19
v -2 15 33
v -2 15 32
v -2 16 33
v -2 16 32
v -2 16 5
v -2 16 4
v -2 16 -33
v -2 16 -34
v -2 17 34
v -2 17 33
v -2 17 -33
v -2 17 -34
v -2 18 35
v -2 18 34
v -2 18 33
v -2 18 28
v -2 18 27
v -2 18 21
v -2 18 20
v -2 18 5
v -2 18 4
v -2 18 -5
v -2 18 -6
v -2 18 -24
v -2 18 -25
v -2 19 35
v -2 19 34
v -2 19 28
v -2 19 27
v -2 19 21
v -2 19 20
v -2 19 -5
v -2 19 -6
v -2 19 -24
v -2 19 -25
v -1 15 5
v -1 15 4
v -1 16 7
v -1 16 5
v -1 16 4
v -1 16 3
v -1 17 35
v -1 17 34
v -1 17 7
v -1 17 6
v -1 17 4
v -1 17 3
v -1 18 36
v -1 18 35
v -1 18 34
v -1 18 29
v -1 18 28
v -1 18 23
v -1 18 22
v -1 18 14
v -1 18 13
v -1 18 5
v -1 18 4
v -1 18 1
v -1 18 -0
v -1 18 -29
v -1 18 -30
v -1 19 36
v -1 19 35
v -1 19 29
v -1 19 28
v -1 19 23
v -1 19 22
v -1 19 14
v -1 19 13
v -1 19 6
v -1 19 4
v -1 19 1
v -1 19 -0
v -1 19 -29
v -1 19 -30
v -1 27 -13
v -1 27 -14
v -1 28 -13
v -1 28 -14
v 0 13 5
v 0 13 4
v 0 14 5
v 0 14 4
v 0 15 6
v 0 15 5
v 0 15 4
v 0 16 8
v 0 16 7
v 0 16 6
v 0 16 5
v 0 17 8
v 0 17 7
v 0 17 6
v 0 18 -1
v 0 18 -2
v 0 18 -9
v 0 18 -10
v 0 18 -30
v 0 18 -32
v 0 19 7
v 0 19 6
v 0 19 -1
v 0 19 -2
v 0 19 -9
v 0 19 -10
v 0 19 -30
v 0 19 -32
v 0 27 -12
v 0 27 -13
v 0 27 -14
v 0 27 -15
v 0 28 -12
v 0 28 -13
v 0 28 -14
v 0 28 -15
v 1 0 19
v 1 0 18
v 1 1 19
v 1 1 18
v 1 13 6
v 1 13 5
v 1 14 6
v 1 14 5
v 1 15 6
v 1 15 5
v 1 15 -33
v 1 15 -34
v 1 16 -33
v 1 16 -34
v 1 17 35
v 1 17 34
v 1 18 35
v 1 18 34
v 1 18 2
v 1 18 1
v 1 18 -10
v 1 18 -11
v 1 18 -24
v 1 18 -25
v 1 19 2
v 1 19 1
v 1 19 -10
v 1 19 -11
v 1 19 -24
v 1 19 -25
v 1 26 -13
v 1 26 -15
v 1 27 -13
v 1 27 -15
v 1 27 -16
v 1 28 -13
v 1 28 -15
v 1 28 -16
v 1 29 -13
v 1 29 -15
v 2 0 18
v 2 0 17
v 2 0 -6
v 2 0 -7
v 2 12 18
v 2 12 17
v 2 12 -6
v 2 12 -7
v 2 16 35
v 2 16 34
v 2 17 35
v 2 17 34
v 2 18 22
v 2 18 21
v 2 18 -18
v 2 18 -19
v 2 19 22
v 2 19 21
v 2 19 -18
v 2 19 -19
v 2 25 -13
v 2 25 -14
v 2 25 -15
v 2 26 -12
v 2 26 -13
v 2 26 -14
v 2 26 -15
v 2 26 -16
v 2 27 -12
v 2 27 -13
v 2 27 -15
v 2 27 -16
v 2 28 -13
v 2 28 -15
v 3 0 20
v 3 0 18
v 3 1 20
v 3 1 18
v 3 13 21
v 3 13 20
v 3 13 18
v 3 13 17
v 3 14 22
v 3 14 21
v 3 14 17
v 3 14 16
v 3 15 34
v 3 15 33
v 3 15 22
v 3 15 20
v 3 15 18
v 3 15 16
v 3 15 -2
v 3 15 -3
v 3 16 34
v 3 16 33
v 3 16 -1
v 3 16 -2
v 3 16 -3
v 3 17 34
v 3 17 33
v 3 17 -0
v 3 17 -1
v 3 17 -2
v 3 18 34
v 3 18 33
v 3 18 15
v 3 18 14
v 3 18 -0
v 3 18 -1
v 3 18 -2
v 3 18 -3
v 3 18 -8
v 3 18 -9
v 3 19 34
v 3 19 33
v 3 19 18
v 3 19 17
v 3 19 16
v 3 19 15
v 3 19 14
v 3 19 -2
v 3 19 -3
v 3 19 -8
v 3 19 -9
v 3 19 -12
v 3 19 -13
v 3 19 -16
v 3 20 18
v 3 20 17
v 3 20 -12
v 3 20 -13
v 3 20 -14
v 3 20 -15
v 3 20 -16
v 3 21 17
v 3 21 16
v 3 21 -13
v 3 21 -14
v 3 22 -13
v 3 22 -14
v 3 24 -14
v 3 24 -15
v 3 25 -12
v 3 25 -13
v 3 25 -14
v 3 25 -15
v 3 25 -16
v 3 26 -12
v 3 26 -13
v 3 26 -15
v 3 26 -16
v 4 15 -0
v 4 15 -2
v 4 16 1
v 4 16 -0
v 4 16 -1
v 4 16 -2
v 4 17 3
v 4 17 2
v 4 17 1
v 4 17 -0
v 4 17 -1
v 4 17 -32
v 4 17 -33
v 4 17 -34
v 4 18 3
v 4 18 2
v 4 18 1
v 4 18 -0
v 4 18 -1
v 4 18 -2
v 4 18 -23
v 4 18 -24
v 4 18 -31
v 4 18 -32
v 4 18 -33
v 4 18 -34
v 4 19 19
v 4 19 18
v 4 19 16
v 4 19 15
v 4 19 2
v 4 19 1
v 4 19 -0
v 4 19 -1
v 4 19 -2
v 4 19 -23
v 4 19 -24
v 4 19 -31
v 4 19 -32
v 4 20 19
v 4 20 18
v 4 20 17
v 4 20 -12
v 4 20 -13
v 4 20 -15
v 4 20 -16
v 4 21 18
v 4 21 17
v 4 21 16
v 4 21 15
v 4 21 -12
v 4 21 -13
v 4 21 -15
v 4 21 -16
v 4 22 -12
v 4 22 -13
v 4 22 -15
v 4 22 -16
v 4 24 -12
v 4 24 -13
v 4 24 -15
v 4 24 -16
v 4 25 -12
v 4 25 -13
v 4 25 -15
v 4 25 -16
v 4 26 -13
v 4 26 -14
v 4 26 -15
v 4 27 -13
v 4 27 -14
v 4 27 -15
v 5 0 -17
v 5 0 -19
v 5 1 -17
v 5 1 -19
v 5 15 1
v 5 15 -0
v 5 16 3
v 5 16 1
v 5 16 -0
v 5 17 3
v 5 17 2
v 5 17 1
v 5 18 35
v 5 18 34
v 5 18 31
v 5 18 30
v 5 18 23
v 5 18 22
v 5 18 14
v 5 18 13
v 5 18 4
v 5 18 3
v 5 18 2
v 5 18 -7
v 5 18 -8
v 5 18 -32
v 5 18 -33
v 5 19 35
v 5 19 34
v 5 19 31
v 5 19 30
v 5 19 23
v 5 19 22
v 5 19 14
v 5 19 13
v 5 19 4
v 5 19 2
v 5 19 -7
v 5 19 -8
v 5 19 -13
v 5 19 -15
v 5 19 -32
v 5 19 -33
v 5 21 -13
v 5 21 -15
v 5 22 -13
v 5 22 -14
v 5 22 -15
v 5 23 -13
v 5 23 -14
v 5 24 -13
v 5 24 -14
v 5 24 -15
v 5 25 -13
v 5 25 -15
v 5 26 -13
v 5 26 -14
v 5 26 -15
v 6 0 -16
v 6 0 -17
v 6 0 -19
v 6 0 -20
v 6 1 -16
v 6 1 -17
v 6 1 -18
v 6 1 -19
v 6 1 -20
v 6 5 -17
v 6 5 -18
v 6 6 -17
v 6 6 -18
v 6 8 -8
v 6 8 -9
v 6 8 -17
v 6 8 -18
v 6 9 -8
v 6 9 -9
v 6 9 -17
v 6 9 -18
v 6 10 -8
v 6 10 -9
v 6 10 -17
v 6 10 -18
v 6 11 -8
v 6 11 -9
v 6 11 -17
v 6 11 -18
v 6 12 21
v 6 12 20
v 6 12 -8
v 6 12 -9
v 6 12 -10
v 6 14 -9
v 6 14 -10
v 6 15 -10
v 6 16 36
v 6 16 35
v 6 16 21
v 6 16 20
v 6 16 4
v 6 16 3
v 6 16 -8
v 6 16 -9
v 6 16 -10
v 6 16 -17
v 6 16 -18
v 6 17 36
v 6 17 35
v 6 18 6
v 6 18 4
v 6 18 3
v 6 19 6
v 6 19 4
v 7 5 21
v 7 5 20
v 7 12 21
v 7 12 20
v -8 0 30
v -8 0 28
v -8 0 27
v -8 0 26
v -8 0 14
v -8 0 12
v -8 1 30
v -8 1 29
v -8 1 28
v -8 1 27
v -8 1 26
v -8 1 14
v -8 1 13
v -8 1 12
v -8 2 28
v -8 2 27
v -8 3 14
v -8 3 13
v -8 4 14
v -8 4 13
v -8 5 14
v -8 5 13
v -8 6 14
v -8 6 13
v -8 7 29
v -8 7 28
v -8 7 14
v -8 7 13
v -8 10 29
v -8 10 28
v -8 10 14
v -8 10 13
v -8 11 30
v -8 11 29
v -8 11 28
v -8 11 14
v -8 11 13
v -8 11 12
v -8 12 14
v -8 12 13
v -8 12 12
v -8 13 30
v -8 13 28
v -8 13 14
v -8 13 13
v -8 13 12
v -8 13 -23
v -8 13 -24
v -8 14 29
v -8 14 28
v -8 14 13
v -8 14 12
v -8 15 30
v -8 15 28
v -8 15 13
v -8 15 12
v -8 15 -23
v -8 16 30
v -8 16 29
v -8 16 28
v -8 16 -23
v -8 16 -24
v -8 17 36
v -8 17 35
v -8 18 36
v -8 18 35
v -8 18 -10
v -8 18 -11
v -8 19 36
v -8 19 35
v -8 19 -10
v -8 19 -11
v -7 0 28
v -7 0 27
v -7 0 15
v -7 0 14
v -7 0 -25
v -7 0 -26
v -7 1 28
v -7 1 27
v -7 1 15
v -7 1 14
v -7 1 -24
v -7 1 -25
v -7 1 -26
v -7 15 32
v -7 15 31
v -7 15 -24
v -7 15 -25
v -7 16 36
v -7 16 35
v -7 16 32
v -7 16 31
v -7 16 -2
v -7 16 -3
v -7 16 -33
v -7 16 -34
v -7 17 36
v -7 17 35
v -7 17 -2
v -7 17 -3
v -7 17 -33
v -7 17 -34
v -7 18 22
v -7 18 21
v -7 18 -7
v -7 18 -8
v -7 18 -32
v -7 18 -33
v -7 18 -34
v -7 19 22
v -7 19 21
v -7 19 -7
v -7 19 -8
v -7 19 -13
v -7 19 -15
v -7 19 -32
v -7 19 -34
v -7 20 -13
v -7 20 -15
v -6 0 29
v -6 0 28
v -6 0 14
v -6 0 13
v -6 0 -22
v -6 0 -25
v -6 1 29
v -6 1 28
v -6 1 14
v -6 1 13
v -6 1 -22
v -6 1 -25
v -6 15 9
v -6 15 8
v -6 16 9
v -6 16 8
v -6 17 35
v -6 17 34
v -6 17 -32
v -6 17 -33
v -6 18 14
v -6 18 13
v -6 18 8
v -6 18 7
v -6 18 -6
v -6 18 -7
v -6 18 -24
v -6 18 -25
v -6 18 -31
v -6 18 -32
v -6 18 -33
v -6 19 35
v -6 19 34
v -6 19 14
v -6 19 13
v -6 19 8
v -6 19 7
v -6 19 -6
v -6 19 -7
v -6 19 -12
v -6 19 -13
v -6 19 -15
v -6 19 -16
v -6 19 -24
v -6 19 -25
v -6 19 -31
v -6 19 -32
v -6 20 19
v -6 20 18
v -6 20 16
v -6 20 15
v -6 20 -14
v -6 20 -15
v -6 20 -16
v -6 21 16
v -6 21 15
v -6 21 -12
v -6 21 -13
v -6 21 -14
v -6 21 -15
v -6 22 19
v -6 22 18
v -6 23 19
v -6 23 18
v -6 23 16
v -6 23 15
v -6 24 19
v -6 24 18
v -6 24 16
v -6 25 19
v -6 25 18
v -6 25 16
v -6 25 15
v -5 0 20
v -5 0 18
v -5 13 21
v -5 13 20
v -5 13 18
v -5 13 17
v -5 14 22
v -5 14 21
v -5 14 17
v -5 14 16
v -5 15 33
v -5 15 32
v -5 15 22
v -5 15 20
v -5 15 18
v -5 15 16
v -5 16 36
v -5 16 35
v -5 16 33
v -5 16 32
v -5 17 36
v -5 17 35
v -5 17 34
v -5 17 33
v -5 17 8
v -5 17 7
v -5 17 6
v -5 18 34
v -5 18 33
v -5 18 12
v -5 18 11
v -5 18 9
v -5 18 8
v -5 18 7
v -5 18 6
v -5 18 1
v -5 18 -0
v -5 18 -5
v -5 18 -6
v -5 18 -25
v -5 18 -26
v -5 18 -28
v -5 18 -29
v -5 19 19
v -5 19 18
v -5 19 15
v -5 19 12
v -5 19 11
v -5 19 9
v -5 19 8
v -5 19 1
v -5 19 -0
v -5 19 -5
v -5 19 -6
v -5 19 -13
v -5 19 -15
v -5 19 -25
v -5 19 -26
v -5 19 -28
v -5 19 -29
v -5 20 19
v -5 20 18
v -5 20 16
v -5 20 15
v -5 20 -14
v -5 20 -15
v -5 21 -13
v -5 21 -14
v -5 23 18
v -5 23 17
v -5 24 18
v -5 24 17
v -5 24 16
v -5 25 19
v -5 25 18
v -5 25 17
v -5 25 16
v -5 25 15
v -5 26 19
v -5 26 18
v -5 26 16
v -5 26 15
v -4 0 18
v -4 0 17
v -4 0 -6
v -4 0 -7
v -4 12 18
v -4 12 17
v -4 12 -6
v -4 12 -7
v -4 15 11
v -4 15 9
v -4 16 35
v -4 16 34
v -4 16 33
v -4 16 11
v -4 16 10
v -4 16 9
v -4 16 8
v -4 16 7
v -4 17 35
v -4 17 34
v -4 17 33
v -4 17 9
v -4 17 8
v -4 17 7
v -4 18 34
v -4 18 33
v -4 18 21
v -4 18 20
v -4 18 11
v -4 18 10
v -4 18 9
v -4 18 8
v -4 18 -0
v -4 18 -1
v -4 18 -18
v -4 18 -19
v -4 18 -29
v -4 18 -30
v -4 19 34
v -4 19 33
v -4 19 21
v -4 19 20
v -4 19 11
v -4 19 9
v -4 19 -0
v -4 19 -1
v -4 19 -18
v -4 19 -19
v -4 19 -29
v -4 19 -30
v -4 25 18
v -4 25 17
v -4 25 16
v -4 26 19
v -4 26 18
v -4 26 17
v -4 26 16
v -4 26 15
v -4 27 19
v -4 27 18
v -4 27 16
v -4 27 15
v -3 0 19
v -3 0 18
v -3 1 19
v -3 1 18
v -3 18 -24
v -3 18 -25
v -3 19 -24
v -3 19 -25
v -3 26 18
v -3 26 17
v -3 26 16
v -3 27 19
v -3 27 18
v -3 27 17
v -3 27 16
v -3 28 19
v -3 28 18
v -3 28 16
v -3 29 18
v -3 29 16
v -2 15 -2
v -2 15 -3
v -2 16 -2
v -2 16 -3
v -2 18 29
v -2 18 28
v -2 18 23
v -2 18 22
v -2 18 14
v -2 18 13
v -2 18 -30
v -2 18 -31
v -2 19 29
v -2 19 28
v -2 19 23
v -2 19 22
v -2 19 14
v -2 19 13
v -2 19 -30
v -2 19 -31
v -2 27 18
v -2 27 17
v -2 27 16
v -2 27 15
v -2 28 18
v -2 28 17
v -2 28 16
v -2 28 15
v -1 18 22
v -1 18 21
v -1 18 15
v -1 18 14
v -1 18 13
v -1 18 12
v -1 18 11
v -1 18 -1
v -1 18 -2
v -1 18 -9
v -1 18 -10
v -1 19 22
v -1 19 21
v -1 19 15
v -1 19 14
v -1 19 13
v -1 19 12
v -1 19 11
v -1 19 -1
v -1 19 -2
v -1 19 -9
v -1 19 -10
v -1 27 17
v -1 27 16
v -1 28 17
v -1 28 16
v 0 17 35
v 0 17 34
v 0 18 36
v 0 18 35
v 0 18 34
v 0 18 -2
v 0 18 -3
v 0 18 -10
v 0 18 -11
v 0 18 -18
v 0 18 -19
v 0 18 -24
v 0 18 -25
v 0 19 36
v 0 19 35
v 0 19 -2
v 0 19 -3
v 0 19 -10
v 0 19 -11
v 0 19 -18
v 0 19 -19
v 0 19 -24
v 0 19 -25
v 1 0 18
v 1 0 17
v 1 0 -6
v 1 0 -7
v 1 2 18
v 1 2 17
v 1 3 18
v 1 3 17
v 1 3 -6
v 1 3 -7
v 1 4 18
v 1 4 17
v 1 4 -6
v 1 4 -7
v 1 5 -6
v 1 5 -7
v 1 6 18
v 1 6 17
v 1 9 -6
v 1 9 -7
v 1 11 18
v 1 11 17
v 1 11 -6
v 1 11 -7
v 1 13 5
v 1 13 4
v 1 14 5
v 1 14 4
v 1 15 12
v 1 15 11
v 1 15 5
v 1 15 4
v 1 16 12
v 1 16 11
v 1 16 8
v 1 16 7
v 1 17 11
v 1 17 10
v 1 17 8
v 1 17 7
v 1 17 5
v 1 17 4
v 1 18 35
v 1 18 34
v 1 18 33
v 1 18 23
v 1 18 22
v 1 18 11
v 1 18 10
v 1 18 -23
v 1 18 -24
v 1 19 35
v 1 19 34
v 1 19 33
v 1 19 23
v 1 19 22
v 1 19 5
v 1 19 4
v 1 19 -23
v 1 19 -24
v 1 27 -13
v 1 27 -15
v 1 28 -13
v 1 28 -15
v 2 0 19
v 2 0 18
v 2 1 19
v 2 1 18
v 2 13 6
v 2 13 5
v 2 14 6
v 2 14 5
v 2 15 13
v 2 15 12
v 2 15 5
v 2 15 4
v 2 16 13
v 2 16 12
v 2 16 11
v 2 16 10
v 2 16 7
v 2 16 6
v 2 16 4
v 2 16 3
v 2 17 35
v 2 17 34
v 2 17 33
v 2 17 12
v 2 17 11
v 2 17 10
v 2 17 6
v 2 17 5
v 2 17 3
v 2 18 35
v 2 18 34
v 2 18 33
v 2 18 12
v 2 18 11
v 2 18 2
v 2 18 -0
v 2 18 -8
v 2 18 -9
v 2 18 -17
v 2 18 -18
v 2 19 7
v 2 19 5
v 2 19 2
v 2 19 -0
v 2 19 -8
v 2 19 -9
v 2 19 -17
v 2 19 -18
v 2 26 -13
v 2 26 -14
v 2 26 -15
v 2 27 -13
v 2 27 -15
v 2 28 -13
v 2 28 -15
v 2 29 -13
v 2 29 -15
v 3 0 21
v 3 0 20
v 3 0 18
v 3 0 17
v 3 0 -6
v 3 0 -7
v 3 0 -9
v 3 0 -10
v 3 13 22
v 3 13 21
v 3 13 20
v 3 13 18
v 3 13 17
v 3 13 16
v 3 13 -5
v 3 13 -6
v 3 13 -7
v 3 13 -9
v 3 13 -10
v 3 13 -11
v 3 14 23
v 3 14 22
v 3 14 21
v 3 14 17
v 3 14 16
v 3 14 15
v 3 14 6
v 3 14 5
v 3 14 -4
v 3 14 -5
v 3 14 -6
v 3 14 -10
v 3 14 -11
v 3 14 -12
v 3 15 23
v 3 15 22
v 3 15 16
v 3 15 15
v 3 15 -4
v 3 15 -5
v 3 15 -11
v 3 15 -12
v 3 15 -33
v 3 15 -34
v 3 16 -33
v 3 16 -34
v 3 17 13
v 3 17 12
v 3 17 6
v 3 17 5
v 3 17 -32
v 3 17 -33
v 3 18 31
v 3 18 30
v 3 18 14
v 3 18 13
v 3 18 12
v 3 18 -1
v 3 18 -2
v 3 18 -7
v 3 18 -8
v 3 18 -31
v 3 18 -32
v 3 18 -33
v 3 19 31
v 3 19 30
v 3 19 14
v 3 19 13
v 3 19 -1
v 3 19 -2
v 3 19 -7
v 3 19 -8
v 3 19 -31
v 3 19 -32
v 3 25 -13
v 3 25 -14
v 3 25 -15
v 3 26 -13
v 3 26 -14
v 3 26 -15
v 3 27 -12
v 3 27 -13
v 3 27 -15
v 3 27 -16
v 3 28 -12
v 3 28 -13
v 3 28 -15
v 3 28 -16
v 4 0 20
v 4 0 18
v 4 0 -7
v 4 0 -9
v 4 13 21
v 4 13 20
v 4 13 18
v 4 13 17
v 4 13 -6
v 4 13 -7
v 4 13 -9
v 4 13 -10
v 4 14 22
v 4 14 21
v 4 14 17
v 4 14 16
v 4 14 -5
v 4 14 -6
v 4 14 -10
v 4 14 -11
v 4 15 22
v 4 15 16
v 4 15 -5
v 4 15 -11
v 4 15 -32
v 4 15 -33
v 4 16 -32
v 4 16 -33
v 4 18 -0
v 4 18 -1
v 4 18 -24
v 4 18 -25
v 4 19 -0
v 4 19 -1
v 4 19 -13
v 4 19 -15
v 4 19 -24
v 4 19 -25
v 4 20 -13
v 4 20 -14
v 4 21 -13
v 4 21 -14
v 4 21 -15
v 4 22 -13
v 4 22 -14
v 4 22 -15
v 4 24 -13
v 4 24 -14
v 4 24 -15
v 4 25 -13
v 4 25 -14
v 4 25 -15
v 4 26 -12
v 4 26 -13
v 4 26 -15
v 4 26 -16
v 4 27 -12
v 4 27 -13
v 4 27 -14
v 4 27 -15
v 4 27 -16
v 4 28 -13
v 4 28 -14
v 4 28 -15
v 5 15 30
v 5 15 27
v 5 15 22
v 5 15 19
v 5 15 14
v 5 15 13
v 5 15 -1
v 5 15 -2
v 5 15 -7
v 5 15 -10
v 5 15 -15
v 5 15 -19
v 5 15 -23
v 5 15 -27
v 5 15 -31
v 5 15 -32
v 5 16 30
v 5 16 27
v 5 16 22
v 5 16 19
v 5 16 14
v 5 16 13
v 5 16 -1
v 5 16 -2
v 5 16 -7
v 5 16 -10
v 5 16 -15
v 5 16 -16
v 5 16 -17
v 5 16 -19
v 5 16 -23
v 5 16 -27
v 5 16 -31
v 5 16 -32
v 5 17 -16
v 5 17 -17
v 5 18 30
v 5 18 29
v 5 18 28
v 5 18 22
v 5 18 21
v 5 18 20
v 5 18 1
v 5 18 -0
v 5 18 -8
v 5 18 -9
v 5 18 -10
v 5 18 -17
v 5 19 30
v 5 19 29
v 5 19 28
v 5 19 22
v 5 19 20
v 5 19 16
v 5 19 15
v 5 19 1
v 5 19 -0
v 5 19 -8
v 5 19 -9
v 5 19 -10
v 5 19 -16
v 5 19 -17
v 5 20 16
v 5 20 -12
v 5 20 -13
v 5 20 -15
v 5 20 -16
v 5 21 16
v 5 21 15
v 5 21 -12
v 5 21 -13
v 5 21 -15
v 5 21 -16
v 5 22 -12
v 5 22 -13
v 5 22 -15
v 5 22 -16
v 5 23 -13
v 5 24 -12
v 5 24 -13
v 5 24 -15
v 5 24 -16
v 5 25 -12
v 5 25 -13
v 5 25 -15
v 5 25 -16
v 5 26 -12
v 5 26 -13
v 5 26 -14
v 5 26 -15
v 5 26 -16
v 5 27 -13
v 5 27 -14
v 5 27 -15
v 6 0 -18
v 6 0 -19
v 6 1 -18
v 6 1 -19
v 6 15 34
v 6 15 30
v 6 15 27
v 6 15 22
v 6 15 19
v 6 15 18
v 6 15 17
v 6 15 14
v 6 15 1
v 6 15 -1
v 6 15 -2
v 6 15 -7
v 6 15 -10
v 6 15 -15
v 6 15 -19
v 6 15 -23
v 6 15 -27
v 6 15 -31
v 6 16 34
v 6 16 33
v 6 16 31
v 6 16 30
v 6 16 29
v 6 16 28
v 6 16 27
v 6 16 26
v 6 16 23
v 6 16 22
v 6 16 19
v 6 16 18
v 6 16 17
v 6 16 16
v 6 16 14
v 6 16 13
v 6 16 12
v 6 16 1
v 6 16 -0
v 6 16 -1
v 6 16 -2
v 6 16 -3
v 6 16 -6
v 6 16 -7
v 6 16 -10
v 6 16 -11
v 6 16 -14
v 6 16 -15
v 6 16 -16
v 6 16 -17
v 6 16 -19
v 6 16 -20
v 6 16 -21
v 6 16 -23
v 6 16 -24
v 6 16 -25
v 6 16 -27
v 6 16 -28
v 6 16 -31
v 6 16 -32
v 6 16 -34
v 6 17 30
v 6 17 29
v 6 17 28
v 6 17 21
v 6 17 20
v 6 17 13
v 6 17 12
v 6 17 -0
v 6 17 -1
v 6 17 -8
v 6 17 -9
v 6 17 -16
v 6 17 -17
v 6 17 -18
v 6 17 -24
v 6 17 -25
v 6 17 -26
v 6 17 -33
v 6 17 -34
v 6 18 30
v 6 18 29
v 6 18 28
v 6 18 27
v 6 18 21
v 6 18 20
v 6 18 19
v 6 18 14
v 6 18 13
v 6 18 -0
v 6 18 -1
v 6 18 -2
v 6 18 -7
v 6 18 -8
v 6 18 -9
v 6 18 -15
v 6 18 -16
v 6 18 -17
v 6 18 -18
v 6 18 -23
v 6 18 -24
v 6 18 -25
v 6 18 -26
v 6 18 -32
v 6 18 -33
v 6 18 -34
v 6 19 28
v 6 19 27
v 6 19 20
v 6 19 19
v 6 19 18
v 6 19 16
v 6 19 14
v 6 19 13
v 6 19 -1
v 6 19 -2
v 6 19 -7
v 6 19 -8
v 6 19 -12
v 6 19 -14
v 6 19 -15
v 6 19 -16
v 6 19 -23
v 6 19 -24
v 6 19 -25
v 6 19 -26
v 6 19 -32
v 6 19 -33
v 6 20 19
v 6 20 18
v 6 20 17
v 6 20 16
v 6 20 -12
v 6 20 -13
v 6 20 -15
v 6 20 -16
v 6 21 18
v 6 21 17
v 6 21 16
v 6 21 -13
v 6 21 -15
v 6 22 -13
v 6 22 -14
v 6 23 -13
v 6 23 -14
v 6 24 -14
v 6 24 -15
v 6 26 -13
v 6 26 -14
v 6 26 -15
v 7 0 -19
v 7 0 -20
v 7 1 -17
v 7 1 -18
v 7 1 -19
v 7 1 -20
v 7 5 -17
v 7 5 -18
v 7 6 -17
v 7 6 -18
v 7 8 -8
v 7 8 -9
v 7 8 -17
v 7 8 -18
v 7 9 -8
v 7 9 -9
v 7 9 -17
v 7 9 -18
v 7 10 -8
v 7 10 -9
v 7 10 -17
v 7 10 -18
v 7 11 -8
v 7 11 -9
v 7 11 -17
v 7 11 -18
v 7 12 -8
v 7 12 -9
v 7 12 -10
v 7 13 21
v 7 13 20
v 7 14 -9
v 7 14 -10
v 7 14 -17
v 7 14 -18
v 7 15 18
v 7 15 17
v 7 16 36
v 7 16 35
v 7 16 34
v 7 16 33
v 7 16 31
v 7 16 30
v 7 16 29
v 7 16 28
v 7 16 27
v 7 16 26
v 7 16 23
v 7 16 22
v 7 16 21
v 7 16 20
v 7 16 18
v 7 16 17
v 7 16 16
v 7 16 13
v 7 16 4
v 7 16 -0
v 7 16 -1
v 7 16 -2
v 7 16 -3
v 7 16 -6
v 7 16 -7
v 7 16 -8
v 7 16 -9
v 7 16 -10
v 7 16 -11
v 7 16 -14
v 7 16 -15
v 7 16 -16
v 7 16 -18
v 7 16 -20
v 7 16 -21
v 7 16 -23
v 7 16 -24
v 7 16 -25
v 7 16 -26
v 7 16 -28
v 7 16 -31
v 7 16 -32
v 7 17 36
v 7 17 35
v 7 17 34
v 7 17 30
v 7 17 29
v 7 17 21
v 7 17 20
v 7 17 19
v 7 17 16
v 7 17 15
v 7 17 14
v 7 17 13
v 7 17 1
v 7 17 -0
v 7 17 -1
v 7 17 -2
v 7 17 -8
v 7 17 -9
v 7 17 -10
v 7 17 -18
v 7 17 -19
v 7 17 -20
v 7 17 -21
v 7 17 -22
v 7 17 -25
v 7 17 -26
v 7 18 35
v 7 18 34
v 7 18 28
v 7 18 27
v 7 18 24
v 7 18 23
v 7 18 22
v 7 18 21
v 7 18 20
v 7 18 19
v 7 18 18
v 7 18 14
v 7 18 13
v 7 18 6
v 7 18 4
v 7 18 1
v 7 18 -0
v 7 18 -1
v 7 18 -2
v 7 18 -4
v 7 18 -5
v 7 18 -7
v 7 18 -8
v 7 18 -9
v 7 18 -10
v 7 18 -11
v 7 18 -12
v 7 18 -15
v 7 18 -16
v 7 18 -23
v 7 18 -24
v 7 18 -27
v 7 18 -28
v 7 19 35
v 7 19 33
v 7 19 31
v 7 19 30
v 7 19 27
v 7 19 26
v 7 19 24
v 7 19 23
v 7 19 22
v 7 19 19
v 7 19 18
v 7 19 15
v 7 19 14
v 7 19 6
v 7 19 1
v 7 19 -2
v 7 19 -3
v 7 19 -4
v 7 19 -5
v 7 19 -6
v 7 19 -7
v 7 19 -10
v 7 19 -11
v 7 19 -12
v 7 19 -14
v 7 19 -15
v 7 19 -18
v 7 19 -19
v 7 19 -22
v 7 19 -23
v 7 19 -26
v 7 19 -27
v 7 19 -31
v 7 19 -32
v 8 0 -16
v 8 0 -18
v 8 1 -16
v 8 1 -18
v 8 5 21
v 8 5 20
v 8 13 21
v 8 13 20
v 8 14 -17
v 8 14 -18
v 8 15 -17
v 8 15 -18
v 8 17 -17
v 8 17 -18
v -9 16 36
v -9 18 36
v -9 19 36
v -8 17 36
v -8 18 36
v -8 19 36
v -7 16 36
v -7 17 36
v -6 16 36
v -6 17 36
v -5 16 36
v -5 17 36
v -1 18 36
v -1 19 36
v 0 18 36
v 0 19 36
v 6 16 36
v 6 17 36
v 7 16 36
v 7 17 36
v -8 17 35
v -8 18 35
v -8 19 35
v -7 16 35
v -7 17 35
v -7 18 35
v -7 19 35
v -6 16 35
v -6 17 35
v -6 19 35
v -5 16 35
v -5 17 35
v -4 16 35
v -4 17 35
v -2 18 35
v -2 19 35
v -1 17 35
v -1 18 35
v -1 19 35
v 0 17 35
v 0 18 35
v 0 19 35
v 1 17 35
v 1 18 35
v 1 19 35
v 2 16 35
v 2 17 35
v 2 18 35
v 3 16 35
v 3 17 35
v 4 16 35
v 4 17 35
v 5 16 35
v 5 17 35
v 5 18 35
v 5 19 35
v 6 16 35
v 6 17 35
v 7 18 35
v 7 19 35
v -6 17 34
v -6 19 34
v -5 17 34
v -5 18 34
v -4 18 34
v -4 19 34
v -3 16 34
v -3 17 34
v -3 18 34
v -3 19 34
v -2 17 34
v -2 18 34
v -2 19 34
v -1 17 34
v -1 18 34
v 0 17 34
v 0 18 34
v 1 16 34
v 1 17 34
v 1 18 34
v 2 16 34
v 2 17 34
v 3 15 34
v 3 16 34
v 3 17 34
v 3 18 34
v 3 19 34
v 4 16 34
v 4 17 34
v 5 16 34
v 5 17 34
v 5 18 34
v 5 19 34
v 6 15 34
v 6 16 34
v 7 17 34
v 7 18 34
v -8 15 33
v -8 16 33
v -5 15 33
v -5 16 33
v -5 17 33
v -5 18 33
v -4 16 33
v -4 17 33
v -4 18 33
v -4 19 33
v -3 16 33
v -3 17 33
v -3 18 33
v -3 19 33
v -2 15 33
v -2 16 33
v -2 17 33
v -2 18 33
v 1 16 33
v 1 18 33
v 1 19 33
v 2 16 33
v 2 17 33
v 2 18 33
v 3 15 33
v 3 16 33
v 3 17 33
v 3 18 33
v 3 19 33
v -5 15 32
v -5 16 32
v -4 16 32
v -2 15 32
v -2 16 32
v -7 15 31
v -7 16 31
v -6 15 31
v -6 16 31
v -10 0 30
v -10 1 30
v -9 11 30
v -9 13 30
v -9 16 30
v -8 0 30
v -8 1 30
v -8 11 30
v -8 13 30
v -8 15 30
v -8 16 30
v 3 18 30
v 3 19 30
v 4 18 30
v 4 19 30
v 5 18 30
v 5 19 30
v -11 0 29
v -11 1 29
v -10 0 29
v -10 1 29
v -10 2 29
v -9 2 29
v -9 7 29
v -9 10 29
v -9 11 29
v -8 1 29
v -8 7 29
v -8 10 29
v -8 11 29
v -7 0 29
v -7 1 29
v -6 0 29
v -6 1 29
v -9 17 28
v -9 18 28
v -8 0 28
v -8 1 28
v -8 15 28
v -8 16 28
v -8 17 28
v -8 18 28
v -7 0 28
v -7 1 28
v -7 15 28
v -7 16 28
v -2 18 28
v -2 19 28
v -1 18 28
v -1 19 28
v 5 18 28
v 5 19 28
v 6 16 28
v 6 17 28
v 6 18 28
v 6 19 28
v 7 16 28
v 7 18 28
v -9 18 27
v -9 19 27
v -8 18 27
v -8 19 27
v -7 18 27
v -6 18 27
v -3 18 27
v -3 19 27
v -2 18 27
v -2 19 27
v 5 15 27
v 5 16 27
v 6 15 27
v 6 16 27
v 6 18 27
v 6 19 27
v 7 18 27
v 7 19 27
v -5 14 23
v -5 15 23
v 3 14 23
v 3 15 23
v -6 14 22
v -6 15 22
v -5 13 22
v -5 14 22
v -5 15 22
v -2 18 22
v -2 19 22
v -1 18 22
v -1 19 22
v 2 18 22
v 2 19 22
v 3 13 22
v 3 14 22
v 3 15 22
v 4 14 22
v 4 15 22
v 4 18 22
v 5 18 22
v 5 19 22
v -7 18 21
v -7 19 21
v -6 13 21
v -6 14 21
v -6 18 21
v -5 0 21
v -5 13 21
v -5 14 21
v -5 18 21
v -5 19 21
v -4 18 21
v -4 19 21
v -1 18 21
v -1 19 21
v 0 18 21
v 0 19 21
v 1 18 21
v 1 19 21
v 2 18 21
v 2 19 21
v 3 0 21
v 3 13 21
v 3 14 21
v 4 13 21
v 4 14 21
v 6 12 21
v 6 16 21
v 7 5 21
v 7 12 21
v 7 13 21
v 7 16 21
v 8 5 21
v 8 13 21
v -9 16 20
v -9 17 20
v -8 16 20
v -8 17 20
v -6 0 20
v -6 13 20
v -5 0 20
v -5 13 20
v -5 15 20
v -4 18 20
v -4 19 20
v -3 18 20
v -3 19 20
v -2 18 20
v -2 19 20
v 3 0 20
v 3 13 20
v 3 15 20
v 4 0 20
v 4 13 20
v 5 18 20
v 5 19 20
v 6 17 20
v 6 18 20
v 6 19 20
v 7 17 20
v 7 18 20
v -9 17 19
v -9 18 19
v -8 15 19
v -8 16 19
v -8 17 19
v -8 18 19
v -8 20 19
v -7 15 19
v -7 16 19
v -7 18 19
v -7 19 19
v -7 20 19
v -7 22 19
v -7 23 19
v -7 24 19
v -7 25 19
v -7 26 19
v -6 19 19
v -6 20 19
v -6 22 19
v -6 23 19
v -6 24 19
v -6 25 19
v -6 26 19
v -6 27 19
v -5 19 19
v -5 20 19
v -5 25 19
v -5 26 19
v -5 27 19
v -5 28 19
v -4 0 19
v -4 1 19
v -4 26 19
v -4 27 19
v -4 28 19
v -3 0 19
v -3 1 19
v -3 27 19
v -3 28 19
v 1 0 19
v 1 1 19
v 2 0 19
v 2 1 19
v 4 19 19
v 4 20 19
v 5 15 19
v 5 16 19
v 5 19 19
v 5 20 19
v 6 15 19
v 6 16 19
v 6 18 19
v 6 19 19
v 6 20 19
v 7 18 19
v 7 19 19
v -9 18 18
v -9 19 18
v -8 18 18
v -8 19 18
v -8 20 18
v -8 21 18
v -8 26 18
v -7 20 18
v -7 21 18
v -7 22 18
v -7 23 18
v -7 24 18
v -7 25 18
v -7 26 18
v -7 27 18
v -6 20 18
v -6 22 18
v -6 23 18
v -6 24 18
v -6 25 18
v -6 26 18
v -6 27 18
v -6 28 18
v -5 0 18
v -5 13 18
v -5 20 18
v -5 23 18
v -5 24 18
v -5 25 18
v -5 26 18
v -5 27 18
v -5 28 18
v -4 0 18
v -4 12 18
v -4 13 18
v -4 25 18
v -4 26 18
v -4 27 18
v -4 28 18
v -4 29 18
v -3 0 18
v -3 1 18
v -3 26 18
v -3 27 18
v -3 28 18
v -3 29 18
v -2 27 18
v -2 28 18
v 0 0 18
v 0 1 18
v 1 0 18
v 1 1 18
v 2 0 18
v 2 1 18
v 3 0 18
v 3 1 18
v 3 19 18
v 3 20 18
v 4 19 18
v 4 20 18
v 4 21 18
v 5 20 18
v 5 21 18
v 6 15 18
v 6 16 18
v 6 20 18
v 6 21 18
v 7 15 18
v 7 16 18
v -5 13 17
v -5 14 17
v -4 13 17
v -4 14 17
v -3 13 17
v -2 27 17
v -2 28 17
v -1 27 17
v -1 28 17
v 1 13 17
v 1 14 17
v 3 13 17
v 3 14 17
v 3 20 17
v 3 21 17
v 4 20 17
v 4 21 17
v -5 14 16
v -5 15 16
v -4 14 16
v -3 14 16
v -3 15 16
v 1 14 16
v 1 15 16
v 3 14 16
v 3 15 16
v -10 0 15
v -10 1 15
v -7 0 15
v -7 1 15
v -10 16 14
v -10 17 14
v -9 1 14
v -9 3 14
v -9 4 14
v -9 5 14
v -9 6 14
v -9 7 14
v -9 10 14
v -9 11 14
v -9 12 14
v -9 13 14
v -9 15 14
v -9 16 14
v -9 17 14
v -8 1 14
v -8 3 14
v -8 4 14
v -8 5 14
v -8 6 14
v -8 7 14
v -8 10 14
v -8 11 14
v -8 12 14
v -8 13 14
v -8 15 14
v -8 16 14
v -7 0 14
v -7 1 14
v -6 0 14
v -6 1 14
v -1 18 14
v -1 19 14
v 0 18 14
v 3 18 14
v 3 19 14
v -9 13 13
v -9 14 13
v -9 15 13
v -8 13 13
v -8 14 13
v -8 15 13
v -6 18 13
v -6 19 13
v -5 18 13
v -4 18 13
v -4 19 13
v -2 18 13
v -2 19 13
v -1 18 13
v -1 19 13
v -8 18 12
v -8 19 12
v -7 18 12
v -6 18 12
v -6 19 12
v -9 17 11
v -9 18 11
v -9 19 11
v -8 17 11
v -8 18 11
v -8 19 11
v -5 18 11
v -5 19 11
v -4 18 11
v -4 19 11
v 0 16 8
v 0 17 8
v 1 16 8
v 1 17 8
v -1 16 7
v -1 17 7
v 0 16 7
v 0 17 7
v 0 19 7
v 1 16 7
v 1 17 7
v 2 16 7
v 2 19 7
v -1 17 6
v -1 19 6
v 0 15 6
v 0 16 6
v 0 17 6
v 0 19 6
v 1 13 6
v 1 14 6
v 1 15 6
v 2 13 6
v 2 14 6
v 2 16 6
v 2 17 6
v 3 14 6
v 3 17 6
v 6 18 6
v 6 19 6
v 7 18 6
v 7 19 6
v -2 16 5
v -2 18 5
v -1 15 5
v -1 16 5
v -1 18 5
v 0 13 5
v 0 14 5
v 0 15 5
v 0 16 5
v 1 13 5
v 1 14 5
v 1 15 5
v 5 18 4
v 5 19 4
v 6 16 4
v 6 18 4
v 6 19 4
v 7 16 4
v 7 18 4
v 4 17 3
v 4 18 3
v 5 16 3
v 5 17 3
v 5 18 3
v 6 16 3
v 6 18 3
v 1 18 2
v 1 19 2
v 2 18 2
v 2 19 2
v 4 18 2
v 4 19 2
v 5 18 2
v 5 19 2
v -6 18 1
v -6 19 1
v -5 18 1
v -5 19 1
v -1 18 1
v -1 19 1
v 1 18 1
v 1 19 1
v 4 16 1
v 4 17 1
v 5 15 1
v 5 16 1
v 5 17 1
v 6 15 1
v 6 16 1
v -8 18 -0
v -8 19 -0
v -6 18 -0
v -6 19 -0
v -5 18 -0
v -5 19 -0
v -4 18 -0
v -4 19 -0
v -3 18 -0
v -3 19 -0
v -1 18 -0
v -1 19 -0
v 2 18 -0
v 2 19 -0
v 3 17 -0
v 3 18 -0
v 3 19 -0
v 4 15 -0
v 4 16 -0
v 4 17 -0
v 4 18 -0
v 4 19 -0
v 5 15 -0
v 5 16 -0
v -9 18 -1
v -9 19 -1
v -8 18 -1
v -8 19 -1
v -4 18 -1
v -4 19 -1
v -3 17 -1
v -3 18 -1
v -3 19 -1
v -2 17 -1
v -2 18 -1
v 1 17 -1
v 1 18 -1
v 2 18 -1
v 3 16 -1
v 3 17 -1
v 3 18 -1
v 4 16 -1
v 4 17 -1
v 4 18 -1
v 4 19 -1
v 5 18 -1
v 6 16 -1
v 6 17 -1
v 6 18 -1
v 6 19 -1
v 7 16 -1
v 7 17 -1
v 7 18 -1
v -9 16 -2
v -9 18 -2
v -8 17 -2
v -8 18 -2
v -7 16 -2
v -7 17 -2
v -7 18 -2
v -6 15 -2
v -6 17 -2
v -6 18 -2
v -5 16 -2
v -5 17 -2
v -5 18 -2
v -4 17 -2
v -4 18 -2
v -3 16 -2
v -3 17 -2
v -3 18 -2
v -2 15 -2
v -2 16 -2
v -2 17 -2
v -1 16 -2
v -1 17 -2
v -1 18 -2
v -1 19 -2
v 0 18 -2
v 0 19 -2
v 1 17 -2
v 3 15 -2
v 3 16 -2
v 3 17 -2
v 3 18 -2
v 3 19 -2
v 4 15 -2
v 4 16 -2
v 4 18 -2
v 4 19 -2
v 5 15 -2
v 5 16 -2
v 6 15 -2
v 6 16 -2
v 6 18 -2
v 6 19 -2
v 7 18 -2
v 7 19 -2
v -7 16 -3
v -7 17 -3
v -6 16 -3
v -6 17 -3
v -2 15 -3
v -2 16 -3
v -1 16 -3
v 0 18 -3
v 0 19 -3
v 1 18 -3
v 1 19 -3
v 3 15 -3
v 3 16 -3
v 3 18 -3
v 3 19 -3
v -8 15 -4
v -8 16 -4
v -6 15 -4
v -6 16 -4
v -5 14 -4
v -5 15 -4
v -4 14 -4
v -4 15 -4
v 1 14 -4
v 1 15 -4
v 3 14 -4
v 3 15 -4
v -6 14 -5
v -6 15 -5
v -5 13 -5
v -5 14 -5
v -5 15 -5
v -4 14 -5
v -3 13 -5
v -3 14 -5
v 1 14 -5
v 2 13 -5
v 2 14 -5
v 3 13 -5
v 3 14 -5
v 3 15 -5
v 4 14 -5
v 4 15 -5
v -6 13 -6
v -6 14 -6
v -5 0 -6
v -5 13 -6
v -5 14 -6
v -5 18 -6
v -5 19 -6
v -4 0 -6
v -4 12 -6
v -4 18 -6
v -4 19 -6
v -3 0 -6
v -3 3 -6
v -3 4 -6
v -3 11 -6
v -3 12 -6
v -3 13 -6
v -3 18 -6
v -2 0 -6
v -2 3 -6
v -2 5 -6
v -2 10 -6
v -2 18 -6
v -2 19 -6
v 0 0 -6
v 0 3 -6
v 0 9 -6
v 0 10 -6
v 1 0 -6
v 1 3 -6
v 1 4 -6
v 1 5 -6
v 1 9 -6
v 1 11 -6
v 2 0 -6
v 2 12 -6
v 2 13 -6
v 3 0 -6
v 3 13 -6
v 3 14 -6
v 4 13 -6
v 4 14 -6
v -6 0 -7
v -6 13 -7
v -6 18 -7
v -6 19 -7
v -5 0 -7
v -5 13 -7
v -5 18 -7
v -5 19 -7
v -4 0 -7
v -4 12 -7
v -3 0 -7
v -3 3 -7
v -3 4 -7
v -3 11 -7
v -3 12 -7
v -2 3 -7
v 0 3 -7
v 1 0 -7
v 1 3 -7
v 1 4 -7
v 1 5 -7
v 1 9 -7
v 1 11 -7
v 2 0 -7
v 2 12 -7
v 3 0 -7
v 3 13 -7
v 4 0 -7
v 4 13 -7
v 3 18 -8
v 3 19 -8
v 4 18 -8
v 5 18 -8
v 5 19 -8
v 6 8 -8
v 6 9 -8
v 6 10 -8
v 6 11 -8
v 6 12 -8
v 6 16 -8
v 7 8 -8
v 7 9 -8
v 7 10 -8
v 7 11 -8
v 7 12 -8
v 7 16 -8
v -9 16 -9
v -9 17 -9
v -8 16 -9
v -8 17 -9
v -7 18 -9
v -7 19 -9
v -6 18 -9
v -6 19 -9
v 2 18 -9
v 2 19 -9
v 3 18 -9
v 3 19 -9
v 6 17 -9
v 6 18 -9
v 7 17 -9
v 7 18 -9
v -9 17 -10
v -9 18 -10
v -9 19 -10
v -8 17 -10
v -8 18 -10
v -8 19 -10
v -1 18 -10
v -1 19 -10
v 0 18 -10
v 0 19 -10
v 5 15 -10
v 5 16 -10
v 5 18 -10
v 5 19 -10
v 6 15 -10
v 6 16 -10
v 6 18 -10
v 6 19 -10
v 7 18 -10
v 7 19 -10
v -8 18 -11
v -8 19 -11
v -7 18 -11
v -7 19 -11
v 0 18 -11
v 0 19 -11
v 1 18 -11
v 1 19 -11
v -7 19 -12
v -7 21 -12
v -6 19 -12
v -6 21 -12
v 0 27 -12
v 0 28 -12
v 2 26 -12
v 2 27 -12
v 3 19 -12
v 3 20 -12
v 3 25 -12
v 3 26 -12
v 3 27 -12
v 3 28 -12
v 4 19 -12
v 4 20 -12
v 4 21 -12
v 4 22 -12
v 4 24 -12
v 4 25 -12
v 4 26 -12
v 4 27 -12
v 5 19 -12
v 5 20 -12
v 5 21 -12
v 5 22 -12
v 5 24 -12
v 5 25 -12
v 5 26 -12
v 6 19 -12
v 6 20 -12
v -8 19 -13
v -8 21 -13
v -7 19 -13
v -7 21 -13
v -6 19 -13
v -6 21 -13
v -5 19 -13
v -5 21 -13
v -1 27 -13
v -1 28 -13
v 0 27 -13
v 0 28 -13
v 1 26 -13
v 1 27 -13
v 1 28 -13
v 1 29 -13
v 2 25 -13
v 2 26 -13
v 2 27 -13
v 2 28 -13
v 2 29 -13
v 3 20 -13
v 3 21 -13
v 3 22 -13
v 3 25 -13
v 3 26 -13
v 3 27 -13
v 3 28 -13
v 4 20 -13
v 4 21 -13
v 4 22 -13
v 4 24 -13
v 4 25 -13
v 4 26 -13
v 4 27 -13
v 4 28 -13
v 5 20 -13
v 5 21 -13
v 5 22 -13
v 5 23 -13
v 5 24 -13
v 5 25 -13
v 5 26 -13
v 5 27 -13
v 6 20 -13
v 6 21 -13
v 6 22 -13
v 6 23 -13
v 6 26 -13
v -8 15 -14
v -8 16 -14
v -7 15 -14
v -7 16 -14
v -7 19 -15
v -7 20 -15
v -6 19 -15
v -6 20 -15
v 1 27 -15
v 1 28 -15
v 2 26 -15
v 2 27 -15
v 2 28 -15
v 3 25 -15
v 3 26 -15
v 3 27 -15
v 4 19 -15
v 4 21 -15
v 4 22 -15
v 4 24 -15
v 4 25 -15
v 4 26 -15
v 4 27 -15
v 5 19 -15
v 5 21 -15
v 5 22 -15
v 5 24 -15
v 5 25 -15
v 5 26 -15
v 6 0 -16
v 6 1 -16
v 8 0 -16
v 8 1 -16
v -9 16 -17
v -9 17 -17
v -9 18 -17
v -8 16 -17
v -8 17 -17
v -8 18 -17
v -7 17 -17
v -7 18 -17
v 5 0 -17
v 5 1 -17
v 5 17 -17
v 5 18 -17
v 6 0 -17
v 6 1 -17
v 6 5 -17
v 6 6 -17
v 6 8 -17
v 6 9 -17
v 6 10 -17
v 6 11 -17
v 6 16 -17
v 6 17 -17
v 6 18 -17
v 7 1 -17
v 7 5 -17
v 7 6 -17
v 7 8 -17
v 7 9 -17
v 7 10 -17
v 7 11 -17
v 7 14 -17
v 7 15 -17
v 8 14 -17
v 8 15 -17
v 8 17 -17
v -9 18 -18
v -9 19 -18
v -8 15 -18
v -8 16 -18
v -8 18 -18
v -7 15 -18
v -7 16 -18
v -7 18 -18
v -7 19 -18
v -5 18 -18
v -5 19 -18
v -4 18 -18
v -4 19 -18
v 2 18 -18
v 2 19 -18
v 3 18 -18
v 5 18 -18
v 6 17 -18
v 6 18 -18
v 7 17 -18
v 7 19 -18
v -4 18 -19
v -4 19 -19
v -3 18 -19
v -3 19 -19
v 0 18 -19
v 0 19 -19
v 1 18 -19
v 1 19 -19
v 2 18 -19
v 2 19 -19
v 5 15 -19
v 5 16 -19
v 6 0 -19
v 6 1 -19
v 6 15 -19
v 6 16 -19
v 7 0 -19
v 7 1 -19
v -7 0 -22
v -7 1 -22
v -6 0 -22
v -6 1 -22
v -9 0 -23
v -9 1 -23
v -9 13 -23
v -9 16 -23
v -8 13 -23
v -8 15 -23
v -8 16 -23
v -7 0 -23
v -7 1 -23
v -8 1 -24
v -8 13 -24
v -8 16 -24
v -7 1 -24
v -7 15 -24
v -7 16 -24
v 1 18 -24
v 1 19 -24
v 3 18 -24
v 4 18 -24
v 4 19 -24
v -9 16 -25
v -9 17 -25
v -9 18 -25
v -8 16 -25
v -8 17 -25
v -8 18 -25
v -7 17 -25
v -7 18 -25
v -6 18 -25
v -6 19 -25
v -5 18 -25
v -5 19 -25
v -3 18 -25
v -3 19 -25
v -2 18 -25
v -2 19 -25
v 0 18 -25
v 0 19 -25
v 1 18 -25
v 1 19 -25
v 4 18 -25
v 4 19 -25
v 5 18 -25
v 5 19 -25
v 6 16 -25
v 6 17 -25
v 6 18 -25
v 6 19 -25
v 7 16 -25
v 7 17 -25
v -9 18 -26
v -9 19 -26
v -8 15 -26
v -8 16 -26
v -8 18 -26
v -7 15 -26
v -7 16 -26
v -7 18 -26
v -6 18 -26
v -6 19 -26
v -5 18 -26
v -5 19 -26
v -4 18 -26
v -4 19 -26
v 6 17 -26
v 6 18 -26
v 6 19 -26
v 7 17 -26
v 7 19 -26
v 5 15 -27
v 5 16 -27
v 6 15 -27
v 6 16 -27
v -5 18 -29
v -5 19 -29
v -4 18 -29
v -4 19 -29
v -4 18 -30
v -4 19 -30
v -2 18 -30
v -2 19 -30
v -7 15 32
v -7 16 32
v -6 15 32
v -6 16 32
v 3 18 31
v 3 19 31
v 4 18 31
v 5 18 31
v 5 19 31
v -9 17 30
v -9 19 30
v -8 15 30
v -8 16 30
v -8 17 30
v -8 18 30
v -7 15 30
v -7 16 30
v -7 18 30
v -7 19 30
v 5 15 30
v 5 16 30
v 5 18 30
v 5 19 30
v 6 15 30
v 6 16 30
v 6 17 30
v 6 18 30
v 7 17 30
v 7 19 30
v -7 18 29
v -7 19 29
v -6 18 29
v -6 19 29
v -2 18 29
v -2 19 29
v -1 18 29
v -1 19 29
v 6 16 29
v 6 17 29
v 7 16 29
v 7 17 29
v -10 1 28
v -10 2 28
v -9 1 28
v -9 2 28
v -9 7 28
v -9 10 28
v -9 11 28
v -9 13 28
v -9 14 28
v -9 16 28
v -8 2 28
v -8 7 28
v -8 10 28
v -8 11 28
v -8 13 28
v -8 14 28
v -8 15 28
v -8 16 28
v -7 0 28
v -7 1 28
v -6 0 28
v -6 1 28
v -6 18 28
v -6 19 28
v -3 18 28
v -2 18 28
v -2 19 28
v -11 0 27
v -11 1 27
v -9 0 27
v -9 1 27
v -9 2 27
v -8 0 27
v -8 1 27
v -8 2 27
v -7 0 27
v -7 1 27
v -9 0 26
v -9 1 26
v -8 0 26
v -8 1 26
v -2 18 23
v -2 19 23
v -1 18 23
v -1 19 23
v 1 18 23
v 1 19 23
v 2 18 23
v 2 19 23
v 3 18 23
v 3 19 23
v 4 18 23
v 5 18 23
v 5 19 23
v -9 18 22
v -9 19 22
v -8 15 22
v -8 16 22
v -8 18 22
v -8 19 22
v -7 15 22
v -7 16 22
v -7 18 22
v -7 19 22
v -6 18 22
v -5 14 22
v -5 15 22
v -5 18 22
v -4 18 22
v -4 19 22
v -1 18 22
v -1 19 22
v 0 18 22
v 1 18 22
v 1 19 22
v 3 14 22
v 3 15 22
v 5 15 22
v 5 16 22
v 5 18 22
v 5 19 22
v 6 15 22
v 6 16 22
v 6 18 22
v 6 19 22
v 7 18 22
v 7 19 22
v -9 16 21
v -9 18 21
v -8 16 21
v -8 17 21
v -8 18 21
v -8 19 21
v -7 18 21
v -7 19 21
v -5 13 21
v -5 14 21
v -4 18 21
v -4 19 21
v -3 18 21
v -2 18 21
v -2 19 21
v 3 13 21
v 3 14 21
v 6 17 21
v 6 18 21
v 7 17 21
v 7 18 21
v -5 0 20
v -5 13 20
v -4 1 20
v -4 13 20
v 3 0 20
v 3 1 20
v 6 12 20
v 6 16 20
v 7 5 20
v 7 12 20
v 7 13 20
v 7 16 20
v 8 5 20
v 8 13 20
v -6 0 18
v -6 13 18
v -5 0 18
v -5 13 18
v -5 15 18
v -4 0 18
v -4 12 18
v -3 0 18
v -3 1 18
v -3 3 18
v -3 4 18
v -3 11 18
v -3 12 18
v -3 13 18
v -2 3 18
v -2 4 18
v -2 11 18
v -1 11 18
v 1 0 18
v 1 2 18
v 1 3 18
v 1 4 18
v 1 6 18
v 1 11 18
v 1 12 18
v 1 13 18
v 2 0 18
v 2 12 18
v 3 0 18
v 3 13 18
v 3 15 18
v 4 0 18
v 4 13 18
v -6 13 17
v -6 14 17
v -5 0 17
v -5 13 17
v -5 14 17
v -4 0 17
v -4 12 17
v -4 13 17
v -3 0 17
v -3 1 17
v -3 3 17
v -3 4 17
v -3 11 17
v -3 12 17
v -3 13 17
v -2 1 17
v -2 3 17
v -2 4 17
v -2 11 17
v -1 10 17
v -1 11 17
v 0 0 17
v 0 2 17
v 0 6 17
v 0 10 17
v 1 0 17
v 1 2 17
v 1 3 17
v 1 4 17
v 1 6 17
v 1 11 17
v 1 12 17
v 1 13 17
v 2 0 17
v 2 12 17
v 3 0 17
v 3 13 17
v 3 14 17
v 4 13 17
v 4 14 17
v 6 15 17
v 6 16 17
v 7 15 17
v 7 16 17
v -8 20 16
v -8 21 16
v -8 22 16
v -8 25 16
v -8 26 16
v -7 20 16
v -7 21 16
v -7 22 16
v -7 23 16
v -7 25 16
v -7 26 16
v -7 27 16
v -6 14 16
v -6 15 16
v -6 20 16
v -6 21 16
v -6 23 16
v -6 24 16
v -6 25 16
v -6 26 16
v -6 27 16
v -6 28 16
v -5 13 16
v -5 14 16
v -5 15 16
v -5 20 16
v -5 24 16
v -5 25 16
v -5 26 16
v -5 27 16
v -5 28 16
v -4 13 16
v -4 14 16
v -4 25 16
v -4 26 16
v -4 27 16
v -4 28 16
v -4 29 16
v -3 14 16
v -3 26 16
v -3 27 16
v -3 28 16
v -3 29 16
v -2 27 16
v -2 28 16
v -1 27 16
v -1 28 16
v 1 13 16
v 1 14 16
v 3 13 16
v 3 14 16
v 3 15 16
v 3 19 16
v 3 21 16
v 4 14 16
v 4 15 16
v 4 19 16
v 4 21 16
v 5 19 16
v 5 20 16
v 5 21 16
v 6 19 16
v 6 20 16
v 6 21 16
v -8 19 15
v -8 20 15
v -7 19 15
v -7 20 15
v -7 21 15
v -7 23 15
v -7 26 15
v -6 19 15
v -6 20 15
v -6 21 15
v -6 23 15
v -6 25 15
v -6 26 15
v -6 27 15
v -5 14 15
v -5 15 15
v -5 19 15
v -5 20 15
v -5 25 15
v -5 26 15
v -5 27 15
v -5 28 15
v -4 26 15
v -4 27 15
v -4 28 15
v -3 14 15
v -3 15 15
v -2 27 15
v -2 28 15
v -1 18 15
v -1 19 15
v 0 18 15
v 1 14 15
v 1 15 15
v 3 14 15
v 3 15 15
v 3 18 15
v 3 19 15
v 4 19 15
v 4 21 15
v 5 19 15
v 5 21 15
v -9 18 14
v -9 19 14
v -8 0 14
v -8 1 14
v -8 18 14
v -7 0 14
v -7 1 14
v -7 18 14
v -7 19 14
v -6 18 14
v -6 19 14
v -5 18 14
v -4 18 14
v -4 19 14
v -2 18 14
v -2 19 14
v -1 18 14
v -1 19 14
v 3 18 14
v 3 19 14
v 4 18 14
v 5 15 14
v 5 16 14
v 5 18 14
v 5 19 14
v 6 15 14
v 6 16 14
v 6 18 14
v 6 19 14
v 7 18 14
v 7 19 14
v -10 0 13
v -10 1 13
v -10 16 13
v -10 17 13
v -9 0 13
v -9 1 13
v -9 3 13
v -9 4 13
v -9 5 13
v -9 6 13
v -9 7 13
v -9 10 13
v -9 11 13
v -9 16 13
v -9 17 13
v -9 18 13
v -8 1 13
v -8 3 13
v -8 4 13
v -8 5 13
v -8 6 13
v -8 7 13
v -8 10 13
v -8 11 13
v -8 17 13
v -8 18 13
v -7 0 13
v -7 1 13
v -7 18 13
v -7 19 13
v -6 0 13
v -6 1 13
v -6 18 13
v -6 19 13
v -1 18 13
v -1 19 13
v 1 18 13
v 2 15 13
v 2 16 13
v 2 18 13
v 3 17 13
v 3 18 13
v 3 19 13
v 4 16 13
v 4 17 13
v 4 18 13
v 5 15 13
v 5 16 13
v 5 17 13
v 5 18 13
v 5 19 13
v 6 16 13
v 6 17 13
v 6 18 13
v 6 19 13
v 7 16 13
v 7 17 13
v 7 18 13
v -9 0 12
v -9 1 12
v -9 11 12
v -9 12 12
v -9 13 12
v -9 14 12
v -9 16 12
v -8 0 12
v -8 1 12
v -8 11 12
v -8 12 12
v -8 13 12
v -8 14 12
v -8 15 12
v -8 16 12
v -5 18 12
v -5 19 12
v -4 18 12
v -4 19 12
v 1 15 12
v 1 16 12
v 2 15 12
v 2 16 12
v 2 17 12
v 2 18 12
v 3 17 12
v 3 18 12
v 4 16 12
v 4 17 12
v 5 16 12
v 5 17 12
v 6 16 12
v 6 17 12
v -4 15 11
v -4 16 11
v -4 18 11
v -4 19 11
v -3 16 11
v -3 18 11
v -2 18 11
v -2 19 11
v -1 18 11
v -1 19 11
v 1 15 11
v 1 16 11
v 1 17 11
v 1 18 11
v 2 17 11
v 2 18 11
v -4 16 10
v -4 18 10
v -3 16 10
v -3 17 10
v -3 18 10
v -2 17 10
v -2 18 10
v -1 17 10
v -1 18 10
v 0 17 10
v 0 18 10
v 1 16 10
v 1 17 10
v 1 18 10
v 2 16 10
v 2 17 10
v -9 18 9
v -9 19 9
v -8 18 9
v -8 19 9
v -6 15 9
v -6 16 9
v -5 16 9
v -5 18 9
v -5 19 9
v -4 15 9
v -4 16 9
v -4 18 9
v -4 19 9
v -8 15 8
v -8 16 8
v -8 18 8
v -8 19 8
v -7 18 8
v -7 19 8
v -6 15 8
v -6 16 8
v -6 18 8
v -6 19 8
v -5 17 8
v -5 18 8
v -5 19 8
v -4 17 8
v -4 18 8
v -9 16 7
v -9 18 7
v -8 17 7
v -8 18 7
v -7 17 7
v -7 18 7
v -7 19 7
v -6 17 7
v -6 18 7
v -6 19 7
v -5 16 7
v -5 17 7
v -4 16 7
v -4 17 7
v -8 17 6
v -8 18 6
v -7 17 6
v -7 18 6
v -6 17 6
v -6 18 6
v -5 17 6
v -5 18 6
v 1 13 5
v 1 14 5
v 1 15 5
v 1 17 5
v 1 19 5
v 2 13 5
v 2 14 5
v 2 15 5
v 2 17 5
v 2 19 5
v 3 14 5
v 3 17 5
v -2 16 4
v -2 18 4
v -1 15 4
v -1 16 4
v -1 17 4
v -1 18 4
v -1 19 4
v 0 13 4
v 0 14 4
v 0 15 4
v 1 13 4
v 1 14 4
v 1 15 4
v 1 17 4
v 1 19 4
v 2 15 4
v 2 16 4
v -1 16 3
v -1 17 3
v 2 16 3
v 2 17 3
v 5 18 1
v 5 19 1
v 6 18 1
v 7 18 1
v 7 19 1
v 4 18 -0
v 4 19 -0
v 5 18 -0
v 5 19 -0
v 6 16 -0
v 6 17 -0
v 6 18 -0
v 7 16 -0
v 7 17 -0
v 7 18 -0
v -1 18 -1
v -1 19 -1
v 0 18 -1
v 0 19 -1
v 3 18 -1
v 3 19 -1
v 4 18 -1
v 4 19 -1
v 5 15 -1
v 5 16 -1
v 6 15 -1
v 6 16 -1
v 0 18 -2
v 0 19 -2
v 1 18 -2
v 2 18 -2
v 2 19 -2
v 3 18 -2
v 3 19 -2
v -5 18 -5
v -5 19 -5
v -4 18 -5
v -4 19 -5
v -3 18 -5
v -2 18 -5
v -2 19 -5
v -6 18 -6
v -6 19 -6
v -5 18 -6
v -5 19 -6
v -9 18 -7
v -9 19 -7
v -8 18 -7
v -8 19 -7
v -7 18 -7
v -7 19 -7
v -6 18 -7
v -6 19 -7
v 3 18 -7
v 3 19 -7
v 4 18 -7
v 4 19 -7
v 5 15 -7
v 5 16 -7
v 5 18 -7
v 5 19 -7
v 6 15 -7
v 6 16 -7
v 6 18 -7
v 6 19 -7
v 7 18 -7
v 7 19 -7
v -9 16 -8
v -9 17 -8
v -9 18 -8
v -8 16 -8
v -8 17 -8
v -8 18 -8
v -8 19 -8
v -7 18 -8
v -7 19 -8
v 2 18 -8
v 2 19 -8
v 3 18 -8
v 3 19 -8
v 5 18 -8
v 5 19 -8
v 6 17 -8
v 6 18 -8
v 6 19 -8
v 7 17 -8
v 7 18 -8
v -6 0 -9
v -6 13 -9
v -5 0 -9
v -5 13 -9
v -1 18 -9
v -1 19 -9
v 0 18 -9
v 0 19 -9
v 3 0 -9
v 3 13 -9
v 4 0 -9
v 4 13 -9
v 6 8 -9
v 6 9 -9
v 6 10 -9
v 6 11 -9
v 6 12 -9
v 7 8 -9
v 7 9 -9
v 7 10 -9
v 7 11 -9
v 7 12 -9
v -8 15 -10
v -8 16 -10
v -7 15 -10
v -7 16 -10
v -6 13 -10
v -6 14 -10
v -5 0 -10
v -5 13 -10
v -5 14 -10
v 0 18 -10
v 0 19 -10
v 1 18 -10
v 1 19 -10
v 3 0 -10
v 3 13 -10
v 3 14 -10
v 4 13 -10
v 4 14 -10
v 6 12 -10
v 6 14 -10
v 6 15 -10
v 6 16 -10
v 7 12 -10
v 7 14 -10
v 7 16 -10
v -6 14 -11
v -6 15 -11
v -5 13 -11
v -5 14 -11
v -5 15 -11
v 3 13 -11
v 3 14 -11
v 3 15 -11
v 4 14 -11
v 4 15 -11
v -5 14 -12
v -5 15 -12
v 3 14 -12
v 3 15 -12
v -7 19 -13
v -7 20 -13
v -6 19 -13
v -6 20 -13
v 1 27 -13
v 1 28 -13
v 2 26 -13
v 2 27 -13
v 2 28 -13
v 3 25 -13
v 3 26 -13
v 4 19 -13
v 4 20 -13
v 4 21 -13
v 4 22 -13
v 4 24 -13
v 4 25 -13
v 4 26 -13
v 4 27 -13
v 5 19 -13
v 5 21 -13
v 5 22 -13
v 5 23 -13
v 5 24 -13
v 5 25 -13
v 5 26 -13
v -6 20 -14
v -6 21 -14
v -5 20 -14
v -5 21 -14
v -1 27 -14
v -1 28 -14
v 0 27 -14
v 0 28 -14
v -9 18 -15
v -9 19 -15
v -8 15 -15
v -8 16 -15
v -8 18 -15
v -8 19 -15
v -8 20 -15
v -8 21 -15
v -7 15 -15
v -7 16 -15
v -6 19 -15
v -6 20 -15
v -6 21 -15
v -5 19 -15
v -5 20 -15
v 0 27 -15
v 0 28 -15
v 1 26 -15
v 1 27 -15
v 1 28 -15
v 1 29 -15
v 2 25 -15
v 2 26 -15
v 2 27 -15
v 2 28 -15
v 2 29 -15
v 3 20 -15
v 3 24 -15
v 3 25 -15
v 3 26 -15
v 3 27 -15
v 3 28 -15
v 4 20 -15
v 4 21 -15
v 4 22 -15
v 4 24 -15
v 4 25 -15
v 4 26 -15
v 4 27 -15
v 4 28 -15
v 5 15 -15
v 5 16 -15
v 5 20 -15
v 5 21 -15
v 5 22 -15
v 5 24 -15
v 5 25 -15
v 5 26 -15
v 5 27 -15
v 6 15 -15
v 6 16 -15
v 6 18 -15
v 6 19 -15
v 6 20 -15
v 6 21 -15
v 6 24 -15
v 6 26 -15
v 7 18 -15
v 7 19 -15
v -9 16 -16
v -9 18 -16
v -8 16 -16
v -8 17 -16
v -8 18 -16
v -8 20 -16
v -7 17 -16
v -7 19 -16
v -6 19 -16
v -6 20 -16
v 1 27 -16
v 1 28 -16
v 2 26 -16
v 2 27 -16
v 2 28 -16
v 3 19 -16
v 3 20 -16
v 3 25 -16
v 3 26 -16
v 3 27 -16
v 3 28 -16
v 4 20 -16
v 4 21 -16
v 4 22 -16
v 4 24 -16
v 4 25 -16
v 4 26 -16
v 4 27 -16
v 5 17 -16
v 5 19 -16
v 5 20 -16
v 5 21 -16
v 5 22 -16
v 5 24 -16
v 5 25 -16
v 5 26 -16
v 6 16 -16
v 6 17 -16
v 6 18 -16
v 6 19 -16
v 6 20 -16
v 7 16 -16
v 7 18 -16
v -7 18 -17
v -7 19 -17
v -6 18 -17
v -6 19 -17
v -5 18 -17
v -4 18 -17
v -4 19 -17
v 2 18 -17
v 2 19 -17
v 3 18 -17
v 3 19 -17
v 5 18 -17
v 5 19 -17
v -4 18 -18
v -4 19 -18
v -3 18 -18
v -3 19 -18
v 0 18 -18
v 0 19 -18
v 2 18 -18
v 2 19 -18
v 6 0 -18
v 6 1 -18
v 6 5 -18
v 6 6 -18
v 6 8 -18
v 6 9 -18
v 6 10 -18
v 6 11 -18
v 6 16 -18
v 7 1 -18
v 7 5 -18
v 7 6 -18
v 7 8 -18
v 7 9 -18
v 7 10 -18
v 7 11 -18
v 7 14 -18
v 7 15 -18
v 7 16 -18
v 7 17 -18
v 8 0 -18
v 8 1 -18
v 8 14 -18
v 8 15 -18
v 8 17 -18
v 5 0 -19
v 5 1 -19
v 6 0 -19
v 6 1 -19
v 6 0 -20
v 6 1 -20
v 7 0 -20
v 7 1 -20
v -9 18 -23
v -9 19 -23
v -8 15 -23
v -8 16 -23
v -8 18 -23
v -8 19 -23
v -7 15 -23
v -7 16 -23
v 1 18 -23
v 1 19 -23
v 3 18 -23
v 4 18 -23
v 4 19 -23
v 5 15 -23
v 5 16 -23
v 6 15 -23
v 6 16 -23
v 6 18 -23
v 6 19 -23
v 7 18 -23
v 7 19 -23
v -9 13 -24
v -9 18 -24
v -8 13 -24
v -8 16 -24
v -8 17 -24
v -8 18 -24
v -8 19 -24
v -7 17 -24
v -7 18 -24
v -7 19 -24
v -6 18 -24
v -6 19 -24
v -5 18 -24
v -5 19 -24
v -3 18 -24
v -3 19 -24
v -2 18 -24
v -2 19 -24
v 0 18 -24
v 0 19 -24
v 1 18 -24
v 1 19 -24
v 4 18 -24
v 4 19 -24
v 6 16 -24
v 6 17 -24
v 6 18 -24
v 6 19 -24
v 7 16 -24
v 7 18 -24
v -8 1 -25
v -8 16 -25
v -7 0 -25
v -7 1 -25
v -7 15 -25
v -7 16 -25
v -7 18 -25
v -7 19 -25
v -6 0 -25
v -6 1 -25
v -6 18 -25
v -6 19 -25
v -5 18 -25
v -5 19 -25
v -4 18 -25
v -4 19 -25
v -9 0 -26
v -9 1 -26
v -7 0 -26
v -7 1 -26
v -5 18 -28
v -5 19 -28
v -4 18 -28
v -4 19 -28
v -4 18 -29
v -4 19 -29
v -1 18 -29
v -1 19 -29
v -8 15 -30
v -8 16 -30
v -7 15 -30
v -7 16 -30
v -1 18 -30
v -1 19 -30
v 0 18 -30
v 0 19 -30
v -6 18 -31
v -6 19 -31
v -5 18 -31
v -3 18 -31
v -2 18 -31
v -2 19 -31
v 3 18 -31
v 3 19 -31
v 4 18 -31
v 4 19 -31
v 5 15 -31
v 5 16 -31
v 6 15 -31
v 6 16 -31
v -9 16 -32
v -9 19 -32
v -8 16 -32
v -8 19 -32
v -7 15 -32
v -7 16 -32
v -7 18 -32
v -7 19 -32
v -6 16 -32
v -6 17 -32
v -6 18 -32
v -6 19 -32
v -5 15 -32
v -5 16 -32
v -5 17 -32
v -5 18 -32
v -4 15 -32
v -4 16 -32
v -3 15 -32
v -3 16 -32
v -3 17 -32
v -3 18 -32
v 0 18 -32
v 0 19 -32
v 1 18 -32
v 3 17 -32
v 3 18 -32
v 3 19 -32
v 4 15 -32
v 4 16 -32
v 4 17 -32
v 4 18 -32
v 4 19 -32
v 5 15 -32
v 5 16 -32
v 5 18 -32
v 5 19 -32
v 6 16 -32
v 6 18 -32
v 6 19 -32
v 7 16 -32
v 7 19 -32
v -8 17 -33
v -8 18 -33
v -7 16 -33
v -7 17 -33
v -7 18 -33
v -6 16 -33
v -6 17 -33
v -6 18 -33
v -5 16 -33
v -5 17 -33
v -3 15 -33
v -3 16 -33
v -3 17 -33
v -3 18 -33
v -2 15 -33
v -2 16 -33
v -2 17 -33
v -1 17 -33
v -1 18 -33
v 0 15 -33
v 0 16 -33
v 0 17 -33
v 0 18 -33
v 1 15 -33
v 1 16 -33
v 1 17 -33
v 1 18 -33
v 3 15 -33
v 3 16 -33
v 3 17 -33
v 3 18 -33
v 4 15 -33
v 4 16 -33
v 5 18 -33
v 5 19 -33
v 6 18 -33
v 6 19 -33
v -8 16 -34
v -8 17 -34
v -8 18 -34
v -8 19 -34
v -7 16 -34
v -7 17 -34
v -7 18 -34
v -7 19 -34
v -2 16 -34
v -2 17 -34
v 1 15 -34
v 1 16 -34
v 1 17 -34
v 3 15 -34
v 3 16 -34
v 4 16 -34
v 4 17 -34
v 4 18 -34
v 5 16 -34
v 5 17 -34
v 5 18 -34
v 6 16 -34
v 6 17 -34
v 6 18 -34
v -10 0 30
v -8 0 30
v -11 0 29
v -10 0 29
v -7 0 29
v -6 0 29
v -8 0 28
v -7 0 28
v -6 0 28
v -11 0 27
v -9 0 27
v -8 0 27
v -7 0 27
v -9 0 26
v -8 0 26
v -5 0 21
v 3 0 21
v -6 0 20
v -5 0 20
v 3 0 20
v 4 0 20
v -4 0 19
v -3 0 19
v 1 0 19
v 2 0 19
v -6 0 18
v -5 0 18
v -4 0 18
v -3 0 18
v 0 0 18
v 1 0 18
v 2 0 18
v 3 0 18
v 4 0 18
v -5 0 17
v -4 0 17
v -3 0 17
v 0 0 17
v 1 0 17
v 2 0 17
v 3 0 17
v -10 0 15
v -7 0 15
v -8 0 14
v -7 0 14
v -6 0 14
v -10 0 13
v -9 0 13
v -7 0 13
v -6 0 13
v -9 0 12
v -8 0 12
v -5 0 -6
v -4 0 -6
v -3 0 -6
v -2 0 -6
v 0 0 -6
v 1 0 -6
v 2 0 -6
v 3 0 -6
v -6 0 -7
v -5 0 -7
v -4 0 -7
v -3 0 -7
v -2 0 -7
v 0 0 -7
v 1 0 -7
v 2 0 -7
v 3 0 -7
v 4 0 -7
v -4 0 -8
v -3 0 -8
v 1 0 -8
v 2 0 -8
v -6 0 -9
v -5 0 -9
v 3 0 -9
v 4 0 -9
v -5 0 -10
v 3 0 -10
v 6 0 -16
v 8 0 -16
v 5 0 -17
v 6 0 -17
v 6 0 -18
v 8 0 -18
v 5 0 -19
v 6 0 -19
v 7 0 -19
v 6 0 -20
v 7 0 -20
v -7 0 -22
v -6 0 -22
v -9 0 -23
v -7 0 -23
v -7 0 -25
v -6 0 -25
v -9 0 -26
v -7 0 -26
v -4 1 20
v 3 1 20
v -4 1 19
v -3 1 19
v 1 1 19
v 2 1 19
v -3 1 18
v 0 1 18
v 1 1 18
v 2 1 18
v 3 1 18
v -3 4 18
v -2 4 18
v 1 4 18
v -3 4 17
v -2 4 17
v 1 4 17
v -3 4 -6
v 1 4 -6
v -3 4 -7
v 1 4 -7
v 7 5 21
v 8 5 21
v 7 5 20
v 8 5 20
v 6 8 -8
v 7 8 -8
v 6 8 -9
v 7 8 -9
v -9 11 30
v -8 11 30
v -9 11 29
v -8 11 29
v -9 11 13
v -8 11 13
v -9 11 12
v -8 11 12
v 6 12 21
v 7 12 21
v 6 12 20
v 7 12 20
v -4 12 18
v -3 12 18
v 1 12 18
v 2 12 18
v -4 12 17
v -3 12 17
v 1 12 17
v 2 12 17
v -4 12 -6
v -3 12 -6
v 2 12 -6
v -4 12 -7
v -3 12 -7
v 2 12 -7
v 6 12 -9
v 7 12 -9
v 6 12 -10
v 7 12 -10
v -5 13 22
v 3 13 22
v -6 13 21
v -5 13 21
v 3 13 21
v 4 13 21
v -6 13 20
v -5 13 20
v -4 13 20
v 3 13 20
v 4 13 20
v -6 13 18
v -5 13 18
v -4 13 18
v 3 13 18
v 4 13 18
v -6 13 17
v -5 13 17
v -4 13 17
v -3 13 17
v 1 13 17
v 3 13 17
v 4 13 17
v -5 13 16
v -4 13 16
v 1 13 16
v 3 13 16
v 1 13 6
v 2 13 6
v 0 13 5
v 1 13 5
v 2 13 5
v 0 13 4
v 1 13 4
v -5 13 -5
v -3 13 -5
v 2 13 -5
v 3 13 -5
v -6 13 -6
v -5 13 -6
v -3 13 -6
v 2 13 -6
v 3 13 -6
v 4 13 -6
v -6 13 -7
v -5 13 -7
v 3 13 -7
v 4 13 -7
v -6 13 -9
v -5 13 -9
v 3 13 -9
v 4 13 -9
v -6 13 -10
v -5 13 -10
v 3 13 -10
v 4 13 -10
v -5 13 -11
v 3 13 -11
v -9 13 -23
v -8 13 -23
v -9 13 -24
v -8 13 -24
v -5 14 23
v 3 14 23
v -6 14 22
v -5 14 22
v 3 14 22
v 4 14 22
v -6 14 21
v -5 14 21
v 3 14 21
v 4 14 21
v -6 14 17
v -5 14 17
v 3 14 17
v 4 14 17
v -6 14 16
v -5 14 16
v -4 14 16
v -3 14 16
v 1 14 16
v 3 14 16
v 4 14 16
v -5 14 15
v -3 14 15
v 1 14 15
v 3 14 15
v 2 14 6
v 3 14 6
v 2 14 5
v 3 14 5
v -5 14 -4
v -4 14 -4
v 1 14 -4
v 3 14 -4
v -6 14 -5
v -5 14 -5
v -4 14 -5
v -3 14 -5
v 1 14 -5
v 2 14 -5
v 3 14 -5
v 4 14 -5
v -6 14 -6
v -5 14 -6
v 3 14 -6
v 4 14 -6
v -6 14 -10
v -5 14 -10
v 3 14 -10
v 4 14 -10
v -6 14 -11
v -5 14 -11
v 3 14 -11
v 4 14 -11
v -5 14 -12
v 3 14 -12
v 7 14 -17
v 8 14 -17
v 7 14 -18
v 8 14 -18
v 3 15 34
v 6 15 34
v -8 15 33
v -5 15 33
v -2 15 33
v 3 15 33
v -7 15 32
v -6 15 32
v -5 15 32
v -2 15 32
v -7 15 31
v -6 15 31
v -8 15 30
v -7 15 30
v 5 15 30
v 6 15 30
v -1 15 29
v 1 15 29
v -8 15 28
v -7 15 28
v -1 15 28
v 1 15 28
v 5 15 27
v 6 15 27
v -5 15 23
v 3 15 23
v -8 15 22
v -7 15 22
v -6 15 22
v -5 15 22
v 3 15 22
v 4 15 22
v 5 15 22
v 6 15 22
v -5 15 20
v 3 15 20
v -8 15 19
v -7 15 19
v 5 15 19
v 6 15 19
v -5 15 18
v 3 15 18
v 6 15 18
v 7 15 18
v 6 15 17
v 7 15 17
v -6 15 16
v -5 15 16
v -3 15 16
v 1 15 16
v 3 15 16
v 4 15 16
v -5 15 15
v -3 15 15
v 1 15 15
v 3 15 15
v -9 15 14
v -8 15 14
v 5 15 14
v 6 15 14
v -9 15 13
v -8 15 13
v 2 15 13
v 5 15 13
v -8 15 12
v 1 15 12
v 2 15 12
v -4 15 11
v 1 15 11
v -6 15 9
v -4 15 9
v -8 15 8
v -6 15 8
v 0 15 6
v 1 15 6
v -1 15 5
v 0 15 5
v 1 15 5
v 2 15 5
v -1 15 4
v 0 15 4
v 1 15 4
v 2 15 4
v 5 15 1
v 6 15 1
v 4 15 -0
v 5 15 -0
v 5 15 -1
v 6 15 -1
v -6 15 -2
v -2 15 -2
v 3 15 -2
v 4 15 -2
v 5 15 -2
v 6 15 -2
v -2 15 -3
v 3 15 -3
v -8 15 -4
v -6 15 -4
v -5 15 -4
v -4 15 -4
v 1 15 -4
v 3 15 -4
v -6 15 -5
v -5 15 -5
v 3 15 -5
v 4 15 -5
v 5 15 -7
v 6 15 -7
v -8 15 -10
v -7 15 -10
v 5 15 -10
v 6 15 -10
v -6 15 -11
v -5 15 -11
v 3 15 -11
v 4 15 -11
v -5 15 -12
v 3 15 -12
v -8 15 -14
v -7 15 -14
v -8 15 -15
v -7 15 -15
v 5 15 -15
v 6 15 -15
v -8 15 -18
v -7 15 -18
v 5 15 -19
v 6 15 -19
v -8 15 -23
v -7 15 -23
v 5 15 -23
v 6 15 -23
v -7 15 -24
v -7 15 -25
v -8 15 -26
v -7 15 -26
v 5 15 -27
v 6 15 -27
v -8 15 -30
v -7 15 -30
v -7 15 -31
v -5 15 -31
v -4 15 -31
v -3 15 -31
v 5 15 -31
v 6 15 -31
v -7 15 -32
v -5 15 -32
v -4 15 -32
v -3 15 -32
v -2 15 -32
v 0 15 -32
v 1 15 -32
v 3 15 -32
v 4 15 -32
v 5 15 -32
v -3 15 -33
v -2 15 -33
v 0 15 -33
v 1 15 -33
v 3 15 -33
v 4 15 -33
v 1 15 -34
v 3 15 -34
v -9 16 36
v -7 16 36
v -6 16 36
v -5 16 36
v 6 16 36
v 7 16 36
v -9 16 35
v -7 16 35
v -6 16 35
v -5 16 35
v -4 16 35
v 2 16 35
v 3 16 35
v 4 16 35
v 5 16 35
v 6 16 35
v 7 16 35
v -9 16 34
v -8 16 34
v -7 16 34
v -6 16 34
v -5 16 34
v -4 16 34
v -3 16 34
v 1 16 34
v 2 16 34
v 3 16 34
v 4 16 34
v 5 16 34
v 6 16 34
v 7 16 34
v -8 16 33
v -5 16 33
v -4 16 33
v -3 16 33
v -2 16 33
v 1 16 33
v 2 16 33
v 3 16 33
v 6 16 33
v 7 16 33
v -7 16 32
v -6 16 32
v -5 16 32
v -4 16 32
v -2 16 32
v -9 16 31
v -8 16 31
v -7 16 31
v -6 16 31
v 6 16 31
v 7 16 31
v -9 16 30
v -8 16 30
v -7 16 30
v 5 16 30
v 6 16 30
v 7 16 30
v -8 16 29
v 6 16 29
v 7 16 29
v -9 16 28
v -8 16 28
v -7 16 28
v 6 16 28
v 7 16 28
v 5 16 27
v 6 16 27
v 7 16 27
v -9 16 26
v -8 16 26
v 6 16 26
v 7 16 26
v 6 16 23
v 7 16 23
v -9 16 22
v -8 16 22
v -7 16 22
v 5 16 22
v 6 16 22
v 7 16 22
v -9 16 21
v -8 16 21
v -7 16 21
v 6 16 21
v 7 16 21
v -9 16 20
v -8 16 20
v -7 16 20
v 6 16 20
v 7 16 20
v -9 16 19
v -8 16 19
v -7 16 19
v 5 16 19
v 6 16 19
v 6 16 18
v 7 16 18
v 6 16 17
v 7 16 17
v -9 16 16
v -8 16 16
v 6 16 16
v 7 16 16
v -10 16 14
v -9 16 14
v -8 16 14
v 5 16 14
v 6 16 14
v -10 16 13
v -9 16 13
v 2 16 13
v 4 16 13
v 5 16 13
v 6 16 13
v 7 16 13
v -9 16 12
v -8 16 12
v 1 16 12
v 2 16 12
v 4 16 12
v 5 16 12
v 6 16 12
v -9 16 11
v -8 16 11
v -4 16 11
v -3 16 11
v 1 16 11
v 2 16 11
v -4 16 10
v -3 16 10
v 1 16 10
v 2 16 10
v -9 16 9
v -8 16 9
v -6 16 9
v -5 16 9
v -4 16 9
v -9 16 8
v -8 16 8
v -6 16 8
v -5 16 8
v -4 16 8
v 0 16 8
v 1 16 8
v -9 16 7
v -5 16 7
v -4 16 7
v -1 16 7
v 0 16 7
v 1 16 7
v 2 16 7
v 0 16 6
v 2 16 6
v -2 16 5
v -1 16 5
v 0 16 5
v -2 16 4
v -1 16 4
v 2 16 4
v 6 16 4
v 7 16 4
v -1 16 3
v 2 16 3
v 5 16 3
v 6 16 3
v 4 16 1
v 5 16 1
v 6 16 1
v 4 16 -0
v 5 16 -0
v 6 16 -0
v 7 16 -0
v 3 16 -1
v 4 16 -1
v 5 16 -1
v 6 16 -1
v 7 16 -1
v -9 16 -2
v -7 16 -2
v -2 16 -2
v -1 16 -2
v 3 16 -2
v 4 16 -2
v 5 16 -2
v 6 16 -2
v 7 16 -2
v -9 16 -3
v -7 16 -3
v -6 16 -3
v -2 16 -3
v -1 16 -3
v 3 16 -3
v 6 16 -3
v 7 16 -3
v -9 16 -4
v -8 16 -4
v -6 16 -4
v -9 16 -6
v -8 16 -6
v 6 16 -6
v 7 16 -6
v 5 16 -7
v 6 16 -7
v 7 16 -7
v -9 16 -8
v -8 16 -8
v 6 16 -8
v 7 16 -8
v -9 16 -9
v -8 16 -9
v 6 16 -9
v -9 16 -10
v -8 16 -10
v -7 16 -10
v 5 16 -10
v 6 16 -10
v 7 16 -10
v -9 16 -11
v -8 16 -11
v 6 16 -11
v 7 16 -11
v -9 16 -12
v -8 16 -12
v -9 16 -13
v -8 16 -13
v -9 16 -14
v -8 16 -14
v -7 16 -14
v 6 16 -14
v 7 16 -14
v -8 16 -15
v -7 16 -15
v 5 16 -15
v 6 16 -15
v 7 16 -15
v -9 16 -16
v -8 16 -16
v -7 16 -16
v 5 16 -16
v 6 16 -16
v 7 16 -16
v -9 16 -17
v -8 16 -17
v -7 16 -17
v 5 16 -17
v 6 16 -17
v -8 16 -18
v -7 16 -18
v 6 16 -18
v 7 16 -18
v -9 16 -19
v -8 16 -19
v 5 16 -19
v 6 16 -19
v 6 16 -20
v 7 16 -20
v 6 16 -21
v 7 16 -21
v -9 16 -22
v -8 16 -22
v -9 16 -23
v -8 16 -23
v -7 16 -23
v 5 16 -23
v 6 16 -23
v 7 16 -23
v -8 16 -24
v -7 16 -24
v 6 16 -24
v 7 16 -24
v -9 16 -25
v -8 16 -25
v -7 16 -25
v 6 16 -25
v 7 16 -25
v -8 16 -26
v -7 16 -26
v 6 16 -26
v 7 16 -26
v 5 16 -27
v 6 16 -27
v -9 16 -28
v -8 16 -28
v 6 16 -28
v 7 16 -28
v -8 16 -30
v -7 16 -30
v -7 16 -31
v 5 16 -31
v 6 16 -31
v 7 16 -31
v -9 16 -32
v -8 16 -32
v -7 16 -32
v -6 16 -32
v -5 16 -32
v -4 16 -32
v -3 16 -32
v 4 16 -32
v 5 16 -32
v 6 16 -32
v 7 16 -32
v -8 16 -33
v -7 16 -33
v -6 16 -33
v -5 16 -33
v -3 16 -33
v -2 16 -33
v 0 16 -33
v 1 16 -33
v 3 16 -33
v 4 16 -33
v 5 16 -33
v -8 16 -34
v -7 16 -34
v -2 16 -34
v 1 16 -34
v 3 16 -34
v 4 16 -34
v 5 16 -34
v 6 16 -34
v -1 17 35
v 0 17 35
v 1 17 35
v 2 17 35
v -1 17 34
v 0 17 34
v 1 17 34
v 2 17 34
v -8 17 7
v -7 17 7
v -6 17 7
v -5 17 7
v -8 17 6
v -7 17 6
v -6 17 6
v -5 17 6
v 4 17 3
v 5 17 3
v 4 17 2
v 5 17 2
v 4 17 1
v 5 17 1
v 3 17 -0
v 4 17 -0
v -3 17 -1
v -2 17 -1
v 1 17 -1
v 3 17 -1
v 4 17 -1
v -7 17 -2
v -6 17 -2
v -3 17 -2
v -2 17 -2
v -1 17 -2
v 1 17 -2
v 3 17 -2
v -7 17 -3
v -6 17 -3
v -1 18 36
v 0 18 36
v -2 18 35
v -1 18 35
v 0 18 35
v 1 18 35
v 5 18 35
v 7 18 35
v -5 18 34
v -4 18 34
v -3 18 34
v -2 18 34
v -1 18 34
v 0 18 34
v 1 18 34
v 5 18 34
v 7 18 34
v -5 18 33
v -4 18 33
v -3 18 33
v -2 18 33
v 6 18 6
v 7 18 6
v 5 18 4
v 6 18 4
v 7 18 4
v 5 18 3
v 6 18 3
v 1 18 2
v 2 18 2
v -6 18 1
v -5 18 1
v -1 18 1
v 1 18 1
v -8 18 -0
v -6 18 -0
v -5 18 -0
v -4 18 -0
v -3 18 -0
v -1 18 -0
v 1 18 -0
v 2 18 -0
v 3 18 -0
v -9 18 -1
v -8 18 -1
v -7 18 -1
v -6 18 -1
v -5 18 -1
v -4 18 -1
v -3 18 -1
v -2 18 -1
v 1 18 -1
v 2 18 -1
v 3 18 -1
v -9 18 -2
v -8 18 -2
v -7 18 -2
v -6 18 -2
v -5 18 -2
v -4 18 -2
v -3 18 -2
v -8 18 -33
v -7 18 -33
v -8 18 -34
v -7 18 -34
v -7 20 -13
v -6 20 -13
v -7 20 -15
v -6 20 -15
v -6 25 19
v -5 25 19
v -6 25 18
v -5 25 18
v -4 25 18
v -5 25 17
v -4 25 17
v -6 25 16
v -5 25 16
v -4 25 16
v -6 25 15
v -5 25 15
v 3 25 -12
v 4 25 -12
v 2 25 -13
v 3 25 -13
v 4 25 -13
v 2 25 -14
v 3 25 -14
v 2 25 -15
v 3 25 -15
v 4 25 -15
v 3 25 -16
v 4 25 -16
v -5 26 19
v -4 26 19
v -5 26 18
v -4 26 18
v -3 26 18
v -4 26 17
v -3 26 17
v -5 26 16
v -4 26 16
v -3 26 16
v -5 26 15
v -4 26 15
v 2 26 -12
v 3 26 -12
v 1 26 -13
v 2 26 -13
v 3 26 -13
v 4 26 -13
v 5 26 -13
v 2 26 -14
v 4 26 -14
v 5 26 -14
v 1 26 -15
v 2 26 -15
v 3 26 -15
v 4 26 -15
v 5 26 -15
v 2 26 -16
v 3 26 -16
v -4 27 19
v -3 27 19
v -4 27 18
v -3 27 18
v -2 27 18
v -3 27 17
v -2 27 17
v -1 27 17
v -4 27 16
v -3 27 16
v -2 27 16
v -1 27 16
v -4 27 15
v -2 27 15
v 0 27 -12
v 2 27 -12
v -1 27 -13
v 0 27 -13
v 1 27 -13
v 2 27 -13
v 4 27 -13
v -1 27 -14
v 0 27 -14
v 3 27 -14
v 4 27 -14
v 0 27 -15
v 1 27 -15
v 2 27 -15
v 3 27 -15
v 4 27 -15
v 1 27 -16
v 2 27 -16
v 1 28 -13
v 2 28 -13
v 1 28 -15
v 2 28 -15
v -10 1 30
v -8 1 30
v -11 1 29
v -10 1 29
v -8 1 29
v -7 1 29
v -6 1 29
v -10 1 28
v -9 1 28
v -8 1 28
v -7 1 28
v -6 1 28
v -11 1 27
v -9 1 27
v -8 1 27
v -7 1 27
v -9 1 26
v -8 1 26
v -10 1 15
v -7 1 15
v -9 1 14
v -8 1 14
v -7 1 14
v -6 1 14
v -10 1 13
v -9 1 13
v -8 1 13
v -7 1 13
v -6 1 13
v -9 1 12
v -8 1 12
v 6 1 -16
v 8 1 -16
v 5 1 -17
v 6 1 -17
v 7 1 -17
v 6 1 -18
v 7 1 -18
v 8 1 -18
v 5 1 -19
v 6 1 -19
v 7 1 -19
v 6 1 -20
v 7 1 -20
v -7 1 -22
v -6 1 -22
v -9 1 -23
v -7 1 -23
v -8 1 -24
v -7 1 -24
v -8 1 -25
v -7 1 -25
v -6 1 -25
v -9 1 -26
v -7 1 -26
v -10 2 29
v -9 2 29
v -10 2 28
v -9 2 28
v -8 2 28
v -9 2 27
v -8 2 27
v -3 3 18
v -2 3 18
v 1 3 18
v -3 3 17
v -2 3 17
v 1 3 17
v -3 3 -6
v -2 3 -6
v 0 3 -6
v 1 3 -6
v -3 3 -7
v -2 3 -7
v 0 3 -7
v 1 3 -7
v -3 11 18
v -2 11 18
v -1 11 18
v 1 11 18
v -3 11 17
v -2 11 17
v -1 11 17
v 1 11 17
v -3 11 -6
v 1 11 -6
v -3 11 -7
v 1 11 -7
v -5 13 21
v 3 13 21
v 7 13 21
v 8 13 21
v -5 13 20
v 3 13 20
v 7 13 20
v 8 13 20
v -5 13 18
v -3 13 18
v 1 13 18
v 3 13 18
v -5 13 17
v -4 13 17
v -3 13 17
v 1 13 17
v 3 13 17
v -9 13 14
v -8 13 14
v -9 13 13
v -8 13 13
v -5 14 22
v 3 14 22
v -5 14 21
v 3 14 21
v -5 14 17
v -4 14 17
v 1 14 17
v 3 14 17
v -5 14 16
v -4 14 16
v -3 14 16
v 1 14 16
v 3 14 16
v -8 17 36
v -7 17 36
v -6 17 36
v -5 17 36
v 6 17 36
v 7 17 36
v -8 17 35
v -7 17 35
v -6 17 35
v -5 17 35
v -4 17 35
v 2 17 35
v 3 17 35
v 4 17 35
v 5 17 35
v 6 17 35
v 7 17 35
v -6 17 34
v -5 17 34
v -4 17 34
v -3 17 34
v -2 17 34
v 2 17 34
v 3 17 34
v 4 17 34
v 5 17 34
v 7 17 34
v -5 17 33
v -4 17 33
v -3 17 33
v -2 17 33
v 2 17 33
v 3 17 33
v -9 17 30
v -8 17 30
v 6 17 30
v 7 17 30
v -8 17 29
v 6 17 29
v 7 17 29
v -9 17 28
v -8 17 28
v 6 17 21
v 7 17 21
v -9 17 20
v -8 17 20
v 6 17 20
v 7 17 20
v -9 17 19
v -8 17 19
v -10 17 14
v -9 17 14
v -10 17 13
v -9 17 13
v -8 17 13
v 3 17 13
v 4 17 13
v 5 17 13
v 6 17 13
v -8 17 12
v 3 17 12
v 4 17 12
v 5 17 12
v 6 17 12
v -9 17 11
v -8 17 11
v 1 17 11
v 2 17 11
v 1 17 10
v 2 17 10
v -5 17 8
v -4 17 8
v 0 17 8
v 1 17 8
v -5 17 7
v -4 17 7
v -1 17 7
v 0 17 7
v 1 17 7
v -1 17 6
v 0 17 6
v 2 17 6
v 3 17 6
v 1 17 5
v 2 17 5
v 3 17 5
v -1 17 4
v 1 17 4
v -1 17 3
v 2 17 3
v 6 17 -8
v 7 17 -8
v -9 17 -9
v -8 17 -9
v 6 17 -9
v 7 17 -9
v -9 17 -10
v -8 17 -10
v -8 17 -16
v -7 17 -16
v 5 17 -16
v 6 17 -16
v -8 17 -17
v -7 17 -17
v 5 17 -17
v 6 17 -17
v 8 17 -17
v 6 17 -18
v 7 17 -18
v 8 17 -18
v -8 17 -24
v -7 17 -24
v -8 17 -25
v -7 17 -25
v 6 17 -25
v 7 17 -25
v 6 17 -26
v 7 17 -26
v -6 17 -32
v -5 17 -32
v -3 17 -32
v 3 17 -32
v 4 17 -32
v -8 17 -33
v -7 17 -33
v -6 17 -33
v -5 17 -33
v -3 17 -33
v -2 17 -33
v -1 17 -33
v 0 17 -33
v 1 17 -33
v 3 17 -33
v 4 17 -33
v -8 17 -34
v -7 17 -34
v -2 17 -34
v 1 17 -34
v 4 17 -34
v 1 18 35
v 2 18 35
v 1 18 34
v 2 18 34
v 1 18 33
v 2 18 33
v 3 18 31
v 4 18 31
v 5 18 31
v -8 18 30
v -7 18 30
v 3 18 30
v 4 18 30
v 5 18 30
v 6 18 30
v -8 18 29
v -7 18 29
v -6 18 29
v -2 18 29
v -1 18 29
v 5 18 29
v 6 18 29
v -9 18 28
v -8 18 28
v -7 18 28
v -6 18 28
v -3 18 28
v -2 18 28
v -1 18 28
v 5 18 28
v 6 18 28
v 7 18 28
v -9 18 27
v -8 18 27
v -7 18 27
v -6 18 27
v -3 18 27
v -2 18 27
v 6 18 27
v 7 18 27
v -2 18 23
v -1 18 23
v 1 18 23
v 2 18 23
v 3 18 23
v 4 18 23
v 5 18 23
v -9 18 22
v -8 18 22
v -7 18 22
v -6 18 22
v -5 18 22
v -4 18 22
v -2 18 22
v -1 18 22
v 0 18 22
v 1 18 22
v 2 18 22
v 4 18 22
v 5 18 22
v 6 18 22
v 7 18 22
v -9 18 21
v -8 18 21
v -7 18 21
v -6 18 21
v -5 18 21
v -4 18 21
v -3 18 21
v -2 18 21
v -1 18 21
v 0 18 21
v 1 18 21
v 2 18 21
v 5 18 21
v 6 18 21
v 7 18 21
v -4 18 20
v -3 18 20
v -2 18 20
v 5 18 20
v 6 18 20
v 7 18 20
v -9 18 19
v -8 18 19
v -7 18 19
v 6 18 19
v 7 18 19
v -9 18 18
v -8 18 18
v -1 18 15
v 0 18 15
v 3 18 15
v -9 18 14
v -8 18 14
v -7 18 14
v -6 18 14
v -5 18 14
v -4 18 14
v -2 18 14
v -1 18 14
v 0 18 14
v 3 18 14
v 4 18 14
v 5 18 14
v 6 18 14
v 7 18 14
v -9 18 13
v -8 18 13
v -7 18 13
v -6 18 13
v -5 18 13
v -4 18 13
v -2 18 13
v -1 18 13
v 1 18 13
v 2 18 13
v 3 18 13
v 4 18 13
v 5 18 13
v 6 18 13
v 7 18 13
v -8 18 12
v -7 18 12
v -6 18 12
v -5 18 12
v -4 18 12
v -1 18 12
v 0 18 12
v 1 18 12
v 2 18 12
v 3 18 12
v -5 18 11
v -4 18 11
v -3 18 11
v -2 18 11
v -1 18 11
v 1 18 11
v 2 18 11
v -4 18 10
v -3 18 10
v -2 18 10
v -1 18 10
v 0 18 10
v 1 18 10
v -9 18 9
v -8 18 9
v -5 18 9
v -4 18 9
v -9 18 8
v -8 18 8
v -7 18 8
v -6 18 8
v -5 18 8
v -4 18 8
v -9 18 7
v -8 18 7
v -7 18 7
v -6 18 7
v -5 18 7
v -8 18 6
v -7 18 6
v -6 18 6
v -5 18 6
v -2 18 5
v -1 18 5
v -2 18 4
v -1 18 4
v 4 18 3
v 5 18 3
v 4 18 2
v 5 18 2
v 5 18 1
v 6 18 1
v 7 18 1
v 4 18 -0
v 5 18 -0
v 6 18 -0
v 7 18 -0
v -1 18 -1
v 0 18 -1
v 3 18 -1
v 4 18 -1
v 5 18 -1
v 6 18 -1
v 7 18 -1
v -1 18 -2
v 0 18 -2
v 1 18 -2
v 2 18 -2
v 3 18 -2
v 4 18 -2
v 6 18 -2
v 7 18 -2
v 0 18 -3
v 1 18 -3
v 3 18 -3
v -5 18 -5
v -4 18 -5
v -3 18 -5
v -2 18 -5
v -6 18 -6
v -5 18 -6
v -4 18 -6
v -3 18 -6
v -2 18 -6
v -9 18 -7
v -8 18 -7
v -7 18 -7
v -6 18 -7
v -5 18 -7
v 3 18 -7
v 4 18 -7
v 5 18 -7
v 6 18 -7
v 7 18 -7
v -9 18 -8
v -8 18 -8
v -7 18 -8
v -6 18 -8
v 2 18 -8
v 3 18 -8
v 4 18 -8
v 5 18 -8
v 6 18 -8
v 7 18 -8
v -8 18 -9
v -7 18 -9
v -6 18 -9
v -1 18 -9
v 0 18 -9
v 2 18 -9
v 3 18 -9
v 5 18 -9
v 6 18 -9
v 7 18 -9
v -8 18 -10
v -7 18 -10
v -1 18 -10
v 0 18 -10
v 1 18 -10
v 5 18 -10
v 6 18 -10
v 7 18 -10
v -8 18 -11
v -7 18 -11
v 0 18 -11
v 1 18 -11
v -9 18 -15
v -8 18 -15
v 6 18 -15
v 7 18 -15
v -9 18 -16
v -8 18 -16
v 6 18 -16
v 7 18 -16
v -9 18 -17
v -8 18 -17
v -7 18 -17
v -6 18 -17
v -5 18 -17
v -4 18 -17
v 2 18 -17
v 3 18 -17
v 5 18 -17
v 6 18 -17
v -9 18 -18
v -8 18 -18
v -7 18 -18
v -5 18 -18
v -4 18 -18
v -3 18 -18
v 0 18 -18
v 2 18 -18
v 3 18 -18
v 5 18 -18
v 6 18 -18
v -4 18 -19
v -3 18 -19
v 0 18 -19
v 1 18 -19
v 2 18 -19
v -9 18 -23
v -8 18 -23
v 1 18 -23
v 3 18 -23
v 4 18 -23
v 6 18 -23
v 7 18 -23
v -9 18 -24
v -8 18 -24
v -6 18 -24
v -5 18 -24
v -3 18 -24
v -2 18 -24
v 0 18 -24
v 1 18 -24
v 3 18 -24
v 4 18 -24
v 6 18 -24
v 7 18 -24
v -9 18 -25
v -8 18 -25
v -7 18 -25
v -6 18 -25
v -5 18 -25
v -4 18 -25
v -3 18 -25
v -2 18 -25
v 0 18 -25
v 1 18 -25
v 4 18 -25
v 5 18 -25
v 6 18 -25
v -9 18 -26
v -8 18 -26
v -7 18 -26
v -6 18 -26
v -5 18 -26
v -4 18 -26
v -5 18 -28
v -4 18 -28
v -5 18 -29
v -4 18 -29
v -1 18 -29
v -4 18 -30
v -2 18 -30
v -1 18 -30
v 0 18 -30
v -6 18 -31
v -5 18 -31
v -3 18 -31
v -2 18 -31
v 3 18 -31
v 4 18 -31
v -7 18 -32
v -6 18 -32
v -5 18 -32
v -3 18 -32
v -1 18 -32
v 0 18 -32
v 1 18 -32
v 3 18 -32
v 4 18 -32
v 5 18 -32
v -7 18 -33
v -6 18 -33
v -3 18 -33
v -1 18 -33
v 0 18 -33
v 1 18 -33
v 3 18 -33
v 4 18 -33
v 5 18 -33
v 6 18 -33
v 4 18 -34
v 5 18 -34
v 6 18 -34
v -9 19 36
v -8 19 36
v -1 19 36
v 0 19 36
v -8 19 35
v -7 19 35
v -6 19 35
v -2 19 35
v -1 19 35
v 0 19 35
v 1 19 35
v 5 19 35
v 7 19 35
v -9 19 34
v -8 19 34
v -6 19 34
v -4 19 34
v -3 19 34
v -2 19 34
v -1 19 34
v 0 19 34
v 1 19 34
v 3 19 34
v 5 19 34
v 6 19 34
v -7 19 33
v -4 19 33
v -3 19 33
v 1 19 33
v 3 19 33
v 5 19 33
v 6 19 33
v 7 19 33
v 1 19 32
v 3 19 32
v -9 19 31
v -7 19 31
v -1 19 31
v 1 19 31
v 2 19 31
v 3 19 31
v 5 19 31
v 7 19 31
v -9 19 30
v -7 19 30
v -5 19 30
v -2 19 30
v -1 19 30
v 1 19 30
v 2 19 30
v 3 19 30
v 4 19 30
v 5 19 30
v 7 19 30
v -7 19 29
v -6 19 29
v -5 19 29
v -2 19 29
v -1 19 29
v 1 19 29
v 2 19 29
v 3 19 29
v 4 19 29
v 5 19 29
v -6 19 28
v -2 19 28
v -1 19 28
v 1 19 28
v 5 19 28
v 6 19 28
v -9 19 27
v -8 19 27
v -3 19 27
v -2 19 27
v 1 19 27
v 5 19 27
v 6 19 27
v 7 19 27
v -9 19 26
v -8 19 26
v -3 19 26
v 6 19 26
v 7 19 26
v -9 19 25
v -8 19 25
v 5 19 25
v 6 19 25
v -9 19 24
v -8 19 24
v 0 19 24
v 2 19 24
v 3 19 24
v 5 19 24
v 6 19 24
v 7 19 24
v -8 19 23
v -2 19 23
v -1 19 23
v 0 19 23
v 1 19 23
v 2 19 23
v 3 19 23
v 5 19 23
v 6 19 23
v 7 19 23
v -9 19 22
v -8 19 22
v -7 19 22
v -4 19 22
v -2 19 22
v -1 19 22
v 1 19 22
v 2 19 22
v 5 19 22
v 6 19 22
v 7 19 22
v -8 19 21
v -7 19 21
v -5 19 21
v -4 19 21
v -2 19 21
v -1 19 21
v 0 19 21
v 1 19 21
v 2 19 21
v 3 19 21
v -5 19 20
v -4 19 20
v -3 19 20
v -2 19 20
v 0 19 20
v 1 19 20
v 5 19 20
v 6 19 20
v -7 19 19
v -6 19 19
v -5 19 19
v -4 19 19
v -3 19 19
v -2 19 19
v -1 19 19
v 4 19 19
v 5 19 19
v 6 19 19
v 7 19 19
v -9 19 18
v -8 19 18
v -5 19 18
v 3 19 18
v 4 19 18
v 6 19 18
v 7 19 18
v -8 19 17
v 2 19 17
v 3 19 17
v -8 19 16
v -4 19 16
v -3 19 16
v -2 19 16
v 2 19 16
v 3 19 16
v 4 19 16
v 5 19 16
v 6 19 16
v -9 19 15
v -8 19 15
v -7 19 15
v -6 19 15
v -5 19 15
v -3 19 15
v -2 19 15
v -1 19 15
v 3 19 15
v 4 19 15
v 5 19 15
v 6 19 15
v 7 19 15
v -9 19 14
v -7 19 14
v -6 19 14
v -4 19 14
v -3 19 14
v -2 19 14
v -1 19 14
v 3 19 14
v 5 19 14
v 6 19 14
v 7 19 14
v -7 19 13
v -6 19 13
v -4 19 13
v -3 19 13
v -2 19 13
v -1 19 13
v 3 19 13
v 5 19 13
v 6 19 13
v -8 19 12
v -6 19 12
v -5 19 12
v -4 19 12
v -2 19 12
v -1 19 12
v -9 19 11
v -8 19 11
v -5 19 11
v -4 19 11
v -2 19 11
v -1 19 11
v -6 19 10
v -5 19 10
v -9 19 9
v -8 19 9
v -6 19 9
v -5 19 9
v -4 19 9
v -8 19 8
v -7 19 8
v -6 19 8
v -5 19 8
v -7 19 7
v -6 19 7
v 0 19 7
v 2 19 7
v -1 19 6
v 0 19 6
v 1 19 6
v 6 19 6
v 7 19 6
v 0 19 5
v 1 19 5
v 2 19 5
v -1 19 4
v 1 19 4
v 5 19 4
v 6 19 4
v 1 19 2
v 2 19 2
v 4 19 2
v 5 19 2
v -6 19 1
v -5 19 1
v -1 19 1
v 1 19 1
v 4 19 1
v 5 19 1
v 7 19 1
v -8 19 -0
v -6 19 -0
v -5 19 -0
v -4 19 -0
v -3 19 -0
v -1 19 -0
v 1 19 -0
v 2 19 -0
v 3 19 -0
v 4 19 -0
v 5 19 -0
v -9 19 -1
v -8 19 -1
v -7 19 -1
v -6 19 -1
v -5 19 -1
v -4 19 -1
v -3 19 -1
v -1 19 -1
v 0 19 -1
v 1 19 -1
v 2 19 -1
v 3 19 -1
v 4 19 -1
v 6 19 -1
v -8 19 -2
v -7 19 -2
v -6 19 -2
v -5 19 -2
v -4 19 -2
v -3 19 -2
v -2 19 -2
v -1 19 -2
v 0 19 -2
v 2 19 -2
v 3 19 -2
v 4 19 -2
v 6 19 -2
v 7 19 -2
v -8 19 -3
v -4 19 -3
v -3 19 -3
v -2 19 -3
v -1 19 -3
v 0 19 -3
v 1 19 -3
v 3 19 -3
v 4 19 -3
v 5 19 -3
v 7 19 -3
v -9 19 -4
v -8 19 -4
v -7 19 -4
v -3 19 -4
v -2 19 -4
v 1 19 -4
v 5 19 -4
v 6 19 -4
v 7 19 -4
v -9 19 -5
v -8 19 -5
v -7 19 -5
v -5 19 -5
v -4 19 -5
v -2 19 -5
v 0 19 -5
v 5 19 -5
v 6 19 -5
v 7 19 -5
v -9 19 -6
v -8 19 -6
v -7 19 -6
v -6 19 -6
v -5 19 -6
v -4 19 -6
v -2 19 -6
v 3 19 -6
v 4 19 -6
v 6 19 -6
v 7 19 -6
v -9 19 -7
v -8 19 -7
v -7 19 -7
v -6 19 -7
v -5 19 -7
v -4 19 -7
v -1 19 -7
v 0 19 -7
v 1 19 -7
v 3 19 -7
v 4 19 -7
v 5 19 -7
v 6 19 -7
v 7 19 -7
v -8 19 -8
v -7 19 -8
v -6 19 -8
v -5 19 -8
v 0 19 -8
v 1 19 -8
v 2 19 -8
v 3 19 -8
v 5 19 -8
v 6 19 -8
v -7 19 -9
v -6 19 -9
v -5 19 -9
v -4 19 -9
v -3 19 -9
v -2 19 -9
v -1 19 -9
v 0 19 -9
v 1 19 -9
v 2 19 -9
v 3 19 -9
v 4 19 -9
v 5 19 -9
v -9 19 -10
v -8 19 -10
v -7 19 -10
v -6 19 -10
v -5 19 -10
v -4 19 -10
v -2 19 -10
v -1 19 -10
v 0 19 -10
v 1 19 -10
v 2 19 -10
v 4 19 -10
v 5 19 -10
v 6 19 -10
v 7 19 -10
v -9 19 -11
v -8 19 -11
v -7 19 -11
v -6 19 -11
v -5 19 -11
v -4 19 -11
v -3 19 -11
v -2 19 -11
v -1 19 -11
v 0 19 -11
v 1 19 -11
v 4 19 -11
v 5 19 -11
v 6 19 -11
v 7 19 -11
v -7 19 -12
v -6 19 -12
v -5 19 -12
v -4 19 -12
v 3 19 -12
v 4 19 -12
v 5 19 -12
v 6 19 -12
v 7 19 -12
v -8 19 -13
v -7 19 -13
v -6 19 -13
v -5 19 -13
v -4 19 -13
v 0 19 -13
v 1 19 -13
v 3 19 -13
v 4 19 -13
v 5 19 -13
v -9 19 -14
v -8 19 -14
v 1 19 -14
v 2 19 -14
v 6 19 -14
v 7 19 -14
v -9 19 -15
v -8 19 -15
v -7 19 -15
v -6 19 -15
v -5 19 -15
v 4 19 -15
v 5 19 -15
v 6 19 -15
v 7 19 -15
v -7 19 -16
v -6 19 -16
v -4 19 -16
v -2 19 -16
v 1 19 -16
v 2 19 -16
v 3 19 -16
v 5 19 -16
v -7 19 -17
v -6 19 -17
v -4 19 -17
v -3 19 -17
v -2 19 -17
v 1 19 -17
v 2 19 -17
v 3 19 -17
v 5 19 -17
v -9 19 -18
v -7 19 -18
v -5 19 -18
v -4 19 -18
v -3 19 -18
v -2 19 -18
v 0 19 -18
v 2 19 -18
v 7 19 -18
v -9 19 -19
v -7 19 -19
v -5 19 -19
v -4 19 -19
v -3 19 -19
v -2 19 -19
v -1 19 -19
v 0 19 -19
v 1 19 -19
v 2 19 -19
v 3 19 -19
v 7 19 -19
v -4 19 -20
v -2 19 -20
v -1 19 -20
v 0 19 -20
v 1 19 -20
v 3 19 -20
v -2 19 -21
v 1 19 -21
v 5 19 -21
v 6 19 -21
v -9 19 -22
v -8 19 -22
v 0 19 -22
v 5 19 -22
v 6 19 -22
v 7 19 -22
v -9 19 -23
v -8 19 -23
v 0 19 -23
v 1 19 -23
v 4 19 -23
v 6 19 -23
v 7 19 -23
v -8 19 -24
v -7 19 -24
v -6 19 -24
v -5 19 -24
v -4 19 -24
v -3 19 -24
v -2 19 -24
v -1 19 -24
v 0 19 -24
v 1 19 -24
v 4 19 -24
v 6 19 -24
v -7 19 -25
v -6 19 -25
v -5 19 -25
v -4 19 -25
v -3 19 -25
v -2 19 -25
v -1 19 -25
v 0 19 -25
v 1 19 -25
v 3 19 -25
v 4 19 -25
v 5 19 -25
v 6 19 -25
v -9 19 -26
v -6 19 -26
v -5 19 -26
v -4 19 -26
v -3 19 -26
v -1 19 -26
v 0 19 -26
v 1 19 -26
v 5 19 -26
v 6 19 -26
v 7 19 -26
v -9 19 -27
v -6 19 -27
v -5 19 -27
v -4 19 -27
v -3 19 -27
v -1 19 -27
v 3 19 -27
v 6 19 -27
v 7 19 -27
v -5 19 -28
v -4 19 -28
v 1 19 -28
v -6 19 -29
v -5 19 -29
v -4 19 -29
v -1 19 -29
v 0 19 -29
v -6 19 -30
v -5 19 -30
v -4 19 -30
v -2 19 -30
v -1 19 -30
v 0 19 -30
v 3 19 -30
v 5 19 -30
v -8 19 -31
v -6 19 -31
v -2 19 -31
v 1 19 -31
v 3 19 -31
v 4 19 -31
v 6 19 -31
v 7 19 -31
v -9 19 -32
v -8 19 -32
v -7 19 -32
v -6 19 -32
v 0 19 -32
v 3 19 -32
v 4 19 -32
v 5 19 -32
v 6 19 -32
v 7 19 -32
v 5 19 -33
v 6 19 -33
v -8 19 -34
v -7 19 -34
v -8 20 19
v -7 20 19
v -6 20 19
v -5 20 19
v 4 20 19
v 5 20 19
v 6 20 19
v -8 20 18
v -7 20 18
v -6 20 18
v -5 20 18
v 3 20 18
v 4 20 18
v 5 20 18
v 6 20 18
v 3 20 17
v 4 20 17
v -8 20 16
v -7 20 16
v -6 20 16
v -5 20 16
v -8 20 15
v -7 20 15
v -6 20 15
v -5 20 15
v 3 20 -12
v 4 20 -12
v 5 20 -12
v 6 20 -12
v 3 20 -13
v 4 20 -13
v 5 20 -13
v 6 20 -13
v -6 20 -14
v -5 20 -14
v -8 20 -15
v -6 20 -15
v -5 20 -15
v 3 20 -15
v 4 20 -15
v 5 20 -15
v 6 20 -15
v -8 20 -16
v -6 20 -16
v 3 20 -16
v 4 20 -16
v 5 20 -16
v 6 20 -16
v 4 21 18
v 5 21 18
v 6 21 18
v 3 21 17
v 4 21 17
v 5 21 17
v 6 21 17
v 3 21 16
v 4 21 16
v 5 21 16
v 6 21 16
v 4 21 15
v 5 21 15
v -7 21 -12
v -6 21 -12
v -8 21 -13
v -7 21 -13
v -6 21 -13
v -5 21 -13
v -6 21 -14
v -5 21 -14
v -8 21 -15
v -6 21 -15
v 3 25 -13
v 4 25 -13
v 3 25 -14
v 4 25 -14
v 3 25 -15
v 4 25 -15
v -7 26 19
v -6 26 19
v -8 26 18
v -7 26 18
v -6 26 18
v -8 26 17
v -7 26 17
v -8 26 16
v -7 26 16
v -6 26 16
v -7 26 15
v -6 26 15
v 4 26 -12
v 5 26 -12
v 2 26 -13
v 3 26 -13
v 4 26 -13
v 5 26 -13
v 6 26 -13
v 2 26 -14
v 3 26 -14
v 5 26 -14
v 6 26 -14
v 2 26 -15
v 3 26 -15
v 4 26 -15
v 5 26 -15
v 6 26 -15
v 4 26 -16
v 5 26 -16
v -6 27 19
v -5 27 19
v -7 27 18
v -6 27 18
v -5 27 18
v -7 27 17
v -6 27 17
v -7 27 16
v -6 27 16
v -5 27 16
v -6 27 15
v -5 27 15
v 3 27 -12
v 4 27 -12
v 1 27 -13
v 2 27 -13
v 3 27 -13
v 4 27 -13
v 5 27 -13
v 4 27 -14
v 5 27 -14
v 1 27 -15
v 2 27 -15
v 3 27 -15
v 4 27 -15
v 5 27 -15
v 3 27 -16
v 4 27 -16
v -5 28 19
v -4 28 19
v -3 28 19
v -6 28 18
v -5 28 18
v -4 28 18
v -3 28 18
v -2 28 18
v -6 28 17
v -5 28 17
v -2 28 17
v -1 28 17
v -6 28 16
v -5 28 16
v -4 28 16
v -3 28 16
v -2 28 16
v -1 28 16
v -5 28 15
v -4 28 15
v -2 28 15
v 0 28 -12
v 3 28 -12
v -1 28 -13
v 0 28 -13
v 1 28 -13
v 2 28 -13
v 3 28 -13
v 4 28 -13
v -1 28 -14
v 0 28 -14
v 3 28 -14
v 4 28 -14
v 0 28 -15
v 1 28 -15
v 2 28 -15
v 3 28 -15
v 4 28 -15
v 1 28 -16
v 2 28 -16
v 3 28 -16
v -4 29 18
v -3 29 18
v -4 29 16
v -3 29 16
v 1 29 -13
v 2 29 -13
v 1 29 -15
v 2 29 -15

# faces
f 3/3/1 2/3/1 1/3/1
f 4/3/1 2/3/1 3/3/1
f 9/3/1 6/3/1 5/3/1
f 10/3/1 6/3/1 9/3/1
f 12/3/1 8/3/1 7/3/1
f 13/3/1 8/3/1 12/3/1
f 14/3/1 11/3/1 10/3/1
f 15/3/1 11/3/1 14/3/1
f 18/3/1 17/3/1 16/3/1
f 19/3/1 17/3/1 18/3/1
f 27/3/1 21/3/1 20/3/1
f 28/3/1 21/3/1 27/3/1
f 30/3/1 23/3/1 22/3/1
f 31/3/1 23/3/1 30/3/1
f 32/3/1 25/3/1 24/3/1
f 33/3/1 25/3/1 32/3/1
f 35/3/1 27/3/1 26/3/1
f 36/3/1 27/3/1 35/3/1
f 37/3/1 30/3/1 29/3/1
f 38/3/1 30/3/1 37/3/1
f 39/1/1 38/1/1 37/1/1
f 40/1/1 38/1/1 39/1/1
f 41/4/1 40/4/1 39/4/1
f 42/4/1 40/4/1 41/4/1
f 43/3/1 42/3/1 41/3/1
f 44/3/1 42/3/1 43/3/1
f 45/3/1 35/3/1 34/3/1
f 46/3/1 35/3/1 45/3/1
f 47/4/1 44/4/1 43/4/1
f 48/4/1 44/4/1 47/4/1
f 49/4/1 46/4/1 45/4/1
f 50/4/1 46/4/1 49/4/1
f 51/3/1 48/3/1 47/3/1
f 52/3/1 48/3/1 51/3/1
f 54/1/1 50/1/1 49/1/1
f 55/1/1 50/1/1 54/1/1
f 56/1/1 52/1/1 51/1/1
f 57/1/1 52/1/1 56/1/1
f 59/3/1 57/3/1 56/3/1
f 60/4/1 58/4/1 57/4/1
f 60/3/1 57/3/1 59/3/1
f 61/4/1 58/4/1 60/4/1
f 62/3/1 54/3/1 53/3/1
f 62/3/1 55/3/1 54/3/1
f 63/3/1 55/3/1 62/3/1
f 64/4/1 60/4/1 59/4/1
f 65/1/1 61/1/1 60/1/1
f 65/4/1 60/4/1 64/4/1
f 66/1/1 61/1/1 65/1/1
f 69/4/1 63/4/1 62/4/1
f 70/4/1 63/4/1 69/4/1
f 71/4/1 66/4/1 65/4/1
f 72/4/1 66/4/1 71/4/1
f 74/3/1 72/3/1 71/3/1
f 79/4/1 69/4/1 62/4/1
f 80/3/1 70/3/1 69/3/1
f 80/4/1 69/4/1 79/4/1
f 81/3/1 70/3/1 80/3/1
f 88/3/1 74/3/1 73/3/1
f 89/3/1 72/3/1 74/3/1
f 89/3/1 74/3/1 88/3/1
f 90/3/1 72/3/1 89/3/1
f 110/3/1 68/3/1 67/3/1
f 114/7/1 79/7/1 78/7/1
f 114/3/1 80/3/1 79/3/1
f 114/3/1 81/3/1 80/3/1
f 115/7/1 82/7/1 81/7/1
f 115/3/1 81/3/1 114/3/1
f 116/7/1 82/7/1 115/7/1
f 117/3/1 86/3/1 85/3/1
f 118/7/1 87/7/1 86/7/1
f 118/3/1 86/3/1 117/3/1
f 119/7/1 87/7/1 118/7/1
f 120/6/1 88/6/1 87/6/1
f 120/7/1 87/7/1 119/7/1
f 121/6/1 88/6/1 120/6/1
f 122/6/1 88/6/1 121/6/1
f 123/3/1 90/3/1 89/3/1
f 123/3/1 91/3/1 90/3/1
f 124/7/1 92/7/1 91/7/1
f 124/3/1 91/3/1 123/3/1
f 125/6/1 93/6/1 92/6/1
f 125/7/1 92/7/1 124/7/1
f 126/7/1 99/7/1 98/7/1
f 127/7/1 99/7/1 126/7/1
f 128/3/1 101/3/1 100/3/1
f 129/7/1 102/7/1 101/7/1
f 129/3/1 101/3/1 128/3/1
f 130/6/1 103/6/1 102/6/1
f 130/7/1 104/7/1 103/7/1
f 131/6/1 105/6/1 104/6/1
f 131/7/1 104/7/1 130/7/1
f 132/7/1 108/7/1 107/7/1
f 133/7/1 108/7/1 132/7/1
f 134/7/1 110/7/1 109/7/1
f 134/6/1 109/6/1 108/6/1
f 135/3/1 68/3/1 110/3/1
f 135/7/1 110/7/1 134/7/1
f 136/7/1 112/7/1 111/7/1
f 137/7/1 112/7/1 136/7/1
f 138/7/1 112/7/1 137/7/1
f 139/6/1 113/6/1 112/6/1
f 139/7/1 112/7/1 138/7/1
f 140/3/1 76/3/1 75/3/1
f 141/7/1 77/7/1 76/7/1
f 141/3/1 76/3/1 140/3/1
f 142/3/1 116/3/1 115/3/1
f 143/7/1 82/7/1 116/7/1
f 143/3/1 116/3/1 142/3/1
f 144/6/1 83/6/1 82/6/1
f 144/7/1 82/7/1 143/7/1
f 145/6/1 83/6/1 144/6/1
f 146/6/1 83/6/1 145/6/1
f 147/7/1 84/7/1 83/7/1
f 147/6/1 83/6/1 146/6/1
f 148/7/1 84/7/1 147/7/1
f 149/7/1 119/7/1 118/7/1
f 150/6/1 121/6/1 120/6/1
f 150/7/1 119/7/1 149/7/1
f 150/6/1 120/6/1 119/6/1
f 151/7/1 122/7/1 121/7/1
f 151/3/1 123/3/1 122/3/1
f 152/3/1 123/3/1 151/3/1
f 153/6/1 125/6/1 124/6/1
f 154/6/1 93/6/1 125/6/1
f 154/6/1 125/6/1 153/6/1
f 155/7/1 94/7/1 93/7/1
f 155/6/1 93/6/1 154/6/1
f 156/7/1 94/7/1 155/7/1
f 158/3/1 96/3/1 95/3/1
f 159/7/1 97/7/1 96/7/1
f 159/3/1 96/3/1 158/3/1
f 160/6/1 98/6/1 97/6/1
f 161/7/1 126/7/1 98/7/1
f 161/6/1 98/6/1 160/6/1
f 162/3/1 127/3/1 126/3/1
f 162/7/1 126/7/1 161/7/1
f 163/3/1 127/3/1 162/3/1
f 164/7/1 102/7/1 129/7/1
f 165/6/1 130/6/1 102/6/1
f 165/7/1 102/7/1 164/7/1
f 165/6/1 131/6/1 130/6/1
f 166/7/1 106/7/1 105/7/1
f 167/7/1 106/7/1 166/7/1
f 168/3/1 133/3/1 132/3/1
f 169/7/1 108/7/1 133/7/1
f 169/3/1 133/3/1 168/3/1
f 170/6/1 134/6/1 108/6/1
f 170/6/1 135/6/1 134/6/1
f 171/3/1 68/3/1 135/3/1
f 171/6/1 135/6/1 170/6/1
f 172/3/1 68/3/1 171/3/1
f 173/3/1 137/3/1 136/3/1
f 174/7/1 138/7/1 137/7/1
f 174/3/1 137/3/1 173/3/1
f 175/7/1 141/7/1 140/7/1
f 176/6/1 78/6/1 77/6/1
f 176/7/1 141/7/1 175/7/1
f 176/7/1 77/7/1 141/7/1
f 177/7/1 114/7/1 78/7/1
f 177/6/1 78/6/1 176/6/1
f 178/7/1 114/7/1 177/7/1
f 179/6/1 144/6/1 143/6/1
f 180/7/1 145/7/1 144/7/1
f 180/6/1 144/6/1 179/6/1
f 181/6/1 146/6/1 145/6/1
f 181/7/1 145/7/1 180/7/1
f 182/7/1 147/7/1 146/7/1
f 182/6/1 146/6/1 181/6/1
f 183/7/1 147/7/1 182/7/1
f 184/6/1 121/6/1 150/6/1
f 185/7/1 151/7/1 121/7/1
f 185/6/1 121/6/1 184/6/1
f 186/7/1 151/7/1 185/7/1
f 187/7/1 154/7/1 153/7/1
f 188/7/1 154/7/1 187/7/1
f 189/7/1 159/7/1 158/7/1
f 189/7/1 158/7/1 157/7/1
f 190/7/1 97/7/1 159/7/1
f 190/7/1 159/7/1 189/7/1
f 190/6/1 160/6/1 97/6/1
f 191/7/1 161/7/1 160/7/1
f 191/6/1 160/6/1 190/6/1
f 192/3/1 162/3/1 161/3/1
f 192/7/1 161/7/1 191/7/1
f 193/3/1 162/3/1 192/3/1
f 194/3/1 165/3/1 164/3/1
f 195/6/1 131/6/1 165/6/1
f 195/3/1 165/3/1 194/3/1
f 196/7/1 166/7/1 105/7/1
f 196/6/1 131/6/1 195/6/1
f 196/6/1 105/6/1 131/6/1
f 197/7/1 166/7/1 196/7/1
f 198/7/1 108/7/1 169/7/1
f 199/6/1 170/6/1 108/6/1
f 199/7/1 108/7/1 198/7/1
f 200/7/1 171/7/1 170/7/1
f 200/6/1 170/6/1 199/6/1
f 201/7/1 171/7/1 200/7/1
f 202/7/1 138/7/1 174/7/1
f 203/6/1 139/6/1 138/6/1
f 203/7/1 138/7/1 202/7/1
f 204/6/1 113/6/1 139/6/1
f 204/6/1 139/6/1 203/6/1
f 207/3/1 206/3/1 205/3/1
f 224/7/1 209/7/1 208/7/1
f 225/7/1 209/7/1 224/7/1
f 226/7/1 209/7/1 225/7/1
f 227/7/1 211/7/1 210/7/1
f 228/7/1 211/7/1 227/7/1
f 229/7/1 211/7/1 228/7/1
f 232/7/1 213/7/1 212/7/1
f 233/7/1 213/7/1 232/7/1
f 234/7/1 213/7/1 233/7/1
f 235/7/1 215/7/1 214/7/1
f 236/7/1 215/7/1 235/7/1
f 237/7/1 215/7/1 236/7/1
f 238/7/1 215/7/1 237/7/1
f 239/7/1 217/7/1 216/7/1
f 240/7/1 217/7/1 239/7/1
f 241/7/1 217/7/1 240/7/1
f 242/7/1 217/7/1 241/7/1
f 243/7/1 217/7/1 242/7/1
f 244/7/1 219/7/1 218/7/1
f 245/7/1 219/7/1 244/7/1
f 248/7/1 221/7/1 220/7/1
f 249/7/1 221/7/1 248/7/1
f 250/7/1 221/7/1 249/7/1
f 251/7/1 221/7/1 250/7/1
f 252/3/1 206/3/1 207/3/1
f 253/3/1 206/3/1 252/3/1
f 254/7/1 223/7/1 222/7/1
f 255/7/1 223/7/1 254/7/1
f 256/7/1 223/7/1 255/7/1
f 263/7/1 231/7/1 230/7/1
f 264/7/1 231/7/1 263/7/1
f 271/7/1 242/7/1 241/7/1
f 272/7/1 242/7/1 271/7/1
f 274/3/1 247/3/1 246/3/1
f 275/3/1 247/3/1 274/3/1
f 276/4/1 253/4/1 252/4/1
f 277/4/1 253/4/1 276/4/1
f 278/3/1 259/3/1 258/3/1
f 278/7/1 258/7/1 257/7/1
f 279/3/1 259/3/1 278/3/1
f 280/3/1 261/3/1 260/3/1
f 281/4/1 262/4/1 261/4/1
f 281/3/1 261/3/1 280/3/1
f 282/4/1 262/4/1 281/4/1
f 284/3/1 264/3/1 263/3/1
f 284/3/1 265/3/1 264/3/1
f 285/3/1 265/3/1 284/3/1
f 287/3/1 267/3/1 266/3/1
f 288/7/1 268/7/1 267/7/1
f 288/3/1 267/3/1 287/3/1
f 289/7/1 268/7/1 288/7/1
f 292/7/1 270/7/1 269/7/1
f 293/7/1 270/7/1 292/7/1
f 297/3/1 272/3/1 271/3/1
f 298/4/1 273/4/1 272/4/1
f 298/3/1 272/3/1 297/3/1
f 299/4/1 273/4/1 298/4/1
f 304/7/1 278/7/1 257/7/1
f 306/4/1 284/4/1 283/4/1
f 307/4/1 284/4/1 306/4/1
f 308/7/1 286/7/1 285/7/1
f 312/7/1 289/7/1 288/7/1
f 313/7/1 289/7/1 312/7/1
f 314/7/1 291/7/1 290/7/1
f 315/7/1 291/7/1 314/7/1
f 316/7/1 295/7/1 294/7/1
f 317/7/1 295/7/1 316/7/1
f 318/4/1 297/4/1 296/4/1
f 319/4/1 297/4/1 318/4/1
f 322/7/1 301/7/1 300/7/1
f 323/7/1 303/7/1 302/7/1
f 324/7/1 303/7/1 323/7/1
f 325/7/1 305/7/1 304/7/1
f 325/7/1 304/7/1 257/7/1
f 326/7/1 305/7/1 325/7/1
f 327/7/1 308/7/1 285/7/1
f 327/7/1 309/7/1 308/7/1
f 328/7/1 309/7/1 327/7/1
f 329/6/1 310/6/1 309/6/1
f 329/7/1 309/7/1 328/7/1
f 330/7/1 311/7/1 310/7/1
f 330/6/1 310/6/1 329/6/1
f 331/7/1 311/7/1 330/7/1
f 332/7/1 322/7/1 321/7/1
f 332/7/1 301/7/1 322/7/1
f 332/7/1 321/7/1 320/7/1
f 333/7/1 301/7/1 332/7/1
f 334/7/1 329/7/1 328/7/1
f 335/3/1 330/3/1 329/3/1
f 335/7/1 329/7/1 334/7/1
f 336/3/1 330/3/1 335/3/1
f 337/7/1 332/7/1 320/7/1
f 338/7/1 332/7/1 337/7/1
f 339/1/1 336/1/1 335/1/1
f 339/6/1 335/6/1 334/6/1
f 340/1/1 336/1/1 339/1/1
f 341/6/1 339/6/1 334/6/1
f 341/3/1 340/3/1 339/3/1
f 342/3/1 340/3/1 341/3/1
f 343/6/1 341/6/1 334/6/1
f 344/4/1 342/4/1 341/4/1
f 344/6/1 341/6/1 343/6/1
f 345/4/1 342/4/1 344/4/1
f 352/3/1 347/3/1 346/3/1
f 353/3/1 347/3/1 352/3/1
f 354/3/1 349/3/1 348/3/1
f 355/3/1 349/3/1 354/3/1
f 356/3/1 351/3/1 350/3/1
f 357/3/1 351/3/1 356/3/1
f 373/7/1 359/7/1 358/7/1
f 374/7/1 359/7/1 373/7/1
f 375/7/1 361/7/1 360/7/1
f 376/7/1 361/7/1 375/7/1
f 377/7/1 361/7/1 376/7/1
f 378/7/1 361/7/1 377/7/1
f 379/7/1 363/7/1 362/7/1
f 380/7/1 363/7/1 379/7/1
f 381/7/1 365/7/1 364/7/1
f 382/7/1 365/7/1 381/7/1
f 383/7/1 365/7/1 382/7/1
f 384/7/1 365/7/1 383/7/1
f 385/7/1 367/7/1 366/7/1
f 386/7/1 367/7/1 385/7/1
f 387/7/1 369/7/1 368/7/1
f 388/7/1 369/7/1 387/7/1
f 389/7/1 371/7/1 370/7/1
f 390/3/1 372/3/1 371/3/1
f 390/7/1 371/7/1 389/7/1
f 391/3/1 372/3/1 390/3/1
f 407/3/1 393/3/1 392/3/1
f 408/3/1 395/3/1 394/3/1
f 409/3/1 395/3/1 408/3/1
f 410/7/1 397/7/1 396/7/1
f 411/7/1 397/7/1 410/7/1
f 412/7/1 399/7/1 398/7/1
f 413/7/1 399/7/1 412/7/1
f 414/7/1 401/7/1 400/7/1
f 415/7/1 401/7/1 414/7/1
f 416/1/1 403/1/1 402/1/1
f 417/1/1 403/1/1 416/1/1
f 418/4/1 405/4/1 404/4/1
f 419/3/1 406/3/1 405/3/1
f 419/4/1 405/4/1 418/4/1
f 420/3/1 406/3/1 419/3/1
f 423/3/1 407/3/1 392/3/1
f 424/3/1 407/3/1 423/3/1
f 425/3/1 409/3/1 408/3/1
f 426/3/1 409/3/1 425/3/1
f 431/4/1 428/4/1 427/4/1
f 432/4/1 430/4/1 429/4/1
f 433/4/1 430/4/1 432/4/1
f 434/7/1 422/7/1 421/7/1
f 435/7/1 422/7/1 434/7/1
f 436/4/1 431/4/1 427/4/1
f 437/4/1 431/4/1 436/4/1
f 438/7/1 433/7/1 432/7/1
f 439/1/1 437/1/1 436/1/1
f 440/1/1 437/1/1 439/1/1
f 441/7/1 433/7/1 438/7/1
f 442/7/1 433/7/1 441/7/1
f 443/6/1 440/6/1 439/6/1
f 444/6/1 440/6/1 443/6/1
f 445/3/1 444/3/1 443/3/1
f 446/3/1 444/3/1 445/3/1
f 447/6/1 442/6/1 441/6/1
f 448/7/1 446/7/1 445/7/1
f 449/7/1 446/7/1 448/7/1
f 451/6/1 442/6/1 447/6/1
f 452/6/1 442/6/1 451/6/1
f 453/6/1 450/6/1 449/6/1
f 454/4/1 451/4/1 450/4/1
f 454/6/1 450/6/1 453/6/1
f 455/4/1 451/4/1 454/4/1
f 461/7/1 457/7/1 456/7/1
f 462/7/1 457/7/1 461/7/1
f 465/7/1 459/7/1 458/7/1
f 466/7/1 459/7/1 465/7/1
f 469/7/1 463/7/1 462/7/1
f 469/7/1 461/7/1 460/7/1
f 469/7/1 462/7/1 461/7/1
f 470/7/1 463/7/1 469/7/1
f 473/7/1 467/7/1 466/7/1
f 473/7/1 466/7/1 465/7/1
f 473/7/1 465/7/1 464/7/1
f 474/7/1 467/7/1 473/7/1
f 478/7/1 471/7/1 470/7/1
f 478/7/1 470/7/1 469/7/1
f 478/7/1 469/7/1 468/7/1
f 479/7/1 471/7/1 478/7/1
f 482/7/1 475/7/1 474/7/1
f 482/7/1 474/7/1 473/7/1
f 482/7/1 473/7/1 472/7/1
f 483/7/1 475/7/1 482/7/1
f 486/7/1 477/7/1 476/7/1
f 487/7/1 477/7/1 486/7/1
f 488/7/1 481/7/1 480/7/1
f 489/7/1 481/7/1 488/7/1
f 490/3/1 485/3/1 484/3/1
f 491/3/1 485/3/1 490/3/1
f 492/7/1 488/7/1 480/7/1
f 493/7/1 488/7/1 492/7/1
f 505/7/1 495/7/1 494/7/1
f 506/7/1 495/7/1 505/7/1
f 507/7/1 497/7/1 496/7/1
f 508/7/1 497/7/1 507/7/1
f 509/7/1 499/7/1 498/7/1
f 510/7/1 499/7/1 509/7/1
f 511/7/1 501/7/1 500/7/1
f 512/3/1 502/3/1 501/3/1
f 512/7/1 501/7/1 511/7/1
f 513/3/1 502/3/1 512/3/1
f 516/3/1 504/3/1 503/3/1
f 517/3/1 504/3/1 516/3/1
f 518/7/1 515/7/1 514/7/1
f 519/7/1 515/7/1 518/7/1
f 524/7/1 521/7/1 520/7/1
f 525/7/1 521/7/1 524/7/1
f 527/6/1 523/6/1 522/6/1
f 528/6/1 523/6/1 527/6/1
f 529/6/1 526/6/1 525/6/1
f 530/7/1 527/7/1 526/7/1
f 530/6/1 526/6/1 529/6/1
f 531/7/1 527/7/1 530/7/1
f 541/7/1 533/7/1 532/7/1
f 542/7/1 533/7/1 541/7/1
f 543/7/1 535/7/1 534/7/1
f 544/7/1 535/7/1 543/7/1
f 547/7/1 537/7/1 536/7/1
f 548/7/1 537/7/1 547/7/1
f 549/7/1 539/7/1 538/7/1
f 550/7/1 539/7/1 549/7/1
f 553/7/1 541/7/1 540/7/1
f 554/7/1 541/7/1 553/7/1
f 555/7/1 545/7/1 544/7/1
f 556/7/1 545/7/1 555/7/1
f 559/7/1 547/7/1 546/7/1
f 560/7/1 547/7/1 559/7/1
f 561/7/1 551/7/1 550/7/1
f 562/7/1 551/7/1 561/7/1
f 564/7/1 553/7/1 552/7/1
f 565/7/1 553/7/1 564/7/1
f 566/7/1 557/7/1 556/7/1
f 567/7/1 557/7/1 566/7/1
f 568/7/1 559/7/1 558/7/1
f 569/7/1 559/7/1 568/7/1
f 570/7/1 563/7/1 562/7/1
f 571/7/1 563/7/1 570/7/1
f 576/3/1 573/3/1 572/3/1
f 577/3/1 573/3/1 576/3/1
f 578/7/1 575/7/1 574/7/1
f 579/7/1 575/7/1 578/7/1
f 584/7/1 581/7/1 580/7/1
f 585/7/1 581/7/1 584/7/1
f 586/4/1 583/4/1 582/4/1
f 587/4/1 583/4/1 586/4/1
f 591/3/1 589/3/1 588/3/1
f 592/3/1 589/3/1 591/3/1
f 592/7/1 591/7/1 590/7/1
f 593/3/1 589/3/1 592/3/1
f 594/7/1 592/7/1 590/7/1
f 594/7/1 593/7/1 592/7/1
f 595/7/1 593/7/1 594/7/1
f 608/7/1 597/7/1 596/7/1
f 609/7/1 597/7/1 608/7/1
f 610/3/1 599/3/1 598/3/1
f 611/3/1 599/3/1 610/3/1
f 612/7/1 601/7/1 600/7/1
f 613/7/1 601/7/1 612/7/1
f 614/2/1 603/2/1 602/2/1
f 615/2/1 603/2/1 614/2/1
f 616/4/1 605/4/1 604/4/1
f 617/4/1 605/4/1 616/4/1
f 618/7/1 607/7/1 606/7/1
f 619/7/1 607/7/1 618/7/1
f 622/7/1 621/7/1 620/7/1
f 623/7/1 621/7/1 622/7/1
f 628/6/1 625/6/1 624/6/1
f 629/6/1 625/6/1 628/6/1
f 630/7/1 629/7/1 628/7/1
f 631/7/1 629/7/1 630/7/1
f 632/7/1 627/7/1 626/7/1
f 633/7/1 627/7/1 632/7/1
f 638/7/1 635/7/1 634/7/1
f 639/7/1 635/7/1 638/7/1
f 640/7/1 637/7/1 636/7/1
f 641/7/1 637/7/1 640/7/1
f 646/3/1 643/3/1 642/3/1
f 647/3/1 643/3/1 646/3/1
f 648/3/1 645/3/1 644/3/1
f 649/3/1 645/3/1 648/3/1
f 657/3/1 651/3/1 650/3/1
f 658/3/1 651/3/1 657/3/1
f 661/3/1 653/3/1 652/3/1
f 662/3/1 653/3/1 661/3/1
f 663/7/1 655/7/1 654/7/1
f 664/7/1 655/7/1 663/7/1
f 665/7/1 657/7/1 656/7/1
f 666/7/1 657/7/1 665/7/1
f 667/4/1 660/4/1 659/4/1
f 668/4/1 660/4/1 667/4/1
f 671/7/1 670/7/1 669/7/1
f 672/7/1 670/7/1 671/7/1
f 679/3/1 676/3/1 675/3/1
f 680/3/1 676/3/1 679/3/1
f 682/7/1 678/7/1 677/7/1
f 683/7/1 678/7/1 682/7/1
f 688/7/1 674/7/1 673/7/1
f 689/7/1 674/7/1 688/7/1
f 694/4/1 682/4/1 681/4/1
f 695/4/1 682/4/1 694/4/1
f 696/7/1 685/7/1 684/7/1
f 697/7/1 685/7/1 696/7/1
f 698/7/1 687/7/1 686/7/1
f 699/7/1 687/7/1 698/7/1
f 700/6/1 691/6/1 690/6/1
f 701/6/1 691/6/1 700/6/1
f 702/3/1 693/3/1 692/3/1
f 703/3/1 693/3/1 702/3/1
f 707/7/1 705/7/1 704/7/1
f 708/7/1 705/7/1 707/7/1
f 712/7/1 707/7/1 706/7/1
f 713/7/1 707/7/1 712/7/1
f 714/7/1 709/7/1 708/7/1
f 715/7/1 709/7/1 714/7/1
f 717/3/1 711/3/1 710/3/1
f 718/3/1 711/3/1 717/3/1
f 725/7/1 707/7/1 713/7/1
f 731/4/1 717/4/1 716/4/1
f 732/4/1 717/4/1 731/4/1
f 733/3/1 720/3/1 719/3/1
f 734/3/1 720/3/1 733/3/1
f 735/7/1 722/7/1 721/7/1
f 736/7/1 722/7/1 735/7/1
f 737/7/1 724/7/1 723/7/1
f 738/7/1 724/7/1 737/7/1
f 739/7/1 726/7/1 725/7/1
f 739/7/1 725/7/1 713/7/1
f 740/7/1 726/7/1 739/7/1
f 741/7/1 728/7/1 727/7/1
f 742/7/1 728/7/1 741/7/1
f 743/3/1 730/3/1 729/3/1
f 744/3/1 730/3/1 743/3/1
f 747/6/1 746/6/1 745/6/1
f 748/6/1 746/6/1 747/6/1
f 751/4/1 750/4/1 749/4/1
f 752/4/1 750/4/1 751/4/1
f 754/7/1 752/7/1 751/7/1
f 755/7/1 752/7/1 754/7/1
f 758/7/1 754/7/1 753/7/1
f 759/7/1 754/7/1 758/7/1
f 760/7/1 757/7/1 756/7/1
f 761/7/1 757/7/1 760/7/1
f 769/7/1 762/7/1 761/7/1
f 770/7/1 762/7/1 769/7/1
f 771/4/1 764/4/1 763/4/1
f 772/4/1 764/4/1 771/4/1
f 773/4/1 766/4/1 765/4/1
f 774/4/1 766/4/1 773/4/1
f 775/7/1 768/7/1 767/7/1
f 776/7/1 768/7/1 775/7/1
f 781/7/1 778/7/1 777/7/1
f 782/7/1 778/7/1 781/7/1
f 783/6/1 780/6/1 779/6/1
f 784/6/1 780/6/1 783/6/1
f 787/3/1 786/3/1 785/3/1
f 788/3/1 786/3/1 787/3/1
f 791/3/1 790/3/1 789/3/1
f 792/3/1 790/3/1 791/3/1
f 793/7/1 792/7/1 791/7/1
f 794/7/1 792/7/1 793/7/1
f 797/3/1 796/3/1 795/3/1
f 798/3/1 796/3/1 797/3/1
f 801/4/1 800/4/1 799/4/1
f 802/4/1 800/4/1 801/4/1
f 809/7/1 804/7/1 803/7/1
f 810/7/1 804/7/1 809/7/1
f 811/7/1 806/7/1 805/7/1
f 812/7/1 806/7/1 811/7/1
f 813/7/1 808/7/1 807/7/1
f 814/7/1 808/7/1 813/7/1
f 817/7/1 816/7/1 815/7/1
f 818/7/1 816/7/1 817/7/1
f 821/7/1 819/7/1 818/7/1
f 822/7/1 819/7/1 821/7/1
f 823/6/1 821/6/1 820/6/1
f 824/6/1 821/6/1 823/6/1
f 829/7/1 826/7/1 825/7/1
f 830/7/1 826/7/1 829/7/1
f 831/7/1 828/7/1 827/7/1
f 832/7/1 828/7/1 831/7/1
f 835/4/1 834/4/1 833/4/1
f 836/4/1 834/4/1 835/4/1
f 841/7/1 838/7/1 837/7/1
f 842/7/1 838/7/1 841/7/1
f 843/7/1 840/7/1 839/7/1
f 844/7/1 840/7/1 843/7/1
f 849/6/1 846/6/1 845/6/1
f 850/3/1 847/3/1 846/3/1
f 850/6/1 846/6/1 849/6/1
f 851/3/1 847/3/1 850/3/1
f 853/7/1 849/7/1 848/7/1
f 854/7/1 849/7/1 853/7/1
f 855/4/1 852/4/1 851/4/1
f 856/4/1 852/4/1 855/4/1
f 857/7/1 855/7/1 854/7/1
f 858/7/1 855/7/1 857/7/1
f 861/7/1 860/7/1 859/7/1
f 862/7/1 860/7/1 861/7/1
f 868/7/1 864/7/1 863/7/1
f 869/7/1 866/7/1 865/7/1
f 873/7/1 868/7/1 867/7/1
f 874/7/1 864/7/1 868/7/1
f 874/7/1 868/7/1 873/7/1
f 875/7/1 869/7/1 865/7/1
f 875/7/1 870/7/1 869/7/1
f 876/7/1 870/7/1 875/7/1
f 879/7/1 872/7/1 871/7/1
f 880/7/1 872/7/1 879/7/1
f 882/7/1 878/7/1 877/7/1
f 883/7/1 878/7/1 882/7/1
f 887/7/1 882/7/1 881/7/1
f 888/7/1 882/7/1 887/7/1
f 889/3/1 885/3/1 884/3/1
f 890/3/1 885/3/1 889/3/1
f 893/4/1 887/4/1 886/4/1
f 894/4/1 887/4/1 893/4/1
f 899/7/1 890/7/1 889/7/1
f 900/7/1 890/7/1 899/7/1
f 904/7/1 892/7/1 891/7/1
f 905/7/1 892/7/1 904/7/1
f 906/3/1 896/3/1 895/3/1
f 907/3/1 896/3/1 906/3/1
f 908/7/1 898/7/1 897/7/1
f 909/7/1 898/7/1 908/7/1
f 913/7/1 903/7/1 902/7/1
f 913/7/1 902/7/1 901/7/1
f 914/7/1 903/7/1 913/7/1
f 915/4/1 911/4/1 910/4/1
f 916/7/1 912/7/1 911/7/1
f 916/4/1 911/4/1 915/4/1
f 917/7/1 912/7/1 916/7/1
f 918/7/1 912/7/1 917/7/1
f 919/7/1 912/7/1 918/7/1
f 920/7/1 903/7/1 914/7/1
f 921/7/1 903/7/1 920/7/1
f 922/1/1 917/1/1 916/1/1
f 923/7/1 918/7/1 917/7/1
f 923/1/1 917/1/1 922/1/1
f 924/3/1 923/3/1 922/3/1
f 925/7/1 918/7/1 923/7/1
f 925/3/1 923/3/1 924/3/1
f 926/6/1 925/6/1 924/6/1
f 926/7/1 918/7/1 925/7/1
f 927/7/1 918/7/1 926/7/1
f 929/6/1 926/6/1 924/6/1
f 930/3/1 927/3/1 926/3/1
f 930/6/1 926/6/1 929/6/1
f 931/3/1 927/3/1 930/3/1
f 933/3/1 929/3/1 928/3/1
f 934/3/1 929/3/1 933/3/1
f 935/6/1 932/6/1 931/6/1
f 936/6/1 932/6/1 935/6/1
f 940/7/1 938/7/1 937/7/1
f 941/7/1 938/7/1 940/7/1
f 942/7/1 938/7/1 941/7/1
f 945/7/1 940/7/1 939/7/1
f 945/7/1 941/7/1 940/7/1
f 946/7/1 941/7/1 945/7/1
f 947/7/1 941/7/1 946/7/1
f 951/1/1 944/1/1 943/1/1
f 952/7/1 945/7/1 944/7/1
f 952/1/1 944/1/1 951/1/1
f 952/7/1 946/7/1 945/7/1
f 953/7/1 946/7/1 952/7/1
f 954/7/1 946/7/1 953/7/1
f 960/3/1 949/3/1 948/3/1
f 961/4/1 950/4/1 949/4/1
f 961/3/1 949/3/1 960/3/1
f 962/4/1 950/4/1 961/4/1
f 967/1/1 953/1/1 952/1/1
f 968/3/1 954/3/1 953/3/1
f 968/1/1 953/1/1 967/1/1
f 969/3/1 954/3/1 968/3/1
f 970/7/1 956/7/1 955/7/1
f 971/7/1 956/7/1 970/7/1
f 972/7/1 958/7/1 957/7/1
f 973/7/1 958/7/1 972/7/1
f 974/7/1 960/7/1 959/7/1
f 975/7/1 960/7/1 974/7/1
f 976/7/1 964/7/1 963/7/1
f 977/7/1 964/7/1 976/7/1
f 983/7/1 978/7/1 977/7/1
f 984/7/1 978/7/1 983/7/1
f 985/7/1 966/7/1 965/7/1
f 986/7/1 966/7/1 985/7/1
f 987/7/1 980/7/1 979/7/1
f 988/7/1 980/7/1 987/7/1
f 989/7/1 982/7/1 981/7/1
f 990/7/1 982/7/1 989/7/1
f 991/6/1 988/6/1 987/6/1
f 992/6/1 988/6/1 991/6/1
f 993/1/1 990/1/1 989/1/1
f 994/1/1 990/1/1 993/1/1
f 995/4/1 992/4/1 991/4/1
f 996/4/1 992/4/1 995/4/1
f 997/4/1 994/4/1 993/4/1
f 998/4/1 994/4/1 997/4/1
f 999/3/1 996/3/1 995/3/1
f 1000/3/1 996/3/1 999/3/1
f 1001/3/1 998/3/1 997/3/1
f 1002/3/1 998/3/1 1001/3/1
f 1006/3/1 1004/3/1 1003/3/1
f 1007/4/1 1005/4/1 1004/4/1
f 1007/3/1 1004/3/1 1006/3/1
f 1008/4/1 1005/4/1 1007/4/1
f 1011/3/1 1010/3/1 1009/3/1
f 1012/3/1 1010/3/1 1011/3/1
f 1016/7/1 1014/7/1 1013/7/1
f 1017/7/1 1014/7/1 1016/7/1
f 1018/7/1 1016/7/1 1015/7/1
f 1019/7/1 1016/7/1 1018/7/1
f 1020/7/1 1016/7/1 1019/7/1
f 1036/7/1 1022/7/1 1021/7/1
f 1037/7/1 1022/7/1 1036/7/1
f 1038/7/1 1024/7/1 1023/7/1
f 1039/7/1 1024/7/1 1038/7/1
f 1040/1/1 1026/1/1 1025/1/1
f 1041/1/1 1026/1/1 1040/1/1
f 1042/7/1 1028/7/1 1027/7/1
f 1043/7/1 1028/7/1 1042/7/1
f 1044/7/1 1031/7/1 1030/7/1
f 1044/7/1 1030/7/1 1029/7/1
f 1045/7/1 1031/7/1 1044/7/1
f 1046/3/1 1033/3/1 1032/3/1
f 1047/3/1 1033/3/1 1046/3/1
f 1050/1/1 1035/1/1 1034/1/1
f 1051/1/1 1035/1/1 1050/1/1
f 1052/7/1 1049/7/1 1048/7/1
f 1053/7/1 1049/7/1 1052/7/1
f 1054/6/1 1053/6/1 1052/6/1
f 1055/6/1 1053/6/1 1054/6/1
f 1056/6/1 1053/6/1 1055/6/1
f 1057/7/1 1055/7/1 1054/7/1
f 1058/6/1 1056/6/1 1055/6/1
f 1058/7/1 1055/7/1 1057/7/1
f 1059/6/1 1058/6/1 1057/6/1
f 1060/6/1 1056/6/1 1058/6/1
f 1060/6/1 1058/6/1 1059/6/1
f 1061/6/1 1056/6/1 1060/6/1
f 1062/6/1 1060/6/1 1059/6/1
f 1063/7/1 1061/7/1 1060/7/1
f 1064/6/1 1060/6/1 1062/6/1
f 1065/7/1 1063/7/1 1060/7/1
f 1065/6/1 1060/6/1 1064/6/1
f 1066/7/1 1063/7/1 1065/7/1
f 1071/3/1 1068/3/1 1067/3/1
f 1072/3/1 1068/3/1 1071/3/1
f 1074/3/1 1070/3/1 1069/3/1
f 1075/3/1 1070/3/1 1074/3/1
f 1076/3/1 1073/3/1 1072/3/1
f 1077/3/1 1073/3/1 1076/3/1
f 1078/4/1 1077/4/1 1076/4/1
f 1079/4/1 1077/4/1 1078/4/1
f 1082/3/1 1079/3/1 1078/3/1
f 1083/3/1 1079/3/1 1082/3/1
f 1084/3/1 1081/3/1 1080/3/1
f 1085/3/1 1081/3/1 1084/3/1
f 1086/4/1 1083/4/1 1082/4/1
f 1087/4/1 1083/4/1 1086/4/1
f 1088/1/1 1085/1/1 1084/1/1
f 1089/1/1 1085/1/1 1088/1/1
f 1090/3/1 1087/3/1 1086/3/1
f 1091/3/1 1087/3/1 1090/3/1
f 1092/3/1 1089/3/1 1088/3/1
f 1093/3/1 1089/3/1 1092/3/1
f 1094/4/1 1091/4/1 1090/4/1
f 1095/4/1 1091/4/1 1094/4/1
f 1098/4/1 1093/4/1 1092/4/1
f 1099/4/1 1093/4/1 1098/4/1
f 1101/3/1 1099/3/1 1098/3/1
f 1101/3/1 1100/3/1 1099/3/1
f 1102/3/1 1100/3/1 1101/3/1
f 1103/4/1 1102/4/1 1101/4/1
f 1106/3/1 1097/3/1 1096/3/1
f 1107/3/1 1097/3/1 1106/3/1
f 1110/3/1 1101/3/1 1098/3/1
f 1111/4/1 1103/4/1 1101/4/1
f 1111/3/1 1101/3/1 1110/3/1
f 1112/4/1 1103/4/1 1111/4/1
f 1113/3/1 1095/3/1 1094/3/1
f 1114/3/1 1095/3/1 1113/3/1
f 1115/7/1 1105/7/1 1104/7/1
f 1116/7/1 1105/7/1 1115/7/1
f 1118/7/1 1109/7/1 1108/7/1
f 1119/7/1 1109/7/1 1118/7/1
f 1120/7/1 1118/7/1 1117/7/1
f 1121/7/1 1118/7/1 1120/7/1
f 1124/3/1 1123/3/1 1122/3/1
f 1125/3/1 1123/3/1 1124/3/1
f 1126/3/2 1127/3/2 1132/3/2
f 1132/3/2 1127/3/2 1133/3/2
f 1133/3/2 1127/3/2 1134/3/2
f 1128/3/2 1129/3/2 1135/3/2
f 1135/3/2 1129/3/2 1136/3/2
f 1130/3/2 1131/3/2 1137/3/2
f 1137/3/2 1131/3/2 1138/3/2
f 1138/3/2 1131/3/2 1139/3/2
f 1133/3/2 1134/3/2 1140/3/2
f 1134/3/2 1135/3/2 1140/3/2
f 1140/3/2 1135/3/2 1141/3/2
f 1137/3/2 1138/3/2 1142/3/2
f 1142/3/2 1138/3/2 1143/3/2
f 1142/1/2 1143/1/2 1144/1/2
f 1144/1/2 1143/1/2 1145/1/2
f 1144/4/2 1145/4/2 1146/4/2
f 1146/4/2 1145/4/2 1147/4/2
f 1146/3/2 1147/3/2 1148/3/2
f 1148/3/2 1147/3/2 1149/3/2
f 1133/3/2 1140/3/2 1150/3/2
f 1150/3/2 1140/3/2 1151/3/2
f 1148/4/2 1149/4/2 1152/4/2
f 1152/4/2 1149/4/2 1153/4/2
f 1150/4/2 1151/4/2 1154/4/2
f 1154/4/2 1151/4/2 1155/4/2
f 1152/3/2 1153/3/2 1156/3/2
f 1156/3/2 1153/3/2 1157/3/2
f 1154/1/2 1155/1/2 1159/1/2
f 1159/1/2 1155/1/2 1160/1/2
f 1156/1/2 1157/1/2 1161/1/2
f 1161/1/2 1157/1/2 1162/1/2
f 1161/3/2 1162/3/2 1164/3/2
f 1162/4/2 1163/4/2 1165/4/2
f 1164/3/2 1162/3/2 1165/3/2
f 1165/4/2 1163/4/2 1166/4/2
f 1158/3/2 1159/3/2 1167/3/2
f 1159/3/2 1160/3/2 1167/3/2
f 1167/3/2 1160/3/2 1168/3/2
f 1164/4/2 1165/4/2 1169/4/2
f 1165/1/2 1166/1/2 1170/1/2
f 1169/4/2 1165/4/2 1170/4/2
f 1170/1/2 1166/1/2 1171/1/2
f 1167/4/2 1168/4/2 1174/4/2
f 1174/4/2 1168/4/2 1175/4/2
f 1170/4/2 1171/4/2 1176/4/2
f 1176/4/2 1171/4/2 1177/4/2
f 1167/4/2 1174/4/2 1178/4/2
f 1174/3/2 1175/3/2 1179/3/2
f 1176/3/2 1177/3/2 1180/3/2
f 1180/3/2 1177/3/2 1181/3/2
f 1172/3/2 1173/3/2 1182/3/2
f 1178/4/2 1174/4/2 1183/4/2
f 1174/3/2 1179/3/2 1184/3/2
f 1183/4/2 1174/4/2 1184/4/2
f 1184/3/2 1179/3/2 1185/3/2
f 1182/3/2 1173/3/2 1186/3/2
f 1186/3/2 1173/3/2 1187/3/2
f 1188/3/2 1189/3/2 1190/3/2
f 1190/3/2 1189/3/2 1191/3/2
f 1190/7/2 1191/7/2 1194/7/2
f 1194/7/2 1191/7/2 1195/7/2
f 1192/3/2 1193/3/2 1196/3/2
f 1196/3/2 1193/3/2 1197/3/2
f 1198/3/2 1199/3/2 1204/3/2
f 1204/3/2 1199/3/2 1205/3/2
f 1200/3/2 1201/3/2 1206/3/2
f 1206/3/2 1201/3/2 1207/3/2
f 1202/3/2 1203/3/2 1209/3/2
f 1209/3/2 1203/3/2 1210/3/2
f 1208/3/2 1209/3/2 1213/3/2
f 1213/3/2 1209/3/2 1214/3/2
f 1211/7/2 1212/7/2 1217/7/2
f 1217/7/2 1212/7/2 1218/7/2
f 1215/3/2 1216/3/2 1223/3/2
f 1223/3/2 1216/3/2 1224/3/2
f 1219/3/2 1220/3/2 1225/3/2
f 1225/3/2 1220/3/2 1226/3/2
f 1221/3/2 1222/3/2 1227/3/2
f 1227/3/2 1222/3/2 1228/3/2
f 1229/4/2 1230/4/2 1236/4/2
f 1236/4/2 1230/4/2 1237/4/2
f 1231/4/2 1232/4/2 1238/4/2
f 1238/4/2 1232/4/2 1239/4/2
f 1234/7/2 1235/7/2 1242/7/2
f 1233/7/2 1234/7/2 1242/7/2
f 1242/7/2 1235/7/2 1243/7/2
f 1240/7/2 1241/7/2 1244/7/2
f 1244/7/2 1241/7/2 1245/7/2
f 1246/3/2 1247/3/2 1252/3/2
f 1252/3/2 1247/3/2 1253/3/2
f 1248/3/2 1249/3/2 1254/3/2
f 1254/3/2 1249/3/2 1255/3/2
f 1250/3/2 1251/3/2 1256/3/2
f 1256/3/2 1251/3/2 1257/3/2
f 1258/7/2 1259/7/2 1260/7/2
f 1260/7/2 1259/7/2 1261/7/2
f 1264/4/2 1265/4/2 1275/4/2
f 1275/4/2 1265/4/2 1276/4/2
f 1262/7/2 1263/7/2 1277/7/2
f 1277/7/2 1263/7/2 1278/7/2
f 1266/7/2 1267/7/2 1279/7/2
f 1279/7/2 1267/7/2 1280/7/2
f 1268/1/2 1269/1/2 1281/1/2
f 1281/1/2 1269/1/2 1282/1/2
f 1270/3/2 1271/3/2 1283/3/2
f 1283/3/2 1271/3/2 1284/3/2
f 1272/3/2 1273/3/2 1289/3/2
f 1289/3/2 1273/3/2 1290/3/2
f 1274/7/2 1275/7/2 1291/7/2
f 1291/7/2 1275/7/2 1292/7/2
f 1287/7/2 1288/7/2 1298/7/2
f 1298/7/2 1288/7/2 1299/7/2
f 1295/4/2 1296/4/2 1300/4/2
f 1300/4/2 1296/4/2 1301/4/2
f 1285/7/2 1286/7/2 1302/7/2
f 1302/7/2 1286/7/2 1303/7/2
f 1297/7/2 1298/7/2 1304/7/2
f 1304/7/2 1298/7/2 1305/7/2
f 1293/4/2 1294/4/2 1306/4/2
f 1306/4/2 1294/4/2 1307/4/2
f 1306/1/2 1307/1/2 1308/1/2
f 1308/1/2 1307/1/2 1309/1/2
f 1300/7/2 1301/7/2 1310/7/2
f 1310/7/2 1301/7/2 1311/7/2
f 1308/6/2 1309/6/2 1312/6/2
f 1312/6/2 1309/6/2 1313/6/2
f 1310/6/2 1311/6/2 1314/6/2
f 1312/3/2 1313/3/2 1315/3/2
f 1315/3/2 1313/3/2 1316/3/2
f 1314/6/2 1311/6/2 1317/6/2
f 1317/6/2 1311/6/2 1318/6/2
f 1319/7/2 1320/7/2 1322/7/2
f 1322/7/2 1320/7/2 1323/7/2
f 1321/7/2 1322/7/2 1326/7/2
f 1323/7/2 1324/7/2 1327/7/2
f 1325/7/2 1326/7/2 1331/7/2
f 1326/7/2 1322/7/2 1332/7/2
f 1331/7/2 1326/7/2 1332/7/2
f 1323/7/2 1327/7/2 1333/7/2
f 1327/7/2 1328/7/2 1333/7/2
f 1333/7/2 1328/7/2 1334/7/2
f 1329/7/2 1330/7/2 1337/7/2
f 1337/7/2 1330/7/2 1338/7/2
f 1335/3/2 1336/3/2 1339/3/2
f 1339/3/2 1336/3/2 1340/3/2
f 1341/7/2 1342/7/2 1346/7/2
f 1346/7/2 1342/7/2 1347/7/2
f 1343/1/2 1344/1/2 1351/1/2
f 1344/4/2 1345/4/2 1352/4/2
f 1351/1/2 1344/1/2 1352/1/2
f 1352/4/2 1345/4/2 1353/4/2
f 1348/7/2 1349/7/2 1365/7/2
f 1365/7/2 1349/7/2 1366/7/2
f 1350/7/2 1351/7/2 1367/7/2
f 1367/7/2 1351/7/2 1368/7/2
f 1354/7/2 1355/7/2 1369/7/2
f 1369/7/2 1355/7/2 1370/7/2
f 1356/7/2 1357/7/2 1371/7/2
f 1371/7/2 1357/7/2 1372/7/2
f 1358/3/2 1359/3/2 1375/3/2
f 1375/3/2 1359/3/2 1376/3/2
f 1360/7/2 1361/7/2 1377/7/2
f 1377/7/2 1361/7/2 1378/7/2
f 1362/3/2 1363/3/2 1379/3/2
f 1363/7/2 1364/7/2 1380/7/2
f 1379/3/2 1363/3/2 1380/3/2
f 1380/7/2 1364/7/2 1381/7/2
f 1381/7/2 1364/7/2 1382/7/2
f 1373/7/2 1374/7/2 1383/7/2
f 1383/7/2 1374/7/2 1384/7/2
f 1373/7/2 1383/7/2 1385/7/2
f 1385/7/2 1383/7/2 1386/7/2
f 1380/6/2 1381/6/2 1387/6/2
f 1387/6/2 1381/6/2 1388/6/2
f 1387/3/2 1388/3/2 1389/3/2
f 1388/6/2 1381/6/2 1390/6/2
f 1389/3/2 1388/3/2 1390/3/2
f 1390/6/2 1381/6/2 1391/6/2
f 1389/4/2 1390/4/2 1393/4/2
f 1390/7/2 1391/7/2 1394/7/2
f 1393/4/2 1390/4/2 1394/4/2
f 1394/7/2 1391/7/2 1395/7/2
f 1392/6/2 1393/6/2 1397/6/2
f 1397/6/2 1393/6/2 1398/6/2
f 1395/7/2 1396/7/2 1399/7/2
f 1399/7/2 1396/7/2 1400/7/2
f 1401/7/2 1402/7/2 1405/7/2
f 1405/7/2 1402/7/2 1406/7/2
f 1403/7/2 1404/7/2 1407/7/2
f 1407/7/2 1404/7/2 1408/7/2
f 1409/7/2 1410/7/2 1414/7/2
f 1414/7/2 1410/7/2 1415/7/2
f 1415/7/2 1410/7/2 1416/7/2
f 1411/4/2 1412/4/2 1419/4/2
f 1412/3/2 1413/3/2 1420/3/2
f 1419/4/2 1412/4/2 1420/4/2
f 1420/3/2 1413/3/2 1421/3/2
f 1416/4/2 1417/4/2 1422/4/2
f 1415/7/2 1416/7/2 1422/7/2
f 1417/3/2 1418/3/2 1423/3/2
f 1422/4/2 1417/4/2 1423/4/2
f 1423/3/2 1418/3/2 1424/3/2
f 1415/7/2 1422/7/2 1430/7/2
f 1422/3/2 1423/3/2 1431/3/2
f 1430/7/2 1422/7/2 1431/7/2
f 1431/3/2 1423/3/2 1432/3/2
f 1425/7/2 1426/7/2 1439/7/2
f 1439/7/2 1426/7/2 1440/7/2
f 1427/3/2 1428/3/2 1441/3/2
f 1441/3/2 1428/3/2 1442/3/2
f 1429/7/2 1430/7/2 1443/7/2
f 1430/7/2 1431/7/2 1443/7/2
f 1443/7/2 1431/7/2 1444/7/2
f 1433/7/2 1434/7/2 1445/7/2
f 1445/7/2 1434/7/2 1446/7/2
f 1435/7/2 1436/7/2 1447/7/2
f 1447/7/2 1436/7/2 1448/7/2
f 1437/7/2 1438/7/2 1449/7/2
f 1449/7/2 1438/7/2 1450/7/2
f 1451/1/2 1452/1/2 1455/1/2
f 1452/7/2 1453/7/2 1456/7/2
f 1455/1/2 1452/1/2 1456/1/2
f 1456/7/2 1453/7/2 1457/7/2
f 1454/6/2 1455/6/2 1459/6/2
f 1459/6/2 1455/6/2 1460/6/2
f 1457/7/2 1458/7/2 1461/7/2
f 1461/7/2 1458/7/2 1462/7/2
f 1463/3/2 1464/3/2 1465/3/2
f 1465/3/2 1464/3/2 1466/3/2
f 1467/3/2 1468/3/2 1469/3/2
f 1469/3/2 1468/3/2 1470/3/2
f 1471/4/2 1472/4/2 1475/4/2
f 1472/7/2 1473/7/2 1476/7/2
f 1475/4/2 1472/4/2 1476/4/2
f 1476/7/2 1473/7/2 1477/7/2
f 1474/6/2 1475/6/2 1478/6/2
f 1478/6/2 1475/6/2 1479/6/2
f 1479/7/2 1480/7/2 1481/7/2
f 1481/7/2 1480/7/2 1482/7/2
f 1483/7/2 1484/7/2 1485/7/2
f 1485/7/2 1484/7/2 1486/7/2
f 1487/7/2 1488/7/2 1495/7/2
f 1495/7/2 1488/7/2 1496/7/2
f 1489/7/2 1490/7/2 1497/7/2
f 1497/7/2 1490/7/2 1498/7/2
f 1491/7/2 1492/7/2 1499/7/2
f 1499/7/2 1492/7/2 1500/7/2
f 1493/7/2 1494/7/2 1501/7/2
f 1501/7/2 1494/7/2 1502/7/2
f 1503/7/2 1504/7/2 1507/7/2
f 1507/7/2 1504/7/2 1508/7/2
f 1505/7/2 1506/7/2 1509/7/2
f 1509/7/2 1506/7/2 1510/7/2
f 1511/4/2 1512/4/2 1522/4/2
f 1522/4/2 1512/4/2 1523/4/2
f 1513/7/2 1514/7/2 1524/7/2
f 1524/7/2 1514/7/2 1525/7/2
f 1515/7/2 1516/7/2 1526/7/2
f 1516/3/2 1517/3/2 1527/3/2
f 1526/7/2 1516/7/2 1527/7/2
f 1527/3/2 1517/3/2 1528/3/2
f 1518/7/2 1519/7/2 1529/7/2
f 1529/7/2 1519/7/2 1530/7/2
f 1520/7/2 1521/7/2 1531/7/2
f 1531/7/2 1521/7/2 1532/7/2
f 1533/7/2 1534/7/2 1535/7/2
f 1535/7/2 1534/7/2 1536/7/2
f 1537/3/2 1538/3/2 1540/3/2
f 1540/3/2 1538/3/2 1541/3/2
f 1539/4/2 1540/4/2 1550/4/2
f 1550/4/2 1540/4/2 1551/4/2
f 1542/3/2 1543/3/2 1552/3/2
f 1552/3/2 1543/3/2 1553/3/2
f 1544/7/2 1545/7/2 1554/7/2
f 1554/7/2 1545/7/2 1555/7/2
f 1546/7/2 1547/7/2 1556/7/2
f 1556/7/2 1547/7/2 1557/7/2
f 1548/4/2 1549/4/2 1558/4/2
f 1558/4/2 1549/4/2 1559/4/2
f 1560/7/2 1561/7/2 1564/7/2
f 1564/7/2 1561/7/2 1565/7/2
f 1564/6/2 1565/6/2 1566/6/2
f 1566/6/2 1565/6/2 1567/6/2
f 1562/7/2 1563/7/2 1568/7/2
f 1568/7/2 1563/7/2 1569/7/2
f 1572/7/2 1573/7/2 1574/7/2
f 1574/7/2 1573/7/2 1575/7/2
f 1570/6/2 1571/6/2 1576/6/2
f 1576/6/2 1571/6/2 1577/6/2
f 1574/6/2 1575/6/2 1578/6/2
f 1578/6/2 1575/6/2 1579/6/2
f 1576/7/2 1577/7/2 1580/7/2
f 1580/7/2 1577/7/2 1581/7/2
f 1578/7/2 1579/7/2 1582/7/2
f 1582/7/2 1579/7/2 1583/7/2
f 1584/4/2 1585/4/2 1586/4/2
f 1586/4/2 1585/4/2 1587/4/2
f 1586/7/2 1587/7/2 1590/7/2
f 1590/7/2 1587/7/2 1591/7/2
f 1588/7/2 1589/7/2 1592/7/2
f 1592/7/2 1589/7/2 1593/7/2
f 1594/7/2 1595/7/2 1598/7/2
f 1598/7/2 1595/7/2 1599/7/2
f 1596/3/2 1597/3/2 1607/3/2
f 1607/3/2 1597/3/2 1608/3/2
f 1602/4/2 1603/4/2 1611/4/2
f 1603/7/2 1604/7/2 1612/7/2
f 1611/4/2 1603/4/2 1612/4/2
f 1612/7/2 1604/7/2 1613/7/2
f 1605/7/2 1606/7/2 1614/7/2
f 1614/7/2 1606/7/2 1615/7/2
f 1600/7/2 1601/7/2 1616/7/2
f 1616/7/2 1601/7/2 1617/7/2
f 1609/7/2 1610/7/2 1618/7/2
f 1618/7/2 1610/7/2 1619/7/2
f 1620/6/2 1621/6/2 1622/6/2
f 1622/6/2 1621/6/2 1623/6/2
f 1624/3/2 1625/3/2 1626/3/2
f 1626/3/2 1625/3/2 1627/3/2
f 1628/3/2 1629/3/2 1630/3/2
f 1630/3/2 1629/3/2 1631/3/2
f 1632/7/2 1633/7/2 1636/7/2
f 1636/7/2 1633/7/2 1637/7/2
f 1634/7/2 1635/7/2 1642/7/2
f 1637/7/2 1638/7/2 1647/7/2
f 1638/4/2 1639/4/2 1648/4/2
f 1647/7/2 1638/7/2 1648/7/2
f 1648/4/2 1639/4/2 1649/4/2
f 1640/7/2 1641/7/2 1650/7/2
f 1642/7/2 1643/7/2 1651/7/2
f 1634/7/2 1642/7/2 1651/7/2
f 1651/7/2 1643/7/2 1652/7/2
f 1644/4/2 1645/4/2 1653/4/2
f 1645/3/2 1646/3/2 1654/3/2
f 1653/4/2 1645/4/2 1654/4/2
f 1654/3/2 1646/3/2 1655/3/2
f 1647/4/2 1648/4/2 1656/4/2
f 1656/4/2 1648/4/2 1657/4/2
f 1640/7/2 1650/7/2 1664/7/2
f 1650/7/2 1651/7/2 1664/7/2
f 1664/7/2 1651/7/2 1665/7/2
f 1658/7/2 1659/7/2 1666/7/2
f 1666/7/2 1659/7/2 1667/7/2
f 1660/7/2 1661/7/2 1668/7/2
f 1668/7/2 1661/7/2 1669/7/2
f 1662/7/2 1663/7/2 1670/7/2
f 1670/7/2 1663/7/2 1671/7/2
f 1672/7/2 1673/7/2 1675/7/2
f 1673/7/2 1674/7/2 1675/7/2
f 1675/7/2 1674/7/2 1676/7/2
f 1677/6/2 1678/6/2 1679/6/2
f 1679/6/2 1678/6/2 1680/6/2
f 1681/7/2 1682/7/2 1690/7/2
f 1690/7/2 1682/7/2 1691/7/2
f 1683/7/2 1684/7/2 1692/7/2
f 1692/7/2 1684/7/2 1693/7/2
f 1685/7/2 1686/7/2 1696/7/2
f 1696/7/2 1686/7/2 1697/7/2
f 1687/7/2 1688/7/2 1698/7/2
f 1698/7/2 1688/7/2 1699/7/2
f 1689/7/2 1690/7/2 1702/7/2
f 1702/7/2 1690/7/2 1703/7/2
f 1693/7/2 1694/7/2 1704/7/2
f 1704/7/2 1694/7/2 1705/7/2
f 1695/7/2 1696/7/2 1710/7/2
f 1710/7/2 1696/7/2 1711/7/2
f 1699/7/2 1700/7/2 1712/7/2
f 1712/7/2 1700/7/2 1713/7/2
f 1701/7/2 1702/7/2 1715/7/2
f 1715/7/2 1702/7/2 1716/7/2
f 1705/7/2 1706/7/2 1717/7/2
f 1717/7/2 1706/7/2 1718/7/2
f 1709/7/2 1710/7/2 1719/7/2
f 1719/7/2 1710/7/2 1720/7/2
f 1713/7/2 1714/7/2 1721/7/2
f 1721/7/2 1714/7/2 1722/7/2
f 1723/3/2 1724/3/2 1725/3/2
f 1725/3/2 1724/3/2 1726/3/2
f 1707/7/2 1708/7/2 1729/7/2
f 1729/7/2 1708/7/2 1730/7/2
f 1727/1/2 1728/1/2 1736/1/2
f 1736/1/2 1728/1/2 1737/1/2
f 1731/4/2 1732/4/2 1743/4/2
f 1743/4/2 1732/4/2 1744/4/2
f 1733/3/2 1734/3/2 1745/3/2
f 1745/3/2 1734/3/2 1746/3/2
f 1735/7/2 1736/7/2 1747/7/2
f 1747/7/2 1736/7/2 1748/7/2
f 1738/3/2 1739/3/2 1749/3/2
f 1749/3/2 1739/3/2 1750/3/2
f 1740/7/2 1741/7/2 1751/7/2
f 1751/7/2 1741/7/2 1752/7/2
f 1742/7/2 1743/7/2 1753/7/2
f 1753/7/2 1743/7/2 1754/7/2
f 1755/6/2 1756/6/2 1758/6/2
f 1756/3/2 1757/3/2 1759/3/2
f 1758/6/2 1756/6/2 1759/6/2
f 1759/3/2 1757/3/2 1760/3/2
f 1761/7/2 1762/7/2 1765/7/2
f 1765/7/2 1762/7/2 1766/7/2
f 1763/1/2 1764/1/2 1767/1/2
f 1767/1/2 1764/1/2 1768/1/2
f 1769/7/2 1770/7/2 1774/7/2
f 1774/7/2 1770/7/2 1775/7/2
f 1771/7/2 1772/7/2 1778/7/2
f 1778/7/2 1772/7/2 1779/7/2
f 1775/7/2 1776/7/2 1782/7/2
f 1773/7/2 1774/7/2 1782/7/2
f 1774/7/2 1775/7/2 1782/7/2
f 1782/7/2 1776/7/2 1783/7/2
f 1779/7/2 1780/7/2 1786/7/2
f 1778/7/2 1779/7/2 1786/7/2
f 1777/7/2 1778/7/2 1786/7/2
f 1786/7/2 1780/7/2 1787/7/2
f 1783/7/2 1784/7/2 1789/7/2
f 1782/7/2 1783/7/2 1789/7/2
f 1781/7/2 1782/7/2 1789/7/2
f 1789/7/2 1784/7/2 1790/7/2
f 1787/7/2 1788/7/2 1791/7/2
f 1786/7/2 1787/7/2 1791/7/2
f 1785/7/2 1786/7/2 1791/7/2
f 1791/7/2 1788/7/2 1792/7/2
f 1793/3/2 1794/3/2 1795/3/2
f 1795/3/2 1794/3/2 1796/3/2
f 1797/3/2 1798/3/2 1801/3/2
f 1801/3/2 1798/3/2 1802/3/2
f 1799/7/2 1800/7/2 1805/7/2
f 1805/7/2 1800/7/2 1806/7/2
f 1803/7/2 1804/7/2 1807/7/2
f 1807/7/2 1804/7/2 1808/7/2
f 1807/1/2 1808/1/2 1809/1/2
f 1808/7/2 1804/7/2 1810/7/2
f 1809/1/2 1808/1/2 1810/1/2
f 1810/7/2 1804/7/2 1811/7/2
f 1809/3/2 1810/3/2 1812/3/2
f 1810/7/2 1811/7/2 1813/7/2
f 1812/3/2 1810/3/2 1813/3/2
f 1813/7/2 1811/7/2 1814/7/2
f 1812/6/2 1813/6/2 1815/6/2
f 1813/7/2 1814/7/2 1816/7/2
f 1815/6/2 1813/6/2 1816/6/2
f 1816/7/2 1814/7/2 1817/7/2
f 1815/6/2 1816/6/2 1818/6/2
f 1816/3/2 1817/3/2 1819/3/2
f 1818/6/2 1816/6/2 1819/6/2
f 1819/3/2 1817/3/2 1820/3/2
f 1821/7/2 1822/7/2 1825/7/2
f 1825/7/2 1822/7/2 1826/7/2
f 1823/7/2 1824/7/2 1828/7/2
f 1828/7/2 1824/7/2 1829/7/2
f 1826/7/2 1827/7/2 1830/7/2
f 1827/4/2 1828/4/2 1831/4/2
f 1830/7/2 1827/7/2 1831/7/2
f 1831/4/2 1828/4/2 1832/4/2
f 1833/7/2 1834/7/2 1849/7/2
f 1849/7/2 1834/7/2 1850/7/2
f 1835/7/2 1836/7/2 1851/7/2
f 1851/7/2 1836/7/2 1852/7/2
f 1837/7/2 1838/7/2 1853/7/2
f 1853/7/2 1838/7/2 1854/7/2
f 1839/7/2 1840/7/2 1855/7/2
f 1855/7/2 1840/7/2 1856/7/2
f 1841/7/2 1842/7/2 1857/7/2
f 1857/7/2 1842/7/2 1858/7/2
f 1843/7/2 1844/7/2 1859/7/2
f 1859/7/2 1844/7/2 1860/7/2
f 1860/7/2 1844/7/2 1861/7/2
f 1861/7/2 1844/7/2 1862/7/2
f 1845/7/2 1846/7/2 1863/7/2
f 1863/7/2 1846/7/2 1864/7/2
f 1847/7/2 1848/7/2 1865/7/2
f 1865/7/2 1848/7/2 1866/7/2
f 1867/3/2 1868/3/2 1880/3/2
f 1869/4/2 1870/4/2 1881/4/2
f 1870/7/2 1871/7/2 1882/7/2
f 1881/4/2 1870/4/2 1882/4/2
f 1882/7/2 1871/7/2 1883/7/2
f 1872/7/2 1873/7/2 1884/7/2
f 1873/7/2 1874/7/2 1884/7/2
f 1884/7/2 1874/7/2 1885/7/2
f 1875/3/2 1876/3/2 1888/3/2
f 1888/3/2 1876/3/2 1889/3/2
f 1877/7/2 1878/7/2 1890/7/2
f 1878/4/2 1879/4/2 1891/4/2
f 1890/7/2 1878/7/2 1891/7/2
f 1891/4/2 1879/4/2 1892/4/2
f 1867/3/2 1880/3/2 1893/3/2
f 1893/3/2 1880/3/2 1894/3/2
f 1886/7/2 1887/7/2 1895/7/2
f 1895/7/2 1887/7/2 1900/7/2
f 1900/7/2 1887/7/2 1901/7/2
f 1896/7/2 1897/7/2 1902/7/2
f 1902/7/2 1897/7/2 1903/7/2
f 1898/7/2 1899/7/2 1904/7/2
f 1904/7/2 1899/7/2 1905/7/2
f 1902/6/2 1903/6/2 1906/6/2
f 1906/6/2 1903/6/2 1907/6/2
f 1904/1/2 1905/1/2 1908/1/2
f 1908/1/2 1905/1/2 1909/1/2
f 1906/4/2 1907/4/2 1910/4/2
f 1906/4/2 1910/4/2 1911/4/2
f 1911/4/2 1910/4/2 1912/4/2
f 1908/4/2 1909/4/2 1913/4/2
f 1913/4/2 1909/4/2 1914/4/2
f 1911/3/2 1912/3/2 1915/3/2
f 1915/3/2 1912/3/2 1916/3/2
f 1913/3/2 1914/3/2 1917/3/2
f 1917/3/2 1914/3/2 1918/3/2
f 1915/1/2 1916/1/2 1919/1/2
f 1919/1/2 1916/1/2 1920/1/2
f 1917/7/2 1918/7/2 1922/7/2
f 1922/7/2 1918/7/2 1923/7/2
f 1920/3/2 1921/3/2 1924/3/2
f 1921/4/2 1922/4/2 1925/4/2
f 1924/3/2 1921/3/2 1925/3/2
f 1925/4/2 1922/4/2 1926/4/2
f 1927/3/2 1928/3/2 1929/3/2
f 1929/3/2 1928/3/2 1930/3/2
f 1931/7/2 1932/7/2 1949/7/2
f 1949/7/2 1932/7/2 1950/7/2
f 1950/7/2 1932/7/2 1951/7/2
f 1951/7/2 1932/7/2 1952/7/2
f 1933/7/2 1934/7/2 1955/7/2
f 1955/7/2 1934/7/2 1956/7/2
f 1956/7/2 1934/7/2 1957/7/2
f 1957/7/2 1934/7/2 1958/7/2
f 1935/7/2 1936/7/2 1959/7/2
f 1959/7/2 1936/7/2 1960/7/2
f 1937/7/2 1938/7/2 1961/7/2
f 1961/7/2 1938/7/2 1962/7/2
f 1962/7/2 1938/7/2 1963/7/2
f 1939/7/2 1940/7/2 1966/7/2
f 1966/7/2 1940/7/2 1967/7/2
f 1967/7/2 1940/7/2 1968/7/2
f 1941/7/2 1942/7/2 1969/7/2
f 1969/7/2 1942/7/2 1970/7/2
f 1970/7/2 1942/7/2 1971/7/2
f 1971/7/2 1942/7/2 1972/7/2
f 1943/7/2 1944/7/2 1973/7/2
f 1973/7/2 1944/7/2 1974/7/2
f 1974/7/2 1944/7/2 1975/7/2
f 1975/7/2 1944/7/2 1976/7/2
f 1945/7/2 1946/7/2 1979/7/2
f 1979/7/2 1946/7/2 1980/7/2
f 1980/7/2 1946/7/2 1981/7/2
f 1981/7/2 1946/7/2 1982/7/2
f 1947/7/2 1948/7/2 1985/7/2
f 1985/7/2 1948/7/2 1986/7/2
f 1986/7/2 1948/7/2 1987/7/2
f 1953/7/2 1954/7/2 1991/7/2
f 1991/7/2 1954/7/2 1992/7/2
f 1964/1/2 1965/1/2 1995/1/2
f 1995/1/2 1965/1/2 1996/1/2
f 1967/7/2 1968/7/2 1997/7/2
f 1997/7/2 1968/7/2 1998/7/2
f 1977/3/2 1978/3/2 2001/3/2
f 2001/3/2 1978/3/2 2002/3/2
f 1983/7/2 1984/7/2 2004/7/2
f 2004/7/2 1984/7/2 2005/7/2
f 1988/7/2 1989/7/2 2007/7/2
f 2007/7/2 1989/7/2 2008/7/2
f 1990/3/2 1991/3/2 2009/3/2
f 1991/4/2 1992/4/2 2010/4/2
f 2009/3/2 1991/3/2 2010/3/2
f 2010/4/2 1992/4/2 2011/4/2
f 1993/3/2 1994/3/2 2013/3/2
f 2013/3/2 1994/3/2 2014/3/2
f 1997/3/2 1998/3/2 2018/3/2
f 2018/3/2 1998/3/2 2019/3/2
f 1999/3/2 2000/3/2 2022/3/2
f 2022/3/2 2000/3/2 2023/3/2
f 2002/3/2 2003/3/2 2026/3/2
f 2026/3/2 2003/3/2 2027/3/2
f 2005/3/2 2006/3/2 2029/3/2
f 2004/3/2 2005/3/2 2029/3/2
f 2029/3/2 2006/3/2 2030/3/2
f 2030/3/2 2006/3/2 2031/3/2
f 1988/7/2 2007/7/2 2032/7/2
f 2007/3/2 2008/3/2 2033/3/2
f 2032/7/2 2007/7/2 2033/7/2
f 2033/3/2 2008/3/2 2034/3/2
f 2011/7/2 2012/7/2 2035/7/2
f 2035/7/2 2012/7/2 2036/7/2
f 2014/7/2 2015/7/2 2037/7/2
f 2037/7/2 2015/7/2 2038/7/2
f 2016/7/2 2017/7/2 2041/7/2
f 2041/7/2 2017/7/2 2042/7/2
f 2019/7/2 2020/7/2 2043/7/2
f 2043/7/2 2020/7/2 2044/7/2
f 2021/3/2 2022/3/2 2045/3/2
f 2045/3/2 2022/3/2 2046/3/2
f 2024/7/2 2025/7/2 2049/7/2
f 2049/7/2 2025/7/2 2050/7/2
f 2028/7/2 2029/7/2 2051/7/2
f 2051/7/2 2029/7/2 2052/7/2
f 2030/7/2 2031/7/2 2053/7/2
f 2053/7/2 2031/7/2 2054/7/2
f 2032/1/2 2033/1/2 2055/1/2
f 2055/1/2 2033/1/2 2056/1/2
f 2038/4/2 2039/4/2 2057/4/2
f 2039/7/2 2040/7/2 2058/7/2
f 2057/4/2 2039/4/2 2058/4/2
f 2058/7/2 2040/7/2 2059/7/2
f 2059/7/2 2040/7/2 2060/7/2
f 2047/7/2 2048/7/2 2061/7/2
f 2048/7/2 2049/7/2 2061/7/2
f 2061/7/2 2049/7/2 2062/7/2
f 2049/6/2 2050/6/2 2063/6/2
f 2062/7/2 2049/7/2 2063/7/2
f 2063/6/2 2050/6/2 2064/6/2
f 2058/4/2 2059/4/2 2065/4/2
f 2059/6/2 2060/6/2 2066/6/2
f 2065/4/2 2059/4/2 2066/4/2
f 2066/6/2 2060/6/2 2067/6/2
f 2062/7/2 2063/7/2 2068/7/2
f 2068/7/2 2063/7/2 2069/7/2
f 2068/6/2 2069/6/2 2070/6/2
f 2070/6/2 2069/6/2 2071/6/2
f 2070/7/2 2071/7/2 2072/7/2
f 2071/6/2 2069/6/2 2073/6/2
f 2072/7/2 2071/7/2 2073/7/2
f 2072/6/2 2073/6/2 2074/6/2
f 2073/6/2 2069/6/2 2074/6/2
f 2074/6/2 2069/6/2 2075/6/2
f 2072/6/2 2074/6/2 2076/6/2
f 2074/7/2 2075/7/2 2077/7/2
f 2076/6/2 2074/6/2 2077/6/2
f 2077/7/2 2075/7/2 2078/7/2
f 2079/3/2 2080/3/2 2083/3/2
f 2083/3/2 2080/3/2 2084/3/2
f 2081/3/2 2082/3/2 2085/3/2
f 2085/3/2 2082/3/2 2086/3/2
f 2085/4/2 2086/4/2 2087/4/2
f 2087/4/2 2086/4/2 2088/4/2
f 2087/3/2 2088/3/2 2091/3/2
f 2091/3/2 2088/3/2 2092/3/2
f 2089/3/2 2090/3/2 2093/3/2
f 2093/3/2 2090/3/2 2094/3/2
f 2091/4/2 2092/4/2 2095/4/2
f 2095/4/2 2092/4/2 2096/4/2
f 2093/1/2 2094/1/2 2097/1/2
f 2097/1/2 2094/1/2 2098/1/2
f 2095/3/2 2096/3/2 2099/3/2
f 2099/3/2 2096/3/2 2100/3/2
f 2097/3/2 2098/3/2 2101/3/2
f 2101/3/2 2098/3/2 2102/3/2
f 2099/4/2 2100/4/2 2103/4/2
f 2103/4/2 2100/4/2 2104/4/2
f 2101/4/2 2102/4/2 2105/4/2
f 2105/4/2 2102/4/2 2106/4/2
f 2105/3/2 2106/3/2 2110/3/2
f 2106/3/2 2107/3/2 2110/3/2
f 2110/3/2 2107/3/2 2111/3/2
f 2103/3/2 2104/3/2 2112/3/2
f 2112/3/2 2104/3/2 2113/3/2
f 2108/3/2 2109/3/2 2128/3/2
f 2128/3/2 2109/3/2 2129/3/2
f 2114/3/2 2115/3/2 2130/3/2
f 2130/3/2 2115/3/2 2131/3/2
f 2105/3/2 2110/3/2 2141/3/2
f 2110/4/2 2111/4/2 2142/4/2
f 2141/3/2 2110/3/2 2142/3/2
f 2142/4/2 2111/4/2 2143/4/2
f 2116/7/2 2117/7/2 2158/7/2
f 2117/3/2 2118/3/2 2159/3/2
f 2158/7/2 2117/7/2 2159/7/2
f 2118/7/2 2119/7/2 2160/7/2
f 2159/3/2 2118/3/2 2160/3/2
f 2120/7/2 2121/7/2 2161/7/2
f 2121/3/2 2122/3/2 2161/3/2
f 2161/3/2 2122/3/2 2162/3/2
f 2128/3/2 2129/3/2 2163/3/2
f 2127/3/2 2128/3/2 2163/3/2
f 2129/7/2 2130/7/2 2164/7/2
f 2163/3/2 2129/3/2 2164/3/2
f 2164/7/2 2130/7/2 2165/7/2
f 2130/6/2 2131/6/2 2166/6/2
f 2131/6/2 2132/6/2 2166/6/2
f 2132/7/2 2133/7/2 2166/7/2
f 2166/7/2 2133/7/2 2167/7/2
f 2167/7/2 2133/7/2 2168/7/2
f 2168/7/2 2133/7/2 2169/7/2
f 2134/7/2 2135/7/2 2170/7/2
f 2170/7/2 2135/7/2 2171/7/2
f 2136/3/2 2137/3/2 2172/3/2
f 2137/7/2 2138/7/2 2173/7/2
f 2172/3/2 2137/3/2 2173/3/2
f 2142/3/2 2143/3/2 2174/3/2
f 2141/3/2 2142/3/2 2174/3/2
f 2140/3/2 2141/3/2 2174/3/2
f 2174/3/2 2143/3/2 2175/3/2
f 2143/7/2 2144/7/2 2176/7/2
f 2175/3/2 2143/3/2 2176/3/2
f 2148/7/2 2149/7/2 2177/7/2
f 2177/7/2 2149/7/2 2178/7/2
f 2149/6/2 2150/6/2 2179/6/2
f 2178/7/2 2149/7/2 2179/7/2
f 2150/7/2 2151/7/2 2180/7/2
f 2179/6/2 2150/6/2 2180/6/2
f 2180/7/2 2151/7/2 2181/7/2
f 2153/3/2 2154/3/2 2182/3/2
f 2154/7/2 2155/7/2 2183/7/2
f 2182/3/2 2154/3/2 2183/3/2
f 2160/7/2 2119/7/2 2185/7/2
f 2123/3/2 2124/3/2 2186/3/2
f 2124/7/2 2125/7/2 2187/7/2
f 2186/3/2 2124/3/2 2187/3/2
f 2125/6/2 2126/6/2 2188/6/2
f 2126/7/2 2127/7/2 2189/7/2
f 2188/6/2 2126/6/2 2189/6/2
f 2127/3/2 2163/3/2 2190/3/2
f 2189/7/2 2127/7/2 2190/7/2
f 2190/3/2 2163/3/2 2191/3/2
f 2164/3/2 2165/3/2 2192/3/2
f 2165/7/2 2130/7/2 2193/7/2
f 2192/3/2 2165/3/2 2193/3/2
f 2130/6/2 2166/6/2 2194/6/2
f 2193/7/2 2130/7/2 2194/7/2
f 2166/6/2 2167/6/2 2194/6/2
f 2168/1/2 2169/1/2 2195/1/2
f 2167/7/2 2168/7/2 2195/7/2
f 2195/1/2 2169/1/2 2196/1/2
f 2134/7/2 2170/7/2 2198/7/2
f 2170/1/2 2171/1/2 2199/1/2
f 2198/7/2 2170/7/2 2199/7/2
f 2199/1/2 2171/1/2 2200/1/2
f 2172/4/2 2173/4/2 2201/4/2
f 2173/7/2 2138/7/2 2202/7/2
f 2201/4/2 2173/4/2 2202/4/2
f 2138/6/2 2139/6/2 2203/6/2
f 2203/6/2 2139/6/2 2204/6/2
f 2139/7/2 2140/7/2 2205/7/2
f 2140/3/2 2174/3/2 2205/3/2
f 2205/3/2 2174/3/2 2206/3/2
f 2175/1/2 2176/1/2 2207/1/2
f 2176/7/2 2144/7/2 2208/7/2
f 2207/1/2 2176/1/2 2208/1/2
f 2144/6/2 2145/6/2 2209/6/2
f 2208/7/2 2144/7/2 2209/7/2
f 2209/6/2 2145/6/2 2210/6/2
f 2146/3/2 2147/3/2 2211/3/2
f 2145/7/2 2146/7/2 2211/7/2
f 2211/3/2 2147/3/2 2212/3/2
f 2151/3/2 2152/3/2 2213/3/2
f 2181/7/2 2151/7/2 2213/7/2
f 2213/3/2 2152/3/2 2214/3/2
f 2183/7/2 2155/7/2 2215/7/2
f 2155/6/2 2156/6/2 2216/6/2
f 2215/7/2 2155/7/2 2216/7/2
f 2184/7/2 2185/7/2 2217/7/2
f 2119/6/2 2120/6/2 2218/6/2
f 2217/7/2 2185/7/2 2218/7/2
f 2185/7/2 2119/7/2 2218/7/2
f 2120/7/2 2161/7/2 2219/7/2
f 2218/6/2 2120/6/2 2219/6/2
f 2219/7/2 2161/7/2 2220/7/2
f 2187/7/2 2125/7/2 2221/7/2
f 2125/6/2 2188/6/2 2222/6/2
f 2221/7/2 2125/7/2 2222/7/2
f 2188/7/2 2189/7/2 2223/7/2
f 2222/6/2 2188/6/2 2223/6/2
f 2189/3/2 2190/3/2 2224/3/2
f 2223/7/2 2189/7/2 2224/7/2
f 2224/3/2 2190/3/2 2225/3/2
f 2193/3/2 2194/3/2 2226/3/2
f 2194/6/2 2167/6/2 2227/6/2
f 2226/3/2 2194/3/2 2227/3/2
f 2167/7/2 2195/7/2 2228/7/2
f 2227/6/2 2167/6/2 2228/6/2
f 2228/7/2 2195/7/2 2229/7/2
f 2198/7/2 2199/7/2 2230/7/2
f 2197/7/2 2198/7/2 2230/7/2
f 2230/7/2 2199/7/2 2231/7/2
f 2202/7/2 2138/7/2 2232/7/2
f 2138/6/2 2203/6/2 2233/6/2
f 2232/7/2 2138/7/2 2233/7/2
f 2203/7/2 2204/7/2 2234/7/2
f 2233/6/2 2203/6/2 2234/6/2
f 2204/6/2 2139/6/2 2235/6/2
f 2234/7/2 2204/7/2 2235/7/2
f 2139/7/2 2205/7/2 2236/7/2
f 2235/6/2 2139/6/2 2236/6/2
f 2236/7/2 2205/7/2 2237/7/2
f 2208/3/2 2209/3/2 2238/3/2
f 2209/7/2 2210/7/2 2239/7/2
f 2238/3/2 2209/3/2 2239/3/2
f 2210/6/2 2145/6/2 2240/6/2
f 2239/7/2 2210/7/2 2240/7/2
f 2145/7/2 2211/7/2 2241/7/2
f 2240/6/2 2145/6/2 2241/6/2
f 2241/7/2 2211/7/2 2242/7/2
f 2177/7/2 2178/7/2 2243/7/2
f 2180/6/2 2181/6/2 2244/6/2
f 2243/7/2 2178/7/2 2244/7/2
f 2179/6/2 2180/6/2 2244/6/2
f 2178/6/2 2179/6/2 2244/6/2
f 2181/7/2 2213/7/2 2245/7/2
f 2244/6/2 2181/6/2 2245/6/2
f 2245/7/2 2213/7/2 2246/7/2
f 2183/7/2 2215/7/2 2247/7/2
f 2215/6/2 2216/6/2 2248/6/2
f 2247/7/2 2215/7/2 2248/7/2
f 2216/6/2 2156/6/2 2249/6/2
f 2248/6/2 2216/6/2 2249/6/2
f 2156/7/2 2157/7/2 2249/7/2
f 2249/7/2 2157/7/2 2250/7/2
f 2251/3/2 2252/3/2 2253/3/2
f 2253/3/2 2252/3/2 2254/3/2
f 2255/3/2 2256/3/2 2257/3/2
f 2257/3/2 2256/3/2 2258/3/2
f 2259/4/2 2260/4/2 2261/4/2
f 2261/4/2 2260/4/2 2262/4/2
f 2261/3/2 2262/3/2 2263/3/2
f 2263/3/2 2262/3/2 2264/3/2
f 2268/3/3 2266/3/3 2265/3/3
f 2269/7/3 2267/7/3 2266/7/3
f 2269/3/3 2266/3/3 2268/3/3
f 2270/7/3 2267/7/3 2269/7/3
f 2271/3/3 2268/3/3 2265/3/3
f 2272/3/3 2268/3/3 2271/3/3
f 2275/3/3 2274/3/3 2273/3/3
f 2276/3/3 2274/3/3 2275/3/3
f 2279/4/3 2278/4/3 2277/4/3
f 2280/4/3 2278/4/3 2279/4/3
f 2283/7/3 2282/7/3 2281/7/3
f 2284/7/3 2282/7/3 2283/7/3
f 2289/7/3 2286/7/3 2285/7/3
f 2290/6/3 2287/6/3 2286/6/3
f 2290/7/3 2286/7/3 2289/7/3
f 2291/6/3 2287/6/3 2290/6/3
f 2292/3/3 2289/3/3 2288/3/3
f 2293/7/3 2290/7/3 2289/7/3
f 2293/3/3 2289/3/3 2292/3/3
f 2293/7/3 2291/7/3 2290/7/3
f 2294/7/3 2291/7/3 2293/7/3
f 2297/4/3 2296/4/3 2295/4/3
f 2298/4/3 2296/4/3 2297/4/3
f 2302/4/3 2300/4/3 2299/4/3
f 2303/4/3 2300/4/3 2302/4/3
f 2304/3/3 2302/3/3 2301/3/3
f 2305/3/3 2302/3/3 2304/3/3
f 2308/4/3 2306/4/3 2305/4/3
f 2309/4/3 2306/4/3 2308/4/3
f 2311/4/3 2308/4/3 2307/4/3
f 2312/4/3 2308/4/3 2311/4/3
f 2313/4/3 2311/4/3 2310/4/3
f 2314/4/3 2311/4/3 2313/4/3
f 2315/3/3 2314/3/3 2313/3/3
f 2316/3/3 2314/3/3 2315/3/3
f 2317/1/3 2316/1/3 2315/1/3
f 2318/1/3 2316/1/3 2317/1/3
f 2321/3/3 2318/3/3 2317/3/3
f 2322/3/3 2318/3/3 2321/3/3
f 2323/7/3 2320/7/3 2319/7/3
f 2324/7/3 2320/7/3 2323/7/3
f 2327/7/3 2326/7/3 2325/7/3
f 2328/7/3 2326/7/3 2327/7/3
f 2329/7/3 2326/7/3 2328/7/3
f 2330/7/3 2326/7/3 2329/7/3
f 2335/3/3 2332/3/3 2331/3/3
f 2336/7/3 2334/7/3 2333/7/3
f 2337/7/3 2334/7/3 2336/7/3
f 2338/3/3 2335/3/3 2331/3/3
f 2338/7/3 2336/7/3 2335/7/3
f 2339/7/3 2336/7/3 2338/7/3
f 2340/3/3 2338/3/3 2331/3/3
f 2342/3/3 2340/3/3 2331/3/3
f 2343/7/3 2341/7/3 2340/7/3
f 2343/3/3 2340/3/3 2342/3/3
f 2344/7/3 2341/7/3 2343/7/3
f 2345/7/3 2343/7/3 2342/7/3
f 2346/7/3 2343/7/3 2345/7/3
f 2352/7/3 2348/7/3 2347/7/3
f 2353/3/3 2350/3/3 2349/3/3
f 2354/7/3 2352/7/3 2347/7/3
f 2355/3/3 2350/3/3 2353/3/3
f 2356/7/3 2351/7/3 2350/7/3
f 2356/3/3 2350/3/3 2355/3/3
f 2357/7/3 2351/7/3 2356/7/3
f 2358/7/3 2354/7/3 2347/7/3
f 2359/7/3 2354/7/3 2358/7/3
f 2360/7/3 2356/7/3 2355/7/3
f 2361/7/3 2356/7/3 2360/7/3
f 2364/7/3 2363/7/3 2362/7/3
f 2365/7/3 2363/7/3 2364/7/3
f 2369/7/3 2367/7/3 2366/7/3
f 2370/7/3 2367/7/3 2369/7/3
f 2372/7/3 2369/7/3 2368/7/3
f 2372/7/3 2370/7/3 2369/7/3
f 2373/7/3 2370/7/3 2372/7/3
f 2374/6/3 2371/6/3 2370/6/3
f 2374/7/3 2370/7/3 2373/7/3
f 2375/6/3 2371/6/3 2374/6/3
f 2378/7/3 2374/7/3 2373/7/3
f 2379/7/3 2374/7/3 2378/7/3
f 2380/7/3 2377/7/3 2376/7/3
f 2383/7/3 2380/7/3 2376/7/3
f 2385/6/3 2382/6/3 2381/6/3
f 2386/7/3 2383/7/3 2376/7/3
f 2387/7/3 2383/7/3 2386/7/3
f 2388/7/3 2385/7/3 2384/7/3
f 2389/6/3 2382/6/3 2385/6/3
f 2389/7/3 2385/7/3 2388/7/3
f 2390/6/3 2382/6/3 2389/6/3
f 2393/7/3 2392/7/3 2391/7/3
f 2394/7/3 2393/7/3 2391/7/3
f 2395/7/3 2393/7/3 2394/7/3
f 2398/7/3 2397/7/3 2396/7/3
f 2399/7/3 2397/7/3 2398/7/3
f 2405/3/3 2401/3/3 2400/3/3
f 2406/3/3 2401/3/3 2405/3/3
f 2407/3/3 2403/3/3 2402/3/3
f 2408/4/3 2404/4/3 2403/4/3
f 2408/3/3 2403/3/3 2407/3/3
f 2409/4/3 2404/4/3 2408/4/3
f 2410/4/3 2404/4/3 2409/4/3
f 2413/7/3 2412/7/3 2411/7/3
f 2414/7/3 2412/7/3 2413/7/3
f 2415/4/3 2414/4/3 2413/4/3
f 2416/4/3 2414/4/3 2415/4/3
f 2419/3/3 2418/3/3 2417/3/3
f 2420/3/3 2418/3/3 2419/3/3
f 2422/3/3 2421/3/3 2420/3/3
f 2426/3/3 2422/3/3 2420/3/3
f 2426/3/3 2423/3/3 2422/3/3
f 2427/4/3 2424/4/3 2423/4/3
f 2427/3/3 2423/3/3 2426/3/3
f 2428/1/3 2425/1/3 2424/1/3
f 2428/4/3 2424/4/3 2427/4/3
f 2429/1/3 2425/1/3 2428/1/3
f 2432/3/3 2431/3/3 2430/3/3
f 2433/3/3 2431/3/3 2432/3/3
f 2440/3/3 2435/3/3 2434/3/3
f 2441/3/3 2435/3/3 2440/3/3
f 2442/3/3 2437/3/3 2436/3/3
f 2443/3/3 2437/3/3 2442/3/3
f 2444/7/3 2439/7/3 2438/7/3
f 2445/7/3 2439/7/3 2444/7/3
f 2448/7/3 2447/7/3 2446/7/3
f 2449/7/3 2447/7/3 2448/7/3
f 2454/7/3 2451/7/3 2450/7/3
f 2455/7/3 2451/7/3 2454/7/3
f 2456/3/3 2453/3/3 2452/3/3
f 2456/3/3 2454/3/3 2453/3/3
f 2457/3/3 2454/3/3 2456/3/3
f 2460/6/3 2459/6/3 2458/6/3
f 2461/6/3 2459/6/3 2460/6/3
f 2462/7/3 2461/7/3 2460/7/3
f 2463/7/3 2461/7/3 2462/7/3
f 2464/7/3 2461/7/3 2463/7/3
f 2465/7/3 2461/7/3 2464/7/3
f 2466/6/3 2465/6/3 2464/6/3
f 2467/6/3 2465/6/3 2466/6/3
f 2470/7/3 2469/7/3 2468/7/3
f 2471/7/3 2469/7/3 2470/7/3
f 2474/7/3 2473/7/3 2472/7/3
f 2475/7/3 2473/7/3 2474/7/3
f 2478/7/3 2477/7/3 2476/7/3
f 2479/7/3 2477/7/3 2478/7/3
f 2483/7/3 2481/7/3 2480/7/3
f 2484/7/3 2481/7/3 2483/7/3
f 2487/4/3 2486/4/3 2485/4/3
f 2488/4/3 2486/4/3 2487/4/3
f 2491/7/3 2483/7/3 2482/7/3
f 2492/7/3 2483/7/3 2491/7/3
f 2494/7/3 2493/7/3 2492/7/3
f 2495/7/3 2493/7/3 2494/7/3
f 2496/7/3 2490/7/3 2489/7/3
f 2497/7/3 2490/7/3 2496/7/3
f 2498/7/3 2490/7/3 2497/7/3
f 2503/7/3 2500/7/3 2499/7/3
f 2505/7/3 2502/7/3 2501/7/3
f 2506/7/3 2502/7/3 2505/7/3
f 2507/7/3 2500/7/3 2503/7/3
f 2508/7/3 2500/7/3 2507/7/3
f 2509/3/3 2508/3/3 2507/3/3
f 2510/3/3 2508/3/3 2509/3/3
f 2513/6/3 2512/6/3 2511/6/3
f 2514/6/3 2512/6/3 2513/6/3
f 2515/7/3 2514/7/3 2513/7/3
f 2516/7/3 2514/7/3 2515/7/3
f 2517/6/3 2516/6/3 2515/6/3
f 2518/6/3 2516/6/3 2517/6/3
f 2519/7/3 2505/7/3 2504/7/3
f 2520/7/3 2505/7/3 2519/7/3
f 2522/7/3 2521/7/3 2520/7/3
f 2523/7/3 2521/7/3 2522/7/3
f 2527/3/3 2525/3/3 2524/3/3
f 2528/3/3 2525/3/3 2527/3/3
f 2529/3/3 2525/3/3 2528/3/3
f 2530/3/3 2527/3/3 2526/3/3
f 2530/3/3 2528/3/3 2527/3/3
f 2531/3/3 2528/3/3 2530/3/3
f 2534/3/3 2533/3/3 2532/3/3
f 2535/3/3 2533/3/3 2534/3/3
f 2538/7/3 2537/7/3 2536/7/3
f 2539/7/3 2537/7/3 2538/7/3
f 2543/7/3 2542/7/3 2541/7/3
f 2544/7/3 2542/7/3 2543/7/3
f 2545/6/3 2544/6/3 2543/6/3
f 2546/6/3 2544/6/3 2545/6/3
f 2548/7/3 2540/7/3 2539/7/3
f 2549/7/3 2540/7/3 2548/7/3
f 2550/7/3 2548/7/3 2547/7/3
f 2551/7/3 2548/7/3 2550/7/3
f 2555/7/3 2553/7/3 2552/7/3
f 2556/7/3 2553/7/3 2555/7/3
f 2557/3/3 2555/3/3 2554/3/3
f 2558/3/3 2555/3/3 2557/3/3
f 2563/7/3 2560/7/3 2559/7/3
f 2564/7/3 2560/7/3 2563/7/3
f 2566/7/3 2562/7/3 2561/7/3
f 2567/7/3 2562/7/3 2566/7/3
f 2568/7/3 2565/7/3 2564/7/3
f 2569/7/3 2565/7/3 2568/7/3
f 2570/7/3 2565/7/3 2569/7/3
f 2576/7/3 2570/7/3 2569/7/3
f 2577/4/3 2571/4/3 2570/4/3
f 2577/7/3 2570/7/3 2576/7/3
f 2578/1/3 2572/1/3 2571/1/3
f 2578/4/3 2571/4/3 2577/4/3
f 2579/6/3 2573/6/3 2572/6/3
f 2579/1/3 2572/1/3 2578/1/3
f 2580/3/3 2574/3/3 2573/3/3
f 2580/6/3 2573/6/3 2579/6/3
f 2581/7/3 2575/7/3 2574/7/3
f 2581/3/3 2574/3/3 2580/3/3
f 2582/7/3 2575/7/3 2581/7/3
f 2584/3/3 2577/3/3 2576/3/3
f 2585/3/3 2577/3/3 2584/3/3
f 2586/6/3 2582/6/3 2581/6/3
f 2587/7/3 2583/7/3 2582/7/3
f 2587/6/3 2582/6/3 2586/6/3
f 2588/7/3 2583/7/3 2587/7/3
f 2592/6/3 2588/6/3 2587/6/3
f 2593/7/3 2589/7/3 2588/7/3
f 2593/6/3 2588/6/3 2592/6/3
f 2594/7/3 2589/7/3 2593/7/3
f 2595/3/3 2591/3/3 2590/3/3
f 2596/3/3 2591/3/3 2595/3/3
f 2597/6/3 2594/6/3 2593/6/3
f 2598/6/3 2594/6/3 2597/6/3
f 2601/3/3 2600/3/3 2599/3/3
f 2602/3/3 2600/3/3 2601/3/3
f 2607/7/3 2604/7/3 2603/7/3
f 2608/7/3 2604/7/3 2607/7/3
f 2609/7/3 2606/7/3 2605/7/3
f 2610/7/3 2606/7/3 2609/7/3
f 2612/4/3 2608/4/3 2607/4/3
f 2613/4/3 2608/4/3 2612/4/3
f 2614/3/3 2612/3/3 2611/3/3
f 2615/3/3 2612/3/3 2614/3/3
f 2618/6/3 2617/6/3 2616/6/3
f 2619/6/3 2617/6/3 2618/6/3
f 2623/7/3 2621/7/3 2620/7/3
f 2624/6/3 2622/6/3 2621/6/3
f 2624/7/3 2621/7/3 2623/7/3
f 2625/6/3 2622/6/3 2624/6/3
f 2626/6/3 2622/6/3 2625/6/3
f 2627/6/3 2622/6/3 2626/6/3
f 2628/6/3 2622/6/3 2627/6/3
f 2629/6/3 2622/6/3 2628/6/3
f 2636/6/3 2630/6/3 2629/6/3
f 2637/6/3 2630/6/3 2636/6/3
f 2641/6/3 2632/6/3 2631/6/3
f 2641/6/3 2633/6/3 2632/6/3
f 2642/3/3 2634/3/3 2633/3/3
f 2642/6/3 2633/6/3 2641/6/3
f 2643/4/3 2635/4/3 2634/4/3
f 2643/3/3 2634/3/3 2642/3/3
f 2644/4/3 2635/4/3 2643/4/3
f 2646/6/3 2638/6/3 2637/6/3
f 2647/6/3 2638/6/3 2646/6/3
f 2648/7/3 2640/7/3 2639/7/3
f 2649/7/3 2640/7/3 2648/7/3
f 2650/7/3 2640/7/3 2649/7/3
f 2651/1/3 2645/1/3 2644/1/3
f 2652/1/3 2645/1/3 2651/1/3
f 2658/4/3 2653/4/3 2652/4/3
f 2659/4/3 2653/4/3 2658/4/3
f 2660/7/3 2655/7/3 2654/7/3
f 2661/7/3 2655/7/3 2660/7/3
f 2662/7/3 2660/7/3 2659/7/3
f 2663/7/3 2660/7/3 2662/7/3
f 2664/6/3 2657/6/3 2656/6/3
f 2665/6/3 2657/6/3 2664/6/3
f 2666/7/3 2665/7/3 2664/7/3
f 2667/7/3 2665/7/3 2666/7/3
f 2670/7/3 2669/7/3 2668/7/3
f 2671/7/3 2669/7/3 2670/7/3
f 2674/7/3 2673/7/3 2672/7/3
f 2675/7/3 2673/7/3 2674/7/3
f 2677/7/3 2676/7/3 2675/7/3
f 2678/7/3 2676/7/3 2677/7/3
f 2681/4/3 2678/4/3 2677/4/3
f 2682/4/3 2678/4/3 2681/4/3
f 2683/3/3 2680/3/3 2679/3/3
f 2684/3/3 2680/3/3 2683/3/3
f 2687/7/3 2686/7/3 2685/7/3
f 2688/7/3 2686/7/3 2687/7/3
f 2689/6/3 2688/6/3 2687/6/3
f 2692/7/3 2691/7/3 2690/7/3
f 2693/7/3 2691/7/3 2692/7/3
f 2694/6/3 2688/6/3 2689/6/3
f 2695/6/3 2688/6/3 2694/6/3
f 2696/7/3 2695/7/3 2694/7/3
f 2697/7/3 2695/7/3 2696/7/3
f 2700/7/3 2699/7/3 2698/7/3
f 2701/7/3 2699/7/3 2700/7/3
f 2704/7/3 2703/7/3 2702/7/3
f 2705/7/3 2703/7/3 2704/7/3
f 2706/7/3 2703/7/3 2705/7/3
f 2707/6/3 2706/6/3 2705/6/3
f 2708/6/3 2706/6/3 2707/6/3
f 2709/7/3 2708/7/3 2707/7/3
f 2710/7/3 2708/7/3 2709/7/3
f 2713/3/3 2712/3/3 2711/3/3
f 2714/3/3 2712/3/3 2713/3/3
f 2728/3/3 2716/3/3 2715/3/3
f 2729/3/3 2716/3/3 2728/3/3
f 2730/3/3 2718/3/3 2717/3/3
f 2731/1/3 2719/1/3 2718/1/3
f 2731/3/3 2718/3/3 2730/3/3
f 2732/4/3 2720/4/3 2719/4/3
f 2732/1/3 2719/1/3 2731/1/3
f 2733/3/3 2721/3/3 2720/3/3
f 2733/4/3 2720/4/3 2732/4/3
f 2734/4/3 2722/4/3 2721/4/3
f 2734/3/3 2721/3/3 2733/3/3
f 2735/3/3 2723/3/3 2722/3/3
f 2735/4/3 2722/4/3 2734/4/3
f 2736/1/3 2724/1/3 2723/1/3
f 2736/3/3 2723/3/3 2735/3/3
f 2737/3/3 2725/3/3 2724/3/3
f 2737/1/3 2724/1/3 2736/1/3
f 2738/4/3 2726/4/3 2725/4/3
f 2738/3/3 2725/3/3 2737/3/3
f 2739/4/3 2726/4/3 2738/4/3
f 2740/3/3 2728/3/3 2727/3/3
f 2741/3/3 2728/3/3 2740/3/3
f 2744/3/3 2743/3/3 2742/3/3
f 2745/3/3 2743/3/3 2744/3/3
f 2748/7/3 2747/7/3 2746/7/3
f 2749/7/3 2747/7/3 2748/7/3
f 2750/7/3 2747/7/3 2749/7/3
f 2754/4/3 2752/4/3 2751/4/3
f 2755/3/3 2753/3/3 2752/3/3
f 2755/4/3 2752/4/3 2754/4/3
f 2756/3/3 2753/3/3 2755/3/3
f 2759/7/3 2758/7/3 2757/7/3
f 2760/7/3 2758/7/3 2759/7/3
f 2761/7/3 2758/7/3 2760/7/3
f 2764/7/3 2763/7/3 2762/7/3
f 2765/7/3 2763/7/3 2764/7/3
f 2768/7/3 2767/7/3 2766/7/3
f 2769/7/3 2767/7/3 2768/7/3
f 2770/7/3 2767/7/3 2769/7/3
f 2774/6/3 2772/6/3 2771/6/3
f 2775/7/3 2773/7/3 2772/7/3
f 2775/6/3 2772/6/3 2774/6/3
f 2776/7/3 2773/7/3 2775/7/3
f 2779/7/3 2778/7/3 2777/7/3
f 2780/7/3 2778/7/3 2779/7/3
f 2783/7/3 2782/7/3 2781/7/3
f 2784/7/3 2782/7/3 2783/7/3
f 2787/7/3 2786/7/3 2785/7/3
f 2788/7/3 2786/7/3 2787/7/3
f 2791/7/3 2789/7/3 2788/7/3
f 2792/7/3 2791/7/3 2790/7/3
f 2793/7/3 2789/7/3 2791/7/3
f 2793/7/3 2791/7/3 2792/7/3
f 2798/7/3 2795/7/3 2794/7/3
f 2799/7/3 2795/7/3 2798/7/3
f 2802/7/3 2797/7/3 2796/7/3
f 2803/3/3 2801/3/3 2800/3/3
f 2804/7/3 2802/7/3 2801/7/3
f 2804/3/3 2801/3/3 2803/3/3
f 2805/7/3 2797/7/3 2802/7/3
f 2805/7/3 2802/7/3 2804/7/3
f 2807/7/3 2806/7/3 2805/7/3
f 2807/7/3 2805/7/3 2804/7/3
f 2808/7/3 2806/7/3 2807/7/3
f 2811/7/3 2810/7/3 2809/7/3
f 2812/7/3 2810/7/3 2811/7/3
f 2816/7/3 2814/7/3 2813/7/3
f 2817/7/3 2814/7/3 2816/7/3
f 2820/7/3 2816/7/3 2815/7/3
f 2821/7/3 2816/7/3 2820/7/3
f 2822/4/3 2819/4/3 2818/4/3
f 2823/7/3 2820/7/3 2819/7/3
f 2823/4/3 2819/4/3 2822/4/3
f 2824/7/3 2820/7/3 2823/7/3
f 2828/7/3 2826/7/3 2825/7/3
f 2829/7/3 2826/7/3 2828/7/3
f 2830/7/3 2828/7/3 2827/7/3
f 2831/7/3 2828/7/3 2830/7/3
f 2835/1/3 2833/1/3 2832/1/3
f 2836/1/3 2833/1/3 2835/1/3
f 2837/7/3 2835/7/3 2834/7/3
f 2837/7/3 2836/7/3 2835/7/3
f 2838/7/3 2836/7/3 2837/7/3
f 2841/7/3 2840/7/3 2839/7/3
f 2842/7/3 2840/7/3 2841/7/3
f 2845/1/3 2844/1/3 2843/1/3
f 2846/1/3 2844/1/3 2845/1/3
f 2849/7/3 2848/7/3 2847/7/3
f 2850/7/3 2848/7/3 2849/7/3
f 2853/7/3 2852/7/3 2851/7/3
f 2854/7/3 2852/7/3 2853/7/3
f 2858/7/3 2856/7/3 2855/7/3
f 2859/7/3 2856/7/3 2858/7/3
f 2860/7/3 2858/7/3 2857/7/3
f 2861/7/3 2858/7/3 2860/7/3
f 2864/7/3 2863/7/3 2862/7/3
f 2865/7/3 2863/7/3 2864/7/3
f 2868/7/3 2867/7/3 2866/7/3
f 2869/7/3 2867/7/3 2868/7/3
f 2872/7/3 2871/7/3 2870/7/3
f 2873/7/3 2871/7/3 2872/7/3
f 2877/4/3 2875/4/3 2874/4/3
f 2878/4/3 2875/4/3 2877/4/3
f 2881/4/3 2877/4/3 2876/4/3
f 2882/3/3 2878/3/3 2877/3/3
f 2882/4/3 2877/4/3 2881/4/3
f 2883/3/3 2878/3/3 2882/3/3
f 2884/7/3 2880/7/3 2879/7/3
f 2885/7/3 2880/7/3 2884/7/3
f 2888/7/3 2887/7/3 2886/7/3
f 2889/7/3 2887/7/3 2888/7/3
f 2893/1/3 2891/1/3 2890/1/3
f 2894/1/3 2891/1/3 2893/1/3
f 2895/3/3 2893/3/3 2892/3/3
f 2896/3/3 2893/3/3 2895/3/3
f 2897/4/3 2896/4/3 2895/4/3
f 2898/4/3 2896/4/3 2897/4/3
f 2899/3/3 2898/3/3 2897/3/3
f 2901/3/3 2899/3/3 2897/3/3
f 2902/3/3 2899/3/3 2901/3/3
f 2903/7/3 2901/7/3 2900/7/3
f 2904/7/3 2901/7/3 2903/7/3
f 2907/7/3 2906/7/3 2905/7/3
f 2910/7/3 2906/7/3 2907/7/3
f 2911/7/3 2906/7/3 2910/7/3
f 2912/3/3 2909/3/3 2908/3/3
f 2913/4/3 2910/4/3 2909/4/3
f 2913/3/3 2909/3/3 2912/3/3
f 2914/4/3 2910/4/3 2913/4/3
f 2917/3/3 2916/3/3 2915/3/3
f 2918/3/3 2916/3/3 2917/3/3
f 2919/3/3 2917/3/3 2915/3/3
f 2920/4/3 2918/4/3 2917/4/3
f 2920/3/3 2917/3/3 2919/3/3
f 2921/4/3 2918/4/3 2920/4/3
f 2923/3/3 2921/3/3 2920/3/3
f 2924/3/3 2921/3/3 2923/3/3
f 2925/7/3 2923/7/3 2922/7/3
f 2926/3/3 2924/3/3 2923/3/3
f 2926/7/3 2923/7/3 2925/7/3
f 2927/3/3 2924/3/3 2926/3/3
f 2928/3/3 2926/3/3 2925/3/3
f 2928/4/3 2927/4/3 2926/4/3
f 2929/4/3 2927/4/3 2928/4/3
f 2930/7/3 2925/7/3 2922/7/3
f 2930/3/3 2928/3/3 2925/3/3
f 2930/3/3 2929/3/3 2928/3/3
f 2931/3/3 2929/3/3 2930/3/3
f 2932/3/3 2929/3/3 2931/3/3
f 2933/7/3 2930/7/3 2922/7/3
f 2934/4/3 2931/4/3 2930/4/3
f 2934/7/3 2930/7/3 2933/7/3
f 2935/4/3 2931/4/3 2934/4/3
f 2936/3/3 2935/3/3 2934/3/3
f 2937/3/3 2935/3/3 2936/3/3
f 2940/3/3 2939/3/3 2938/3/3
f 2941/3/3 2939/3/3 2940/3/3
f 2942/7/3 2937/7/3 2936/7/3
f 2944/7/3 2942/7/3 2936/7/3
f 2945/7/3 2942/7/3 2944/7/3
f 2948/7/3 2944/7/3 2943/7/3
f 2949/7/3 2944/7/3 2948/7/3
f 2950/3/3 2947/3/3 2946/3/3
f 2951/3/3 2947/3/3 2950/3/3
f 2954/7/3 2953/7/3 2952/7/3
f 2955/7/3 2953/7/3 2954/7/3
f 2958/7/3 2957/7/3 2956/7/3
f 2959/7/3 2957/7/3 2958/7/3
f 2962/7/3 2961/7/3 2960/7/3
f 2963/7/3 2961/7/3 2962/7/3
f 2966/7/3 2965/7/3 2964/7/3
f 2969/6/3 2968/6/3 2967/6/3
f 2970/6/3 2968/6/3 2969/6/3
f 2971/7/3 2966/7/3 2964/7/3
f 2972/7/3 2966/7/3 2971/7/3
f 2973/7/3 2970/7/3 2969/7/3
f 2974/7/3 2970/7/3 2973/7/3
f 2977/7/3 2976/7/3 2975/7/3
f 2978/7/3 2976/7/3 2977/7/3
f 2981/7/3 2980/7/3 2979/7/3
f 2982/7/3 2980/7/3 2981/7/3
f 2983/6/3 2982/6/3 2981/6/3
f 2984/6/3 2982/6/3 2983/6/3
f 2985/7/3 2984/7/3 2983/7/3
f 2986/7/3 2984/7/3 2985/7/3
f 2990/7/3 2988/7/3 2987/7/3
f 2991/7/3 2988/7/3 2990/7/3
f 2992/7/3 2990/7/3 2989/7/3
f 2993/7/3 2992/7/3 2989/7/3
f 2994/7/3 2992/7/3 2993/7/3
f 2995/6/3 2994/6/3 2993/6/3
f 2996/6/3 2995/6/3 2993/6/3
f 2997/6/3 2995/6/3 2996/6/3
f 2998/7/3 2997/7/3 2996/7/3
f 2999/7/3 2997/7/3 2998/7/3
f 3001/7/3 3000/7/3 2999/7/3
f 3002/7/3 3000/7/3 3001/7/3
f 3006/7/3 3004/7/3 3003/7/3
f 3007/7/3 3004/7/3 3006/7/3
f 3010/7/3 3006/7/3 3005/7/3
f 3011/7/3 3006/7/3 3010/7/3
f 3012/3/3 3009/3/3 3008/3/3
f 3013/3/3 3009/3/3 3012/3/3
f 3018/7/3 3006/7/3 3011/7/3
f 3019/7/3 3006/7/3 3018/7/3
f 3020/7/3 3013/7/3 3012/7/3
f 3021/7/3 3015/7/3 3014/7/3
f 3022/7/3 3015/7/3 3021/7/3
f 3023/7/3 3017/7/3 3016/7/3
f 3024/7/3 3017/7/3 3023/7/3
f 3025/7/3 3013/7/3 3020/7/3
f 3026/7/3 3013/7/3 3025/7/3
f 3027/6/3 3022/6/3 3021/6/3
f 3028/6/3 3022/6/3 3027/6/3
f 3029/6/3 3024/6/3 3023/6/3
f 3030/7/3 3017/7/3 3024/7/3
f 3030/6/3 3024/6/3 3029/6/3
f 3031/7/3 3028/7/3 3027/7/3
f 3032/7/3 3028/7/3 3031/7/3
f 3033/7/3 3023/7/3 3016/7/3
f 3034/6/3 3029/6/3 3023/6/3
f 3034/7/3 3023/7/3 3033/7/3
f 3035/7/3 3030/7/3 3029/7/3
f 3035/6/3 3029/6/3 3034/6/3
f 3036/7/3 3017/7/3 3030/7/3
f 3036/7/3 3030/7/3 3035/7/3
f 3038/6/3 3019/6/3 3018/6/3
f 3039/6/3 3019/6/3 3038/6/3
f 3040/7/3 3038/7/3 3037/7/3
f 3040/7/3 3039/7/3 3038/7/3
f 3041/7/3 3039/7/3 3040/7/3
f 3043/7/3 3042/7/3 3041/7/3
f 3044/7/3 3042/7/3 3043/7/3
f 3049/7/3 3046/7/3 3045/7/3
f 3050/7/3 3046/7/3 3049/7/3
f 3051/7/3 3048/7/3 3047/7/3
f 3052/7/3 3048/7/3 3051/7/3
f 3055/3/3 3054/3/3 3053/3/3
f 3056/3/3 3054/3/3 3055/3/3
f 3057/3/3 3054/3/3 3056/3/3
f 3058/3/3 3054/3/3 3057/3/3
f 3059/3/3 3054/3/3 3058/3/3
f 3060/3/3 3057/3/3 3056/3/3
f 3061/3/3 3057/3/3 3060/3/3
f 3063/3/3 3057/3/3 3061/3/3
f 3064/3/3 3057/3/3 3063/3/3
f 3067/3/3 3059/3/3 3058/3/3
f 3068/3/3 3066/3/3 3065/3/3
f 3068/3/3 3067/3/3 3066/3/3
f 3068/3/3 3063/3/3 3062/3/3
f 3068/3/3 3064/3/3 3063/3/3
f 3068/3/3 3065/3/3 3064/3/3
f 3069/3/3 3059/3/3 3067/3/3
f 3069/3/3 3067/3/3 3068/3/3
f 3072/7/3 3071/7/3 3070/7/3
f 3073/7/3 3071/7/3 3072/7/3
f 3076/7/3 3075/7/3 3074/7/3
f 3077/7/3 3075/7/3 3076/7/3
f 3078/7/3 3075/7/3 3077/7/3
f 3085/3/3 3080/3/3 3079/3/3
f 3086/1/3 3081/1/3 3080/1/3
f 3086/3/3 3080/3/3 3085/3/3
f 3087/3/3 3082/3/3 3081/3/3
f 3087/1/3 3081/1/3 3086/1/3
f 3088/4/3 3083/4/3 3082/4/3
f 3088/3/3 3082/3/3 3087/3/3
f 3089/3/3 3084/3/3 3083/3/3
f 3089/4/3 3083/4/3 3088/4/3
f 3090/3/3 3084/3/3 3089/3/3
f 3093/3/3 3092/3/3 3091/3/3
f 3094/3/3 3092/3/3 3093/3/3
f 3097/4/3 3096/4/3 3095/4/3
f 3098/4/3 3096/4/3 3097/4/3
f 3101/7/3 3100/7/3 3099/7/3
f 3102/7/3 3100/7/3 3101/7/3
f 3105/1/3 3104/1/3 3103/1/3
f 3106/1/3 3104/1/3 3105/1/3
f 3110/7/3 3108/7/3 3107/7/3
f 3111/3/3 3109/3/3 3108/3/3
f 3111/7/3 3108/7/3 3110/7/3
f 3112/3/3 3109/3/3 3111/3/3
f 3115/7/3 3114/7/3 3113/7/3
f 3116/7/3 3114/7/3 3115/7/3
f 3121/7/3 3118/7/3 3117/7/3
f 3122/7/3 3118/7/3 3121/7/3
f 3123/4/3 3120/4/3 3119/4/3
f 3124/4/3 3120/4/3 3123/4/3
f 3125/3/3 3124/3/3 3123/3/3
f 3126/3/3 3124/3/3 3125/3/3
f 3129/7/3 3128/7/3 3127/7/3
f 3130/7/3 3128/7/3 3129/7/3
f 3133/7/3 3132/7/3 3131/7/3
f 3134/7/3 3132/7/3 3133/7/3
f 3137/7/3 3136/7/3 3135/7/3
f 3138/7/3 3136/7/3 3137/7/3
f 3142/7/3 3140/7/3 3139/7/3
f 3146/7/3 3142/7/3 3141/7/3
f 3147/7/3 3140/7/3 3142/7/3
f 3147/7/3 3142/7/3 3146/7/3
f 3148/7/3 3140/7/3 3147/7/3
f 3149/4/3 3144/4/3 3143/4/3
f 3150/4/3 3144/4/3 3149/4/3
f 3154/3/3 3146/3/3 3145/3/3
f 3155/7/3 3147/7/3 3146/7/3
f 3155/3/3 3146/3/3 3154/3/3
f 3156/7/3 3147/7/3 3155/7/3
f 3157/7/3 3150/7/3 3149/7/3
f 3157/7/3 3151/7/3 3150/7/3
f 3158/7/3 3151/7/3 3157/7/3
f 3159/6/3 3152/6/3 3151/6/3
f 3159/7/3 3151/7/3 3158/7/3
f 3160/4/3 3153/4/3 3152/4/3
f 3160/6/3 3152/6/3 3159/6/3
f 3161/3/3 3154/3/3 3153/3/3
f 3161/4/3 3153/4/3 3160/4/3
f 3162/1/3 3155/1/3 3154/1/3
f 3162/3/3 3154/3/3 3161/3/3
f 3163/1/3 3155/1/3 3162/1/3
f 3164/7/3 3158/7/3 3157/7/3
f 3165/7/3 3158/7/3 3164/7/3
f 3168/7/3 3167/7/3 3166/7/3
f 3169/7/3 3167/7/3 3168/7/3
f 3172/7/3 3171/7/3 3170/7/3
f 3173/7/3 3171/7/3 3172/7/3
f 3176/6/3 3175/6/3 3174/6/3
f 3177/6/3 3175/6/3 3176/6/3
f 3183/7/3 3179/7/3 3178/7/3
f 3184/7/3 3179/7/3 3183/7/3
f 3185/6/3 3181/6/3 3180/6/3
f 3186/6/3 3181/6/3 3185/6/3
f 3190/6/3 3183/6/3 3182/6/3
f 3191/6/3 3183/6/3 3190/6/3
f 3194/1/3 3188/1/3 3187/1/3
f 3195/3/3 3189/3/3 3188/3/3
f 3195/1/3 3188/1/3 3194/1/3
f 3196/6/3 3190/6/3 3189/6/3
f 3196/3/3 3189/3/3 3195/3/3
f 3197/6/3 3190/6/3 3196/6/3
f 3198/6/3 3190/6/3 3197/6/3
f 3200/7/3 3193/7/3 3192/7/3
f 3201/7/3 3193/7/3 3200/7/3
f 3208/3/3 3200/3/3 3199/3/3
f 3209/3/3 3200/3/3 3208/3/3
f 3210/7/3 3203/7/3 3202/7/3
f 3211/6/3 3204/6/3 3203/6/3
f 3211/7/3 3203/7/3 3210/7/3
f 3212/7/3 3205/7/3 3204/7/3
f 3212/6/3 3204/6/3 3211/6/3
f 3213/6/3 3207/6/3 3206/6/3
f 3213/7/3 3205/7/3 3212/7/3
f 3213/6/3 3206/6/3 3205/6/3
f 3213/6/3 3208/6/3 3207/6/3
f 3214/6/3 3208/6/3 3213/6/3
f 3217/7/3 3216/7/3 3215/7/3
f 3218/7/3 3216/7/3 3217/7/3
f 3221/7/3 3220/7/3 3219/7/3
f 3222/7/3 3220/7/3 3221/7/3
f 3226/7/3 3224/7/3 3223/7/3
f 3227/7/3 3224/7/3 3226/7/3
f 3229/4/3 3226/4/3 3225/4/3
f 3230/4/3 3226/4/3 3229/4/3
f 3235/6/3 3229/6/3 3228/6/3
f 3236/7/3 3230/7/3 3229/7/3
f 3236/6/3 3229/6/3 3235/6/3
f 3237/7/3 3230/7/3 3236/7/3
f 3238/7/3 3232/7/3 3231/7/3
f 3239/1/3 3233/1/3 3232/1/3
f 3239/7/3 3232/7/3 3238/7/3
f 3240/4/3 3234/4/3 3233/4/3
f 3240/1/3 3233/1/3 3239/1/3
f 3241/3/3 3235/3/3 3234/3/3
f 3241/4/3 3234/4/3 3240/4/3
f 3242/7/3 3236/7/3 3235/7/3
f 3242/3/3 3235/3/3 3241/3/3
f 3243/7/3 3236/7/3 3242/7/3
f 3246/3/3 3245/3/3 3244/3/3
f 3247/3/3 3245/3/3 3246/3/3
f 3251/7/3 3249/7/3 3248/7/3
f 3252/3/3 3250/3/3 3249/3/3
f 3252/7/3 3249/7/3 3251/7/3
f 3253/3/3 3250/3/3 3252/3/3
f 3254/1/3 3253/1/3 3252/1/3
f 3255/1/3 3253/1/3 3254/1/3
f 3260/3/3 3257/3/3 3256/3/3
f 3261/3/3 3257/3/3 3260/3/3
f 3269/3/3 3259/3/3 3258/3/3
f 3270/3/3 3259/3/3 3269/3/3
f 3271/3/3 3262/3/3 3261/3/3
f 3272/4/3 3263/4/3 3262/4/3
f 3272/3/3 3262/3/3 3271/3/3
f 3273/3/3 3264/3/3 3263/3/3
f 3273/4/3 3263/4/3 3272/4/3
f 3274/4/3 3265/4/3 3264/4/3
f 3274/3/3 3264/3/3 3273/3/3
f 3275/3/3 3266/3/3 3265/3/3
f 3275/4/3 3265/4/3 3274/4/3
f 3276/4/3 3267/4/3 3266/4/3
f 3276/3/3 3266/3/3 3275/3/3
f 3277/3/3 3268/3/3 3267/3/3
f 3277/4/3 3267/4/3 3276/4/3
f 3277/3/3 3269/3/3 3268/3/3
f 3278/3/3 3269/3/3 3277/3/3
f 3279/3/3 3269/3/3 3278/3/3
f 3280/4/3 3279/4/3 3278/4/3
f 3281/3/3 3269/3/3 3279/3/3
f 3281/4/3 3279/4/3 3280/4/3
f 3282/3/3 3269/3/3 3281/3/3
f 3287/7/3 3284/7/3 3283/7/3
f 3288/7/3 3286/7/3 3285/7/3
f 3289/7/3 3286/7/3 3288/7/3
f 3290/7/3 3284/7/3 3287/7/3
f 3291/7/3 3284/7/3 3290/7/3
f 3292/6/3 3291/6/3 3290/6/3
f 3293/6/3 3291/6/3 3292/6/3
f 3294/7/3 3293/7/3 3292/7/3
f 3295/7/3 3293/7/3 3294/7/3
f 3298/7/3 3297/7/3 3296/7/3
f 3299/7/3 3297/7/3 3298/7/3
f 3301/7/3 3297/7/3 3299/7/3
f 3302/7/3 3301/7/3 3300/7/3
f 3303/7/3 3297/7/3 3301/7/3
f 3303/7/3 3301/7/3 3302/7/3
f 3306/7/3 3305/7/3 3304/7/3
f 3307/7/3 3305/7/3 3306/7/3
f 3310/3/3 3309/3/3 3308/3/3
f 3311/3/3 3309/3/3 3310/3/3
f 3312/7/3 3311/7/3 3310/7/3
f 3313/7/3 3311/7/3 3312/7/3
f 3318/7/3 3315/7/3 3314/7/3
f 3319/7/3 3315/7/3 3318/7/3
f 3320/3/3 3317/3/3 3316/3/3
f 3321/3/3 3317/3/3 3320/3/3
f 3324/3/3 3323/3/3 3322/3/3
f 3325/3/3 3323/3/3 3324/3/3
f 3330/3/3 3329/3/3 3328/3/3
f 3331/3/3 3329/3/3 3330/3/3
f 3332/3/3 3329/3/3 3331/3/3
f 3333/3/3 3327/3/3 3326/3/3
f 3334/3/3 3327/3/3 3333/3/3
f 3338/3/3 3336/3/3 3335/3/3
f 3338/3/3 3337/3/3 3336/3/3
f 3339/3/3 3337/3/3 3338/3/3
f 3340/3/3 3337/3/3 3339/3/3
f 3343/7/3 3342/7/3 3341/7/3
f 3344/7/3 3342/7/3 3343/7/3
f 3345/7/3 3342/7/3 3344/7/3
f 3349/7/3 3347/7/3 3346/7/3
f 3350/3/3 3348/3/3 3347/3/3
f 3350/7/3 3347/7/3 3349/7/3
f 3351/3/3 3348/3/3 3350/3/3
f 3352/4/3 3351/4/3 3350/4/3
f 3353/4/3 3351/4/3 3352/4/3
f 3356/3/3 3355/3/3 3354/3/3
f 3357/3/3 3355/3/3 3356/3/3
f 3360/7/3 3359/7/3 3358/7/3
f 3361/7/3 3359/7/3 3360/7/3
f 3364/4/3 3363/4/3 3362/4/3
f 3365/4/3 3363/4/3 3364/4/3
f 3368/6/3 3367/6/3 3366/6/3
f 3369/6/3 3367/6/3 3368/6/3
f 3372/7/3 3369/7/3 3368/7/3
f 3373/7/3 3369/7/3 3372/7/3
f 3374/3/3 3371/3/3 3370/3/3
f 3375/3/3 3371/3/3 3374/3/3
f 3380/7/3 3377/7/3 3376/7/3
f 3381/7/3 3379/7/3 3378/7/3
f 3382/7/3 3379/7/3 3381/7/3
f 3383/7/3 3377/7/3 3380/7/3
f 3384/7/3 3377/7/3 3383/7/3
f 3385/7/3 3377/7/3 3384/7/3
f 3388/7/3 3387/7/3 3386/7/3
f 3389/7/3 3387/7/3 3388/7/3
f 3393/7/3 3391/7/3 3390/7/3
f 3393/7/3 3392/7/3 3391/7/3
f 3394/7/3 3392/7/3 3393/7/3
f 3397/7/3 3396/7/3 3395/7/3
f 3398/7/3 3396/7/3 3397/7/3
f 3401/7/3 3400/7/3 3399/7/3
f 3402/7/3 3400/7/3 3401/7/3
f 3405/7/3 3404/7/3 3403/7/3
f 3406/7/3 3404/7/3 3405/7/3
f 3407/7/4 3408/7/4 3409/7/4
f 3409/7/4 3408/7/4 3410/7/4
f 3411/6/4 3412/6/4 3413/6/4
f 3413/6/4 3412/6/4 3414/6/4
f 3414/6/4 3412/6/4 3415/6/4
f 3416/7/4 3417/7/4 3420/7/4
f 3420/7/4 3417/7/4 3421/7/4
f 3418/7/4 3419/7/4 3422/7/4
f 3422/7/4 3419/7/4 3423/7/4
f 3421/7/4 3417/7/4 3424/7/4
f 3424/7/4 3417/7/4 3425/7/4
f 3426/7/4 3427/7/4 3430/7/4
f 3430/7/4 3427/7/4 3431/7/4
f 3428/7/4 3429/7/4 3433/7/4
f 3432/7/4 3433/7/4 3434/7/4
f 3433/7/4 3429/7/4 3435/7/4
f 3434/7/4 3433/7/4 3435/7/4
f 3436/7/4 3437/7/4 3438/7/4
f 3438/7/4 3437/7/4 3439/7/4
f 3440/7/4 3441/7/4 3442/7/4
f 3442/7/4 3441/7/4 3443/7/4
f 3444/3/4 3445/3/4 3446/3/4
f 3446/3/4 3445/3/4 3447/3/4
f 3448/3/4 3449/3/4 3450/3/4
f 3450/3/4 3449/3/4 3451/3/4
f 3451/3/4 3452/3/4 3458/3/4
f 3452/4/4 3453/4/4 3459/4/4
f 3458/3/4 3452/3/4 3459/3/4
f 3453/1/4 3454/1/4 3460/1/4
f 3459/4/4 3453/4/4 3460/4/4
f 3454/3/4 3455/3/4 3461/3/4
f 3460/1/4 3454/1/4 3461/1/4
f 3455/4/4 3456/4/4 3462/4/4
f 3461/3/4 3455/3/4 3462/3/4
f 3456/3/4 3457/3/4 3463/3/4
f 3462/4/4 3456/4/4 3463/4/4
f 3463/3/4 3457/3/4 3464/3/4
f 3464/3/4 3457/3/4 3465/3/4
f 3466/3/4 3467/3/4 3468/3/4
f 3468/3/4 3467/3/4 3469/3/4
f 3470/7/4 3471/7/4 3472/7/4
f 3472/7/4 3471/7/4 3473/7/4
f 3473/7/4 3471/7/4 3474/7/4
f 3475/3/4 3476/3/4 3477/3/4
f 3477/3/4 3476/3/4 3478/3/4
f 3478/3/4 3479/3/4 3481/3/4
f 3481/3/4 3479/3/4 3482/3/4
f 3480/3/4 3481/3/4 3483/3/4
f 3483/3/4 3481/3/4 3484/3/4
f 3485/3/4 3486/3/4 3487/3/4
f 3487/3/4 3486/3/4 3488/3/4
f 3489/6/4 3490/6/4 3491/6/4
f 3491/6/4 3490/6/4 3492/6/4
f 3493/7/4 3494/7/4 3495/7/4
f 3495/7/4 3494/7/4 3496/7/4
f 3495/3/4 3496/3/4 3497/3/4
f 3497/3/4 3496/3/4 3498/3/4
f 3497/7/4 3498/7/4 3499/7/4
f 3499/7/4 3498/7/4 3500/7/4
f 3500/7/4 3498/7/4 3501/7/4
f 3502/7/4 3503/7/4 3506/7/4
f 3506/7/4 3503/7/4 3507/7/4
f 3504/7/4 3505/7/4 3508/7/4
f 3508/7/4 3505/7/4 3509/7/4
f 3510/7/4 3511/7/4 3512/7/4
f 3512/7/4 3511/7/4 3515/7/4
f 3515/7/4 3511/7/4 3516/7/4
f 3516/7/4 3511/7/4 3517/7/4
f 3518/7/4 3519/7/4 3520/7/4
f 3520/7/4 3519/7/4 3521/7/4
f 3521/7/4 3519/7/4 3522/7/4
f 3513/7/4 3514/7/4 3523/7/4
f 3523/7/4 3514/7/4 3524/7/4
f 3525/7/4 3526/7/4 3529/7/4
f 3529/7/4 3526/7/4 3530/7/4
f 3527/1/4 3528/1/4 3531/1/4
f 3531/1/4 3528/1/4 3532/1/4
f 3531/3/4 3532/3/4 3533/3/4
f 3533/3/4 3532/3/4 3534/3/4
f 3535/7/4 3536/7/4 3537/7/4
f 3537/7/4 3536/7/4 3538/7/4
f 3538/7/4 3536/7/4 3539/7/4
f 3539/4/4 3540/4/4 3541/4/4
f 3541/4/4 3540/4/4 3542/4/4
f 3545/7/4 3546/7/4 3547/7/4
f 3547/7/4 3546/7/4 3548/7/4
f 3548/7/4 3546/7/4 3549/7/4
f 3543/7/4 3544/7/4 3550/7/4
f 3550/7/4 3544/7/4 3551/7/4
f 3552/3/4 3553/3/4 3554/3/4
f 3554/3/4 3553/3/4 3555/3/4
f 3556/7/4 3557/7/4 3558/7/4
f 3558/7/4 3557/7/4 3559/7/4
f 3556/7/4 3558/7/4 3560/7/4
f 3560/7/4 3558/7/4 3561/7/4
f 3562/3/4 3563/3/4 3565/3/4
f 3565/3/4 3563/3/4 3566/3/4
f 3566/3/4 3563/3/4 3567/3/4
f 3564/3/4 3565/3/4 3568/3/4
f 3565/3/4 3566/3/4 3568/3/4
f 3568/3/4 3566/3/4 3569/3/4
f 3570/7/4 3571/7/4 3572/7/4
f 3572/7/4 3571/7/4 3573/7/4
f 3575/3/4 3576/3/4 3577/3/4
f 3577/3/4 3576/3/4 3578/3/4
f 3578/3/4 3576/3/4 3579/3/4
f 3579/3/4 3576/3/4 3580/3/4
f 3580/3/4 3576/3/4 3581/3/4
f 3581/3/4 3576/3/4 3582/3/4
f 3573/7/4 3574/7/4 3583/7/4
f 3579/3/4 3580/3/4 3584/3/4
f 3584/3/4 3580/3/4 3585/3/4
f 3581/3/4 3582/3/4 3586/3/4
f 3586/3/4 3582/3/4 3587/3/4
f 3584/3/4 3585/3/4 3590/3/4
f 3590/3/4 3585/3/4 3591/3/4
f 3587/3/4 3582/3/4 3593/3/4
f 3593/3/4 3582/3/4 3594/3/4
f 3583/7/4 3574/7/4 3595/7/4
f 3588/3/4 3589/3/4 3596/3/4
f 3593/3/4 3594/3/4 3596/3/4
f 3591/3/4 3592/3/4 3596/3/4
f 3592/3/4 3593/3/4 3596/3/4
f 3589/3/4 3590/3/4 3596/3/4
f 3590/3/4 3591/3/4 3596/3/4
f 3596/3/4 3594/3/4 3597/3/4
f 3595/7/4 3574/7/4 3599/7/4
f 3599/7/4 3574/7/4 3600/7/4
f 3598/7/4 3599/7/4 3601/7/4
f 3601/7/4 3599/7/4 3602/7/4
f 3603/7/4 3604/7/4 3606/7/4
f 3606/7/4 3604/7/4 3607/7/4
f 3605/7/4 3606/7/4 3608/7/4
f 3608/7/4 3606/7/4 3609/7/4
f 3609/7/4 3606/7/4 3610/7/4
f 3609/7/4 3610/7/4 3616/7/4
f 3616/7/4 3610/7/4 3617/7/4
f 3611/6/4 3612/6/4 3618/6/4
f 3612/7/4 3613/7/4 3618/7/4
f 3618/7/4 3613/7/4 3619/7/4
f 3614/7/4 3615/7/4 3620/7/4
f 3620/7/4 3615/7/4 3621/7/4
f 3620/6/4 3621/6/4 3622/6/4
f 3622/6/4 3621/6/4 3623/6/4
f 3618/6/4 3619/6/4 3624/6/4
f 3611/6/4 3618/6/4 3624/6/4
f 3624/6/4 3619/6/4 3625/6/4
f 3620/6/4 3622/6/4 3626/6/4
f 3622/7/4 3623/7/4 3627/7/4
f 3626/6/4 3622/6/4 3627/6/4
f 3624/7/4 3625/7/4 3628/7/4
f 3625/6/4 3619/6/4 3629/6/4
f 3628/7/4 3625/7/4 3629/7/4
f 3629/6/4 3619/6/4 3630/6/4
f 3620/6/4 3626/6/4 3631/6/4
f 3626/7/4 3627/7/4 3632/7/4
f 3631/6/4 3626/6/4 3632/6/4
f 3627/7/4 3623/7/4 3633/7/4
f 3632/7/4 3627/7/4 3633/7/4
f 3616/6/4 3617/6/4 3634/6/4
f 3634/6/4 3617/6/4 3635/6/4
f 3634/7/4 3635/7/4 3637/7/4
f 3636/7/4 3637/7/4 3638/7/4
f 3637/7/4 3635/7/4 3639/7/4
f 3638/7/4 3637/7/4 3639/7/4
f 3639/7/4 3640/7/4 3641/7/4
f 3641/7/4 3640/7/4 3642/7/4
f 3643/3/4 3644/3/4 3645/3/4
f 3645/3/4 3644/3/4 3646/3/4
f 3647/3/4 3648/3/4 3652/3/4
f 3648/1/4 3649/1/4 3653/1/4
f 3652/3/4 3648/3/4 3653/3/4
f 3649/3/4 3650/3/4 3654/3/4
f 3653/1/4 3649/1/4 3654/1/4
f 3654/3/4 3650/3/4 3655/3/4
f 3650/4/4 3651/4/4 3656/4/4
f 3655/3/4 3650/3/4 3656/3/4
f 3656/4/4 3651/4/4 3657/4/4
f 3657/4/4 3658/4/4 3666/4/4
f 3666/4/4 3658/4/4 3667/4/4
f 3659/7/4 3660/7/4 3670/7/4
f 3670/7/4 3660/7/4 3671/7/4
f 3661/6/4 3662/6/4 3672/6/4
f 3662/6/4 3663/6/4 3672/6/4
f 3663/6/4 3664/6/4 3672/6/4
f 3664/7/4 3665/7/4 3673/7/4
f 3672/6/4 3664/6/4 3673/6/4
f 3673/7/4 3665/7/4 3674/7/4
f 3667/7/4 3668/7/4 3676/7/4
f 3676/7/4 3668/7/4 3677/7/4
f 3669/7/4 3670/7/4 3678/7/4
f 3678/7/4 3670/7/4 3679/7/4
f 3674/7/4 3675/7/4 3680/7/4
f 3680/7/4 3675/7/4 3681/7/4
f 3678/6/4 3679/6/4 3685/6/4
f 3681/7/4 3682/7/4 3686/7/4
f 3686/7/4 3682/7/4 3687/7/4
f 3683/7/4 3684/7/4 3688/7/4
f 3688/7/4 3684/7/4 3689/7/4
f 3690/7/4 3691/7/4 3692/7/4
f 3692/7/4 3691/7/4 3693/7/4
f 3678/6/4 3685/6/4 3694/6/4
f 3694/6/4 3685/6/4 3695/6/4
f 3694/7/4 3695/7/4 3696/7/4
f 3696/7/4 3695/7/4 3697/7/4
f 3697/7/4 3698/7/4 3701/7/4
f 3701/7/4 3698/7/4 3702/7/4
f 3699/7/4 3700/7/4 3703/7/4
f 3703/7/4 3700/7/4 3704/7/4
f 3705/7/4 3706/7/4 3708/7/4
f 3706/6/4 3707/6/4 3709/6/4
f 3708/7/4 3706/7/4 3709/7/4
f 3709/6/4 3707/6/4 3710/6/4
f 3711/7/4 3712/7/4 3713/7/4
f 3713/7/4 3712/7/4 3714/7/4
f 3713/3/4 3714/3/4 3718/3/4
f 3714/4/4 3715/4/4 3719/4/4
f 3718/3/4 3714/3/4 3719/3/4
f 3715/7/4 3716/7/4 3720/7/4
f 3719/4/4 3715/4/4 3720/4/4
f 3716/6/4 3717/6/4 3721/6/4
f 3720/7/4 3716/7/4 3721/7/4
f 3721/6/4 3717/6/4 3722/6/4
f 3722/6/4 3717/6/4 3723/6/4
f 3718/7/4 3719/7/4 3727/7/4
f 3727/7/4 3719/7/4 3728/7/4
f 3722/7/4 3723/7/4 3729/7/4
f 3723/6/4 3724/6/4 3730/6/4
f 3729/7/4 3723/7/4 3730/7/4
f 3730/6/4 3724/6/4 3731/6/4
f 3730/7/4 3731/7/4 3733/7/4
f 3731/4/4 3732/4/4 3734/4/4
f 3733/7/4 3731/7/4 3734/7/4
f 3734/4/4 3732/4/4 3735/4/4
f 3725/7/4 3726/7/4 3736/7/4
f 3736/7/4 3726/7/4 3737/7/4
f 3734/7/4 3735/7/4 3738/7/4
f 3738/7/4 3735/7/4 3739/7/4
f 3740/7/4 3741/7/4 3742/7/4
f 3736/6/4 3737/6/4 3743/6/4
f 3743/6/4 3737/6/4 3744/6/4
f 3743/7/4 3744/7/4 3745/7/4
f 3745/7/4 3744/7/4 3746/7/4
f 3742/7/4 3741/7/4 3747/7/4
f 3747/7/4 3741/7/4 3748/7/4
f 3749/7/4 3750/7/4 3751/7/4
f 3751/7/4 3750/7/4 3752/7/4
f 3753/7/4 3754/7/4 3757/7/4
f 3755/3/4 3756/3/4 3758/3/4
f 3758/3/4 3756/3/4 3759/3/4
f 3757/7/4 3754/7/4 3760/7/4
f 3760/7/4 3754/7/4 3761/7/4
f 3762/7/4 3763/7/4 3764/7/4
f 3764/7/4 3763/7/4 3765/7/4
f 3765/7/4 3763/7/4 3766/7/4
f 3767/7/4 3768/7/4 3769/7/4
f 3769/7/4 3768/7/4 3770/7/4
f 3771/7/4 3772/7/4 3773/7/4
f 3773/7/4 3772/7/4 3776/7/4
f 3776/7/4 3772/7/4 3777/7/4
f 3774/7/4 3775/7/4 3778/7/4
f 3778/7/4 3775/7/4 3779/7/4
f 3780/7/4 3781/7/4 3782/7/4
f 3782/7/4 3781/7/4 3783/7/4
f 3784/3/4 3785/3/4 3788/3/4
f 3788/3/4 3785/3/4 3789/3/4
f 3786/3/4 3787/3/4 3797/3/4
f 3797/3/4 3787/3/4 3798/3/4
f 3789/3/4 3790/3/4 3800/3/4
f 3790/1/4 3791/1/4 3801/1/4
f 3800/3/4 3790/3/4 3801/3/4
f 3791/4/4 3792/4/4 3802/4/4
f 3801/1/4 3791/1/4 3802/1/4
f 3792/3/4 3793/3/4 3803/3/4
f 3802/4/4 3792/4/4 3803/4/4
f 3793/4/4 3794/4/4 3804/4/4
f 3803/3/4 3793/3/4 3804/3/4
f 3794/3/4 3795/3/4 3805/3/4
f 3804/4/4 3794/4/4 3805/4/4
f 3795/1/4 3796/1/4 3806/1/4
f 3805/3/4 3795/3/4 3806/3/4
f 3806/1/4 3796/1/4 3807/1/4
f 3798/3/4 3799/3/4 3808/3/4
f 3808/3/4 3799/3/4 3809/3/4
f 3810/3/4 3811/3/4 3814/3/4
f 3814/3/4 3811/3/4 3815/3/4
f 3812/7/4 3813/7/4 3816/7/4
f 3816/7/4 3813/7/4 3817/7/4
f 3818/7/4 3819/7/4 3820/7/4
f 3820/7/4 3819/7/4 3823/7/4
f 3823/7/4 3819/7/4 3825/7/4
f 3825/7/4 3819/7/4 3826/7/4
f 3821/7/4 3822/7/4 3827/7/4
f 3824/3/4 3825/3/4 3828/3/4
f 3828/3/4 3825/3/4 3829/3/4
f 3821/7/4 3827/7/4 3830/7/4
f 3830/7/4 3827/7/4 3831/7/4
f 3828/4/4 3829/4/4 3832/4/4
f 3832/4/4 3829/4/4 3833/4/4
f 3832/7/4 3833/7/4 3836/7/4
f 3833/7/4 3834/7/4 3836/7/4
f 3836/7/4 3834/7/4 3837/7/4
f 3837/7/4 3834/7/4 3838/7/4
f 3835/7/4 3836/7/4 3839/7/4
f 3836/1/4 3837/1/4 3840/1/4
f 3839/7/4 3836/7/4 3840/7/4
f 3840/1/4 3837/1/4 3841/1/4
f 3842/3/4 3843/3/4 3849/3/4
f 3849/3/4 3843/3/4 3850/3/4
f 3844/4/4 3845/4/4 3851/4/4
f 3845/1/4 3846/1/4 3852/1/4
f 3851/4/4 3845/4/4 3852/4/4
f 3846/4/4 3847/4/4 3853/4/4
f 3852/1/4 3846/1/4 3853/1/4
f 3847/3/4 3848/3/4 3854/3/4
f 3853/4/4 3847/4/4 3854/4/4
f 3854/3/4 3848/3/4 3855/3/4
f 3855/3/4 3848/3/4 3856/3/4
f 3857/7/4 3858/7/4 3859/7/4
f 3859/7/4 3858/7/4 3860/7/4
f 3861/7/4 3862/7/4 3863/7/4
f 3863/7/4 3862/7/4 3864/7/4
f 3865/1/4 3866/1/4 3867/1/4
f 3864/4/4 3865/4/4 3867/4/4
f 3867/1/4 3866/1/4 3868/1/4
f 3864/4/4 3867/4/4 3869/4/4
f 3869/4/4 3867/4/4 3870/4/4
f 3869/3/4 3870/3/4 3871/3/4
f 3871/3/4 3870/3/4 3872/3/4
f 3871/1/4 3872/1/4 3873/1/4
f 3873/1/4 3872/1/4 3874/1/4
f 3875/7/4 3876/7/4 3879/7/4
f 3877/7/4 3878/7/4 3880/7/4
f 3880/7/4 3878/7/4 3881/7/4
f 3881/7/4 3878/7/4 3882/7/4
f 3881/3/4 3882/3/4 3883/3/4
f 3883/3/4 3882/3/4 3884/3/4
f 3875/7/4 3879/7/4 3885/7/4
f 3885/7/4 3879/7/4 3886/7/4
f 3887/4/4 3888/4/4 3889/4/4
f 3889/4/4 3888/4/4 3890/4/4
f 3891/4/4 3892/4/4 3893/4/4
f 3893/4/4 3892/4/4 3894/4/4
f 3894/4/4 3892/4/4 3895/4/4
f 3893/7/4 3894/7/4 3896/7/4
f 3894/3/4 3895/3/4 3896/3/4
f 3896/3/4 3895/3/4 3897/3/4
f 3893/7/4 3896/7/4 3898/7/4
f 3896/1/4 3897/1/4 3898/1/4
f 3898/1/4 3897/1/4 3899/1/4
f 3893/7/4 3898/7/4 3900/7/4
f 3898/4/4 3899/4/4 3900/4/4
f 3900/4/4 3899/4/4 3901/4/4
f 3893/7/4 3900/7/4 3902/7/4
f 3900/3/4 3901/3/4 3903/3/4
f 3902/7/4 3900/7/4 3903/7/4
f 3903/3/4 3901/3/4 3904/3/4
f 3902/4/4 3903/4/4 3905/4/4
f 3905/4/4 3903/4/4 3906/4/4
f 3907/7/4 3908/7/4 3909/7/4
f 3909/7/4 3908/7/4 3910/7/4
f 3911/7/4 3912/7/4 3913/7/4
f 3911/7/4 3913/7/4 3916/7/4
f 3916/7/4 3913/7/4 3917/7/4
f 3914/7/4 3915/7/4 3918/7/4
f 3918/7/4 3915/7/4 3919/7/4
f 3922/7/4 3923/7/4 3924/7/4
f 3924/7/4 3923/7/4 3925/7/4
f 3920/7/4 3921/7/4 3926/7/4
f 3926/7/4 3921/7/4 3927/7/4
f 3928/7/4 3929/7/4 3931/7/4
f 3931/7/4 3929/7/4 3932/7/4
f 3930/3/4 3931/3/4 3933/3/4
f 3933/3/4 3931/3/4 3934/3/4
f 3935/7/4 3936/7/4 3937/7/4
f 3937/7/4 3936/7/4 3938/7/4
f 3935/7/4 3937/7/4 3939/7/4
f 3935/7/4 3939/7/4 3942/7/4
f 3940/1/4 3941/1/4 3943/1/4
f 3943/1/4 3941/1/4 3944/1/4
f 3935/7/4 3942/7/4 3945/7/4
f 3945/7/4 3942/7/4 3946/7/4
f 3945/3/4 3946/3/4 3947/3/4
f 3947/3/4 3946/3/4 3948/3/4
f 3949/7/4 3950/7/4 3951/7/4
f 3951/7/4 3950/7/4 3952/7/4
f 3951/3/4 3952/3/4 3953/3/4
f 3953/3/4 3952/3/4 3954/3/4
f 3953/4/4 3954/4/4 3955/4/4
f 3955/4/4 3954/4/4 3956/4/4
f 3957/3/4 3958/3/4 3962/3/4
f 3958/7/4 3959/7/4 3963/7/4
f 3962/3/4 3958/3/4 3963/3/4
f 3963/7/4 3959/7/4 3964/7/4
f 3960/7/4 3961/7/4 3965/7/4
f 3965/7/4 3961/7/4 3966/7/4
f 3963/7/4 3964/7/4 3967/7/4
f 3964/7/4 3965/7/4 3967/7/4
f 3967/7/4 3965/7/4 3968/7/4
f 3969/7/4 3970/7/4 3972/7/4
f 3972/7/4 3970/7/4 3973/7/4
f 3973/7/4 3970/7/4 3974/7/4
f 3971/7/4 3972/7/4 3978/7/4
f 3976/4/4 3977/4/4 3979/4/4
f 3977/7/4 3978/7/4 3980/7/4
f 3979/4/4 3977/4/4 3980/4/4
f 3978/7/4 3972/7/4 3981/7/4
f 3980/7/4 3978/7/4 3981/7/4
f 3974/7/4 3975/7/4 3982/7/4
f 3973/7/4 3974/7/4 3982/7/4
f 3982/7/4 3975/7/4 3983/7/4
f 3981/7/4 3972/7/4 3984/7/4
f 3984/7/4 3972/7/4 3985/7/4
f 3986/7/4 3987/7/4 3988/7/4
f 3988/7/4 3987/7/4 3989/7/4
f 3990/7/4 3991/7/4 3992/7/4
f 3992/7/4 3991/7/4 3993/7/4
f 3993/7/4 3991/7/4 3994/7/4
f 3995/3/4 3996/3/4 3997/3/4
f 3997/3/4 3996/3/4 3998/3/4
f 3999/7/4 4000/7/4 4002/7/4
f 4000/1/4 4001/1/4 4003/1/4
f 4002/7/4 4000/7/4 4003/7/4
f 4003/1/4 4001/1/4 4004/1/4
f 4005/7/4 4006/7/4 4007/7/4
f 4007/7/4 4006/7/4 4008/7/4
f 4009/3/4 4010/3/4 4011/3/4
f 4011/3/4 4010/3/4 4012/3/4
f 4013/7/4 4014/7/4 4015/7/4
f 4015/7/4 4014/7/4 4016/7/4
f 4017/4/4 4018/4/4 4019/4/4
f 4019/4/4 4018/4/4 4020/4/4
f 4020/4/4 4018/4/4 4021/4/4
f 4020/3/4 4021/3/4 4022/3/4
f 4022/3/4 4021/3/4 4023/3/4
f 4024/6/4 4025/6/4 4026/6/4
f 4026/6/4 4025/6/4 4027/6/4
f 4026/7/4 4027/7/4 4028/7/4
f 4028/7/4 4027/7/4 4029/7/4
f 4029/7/4 4027/7/4 4030/7/4
f 4031/7/4 4032/7/4 4033/7/4
f 4033/7/4 4032/7/4 4034/7/4
f 4035/3/4 4036/3/4 4037/3/4
f 4037/3/4 4036/3/4 4038/3/4
f 4039/3/4 4040/3/4 4041/3/4
f 4041/3/4 4040/3/4 4042/3/4
f 4043/7/4 4044/7/4 4045/7/4
f 4045/7/4 4044/7/4 4046/7/4
f 4045/6/4 4046/6/4 4049/6/4
f 4049/6/4 4046/6/4 4050/6/4
f 4047/7/4 4048/7/4 4051/7/4
f 4051/7/4 4048/7/4 4052/7/4
f 4053/7/4 4054/7/4 4055/7/4
f 4055/7/4 4054/7/4 4056/7/4
f 4057/7/4 4058/7/4 4060/7/4
f 4058/3/4 4059/3/4 4061/3/4
f 4060/7/4 4058/7/4 4061/7/4
f 4061/3/4 4059/3/4 4062/3/4
f 4062/4/4 4063/4/4 4064/4/4
f 4064/4/4 4063/4/4 4065/4/4
f 4066/7/4 4067/7/4 4068/7/4
f 4068/7/4 4067/7/4 4069/7/4
f 4070/3/4 4071/3/4 4073/3/4
f 4073/3/4 4071/3/4 4074/3/4
f 4072/3/4 4073/3/4 4075/3/4
f 4075/3/4 4073/3/4 4076/3/4
f 4077/7/4 4078/7/4 4079/7/4
f 4079/7/4 4078/7/4 4080/7/4
f 4081/7/4 4082/7/4 4083/7/4
f 4083/7/4 4082/7/4 4084/7/4
f 4085/7/4 4086/7/4 4087/7/4
f 4087/7/4 4086/7/4 4088/7/4
f 4089/3/4 4090/3/4 4094/3/4
f 4090/1/4 4091/1/4 4095/1/4
f 4094/3/4 4090/3/4 4095/3/4
f 4091/3/4 4092/3/4 4096/3/4
f 4095/1/4 4091/1/4 4096/1/4
f 4092/4/4 4093/4/4 4097/4/4
f 4096/3/4 4092/3/4 4097/3/4
f 4097/4/4 4093/4/4 4098/4/4
f 4099/7/4 4100/7/4 4101/7/4
f 4101/7/4 4100/7/4 4102/7/4
f 4103/7/4 4104/7/4 4106/7/4
f 4106/7/4 4104/7/4 4107/7/4
f 4108/4/4 4109/4/4 4110/4/4
f 4110/4/4 4109/4/4 4111/4/4
f 4105/7/4 4106/7/4 4112/7/4
f 4112/7/4 4106/7/4 4113/7/4
f 4113/7/4 4114/7/4 4115/7/4
f 4115/7/4 4114/7/4 4116/7/4
f 4117/3/4 4118/3/4 4121/3/4
f 4119/4/4 4120/4/4 4122/4/4
f 4121/3/4 4118/3/4 4122/3/4
f 4118/4/4 4119/4/4 4122/4/4
f 4122/4/4 4120/4/4 4123/4/4
f 4124/7/4 4125/7/4 4127/7/4
f 4127/7/4 4125/7/4 4128/7/4
f 4126/7/4 4127/7/4 4129/7/4
f 4129/7/4 4127/7/4 4130/7/4
f 4130/7/4 4131/7/4 4132/7/4
f 4132/7/4 4131/7/4 4133/7/4
f 4134/7/4 4135/7/4 4136/7/4
f 4136/7/4 4135/7/4 4137/7/4
f 4138/7/4 4139/7/4 4140/7/4
f 4140/7/4 4139/7/4 4141/7/4
f 4142/7/4 4143/7/4 4145/7/4
f 4145/7/4 4143/7/4 4146/7/4
f 4144/7/4 4145/7/4 4148/7/4
f 4147/3/4 4148/3/4 4154/3/4
f 4148/7/4 4145/7/4 4155/7/4
f 4154/3/4 4148/3/4 4155/3/4
f 4155/7/4 4145/7/4 4156/7/4
f 4149/7/4 4150/7/4 4157/7/4
f 4150/7/4 4151/7/4 4157/7/4
f 4151/6/4 4152/6/4 4158/6/4
f 4157/7/4 4151/7/4 4158/7/4
f 4152/4/4 4153/4/4 4159/4/4
f 4158/6/4 4152/6/4 4159/6/4
f 4159/4/4 4153/4/4 4160/4/4
f 4153/3/4 4154/3/4 4161/3/4
f 4160/4/4 4153/4/4 4161/4/4
f 4154/1/4 4155/1/4 4162/1/4
f 4161/3/4 4154/3/4 4162/3/4
f 4162/1/4 4155/1/4 4163/1/4
f 4164/7/4 4165/7/4 4166/7/4
f 4166/7/4 4165/7/4 4167/7/4
f 4168/6/4 4169/6/4 4170/6/4
f 4170/6/4 4169/6/4 4171/6/4
f 4172/7/4 4173/7/4 4176/7/4
f 4176/7/4 4173/7/4 4177/7/4
f 4174/7/4 4175/7/4 4180/7/4
f 4180/7/4 4175/7/4 4181/7/4
f 4178/7/4 4179/7/4 4183/7/4
f 4183/7/4 4179/7/4 4184/7/4
f 4182/7/4 4183/7/4 4185/7/4
f 4185/7/4 4183/7/4 4186/7/4
f 4187/6/4 4188/6/4 4190/6/4
f 4190/6/4 4188/6/4 4191/6/4
f 4189/7/4 4190/7/4 4194/7/4
f 4194/7/4 4190/7/4 4195/7/4
f 4191/6/4 4192/6/4 4196/6/4
f 4196/6/4 4192/6/4 4197/6/4
f 4193/3/4 4194/3/4 4200/3/4
f 4200/3/4 4194/3/4 4201/3/4
f 4198/7/4 4199/7/4 4204/7/4
f 4204/7/4 4199/7/4 4205/7/4
f 4205/7/4 4199/7/4 4206/7/4
f 4199/3/4 4200/3/4 4207/3/4
f 4206/7/4 4199/7/4 4207/7/4
f 4207/3/4 4200/3/4 4208/3/4
f 4202/4/4 4203/4/4 4210/4/4
f 4210/4/4 4203/4/4 4211/4/4
f 4209/4/4 4210/4/4 4219/4/4
f 4219/4/4 4210/4/4 4220/4/4
f 4212/7/4 4213/7/4 4221/7/4
f 4221/7/4 4213/7/4 4222/7/4
f 4214/7/4 4215/7/4 4225/7/4
f 4215/6/4 4216/6/4 4226/6/4
f 4225/7/4 4215/7/4 4226/7/4
f 4216/6/4 4217/6/4 4226/6/4
f 4217/7/4 4218/7/4 4227/7/4
f 4226/6/4 4217/6/4 4227/6/4
f 4218/7/4 4219/7/4 4227/7/4
f 4227/7/4 4219/7/4 4228/7/4
f 4223/7/4 4224/7/4 4229/7/4
f 4229/7/4 4224/7/4 4230/7/4
f 4231/7/4 4232/7/4 4233/7/4
f 4233/7/4 4232/7/4 4234/7/4
f 4234/7/4 4232/7/4 4235/7/4
f 4235/7/4 4236/7/4 4237/7/4
f 4234/7/4 4235/7/4 4237/7/4
f 4237/7/4 4236/7/4 4238/7/4
f 4238/7/4 4236/7/4 4239/7/4
f 4239/7/4 4236/7/4 4240/7/4
f 4241/7/4 4242/7/4 4244/7/4
f 4244/7/4 4242/7/4 4245/7/4
f 4243/4/4 4244/4/4 4249/4/4
f 4244/1/4 4245/1/4 4250/1/4
f 4249/4/4 4244/4/4 4250/4/4
f 4250/1/4 4245/1/4 4251/1/4
f 4246/7/4 4247/7/4 4252/7/4
f 4248/6/4 4249/6/4 4256/6/4
f 4249/7/4 4250/7/4 4257/7/4
f 4256/6/4 4249/6/4 4257/6/4
f 4257/7/4 4250/7/4 4258/7/4
f 4246/7/4 4252/7/4 4260/7/4
f 4252/7/4 4253/7/4 4260/7/4
f 4260/7/4 4253/7/4 4261/7/4
f 4253/1/4 4254/1/4 4262/1/4
f 4261/7/4 4253/7/4 4262/7/4
f 4254/4/4 4255/4/4 4263/4/4
f 4262/1/4 4254/1/4 4263/1/4
f 4255/3/4 4256/3/4 4264/3/4
f 4263/4/4 4255/4/4 4264/4/4
f 4256/7/4 4257/7/4 4265/7/4
f 4264/3/4 4256/3/4 4265/3/4
f 4265/7/4 4257/7/4 4266/7/4
f 4259/7/4 4260/7/4 4268/7/4
f 4268/7/4 4260/7/4 4269/7/4
f 4260/6/4 4261/6/4 4270/6/4
f 4269/7/4 4260/7/4 4270/7/4
f 4270/6/4 4261/6/4 4271/6/4
f 4268/3/4 4269/3/4 4272/3/4
f 4267/3/4 4268/3/4 4272/3/4
f 4272/3/4 4269/3/4 4273/3/4
f 4274/3/4 4275/3/4 4276/3/4
f 4276/3/4 4275/3/4 4277/3/4
f 4276/7/4 4277/7/4 4278/7/4
f 4278/7/4 4277/7/4 4279/7/4
f 4279/7/4 4277/7/4 4280/7/4
f 4281/7/4 4282/7/4 4283/7/4
f 4283/7/4 4282/7/4 4284/7/4
f 4283/3/4 4284/3/4 4285/3/4
f 4285/3/4 4284/3/4 4286/3/4
f 4287/2/4 4288/2/4 4289/2/4
f 4289/2/4 4288/2/4 4290/2/4
f 4291/7/4 4292/7/4 4293/7/4
f 4293/7/4 4292/7/4 4294/7/4
f 4295/3/4 4296/3/4 4304/3/4
f 4296/3/4 4297/3/4 4304/3/4
f 4297/4/4 4298/4/4 4305/4/4
f 4304/3/4 4297/3/4 4305/3/4
f 4298/3/4 4299/3/4 4306/3/4
f 4305/4/4 4298/4/4 4306/4/4
f 4299/4/4 4300/4/4 4307/4/4
f 4306/3/4 4299/3/4 4307/3/4
f 4300/3/4 4301/3/4 4308/3/4
f 4307/4/4 4300/4/4 4308/4/4
f 4301/4/4 4302/4/4 4309/4/4
f 4308/3/4 4301/3/4 4309/3/4
f 4302/3/4 4303/3/4 4310/3/4
f 4309/4/4 4302/4/4 4310/4/4
f 4310/3/4 4303/3/4 4311/3/4
f 4311/3/4 4303/3/4 4312/3/4
f 4312/3/4 4303/3/4 4313/3/4
f 4295/3/4 4304/3/4 4315/3/4
f 4315/3/4 4304/3/4 4316/3/4
f 4311/4/4 4312/4/4 4317/4/4
f 4313/3/4 4314/3/4 4318/3/4
f 4317/4/4 4312/4/4 4318/4/4
f 4312/3/4 4313/3/4 4318/3/4
f 4318/3/4 4314/3/4 4319/3/4
f 4320/3/4 4321/3/4 4322/3/4
f 4322/3/4 4321/3/4 4323/3/4
f 4324/3/4 4325/3/4 4326/3/4
f 4326/3/4 4325/3/4 4327/3/4
f 4328/7/4 4329/7/4 4332/7/4
f 4332/7/4 4329/7/4 4333/7/4
f 4330/7/4 4331/7/4 4334/7/4
f 4334/7/4 4331/7/4 4335/7/4
f 4336/7/4 4337/7/4 4338/7/4
f 4338/7/4 4337/7/4 4339/7/4
f 4339/7/4 4337/7/4 4340/7/4
f 4341/7/4 4342/7/4 4343/7/4
f 4343/7/4 4342/7/4 4344/7/4
f 4345/7/4 4346/7/4 4347/7/4
f 4347/7/4 4346/7/4 4348/7/4
f 4349/3/4 4350/3/4 4351/3/4
f 4351/3/4 4350/3/4 4352/3/4
f 4352/3/4 4350/3/4 4353/3/4
f 4353/3/4 4350/3/4 4354/3/4
f 4353/3/4 4354/3/4 4356/3/4
f 4354/7/4 4355/7/4 4357/7/4
f 4356/3/4 4354/3/4 4357/3/4
f 4357/7/4 4355/7/4 4358/7/4
f 4359/7/4 4360/7/4 4361/7/4
f 4361/7/4 4360/7/4 4362/7/4
f 4363/7/4 4364/7/4 4365/7/4
f 4365/7/4 4364/7/4 4366/7/4
f 4367/7/4 4368/7/4 4369/7/4
f 4369/7/4 4368/7/4 4370/7/4
f 4371/7/4 4372/7/4 4375/7/4
f 4375/7/4 4372/7/4 4376/7/4
f 4373/3/4 4374/3/4 4377/3/4
f 4374/3/4 4375/3/4 4377/3/4
f 4377/3/4 4375/3/4 4378/3/4
f 4379/3/4 4380/3/4 4382/3/4
f 4382/3/4 4380/3/4 4383/3/4
f 4383/3/4 4380/3/4 4384/3/4
f 4381/3/4 4382/3/4 4387/3/4
f 4387/3/4 4382/3/4 4388/3/4
f 4385/3/4 4386/3/4 4389/3/4
f 4389/3/4 4386/3/4 4390/3/4
f 4391/7/4 4392/7/4 4393/7/4
f 4393/7/4 4392/7/4 4394/7/4
f 4395/3/4 4396/3/4 4397/3/4
f 4397/3/4 4396/3/4 4398/3/4
f 4399/3/4 4400/3/4 4401/3/4
f 4401/3/4 4400/3/4 4402/3/4
f 4403/7/4 4404/7/4 4405/7/4
f 4405/7/4 4404/7/4 4406/7/4
f 4407/7/4 4408/7/4 4409/7/4
f 4409/7/4 4408/7/4 4410/7/4
f 4411/3/4 4412/3/4 4413/3/4
f 4413/3/4 4412/3/4 4414/3/4
f 4415/7/4 4416/7/4 4417/7/4
f 4417/7/4 4416/7/4 4418/7/4
f 4418/7/4 4416/7/4 4419/7/4
f 4419/7/4 4416/7/4 4420/7/4
f 4421/7/4 4422/7/4 4423/7/4
f 4423/7/4 4422/7/4 4424/7/4
f 4425/7/4 4426/7/4 4427/7/4
f 4427/7/4 4426/7/4 4428/7/4
f 4429/6/4 4430/6/4 4431/6/4
f 4431/6/4 4430/6/4 4432/6/4
f 4433/3/4 4434/3/4 4437/3/4
f 4435/7/4 4436/7/4 4439/7/4
f 4439/7/4 4436/7/4 4440/7/4
f 4433/3/4 4437/3/4 4441/3/4
f 4441/3/4 4437/3/4 4442/3/4
f 4438/1/4 4439/1/4 4443/1/4
f 4443/1/4 4439/1/4 4444/1/4
f 4441/4/4 4442/4/4 4445/4/4
f 4445/4/4 4442/4/4 4446/4/4
f 4445/3/4 4446/3/4 4447/3/4
f 4447/3/4 4446/3/4 4448/3/4
f 4443/3/4 4444/3/4 4449/3/4
f 4449/3/4 4444/3/4 4450/3/4
f 4451/7/4 4452/7/4 4453/7/4
f 4453/7/4 4452/7/4 4455/7/4
f 4455/7/4 4452/7/4 4456/7/4
f 4454/7/4 4455/7/4 4459/7/4
f 4459/7/4 4455/7/4 4460/7/4
f 4457/7/4 4458/7/4 4462/7/4
f 4462/7/4 4458/7/4 4463/7/4
f 4460/7/4 4461/7/4 4464/7/4
f 4464/7/4 4461/7/4 4465/7/4
f 4466/7/4 4467/7/4 4469/7/4
f 4467/7/4 4468/7/4 4469/7/4
f 4469/7/4 4468/7/4 4470/7/4
f 4471/7/4 4472/7/4 4474/7/4
f 4474/7/4 4472/7/4 4475/7/4
f 4473/3/4 4474/3/4 4476/3/4
f 4474/4/4 4475/4/4 4477/4/4
f 4476/3/4 4474/3/4 4477/3/4
f 4477/4/4 4475/4/4 4478/4/4
f 4476/1/4 4477/1/4 4479/1/4
f 4479/1/4 4477/1/4 4480/1/4
f 4479/4/4 4480/4/4 4482/4/4
f 4482/4/4 4480/4/4 4483/4/4
f 4482/3/4 4483/3/4 4485/3/4
f 4483/3/4 4484/3/4 4485/3/4
f 4481/3/4 4482/3/4 4485/3/4
f 4485/3/4 4484/3/4 4486/3/4
f 4486/3/4 4484/3/4 4487/3/4
f 4487/3/4 4484/3/4 4488/3/4
f 4488/3/4 4484/3/4 4489/3/4
f 4485/7/4 4486/7/4 4490/7/4
f 4490/7/4 4486/7/4 4491/7/4
f 4488/4/4 4489/4/4 4492/4/4
f 4492/4/4 4489/4/4 4493/4/4
f 4490/1/4 4491/1/4 4494/1/4
f 4494/1/4 4491/1/4 4495/1/4
f 4492/1/4 4493/1/4 4496/1/4
f 4496/1/4 4493/1/4 4497/1/4
f 4496/4/4 4497/4/4 4500/4/4
f 4500/4/4 4497/4/4 4501/4/4
f 4498/3/4 4499/3/4 4502/3/4
f 4502/3/4 4499/3/4 4503/3/4
f 4504/1/4 4505/1/4 4506/1/4
f 4506/1/4 4505/1/4 4507/1/4
f 4508/3/4 4509/3/4 4512/3/4
f 4512/3/4 4509/3/4 4513/3/4
f 4510/7/4 4511/7/4 4514/7/4
f 4514/7/4 4511/7/4 4515/7/4
f 4516/3/4 4517/3/4 4519/3/4
f 4519/3/4 4517/3/4 4520/3/4
f 4518/3/4 4519/3/4 4521/3/4
f 4519/4/4 4520/4/4 4522/4/4
f 4521/3/4 4519/3/4 4522/3/4
f 4522/4/4 4520/4/4 4523/4/4
f 4523/4/4 4520/4/4 4524/4/4
f 4523/1/4 4524/1/4 4526/1/4
f 4524/4/4 4525/4/4 4527/4/4
f 4526/1/4 4524/1/4 4527/1/4
f 4527/4/4 4525/4/4 4528/4/4
f 4526/7/4 4527/7/4 4529/7/4
f 4527/3/4 4528/3/4 4530/3/4
f 4529/7/4 4527/7/4 4530/7/4
f 4530/3/4 4528/3/4 4531/3/4
f 4535/3/5 4533/3/5 4532/3/5
f 4538/3/5 4533/3/5 4535/3/5
f 4538/3/5 4535/3/5 4534/3/5
f 4539/3/5 4537/3/5 4536/3/5
f 4540/3/5 4537/3/5 4539/3/5
f 4541/3/5 4538/3/5 4534/3/5
f 4541/3/5 4539/3/5 4538/3/5
f 4542/3/5 4539/3/5 4541/3/5
f 4543/3/5 4539/3/5 4542/3/5
f 4544/3/5 4539/3/5 4543/3/5
f 4545/3/5 4543/3/5 4542/3/5
f 4546/3/5 4543/3/5 4545/3/5
f 4550/7/5 4548/7/5 4547/7/5
f 4551/7/5 4548/7/5 4550/7/5
f 4557/7/5 4550/7/5 4549/7/5
f 4558/7/5 4550/7/5 4557/7/5
f 4559/3/5 4554/3/5 4553/3/5
f 4560/3/5 4554/3/5 4559/3/5
f 4562/3/5 4556/3/5 4555/3/5
f 4563/3/5 4556/3/5 4562/3/5
f 4564/7/5 4552/7/5 4551/7/5
f 4565/7/5 4552/7/5 4564/7/5
f 4566/7/5 4559/7/5 4558/7/5
f 4567/7/5 4559/7/5 4566/7/5
f 4568/6/5 4561/6/5 4560/6/5
f 4569/7/5 4562/7/5 4561/7/5
f 4569/6/5 4561/6/5 4568/6/5
f 4570/7/5 4562/7/5 4569/7/5
f 4571/7/5 4564/7/5 4563/7/5
f 4572/7/5 4564/7/5 4571/7/5
f 4575/3/5 4574/3/5 4573/3/5
f 4576/3/5 4574/3/5 4575/3/5
f 4578/3/5 4575/3/5 4573/3/5
f 4579/3/5 4575/3/5 4578/3/5
f 4580/3/5 4577/3/5 4576/3/5
f 4581/3/5 4577/3/5 4580/3/5
f 4582/3/5 4575/3/5 4579/3/5
f 4583/3/5 4575/3/5 4582/3/5
f 4593/7/5 4585/7/5 4584/7/5
f 4594/7/5 4585/7/5 4593/7/5
f 4595/7/5 4587/7/5 4586/7/5
f 4596/6/5 4588/6/5 4587/6/5
f 4596/7/5 4587/7/5 4595/7/5
f 4597/7/5 4589/7/5 4588/7/5
f 4597/6/5 4588/6/5 4596/6/5
f 4598/7/5 4589/7/5 4597/7/5
f 4599/7/5 4591/7/5 4590/7/5
f 4600/7/5 4591/7/5 4599/7/5
f 4602/5/5 4594/5/5 4593/5/5
f 4602/3/5 4595/3/5 4594/3/5
f 4603/5/5 4598/5/5 4597/5/5
f 4603/3/5 4595/3/5 4602/3/5
f 4603/5/5 4596/5/5 4595/5/5
f 4603/5/5 4597/5/5 4596/5/5
f 4604/3/5 4599/3/5 4598/3/5
f 4604/5/5 4598/5/5 4603/5/5
f 4605/5/5 4600/5/5 4599/5/5
f 4605/3/5 4599/3/5 4604/3/5
f 4606/7/5 4593/7/5 4592/7/5
f 4607/5/5 4604/5/5 4603/5/5
f 4607/7/5 4593/7/5 4606/7/5
f 4607/5/5 4602/5/5 4593/5/5
f 4607/5/5 4605/5/5 4604/5/5
f 4607/5/5 4603/5/5 4602/5/5
f 4608/7/5 4601/7/5 4600/7/5
f 4608/5/5 4605/5/5 4607/5/5
f 4608/5/5 4600/5/5 4605/5/5
f 4609/7/5 4601/7/5 4608/7/5
f 4610/7/5 4608/7/5 4607/7/5
f 4611/7/5 4608/7/5 4610/7/5
f 4615/3/5 4613/3/5 4612/3/5
f 4616/3/5 4613/3/5 4615/3/5
f 4616/3/5 4615/3/5 4614/3/5
f 4617/3/5 4613/3/5 4616/3/5
f 4618/3/5 4616/3/5 4614/3/5
f 4619/3/5 4616/3/5 4618/3/5
f 4621/3/5 4620/3/5 4619/3/5
f 4622/3/5 4620/3/5 4621/3/5
f 4626/3/5 4624/3/5 4623/3/5
f 4627/3/5 4624/3/5 4626/3/5
f 4627/3/5 4626/3/5 4625/3/5
f 4628/3/5 4624/3/5 4627/3/5
f 4629/3/5 4627/3/5 4625/3/5
f 4630/3/5 4627/3/5 4629/3/5
f 4633/7/5 4632/7/5 4631/7/5
f 4634/7/5 4632/7/5 4633/7/5
f 4635/7/5 4632/7/5 4634/7/5
f 4636/7/5 4632/7/5 4635/7/5
f 4637/7/5 4635/7/5 4634/7/5
f 4638/7/5 4635/7/5 4637/7/5
f 4639/7/5 4635/7/5 4638/7/5
f 4640/7/5 4632/7/5 4636/7/5
f 4641/7/5 4632/7/5 4640/7/5
f 4645/7/5 4643/7/5 4642/7/5
f 4646/6/5 4644/6/5 4643/6/5
f 4646/7/5 4643/7/5 4645/7/5
f 4647/6/5 4644/6/5 4646/6/5
f 4650/7/5 4649/7/5 4648/7/5
f 4651/7/5 4649/7/5 4650/7/5
f 4654/3/5 4653/3/5 4652/3/5
f 4655/3/5 4653/3/5 4654/3/5
f 4658/3/5 4657/3/5 4656/3/5
f 4659/3/5 4657/3/5 4658/3/5
f 4662/3/5 4661/3/5 4660/3/5
f 4663/3/5 4661/3/5 4662/3/5
f 4666/4/5 4665/4/5 4664/4/5
f 4667/4/5 4665/4/5 4666/4/5
f 4670/3/5 4669/3/5 4668/3/5
f 4671/3/5 4669/3/5 4670/3/5
f 4676/7/5 4673/7/5 4672/7/5
f 4677/6/5 4674/6/5 4673/6/5
f 4677/7/5 4673/7/5 4676/7/5
f 4678/7/5 4675/7/5 4674/7/5
f 4678/6/5 4674/6/5 4677/6/5
f 4679/7/5 4675/7/5 4678/7/5
f 4683/7/5 4681/7/5 4680/7/5
f 4684/6/5 4682/6/5 4681/6/5
f 4684/7/5 4681/7/5 4683/7/5
f 4685/6/5 4682/6/5 4684/6/5
f 4688/3/5 4687/3/5 4686/3/5
f 4689/3/5 4687/3/5 4688/3/5
f 4693/7/5 4691/7/5 4690/7/5
f 4694/7/5 4691/7/5 4693/7/5
f 4696/7/5 4693/7/5 4692/7/5
f 4697/7/5 4693/7/5 4696/7/5
f 4699/7/5 4695/7/5 4694/7/5
f 4700/7/5 4695/7/5 4699/7/5
f 4702/7/5 4698/7/5 4697/7/5
f 4703/7/5 4698/7/5 4702/7/5
f 4706/7/5 4702/7/5 4701/7/5
f 4707/7/5 4702/7/5 4706/7/5
f 4711/7/5 4705/7/5 4704/7/5
f 4712/7/5 4705/7/5 4711/7/5
f 4713/7/5 4708/7/5 4707/7/5
f 4714/6/5 4710/6/5 4709/6/5
f 4714/7/5 4708/7/5 4713/7/5
f 4714/6/5 4709/6/5 4708/6/5
f 4715/7/5 4711/7/5 4710/7/5
f 4715/6/5 4710/6/5 4714/6/5
f 4716/7/5 4711/7/5 4715/7/5
f 4720/3/5 4718/3/5 4717/3/5
f 4721/3/5 4718/3/5 4720/3/5
f 4722/4/5 4720/4/5 4719/4/5
f 4723/4/5 4720/4/5 4722/4/5
f 4729/7/5 4725/7/5 4724/7/5
f 4730/6/5 4726/6/5 4725/6/5
f 4730/7/5 4725/7/5 4729/7/5
f 4731/7/5 4727/7/5 4726/7/5
f 4731/6/5 4726/6/5 4730/6/5
f 4732/7/5 4727/7/5 4731/7/5
f 4734/7/5 4729/7/5 4728/7/5
f 4735/7/5 4729/7/5 4734/7/5
f 4736/7/5 4733/7/5 4732/7/5
f 4737/7/5 4733/7/5 4736/7/5
f 4742/7/5 4739/7/5 4738/7/5
f 4743/7/5 4739/7/5 4742/7/5
f 4744/7/5 4741/7/5 4740/7/5
f 4745/7/5 4741/7/5 4744/7/5
f 4746/7/5 4744/7/5 4743/7/5
f 4747/7/5 4744/7/5 4746/7/5
f 4750/3/5 4749/3/5 4748/3/5
f 4751/3/5 4749/3/5 4750/3/5
f 4755/7/5 4753/7/5 4752/7/5
f 4756/7/5 4753/7/5 4755/7/5
f 4758/7/5 4755/7/5 4754/7/5
f 4759/7/5 4755/7/5 4758/7/5
f 4760/7/5 4757/7/5 4756/7/5
f 4761/7/5 4757/7/5 4760/7/5
f 4766/7/5 4763/7/5 4762/7/5
f 4767/7/5 4763/7/5 4766/7/5
f 4771/7/5 4765/7/5 4764/7/5
f 4772/7/5 4765/7/5 4771/7/5
f 4773/7/5 4768/7/5 4767/7/5
f 4773/7/5 4769/7/5 4768/7/5
f 4774/6/5 4770/6/5 4769/6/5
f 4774/7/5 4769/7/5 4773/7/5
f 4775/7/5 4771/7/5 4770/7/5
f 4775/6/5 4770/6/5 4774/6/5
f 4776/7/5 4771/7/5 4775/7/5
f 4779/7/5 4778/7/5 4777/7/5
f 4780/7/5 4778/7/5 4779/7/5
f 4786/7/5 4782/7/5 4781/7/5
f 4787/6/5 4783/6/5 4782/6/5
f 4787/7/5 4782/7/5 4786/7/5
f 4788/6/5 4783/6/5 4787/6/5
f 4789/7/5 4784/7/5 4783/7/5
f 4789/6/5 4783/6/5 4788/6/5
f 4790/7/5 4784/7/5 4789/7/5
f 4791/7/5 4784/7/5 4790/7/5
f 4793/7/5 4786/7/5 4785/7/5
f 4794/7/5 4786/7/5 4793/7/5
f 4795/7/5 4792/7/5 4791/7/5
f 4796/7/5 4792/7/5 4795/7/5
f 4801/7/5 4798/7/5 4797/7/5
f 4802/7/5 4798/7/5 4801/7/5
f 4803/7/5 4800/7/5 4799/7/5
f 4804/7/5 4800/7/5 4803/7/5
f 4805/7/5 4803/7/5 4802/7/5
f 4806/7/5 4803/7/5 4805/7/5
f 4809/4/5 4808/4/5 4807/4/5
f 4810/4/5 4808/4/5 4809/4/5
f 4816/7/5 4812/7/5 4811/7/5
f 4817/7/5 4814/7/5 4813/7/5
f 4818/7/5 4814/7/5 4817/7/5
f 4819/7/5 4814/7/5 4818/7/5
f 4820/7/5 4816/7/5 4815/7/5
f 4821/7/5 4817/7/5 4813/7/5
f 4822/7/5 4819/7/5 4818/7/5
f 4822/7/5 4820/7/5 4819/7/5
f 4823/7/5 4821/7/5 4813/7/5
f 4823/7/5 4822/7/5 4821/7/5
f 4824/7/5 4822/7/5 4823/7/5
f 4825/7/5 4820/7/5 4822/7/5
f 4825/7/5 4822/7/5 4824/7/5
f 4825/7/5 4812/7/5 4816/7/5
f 4825/7/5 4816/7/5 4820/7/5
f 4826/7/5 4812/7/5 4825/7/5
f 4827/7/5 4825/7/5 4824/7/5
f 4828/7/5 4825/7/5 4827/7/5
f 4830/7/5 4827/7/5 4824/7/5
f 4831/3/5 4828/3/5 4827/3/5
f 4831/7/5 4827/7/5 4830/7/5
f 4832/7/5 4825/7/5 4828/7/5
f 4832/3/5 4828/3/5 4831/3/5
f 4833/7/5 4831/7/5 4830/7/5
f 4833/7/5 4825/7/5 4832/7/5
f 4833/7/5 4832/7/5 4831/7/5
f 4833/7/5 4830/7/5 4829/7/5
f 4835/7/5 4833/7/5 4829/7/5
f 4835/7/5 4834/7/5 4833/7/5
f 4836/7/5 4834/7/5 4835/7/5
f 4837/7/5 4835/7/5 4829/7/5
f 4838/7/5 4835/7/5 4837/7/5
f 4839/7/5 4835/7/5 4838/7/5
f 4840/7/5 4835/7/5 4839/7/5
f 4841/7/5 4834/7/5 4836/7/5
f 4842/7/5 4834/7/5 4841/7/5
f 4843/7/5 4834/7/5 4842/7/5
f 4844/7/5 4834/7/5 4843/7/5
f 4845/5/5 4841/5/5 4840/5/5
f 4846/5/5 4841/5/5 4845/5/5
f 4848/7/5 4839/7/5 4838/7/5
f 4849/7/5 4843/7/5 4842/7/5
f 4853/7/5 4850/7/5 4849/7/5
f 4855/7/5 4853/7/5 4849/7/5
f 4855/3/5 4854/3/5 4853/3/5
f 4856/3/5 4854/3/5 4855/3/5
f 4857/7/5 4848/7/5 4847/7/5
f 4857/7/5 4839/7/5 4848/7/5
f 4858/5/5 4852/5/5 4851/5/5
f 4859/5/5 4852/5/5 4858/5/5
f 4860/5/5 4852/5/5 4859/5/5
f 4861/5/5 4852/5/5 4860/5/5
f 4862/7/5 4849/7/5 4842/7/5
f 4862/7/5 4855/7/5 4849/7/5
f 4863/7/5 4858/7/5 4857/7/5
f 4866/7/5 4862/7/5 4861/7/5
f 4868/7/5 4865/7/5 4864/7/5
f 4868/7/5 4866/7/5 4865/7/5
f 4868/7/5 4857/7/5 4847/7/5
f 4868/7/5 4863/7/5 4857/7/5
f 4868/7/5 4864/7/5 4863/7/5
f 4869/7/5 4862/7/5 4866/7/5
f 4869/7/5 4855/7/5 4862/7/5
f 4869/7/5 4866/7/5 4868/7/5
f 4870/7/5 4855/7/5 4869/7/5
f 4871/3/5 4868/3/5 4867/3/5
f 4872/7/5 4869/7/5 4868/7/5
f 4872/3/5 4868/3/5 4871/3/5
f 4873/7/5 4869/7/5 4872/7/5
f 4874/7/5 4869/7/5 4873/7/5
f 4875/7/5 4873/7/5 4872/7/5
f 4876/7/5 4873/7/5 4875/7/5
f 4877/7/5 4873/7/5 4876/7/5
f 4878/7/5 4876/7/5 4875/7/5
f 4879/7/5 4876/7/5 4878/7/5
f 4880/7/5 4878/7/5 4875/7/5
f 4881/7/5 4878/7/5 4880/7/5
f 4882/7/5 4880/7/5 4875/7/5
f 4883/7/5 4880/7/5 4882/7/5
f 4887/7/5 4885/7/5 4884/7/5
f 4888/7/5 4885/7/5 4887/7/5
f 4890/7/5 4887/7/5 4886/7/5
f 4891/7/5 4887/7/5 4890/7/5
f 4892/7/5 4889/7/5 4888/7/5
f 4893/7/5 4889/7/5 4892/7/5
f 4897/7/5 4895/7/5 4894/7/5
f 4898/7/5 4895/7/5 4897/7/5
f 4898/7/5 4897/7/5 4896/7/5
f 4899/7/5 4895/7/5 4898/7/5
f 4903/7/5 4898/7/5 4896/7/5
f 4904/7/5 4898/7/5 4903/7/5
f 4906/7/5 4901/7/5 4900/7/5
f 4907/7/5 4905/7/5 4904/7/5
f 4907/7/5 4903/7/5 4902/7/5
f 4907/7/5 4904/7/5 4903/7/5
f 4909/7/5 4906/7/5 4900/7/5
f 4909/7/5 4907/7/5 4906/7/5
f 4910/7/5 4907/7/5 4909/7/5
f 4911/7/5 4907/7/5 4910/7/5
f 4912/7/5 4907/7/5 4911/7/5
f 4913/7/5 4905/7/5 4907/7/5
f 4913/7/5 4907/7/5 4912/7/5
f 4914/7/5 4909/7/5 4908/7/5
f 4914/7/5 4910/7/5 4909/7/5
f 4915/7/5 4910/7/5 4914/7/5
f 4916/7/5 4905/7/5 4913/7/5
f 4917/7/5 4905/7/5 4916/7/5
f 4918/7/5 4905/7/5 4917/7/5
f 4919/7/5 4905/7/5 4918/7/5
f 4920/7/5 4914/7/5 4908/7/5
f 4921/7/5 4914/7/5 4920/7/5
f 4922/7/5 4918/7/5 4917/7/5
f 4924/7/5 4914/7/5 4921/7/5
f 4927/7/5 4923/7/5 4922/7/5
f 4927/7/5 4922/7/5 4917/7/5
f 4928/7/5 4925/7/5 4924/7/5
f 4929/7/5 4927/7/5 4926/7/5
f 4931/7/5 4928/7/5 4924/7/5
f 4931/7/5 4929/7/5 4928/7/5
f 4931/7/5 4924/7/5 4921/7/5
f 4932/7/5 4931/7/5 4930/7/5
f 4933/7/5 4929/7/5 4931/7/5
f 4933/7/5 4931/7/5 4932/7/5
f 4934/7/5 4927/7/5 4929/7/5
f 4934/7/5 4929/7/5 4933/7/5
f 4934/7/5 4923/7/5 4927/7/5
f 4935/7/5 4923/7/5 4934/7/5
f 4937/7/5 4934/7/5 4933/7/5
f 4938/7/5 4934/7/5 4937/7/5
f 4938/7/5 4937/7/5 4936/7/5
f 4940/7/5 4938/7/5 4936/7/5
f 4940/7/5 4939/7/5 4938/7/5
f 4941/7/5 4939/7/5 4940/7/5
f 4942/7/5 4939/7/5 4941/7/5
f 4943/7/5 4939/7/5 4942/7/5
f 4944/7/5 4942/7/5 4941/7/5
f 4945/7/5 4942/7/5 4944/7/5
f 4947/7/5 4942/7/5 4945/7/5
f 4948/7/5 4942/7/5 4947/7/5
f 4948/7/5 4947/7/5 4946/7/5
f 4950/7/5 4948/7/5 4946/7/5
f 4950/7/5 4949/7/5 4948/7/5
f 4951/7/5 4949/7/5 4950/7/5
f 4952/7/5 4949/7/5 4951/7/5
f 4953/7/5 4949/7/5 4952/7/5
f 4954/7/5 4949/7/5 4953/7/5
f 4955/7/5 4949/7/5 4954/7/5
f 4956/7/5 4949/7/5 4955/7/5
f 4957/7/5 4949/7/5 4956/7/5
f 4958/3/5 4953/3/5 4952/3/5
f 4959/4/5 4954/4/5 4953/4/5
f 4959/3/5 4953/3/5 4958/3/5
f 4960/3/5 4955/3/5 4954/3/5
f 4960/4/5 4954/4/5 4959/4/5
f 4961/7/5 4956/7/5 4955/7/5
f 4961/3/5 4955/3/5 4960/3/5
f 4962/7/5 4956/7/5 4961/7/5
f 4963/7/5 4956/7/5 4962/7/5
f 4964/7/5 4956/7/5 4963/7/5
f 4965/7/5 4956/7/5 4964/7/5
f 4966/7/5 4956/7/5 4965/7/5
f 4967/7/5 4956/7/5 4966/7/5
f 4968/3/5 4962/3/5 4961/3/5
f 4969/7/5 4963/7/5 4962/7/5
f 4969/3/5 4962/3/5 4968/3/5
f 4970/1/5 4964/1/5 4963/1/5
f 4970/7/5 4963/7/5 4969/7/5
f 4971/7/5 4965/7/5 4964/7/5
f 4971/1/5 4964/1/5 4970/1/5
f 4972/3/5 4966/3/5 4965/3/5
f 4972/7/5 4965/7/5 4971/7/5
f 4973/3/5 4966/3/5 4972/3/5
f 4974/3/5 4972/3/5 4971/3/5
f 4975/3/5 4972/3/5 4974/3/5
f 4982/3/5 4977/3/5 4976/3/5
f 4983/3/5 4977/3/5 4982/3/5
f 4984/3/5 4979/3/5 4978/3/5
f 4985/3/5 4979/3/5 4984/3/5
f 4991/7/5 4981/7/5 4980/7/5
f 4992/7/5 4981/7/5 4991/7/5
f 4993/7/5 4983/7/5 4982/7/5
f 4994/7/5 4983/7/5 4993/7/5
f 4995/3/5 4984/3/5 4983/3/5
f 4995/7/5 4983/7/5 4994/7/5
f 4996/1/5 4985/1/5 4984/1/5
f 4996/3/5 4984/3/5 4995/3/5
f 4997/4/5 4986/4/5 4985/4/5
f 4997/1/5 4985/1/5 4996/1/5
f 4998/4/5 4986/4/5 4997/4/5
f 5001/4/5 4988/4/5 4987/4/5
f 5002/3/5 4989/3/5 4988/3/5
f 5002/4/5 4988/4/5 5001/4/5
f 5003/1/5 4990/1/5 4989/1/5
f 5003/3/5 4989/3/5 5002/3/5
f 5004/3/5 4991/3/5 4990/3/5
f 5004/1/5 4990/1/5 5003/1/5
f 5004/3/5 4992/3/5 4991/3/5
f 5005/3/5 4992/3/5 5004/3/5
f 5006/3/5 4992/3/5 5005/3/5
f 5007/6/5 4994/6/5 4993/6/5
f 5007/7/5 4995/7/5 4994/7/5
f 5007/7/5 4996/7/5 4995/7/5
f 5007/7/5 4997/7/5 4996/7/5
f 5008/3/5 4998/3/5 4997/3/5
f 5008/7/5 4997/7/5 5007/7/5
f 5009/3/5 4998/3/5 5008/3/5
f 5010/3/5 5000/3/5 4999/3/5
f 5011/3/5 5000/3/5 5010/3/5
f 5012/7/5 5001/7/5 5000/7/5
f 5012/3/5 5000/3/5 5011/3/5
f 5013/4/5 5002/4/5 5001/4/5
f 5013/7/5 5001/7/5 5012/7/5
f 5014/4/5 5002/4/5 5013/4/5
f 5015/7/5 5006/7/5 5005/7/5
f 5016/7/5 5006/7/5 5015/7/5
f 5019/3/5 5009/3/5 5008/3/5
f 5020/7/5 5011/7/5 5010/7/5
f 5020/3/5 5009/3/5 5019/3/5
f 5020/7/5 5010/7/5 5009/7/5
f 5021/7/5 5011/7/5 5020/7/5
f 5022/6/5 5007/6/5 4993/6/5
f 5023/6/5 5007/6/5 5022/6/5
f 5024/3/5 5018/3/5 5017/3/5
f 5025/3/5 5018/3/5 5024/3/5
f 5026/6/5 5016/6/5 5015/6/5
f 5027/6/5 5016/6/5 5026/6/5
f 5028/7/5 5023/7/5 5022/7/5
f 5029/7/5 5023/7/5 5028/7/5
f 5032/7/5 5027/7/5 5026/7/5
f 5033/7/5 5027/7/5 5032/7/5
f 5034/7/5 5030/7/5 5029/7/5
f 5035/3/5 5033/3/5 5032/3/5
f 5035/7/5 5032/7/5 5031/7/5
f 5036/3/5 5033/3/5 5035/3/5
f 5038/7/5 5030/7/5 5034/7/5
f 5039/7/5 5030/7/5 5038/7/5
f 5040/7/5 5035/7/5 5031/7/5
f 5042/7/5 5040/7/5 5031/7/5
f 5043/3/5 5041/3/5 5040/3/5
f 5043/7/5 5040/7/5 5042/7/5
f 5044/3/5 5041/3/5 5043/3/5
f 5045/7/5 5038/7/5 5037/7/5
f 5046/7/5 5038/7/5 5045/7/5
f 5047/7/5 5044/7/5 5043/7/5
f 5048/7/5 5044/7/5 5047/7/5
f 5049/6/5 5048/6/5 5047/6/5
f 5050/6/5 5048/6/5 5049/6/5
f 5051/6/5 5046/6/5 5045/6/5
f 5052/6/5 5046/6/5 5051/6/5
f 5055/7/5 5050/7/5 5049/7/5
f 5056/7/5 5050/7/5 5055/7/5
f 5057/7/5 5052/7/5 5051/7/5
f 5058/5/5 5053/5/5 5052/5/5
f 5058/7/5 5052/7/5 5057/7/5
f 5059/5/5 5053/5/5 5058/5/5
f 5060/7/5 5055/7/5 5054/7/5
f 5060/3/5 5056/3/5 5055/3/5
f 5061/3/5 5056/3/5 5060/3/5
f 5063/7/5 5059/7/5 5058/7/5
f 5064/7/5 5059/7/5 5063/7/5
f 5065/7/5 5060/7/5 5054/7/5
f 5067/3/5 5063/3/5 5062/3/5
f 5068/5/5 5064/5/5 5063/5/5
f 5068/3/5 5063/3/5 5067/3/5
f 5069/5/5 5064/5/5 5068/5/5
f 5070/7/5 5066/7/5 5065/7/5
f 5070/7/5 5065/7/5 5054/7/5
f 5071/7/5 5066/7/5 5070/7/5
f 5072/7/5 5066/7/5 5071/7/5
f 5073/7/5 5066/7/5 5072/7/5
f 5076/7/5 5068/7/5 5067/7/5
f 5077/7/5 5068/7/5 5076/7/5
f 5078/6/5 5075/6/5 5074/6/5
f 5079/6/5 5075/6/5 5078/6/5
f 5081/6/5 5077/6/5 5076/6/5
f 5082/6/5 5077/6/5 5081/6/5
f 5084/7/5 5079/7/5 5078/7/5
f 5085/3/5 5081/3/5 5080/3/5
f 5086/3/5 5081/3/5 5085/3/5
f 5089/7/5 5084/7/5 5083/7/5
f 5090/7/5 5079/7/5 5084/7/5
f 5090/7/5 5084/7/5 5089/7/5
f 5091/7/5 5079/7/5 5090/7/5
f 5095/4/5 5088/4/5 5087/4/5
f 5096/3/5 5089/3/5 5088/3/5
f 5096/4/5 5088/4/5 5095/4/5
f 5097/1/5 5090/1/5 5089/1/5
f 5097/3/5 5089/3/5 5096/3/5
f 5098/1/5 5090/1/5 5097/1/5
f 5099/3/5 5093/3/5 5092/3/5
f 5100/3/5 5093/3/5 5099/3/5
f 5103/7/5 5095/7/5 5094/7/5
f 5104/7/5 5095/7/5 5103/7/5
f 5105/4/5 5102/4/5 5101/4/5
f 5106/7/5 5103/7/5 5102/7/5
f 5106/4/5 5102/4/5 5105/4/5
f 5107/4/5 5104/4/5 5103/4/5
f 5107/7/5 5103/7/5 5106/7/5
f 5108/4/5 5104/4/5 5107/4/5
f 5109/7/5 5100/7/5 5099/7/5
f 5110/7/5 5100/7/5 5109/7/5
f 5114/6/5 5110/6/5 5109/6/5
f 5115/6/5 5110/6/5 5114/6/5
f 5116/7/5 5112/7/5 5111/7/5
f 5117/4/5 5113/4/5 5112/4/5
f 5117/7/5 5112/7/5 5116/7/5
f 5118/4/5 5113/4/5 5117/4/5
f 5121/7/5 5116/7/5 5115/7/5
f 5121/7/5 5115/7/5 5114/7/5
f 5121/7/5 5117/7/5 5116/7/5
f 5122/3/5 5118/3/5 5117/3/5
f 5122/7/5 5117/7/5 5121/7/5
f 5123/3/5 5118/3/5 5122/3/5
f 5125/7/5 5120/7/5 5119/7/5
f 5126/7/5 5120/7/5 5125/7/5
f 5128/7/5 5127/7/5 5126/7/5
f 5128/7/5 5126/7/5 5125/7/5
f 5128/7/5 5125/7/5 5124/7/5
f 5129/7/5 5127/7/5 5128/7/5
f 5131/7/5 5128/7/5 5124/7/5
f 5132/7/5 5128/7/5 5131/7/5
f 5133/7/5 5131/7/5 5130/7/5
f 5134/7/5 5131/7/5 5133/7/5
f 5138/7/5 5135/7/5 5134/7/5
f 5139/7/5 5135/7/5 5138/7/5
f 5141/7/5 5137/7/5 5136/7/5
f 5143/7/5 5141/7/5 5140/7/5
f 5144/7/5 5137/7/5 5141/7/5
f 5144/7/5 5141/7/5 5143/7/5
f 5145/7/5 5143/7/5 5142/7/5
f 5146/7/5 5143/7/5 5145/7/5
f 5147/7/5 5137/7/5 5144/7/5
f 5148/7/5 5137/7/5 5147/7/5
f 5158/7/5 5150/7/5 5149/7/5
f 5159/7/5 5150/7/5 5158/7/5
f 5160/3/5 5152/3/5 5151/3/5
f 5160/3/5 5153/3/5 5152/3/5
f 5161/3/5 5153/3/5 5160/3/5
f 5162/3/5 5153/3/5 5161/3/5
f 5163/3/5 5155/3/5 5154/3/5
f 5164/3/5 5155/3/5 5163/3/5
f 5166/3/5 5157/3/5 5156/3/5
f 5167/7/5 5158/7/5 5157/7/5
f 5167/3/5 5157/3/5 5166/3/5
f 5168/7/5 5158/7/5 5167/7/5
f 5169/7/5 5162/7/5 5161/7/5
f 5170/7/5 5162/7/5 5169/7/5
f 5171/7/5 5165/7/5 5164/7/5
f 5171/7/5 5164/7/5 5163/7/5
f 5172/7/5 5165/7/5 5171/7/5
f 5173/7/5 5165/7/5 5172/7/5
f 5174/6/5 5172/6/5 5171/6/5
f 5175/6/5 5172/6/5 5174/6/5
f 5176/6/5 5170/6/5 5169/6/5
f 5177/6/5 5170/6/5 5176/6/5
f 5179/7/5 5177/7/5 5176/7/5
f 5180/7/5 5177/7/5 5179/7/5
f 5181/7/5 5175/7/5 5174/7/5
f 5182/7/5 5175/7/5 5181/7/5
f 5183/7/5 5179/7/5 5178/7/5
f 5183/3/5 5180/3/5 5179/3/5
f 5184/3/5 5180/3/5 5183/3/5
f 5187/7/5 5183/7/5 5178/7/5
f 5188/3/5 5186/3/5 5185/3/5
f 5189/3/5 5186/3/5 5188/3/5
f 5191/7/5 5187/7/5 5178/7/5
f 5192/7/5 5187/7/5 5191/7/5
f 5194/7/5 5190/7/5 5189/7/5
f 5194/7/5 5189/7/5 5188/7/5
f 5195/7/5 5190/7/5 5194/7/5
f 5196/7/5 5193/7/5 5192/7/5
f 5197/7/5 5193/7/5 5196/7/5
f 5198/6/5 5195/6/5 5194/6/5
f 5199/7/5 5190/7/5 5195/7/5
f 5199/6/5 5195/6/5 5198/6/5
f 5200/7/5 5199/7/5 5198/7/5
f 5201/7/5 5190/7/5 5199/7/5
f 5201/7/5 5199/7/5 5200/7/5
f 5202/6/5 5201/6/5 5200/6/5
f 5203/7/5 5190/7/5 5201/7/5
f 5203/6/5 5201/6/5 5202/6/5
f 5204/7/5 5190/7/5 5203/7/5
f 5205/6/5 5197/6/5 5196/6/5
f 5206/6/5 5197/6/5 5205/6/5
f 5207/7/5 5203/7/5 5202/7/5
f 5210/7/5 5206/7/5 5205/7/5
f 5211/7/5 5206/7/5 5210/7/5
f 5212/7/5 5208/7/5 5207/7/5
f 5212/7/5 5207/7/5 5202/7/5
f 5213/7/5 5208/7/5 5212/7/5
f 5214/7/5 5208/7/5 5213/7/5
f 5215/5/5 5210/5/5 5209/5/5
f 5216/3/5 5211/3/5 5210/3/5
f 5216/5/5 5210/5/5 5215/5/5
f 5217/3/5 5211/3/5 5216/3/5
f 5219/3/5 5214/3/5 5213/3/5
f 5220/3/5 5214/3/5 5219/3/5
f 5221/3/5 5216/3/5 5215/3/5
f 5222/3/5 5216/3/5 5221/3/5
f 5223/7/5 5220/7/5 5219/7/5
f 5223/7/5 5219/7/5 5218/7/5
f 5224/7/5 5220/7/5 5223/7/5
f 5225/7/5 5222/7/5 5221/7/5
f 5227/7/5 5223/7/5 5218/7/5
f 5228/7/5 5223/7/5 5227/7/5
f 5229/7/5 5225/7/5 5221/7/5
f 5229/7/5 5226/7/5 5225/7/5
f 5230/7/5 5226/7/5 5229/7/5
f 5231/7/5 5226/7/5 5230/7/5
f 5232/7/5 5226/7/5 5231/7/5
f 5233/6/5 5232/6/5 5231/6/5
f 5234/6/5 5232/6/5 5233/6/5
f 5235/6/5 5228/6/5 5227/6/5
f 5236/6/5 5228/6/5 5235/6/5
f 5237/7/5 5236/7/5 5235/7/5
f 5238/7/5 5236/7/5 5237/7/5
f 5241/7/5 5234/7/5 5233/7/5
f 5242/7/5 5234/7/5 5241/7/5
f 5243/7/5 5239/7/5 5238/7/5
f 5244/7/5 5239/7/5 5243/7/5
f 5245/3/5 5242/3/5 5241/3/5
f 5245/7/5 5241/7/5 5240/7/5
f 5246/3/5 5242/3/5 5245/3/5
f 5250/7/5 5245/7/5 5240/7/5
f 5252/7/5 5249/7/5 5248/7/5
f 5252/7/5 5248/7/5 5247/7/5
f 5253/7/5 5249/7/5 5252/7/5
f 5254/3/5 5251/3/5 5250/3/5
f 5254/7/5 5250/7/5 5240/7/5
f 5255/3/5 5251/3/5 5254/3/5
f 5256/7/5 5254/7/5 5240/7/5
f 5256/7/5 5255/7/5 5254/7/5
f 5257/7/5 5255/7/5 5256/7/5
f 5258/7/5 5252/7/5 5247/7/5
f 5259/7/5 5252/7/5 5258/7/5
f 5260/7/5 5255/7/5 5257/7/5
f 5261/7/5 5255/7/5 5260/7/5
f 5262/6/5 5259/6/5 5258/6/5
f 5264/7/5 5263/7/5 5262/7/5
f 5266/6/5 5261/6/5 5260/6/5
f 5267/6/5 5261/6/5 5266/6/5
f 5268/6/5 5262/6/5 5258/6/5
f 5269/7/5 5264/7/5 5262/7/5
f 5269/6/5 5262/6/5 5268/6/5
f 5270/7/5 5264/7/5 5269/7/5
f 5276/7/5 5266/7/5 5265/7/5
f 5276/7/5 5267/7/5 5266/7/5
f 5277/7/5 5267/7/5 5276/7/5
f 5278/7/5 5267/7/5 5277/7/5
f 5279/7/5 5270/7/5 5269/7/5
f 5280/3/5 5271/3/5 5270/3/5
f 5280/7/5 5270/7/5 5279/7/5
f 5281/1/5 5272/1/5 5271/1/5
f 5281/3/5 5271/3/5 5280/3/5
f 5282/4/5 5274/4/5 5273/4/5
f 5282/1/5 5272/1/5 5281/1/5
f 5282/4/5 5273/4/5 5272/4/5
f 5283/4/5 5274/4/5 5282/4/5
f 5288/7/5 5276/7/5 5275/7/5
f 5288/7/5 5277/7/5 5276/7/5
f 5289/7/5 5277/7/5 5288/7/5
f 5290/3/5 5280/3/5 5279/3/5
f 5291/3/5 5280/3/5 5290/3/5
f 5292/3/5 5286/3/5 5285/3/5
f 5292/3/5 5285/3/5 5284/3/5
f 5293/3/5 5286/3/5 5292/3/5
f 5294/4/5 5288/4/5 5287/4/5
f 5295/1/5 5289/1/5 5288/1/5
f 5295/4/5 5288/4/5 5294/4/5
f 5296/7/5 5277/7/5 5289/7/5
f 5296/1/5 5289/1/5 5295/1/5
f 5297/7/5 5277/7/5 5296/7/5
f 5302/3/5 5299/3/5 5298/3/5
f 5303/3/5 5299/3/5 5302/3/5
f 5304/4/5 5301/4/5 5300/4/5
f 5305/4/5 5301/4/5 5304/4/5
f 5310/7/5 5307/7/5 5306/7/5
f 5311/3/5 5308/3/5 5307/3/5
f 5311/7/5 5307/7/5 5310/7/5
f 5312/4/5 5309/4/5 5308/4/5
f 5312/3/5 5308/3/5 5311/3/5
f 5313/4/5 5309/4/5 5312/4/5
f 5316/1/5 5315/1/5 5314/1/5
f 5317/1/5 5315/1/5 5316/1/5
f 5318/7/5 5317/7/5 5316/7/5
f 5319/7/5 5317/7/5 5318/7/5
f 5325/4/5 5321/4/5 5320/4/5
f 5326/4/5 5321/4/5 5325/4/5
f 5329/3/5 5323/3/5 5322/3/5
f 5330/4/5 5324/4/5 5323/4/5
f 5330/3/5 5323/3/5 5329/3/5
f 5331/4/5 5324/4/5 5330/4/5
f 5332/3/5 5325/3/5 5324/3/5
f 5332/4/5 5324/4/5 5331/4/5
f 5333/3/5 5325/3/5 5332/3/5
f 5334/3/5 5328/3/5 5327/3/5
f 5335/3/5 5328/3/5 5334/3/5
f 5339/4/5 5337/4/5 5336/4/5
f 5340/4/5 5337/4/5 5339/4/5
f 5347/4/5 5339/4/5 5338/4/5
f 5348/4/5 5339/4/5 5347/4/5
f 5349/4/5 5341/4/5 5340/4/5
f 5350/4/5 5341/4/5 5349/4/5
f 5351/7/5 5343/7/5 5342/7/5
f 5352/7/5 5343/7/5 5351/7/5
f 5353/7/5 5345/7/5 5344/7/5
f 5354/7/5 5345/7/5 5353/7/5
f 5355/7/5 5347/7/5 5346/7/5
f 5356/7/5 5347/7/5 5355/7/5
f 5360/7/5 5358/7/5 5357/7/5
f 5361/7/5 5358/7/5 5360/7/5
f 5362/7/5 5360/7/5 5359/7/5
f 5363/7/5 5360/7/5 5362/7/5
f 5369/7/5 5365/7/5 5364/7/5
f 5371/7/5 5367/7/5 5366/7/5
f 5372/7/5 5367/7/5 5371/7/5
f 5375/7/5 5369/7/5 5368/7/5
f 5376/7/5 5365/7/5 5369/7/5
f 5376/7/5 5369/7/5 5375/7/5
f 5377/7/5 5365/7/5 5376/7/5
f 5380/7/5 5373/7/5 5372/7/5
f 5380/7/5 5371/7/5 5370/7/5
f 5380/7/5 5372/7/5 5371/7/5
f 5381/7/5 5373/7/5 5380/7/5
f 5382/7/5 5373/7/5 5381/7/5
f 5383/7/5 5373/7/5 5382/7/5
f 5384/7/5 5373/7/5 5383/7/5
f 5385/7/5 5375/7/5 5374/7/5
f 5385/7/5 5376/7/5 5375/7/5
f 5386/7/5 5376/7/5 5385/7/5
f 5387/3/5 5377/3/5 5376/3/5
f 5387/7/5 5376/7/5 5386/7/5
f 5388/4/5 5378/4/5 5377/4/5
f 5388/3/5 5377/3/5 5387/3/5
f 5389/4/5 5378/4/5 5388/4/5
f 5390/7/5 5380/7/5 5379/7/5
f 5391/3/5 5381/3/5 5380/3/5
f 5391/7/5 5380/7/5 5390/7/5
f 5392/4/5 5382/4/5 5381/4/5
f 5392/3/5 5381/3/5 5391/3/5
f 5393/3/5 5383/3/5 5382/3/5
f 5393/4/5 5382/4/5 5392/4/5
f 5394/4/5 5384/4/5 5383/4/5
f 5394/3/5 5383/3/5 5393/3/5
f 5395/1/5 5385/1/5 5384/1/5
f 5395/4/5 5384/4/5 5394/4/5
f 5396/1/5 5385/1/5 5395/1/5
f 5399/7/5 5398/7/5 5397/7/5
f 5400/7/5 5398/7/5 5399/7/5
f 5403/7/5 5402/7/5 5401/7/5
f 5404/7/5 5402/7/5 5403/7/5
f 5407/6/5 5406/6/5 5405/6/5
f 5408/6/5 5406/6/5 5407/6/5
f 5410/1/5 5409/1/5 5408/1/5
f 5411/1/5 5409/1/5 5410/1/5
f 5413/7/5 5411/7/5 5410/7/5
f 5414/7/5 5411/7/5 5413/7/5
f 5415/7/5 5413/7/5 5412/7/5
f 5416/7/5 5413/7/5 5415/7/5
f 5420/3/5 5418/3/5 5417/3/5
f 5421/3/5 5418/3/5 5420/3/5
f 5422/6/5 5420/6/5 5419/6/5
f 5423/6/5 5420/6/5 5422/6/5
f 5424/3/5 5423/3/5 5422/3/5
f 5425/3/5 5423/3/5 5424/3/5
f 5427/6/5 5426/6/5 5425/6/5
f 5428/6/5 5426/6/5 5427/6/5
f 5431/6/5 5430/6/5 5429/6/5
f 5432/6/5 5430/6/5 5431/6/5
f 5434/4/5 5433/4/5 5432/4/5
f 5435/4/5 5433/4/5 5434/4/5
f 5437/7/5 5435/7/5 5434/7/5
f 5438/7/5 5435/7/5 5437/7/5
f 5439/7/5 5437/7/5 5436/7/5
f 5440/7/5 5437/7/5 5439/7/5
f 5444/7/5 5442/7/5 5441/7/5
f 5445/7/5 5442/7/5 5444/7/5
f 5448/7/5 5444/7/5 5443/7/5
f 5449/3/5 5447/3/5 5446/3/5
f 5450/3/5 5447/3/5 5449/3/5
f 5451/7/5 5448/7/5 5443/7/5
f 5452/7/5 5448/7/5 5451/7/5
f 5454/4/5 5450/4/5 5449/4/5
f 5455/4/5 5450/4/5 5454/4/5
f 5456/4/5 5453/4/5 5452/4/5
f 5457/4/5 5453/4/5 5456/4/5
f 5460/6/5 5459/6/5 5458/6/5
f 5461/6/5 5459/6/5 5460/6/5
f 5463/7/5 5462/7/5 5461/7/5
f 5464/7/5 5462/7/5 5463/7/5
f 5467/7/5 5464/7/5 5463/7/5
f 5467/7/5 5465/7/5 5464/7/5
f 5468/7/5 5465/7/5 5467/7/5
f 5469/7/5 5465/7/5 5468/7/5
f 5470/7/5 5467/7/5 5466/7/5
f 5470/7/5 5468/7/5 5467/7/5
f 5471/7/5 5468/7/5 5470/7/5
f 5475/7/5 5473/7/5 5472/7/5
f 5476/7/5 5473/7/5 5475/7/5
f 5477/7/5 5473/7/5 5476/7/5
f 5479/6/5 5475/6/5 5474/6/5
f 5479/6/5 5476/6/5 5475/6/5
f 5480/6/5 5476/6/5 5479/6/5
f 5481/7/5 5478/7/5 5477/7/5
f 5482/7/5 5478/7/5 5481/7/5
f 5483/6/5 5476/6/5 5480/6/5
f 5484/6/5 5476/6/5 5483/6/5
f 5485/7/5 5481/7/5 5477/7/5
f 5486/4/5 5482/4/5 5481/4/5
f 5486/7/5 5481/7/5 5485/7/5
f 5487/4/5 5482/4/5 5486/4/5
f 5488/7/5 5485/7/5 5484/7/5
f 5489/7/5 5485/7/5 5488/7/5
f 5492/6/5 5491/6/5 5490/6/5
f 5493/6/5 5491/6/5 5492/6/5
f 5494/3/6 5495/3/6 5497/3/6
f 5497/3/6 5495/3/6 5498/3/6
f 5496/3/6 5497/3/6 5501/3/6
f 5499/3/6 5500/3/6 5504/3/6
f 5504/3/6 5500/3/6 5505/3/6
f 5501/3/6 5502/3/6 5506/3/6
f 5496/3/6 5501/3/6 5506/3/6
f 5506/3/6 5502/3/6 5507/3/6
f 5503/3/6 5504/3/6 5508/3/6
f 5508/3/6 5504/3/6 5509/3/6
f 5507/3/6 5508/3/6 5510/3/6
f 5510/3/6 5508/3/6 5511/3/6
f 5512/3/6 5513/3/6 5514/3/6
f 5514/3/6 5513/3/6 5515/3/6
f 5515/3/6 5513/3/6 5516/3/6
f 5512/3/6 5514/3/6 5518/3/6
f 5518/3/6 5514/3/6 5519/3/6
f 5516/3/6 5517/3/6 5521/3/6
f 5521/3/6 5517/3/6 5522/3/6
f 5519/3/6 5520/3/6 5523/3/6
f 5523/3/6 5520/3/6 5524/3/6
f 5525/3/6 5526/3/6 5528/3/6
f 5528/3/6 5526/3/6 5529/3/6
f 5527/3/6 5528/3/6 5530/3/6
f 5529/3/6 5526/3/6 5531/3/6
f 5531/3/6 5526/3/6 5532/3/6
f 5527/3/6 5530/3/6 5533/3/6
f 5533/3/6 5530/3/6 5534/3/6
f 5534/3/6 5535/3/6 5536/3/6
f 5536/3/6 5535/3/6 5537/3/6
f 5538/3/6 5539/3/6 5541/3/6
f 5540/3/6 5541/3/6 5542/3/6
f 5541/3/6 5539/3/6 5543/3/6
f 5542/3/6 5541/3/6 5543/3/6
f 5540/3/6 5542/3/6 5544/3/6
f 5543/3/6 5539/3/6 5545/3/6
f 5545/3/6 5539/3/6 5546/3/6
f 5540/3/6 5544/3/6 5547/3/6
f 5544/3/6 5545/3/6 5547/3/6
f 5547/3/6 5545/3/6 5548/3/6
f 5549/3/6 5550/3/6 5551/3/6
f 5551/3/6 5550/3/6 5552/3/6
f 5552/3/6 5553/3/6 5554/3/6
f 5554/3/6 5553/3/6 5555/3/6
f 5556/7/6 5557/7/6 5559/7/6
f 5557/6/6 5558/6/6 5560/6/6
f 5559/7/6 5557/7/6 5560/7/6
f 5560/6/6 5558/6/6 5561/6/6
f 5562/7/6 5563/7/6 5566/7/6
f 5563/6/6 5564/6/6 5567/6/6
f 5566/7/6 5563/7/6 5567/7/6
f 5564/7/6 5565/7/6 5568/7/6
f 5567/6/6 5564/6/6 5568/6/6
f 5568/7/6 5565/7/6 5569/7/6
f 5570/7/6 5571/7/6 5574/7/6
f 5571/6/6 5572/6/6 5575/6/6
f 5574/7/6 5571/7/6 5575/7/6
f 5572/7/6 5573/7/6 5576/7/6
f 5575/6/6 5572/6/6 5576/6/6
f 5576/7/6 5573/7/6 5577/7/6
f 5578/7/6 5579/7/6 5580/7/6
f 5580/7/6 5579/7/6 5581/7/6
f 5582/7/6 5583/7/6 5586/7/6
f 5586/7/6 5583/7/6 5587/7/6
f 5584/3/6 5585/3/6 5588/3/6
f 5588/3/6 5585/3/6 5589/3/6
f 5590/7/6 5591/7/6 5594/7/6
f 5594/7/6 5591/7/6 5595/7/6
f 5591/6/6 5592/6/6 5596/6/6
f 5595/7/6 5591/7/6 5596/7/6
f 5592/7/6 5593/7/6 5597/7/6
f 5596/6/6 5592/6/6 5597/6/6
f 5597/7/6 5593/7/6 5598/7/6
f 5599/4/6 5600/4/6 5601/4/6
f 5601/4/6 5600/4/6 5602/4/6
f 5603/7/6 5604/7/6 5605/7/6
f 5605/7/6 5604/7/6 5606/7/6
f 5607/7/6 5608/7/6 5611/7/6
f 5608/6/6 5609/6/6 5612/6/6
f 5611/7/6 5608/7/6 5612/7/6
f 5612/6/6 5609/6/6 5613/6/6
f 5609/7/6 5610/7/6 5614/7/6
f 5613/6/6 5609/6/6 5614/6/6
f 5614/7/6 5610/7/6 5615/7/6
f 5616/3/6 5617/3/6 5622/3/6
f 5622/3/6 5617/3/6 5623/3/6
f 5618/3/6 5619/3/6 5624/3/6
f 5624/3/6 5619/3/6 5625/3/6
f 5620/7/6 5621/7/6 5631/7/6
f 5631/7/6 5621/7/6 5632/7/6
f 5624/1/6 5625/1/6 5633/1/6
f 5625/4/6 5626/4/6 5634/4/6
f 5633/1/6 5625/1/6 5634/1/6
f 5634/4/6 5626/4/6 5635/4/6
f 5627/4/6 5628/4/6 5638/4/6
f 5628/3/6 5629/3/6 5639/3/6
f 5638/4/6 5628/4/6 5639/4/6
f 5629/1/6 5630/1/6 5640/1/6
f 5639/3/6 5629/3/6 5640/3/6
f 5631/3/6 5632/3/6 5641/3/6
f 5640/1/6 5630/1/6 5641/1/6
f 5630/3/6 5631/3/6 5641/3/6
f 5641/3/6 5632/3/6 5642/3/6
f 5634/3/6 5635/3/6 5643/3/6
f 5643/3/6 5635/3/6 5644/3/6
f 5636/3/6 5637/3/6 5645/3/6
f 5645/3/6 5637/3/6 5646/3/6
f 5638/4/6 5639/4/6 5647/4/6
f 5647/4/6 5639/4/6 5648/4/6
f 5649/3/6 5650/3/6 5653/3/6
f 5651/3/6 5652/3/6 5654/3/6
f 5654/3/6 5652/3/6 5655/3/6
f 5649/3/6 5653/3/6 5656/3/6
f 5656/3/6 5653/3/6 5657/3/6
f 5658/3/6 5659/3/6 5662/3/6
f 5662/3/6 5659/3/6 5663/3/6
f 5660/3/6 5661/3/6 5664/3/6
f 5664/3/6 5661/3/6 5665/3/6
f 5666/3/6 5667/3/6 5668/3/6
f 5668/3/6 5667/3/6 5669/3/6
f 5669/3/6 5670/3/6 5675/3/6
f 5671/4/6 5672/4/6 5676/4/6
f 5672/3/6 5673/3/6 5677/3/6
f 5676/4/6 5672/4/6 5677/4/6
f 5673/1/6 5674/1/6 5678/1/6
f 5677/3/6 5673/3/6 5678/3/6
f 5678/1/6 5674/1/6 5679/1/6
f 5669/3/6 5675/3/6 5680/3/6
f 5680/3/6 5675/3/6 5681/3/6
f 5682/4/6 5683/4/6 5684/4/6
f 5684/4/6 5683/4/6 5685/4/6
f 5686/3/6 5687/3/6 5690/3/6
f 5690/3/6 5687/3/6 5691/3/6
f 5688/7/6 5689/7/6 5693/7/6
f 5693/7/6 5689/7/6 5694/7/6
f 5692/7/6 5693/7/6 5695/7/6
f 5695/7/6 5693/7/6 5696/7/6
f 5697/7/6 5698/7/6 5700/7/6
f 5700/7/6 5698/7/6 5701/7/6
f 5699/7/6 5700/7/6 5703/7/6
f 5702/7/6 5703/7/6 5704/7/6
f 5703/7/6 5700/7/6 5705/7/6
f 5704/7/6 5703/7/6 5705/7/6
f 5706/3/6 5707/3/6 5710/3/6
f 5710/3/6 5707/3/6 5711/3/6
f 5708/3/6 5709/3/6 5712/3/6
f 5712/3/6 5709/3/6 5713/3/6
f 5714/3/6 5715/3/6 5718/3/6
f 5718/3/6 5715/3/6 5719/3/6
f 5716/3/6 5717/3/6 5720/3/6
f 5720/3/6 5717/3/6 5721/3/6
f 5721/3/6 5722/3/6 5723/3/6
f 5723/3/6 5722/3/6 5724/3/6
f 5724/3/6 5722/3/6 5725/3/6
f 5726/4/6 5727/4/6 5728/4/6
f 5728/4/6 5727/4/6 5729/4/6
f 5730/3/6 5731/3/6 5732/3/6
f 5732/3/6 5731/3/6 5733/3/6
f 5734/1/6 5735/1/6 5741/1/6
f 5735/4/6 5736/4/6 5742/4/6
f 5741/1/6 5735/1/6 5742/1/6
f 5742/4/6 5736/4/6 5743/4/6
f 5737/3/6 5738/3/6 5748/3/6
f 5748/3/6 5738/3/6 5749/3/6
f 5739/3/6 5740/3/6 5750/3/6
f 5750/3/6 5740/3/6 5751/3/6
f 5746/3/6 5747/3/6 5752/3/6
f 5744/3/6 5745/3/6 5752/3/6
f 5745/3/6 5746/3/6 5752/3/6
f 5748/4/6 5749/4/6 5753/4/6
f 5752/3/6 5747/3/6 5753/3/6
f 5747/4/6 5748/4/6 5753/4/6
f 5753/4/6 5749/4/6 5754/4/6
f 5755/4/6 5756/4/6 5757/4/6
f 5757/4/6 5756/4/6 5758/4/6
f 5757/3/6 5758/3/6 5759/3/6
f 5759/3/6 5758/3/6 5760/3/6
f 5761/4/6 5762/4/6 5766/4/6
f 5762/1/6 5763/1/6 5767/1/6
f 5766/4/6 5762/4/6 5767/4/6
f 5767/1/6 5763/1/6 5768/1/6
f 5764/3/6 5765/3/6 5770/3/6
f 5770/3/6 5765/3/6 5771/3/6
f 5768/3/6 5769/3/6 5775/3/6
f 5775/3/6 5769/3/6 5776/3/6
f 5770/4/6 5771/4/6 5778/4/6
f 5771/1/6 5772/1/6 5779/1/6
f 5778/4/6 5771/4/6 5779/4/6
f 5779/1/6 5772/1/6 5780/1/6
f 5773/3/6 5774/3/6 5782/3/6
f 5782/3/6 5774/3/6 5783/3/6
f 5775/4/6 5776/4/6 5784/4/6
f 5784/4/6 5776/4/6 5785/4/6
f 5777/3/6 5778/3/6 5787/3/6
f 5778/4/6 5779/4/6 5788/4/6
f 5787/3/6 5778/3/6 5788/3/6
f 5779/3/6 5780/3/6 5789/3/6
f 5788/4/6 5779/4/6 5789/4/6
f 5780/4/6 5781/4/6 5790/4/6
f 5789/3/6 5780/3/6 5790/3/6
f 5781/1/6 5782/1/6 5791/1/6
f 5790/4/6 5781/4/6 5791/4/6
f 5791/1/6 5782/1/6 5792/1/6
f 5785/3/6 5786/3/6 5793/3/6
f 5793/3/6 5786/3/6 5794/3/6
f 5795/3/6 5796/3/6 5808/3/6
f 5808/3/6 5796/3/6 5809/3/6
f 5797/4/6 5798/4/6 5811/4/6
f 5798/4/6 5799/4/6 5811/4/6
f 5799/4/6 5800/4/6 5811/4/6
f 5811/4/6 5800/4/6 5812/4/6
f 5800/3/6 5801/3/6 5813/3/6
f 5812/4/6 5800/4/6 5813/4/6
f 5813/3/6 5801/3/6 5814/3/6
f 5802/7/6 5803/7/6 5817/7/6
f 5817/7/6 5803/7/6 5818/7/6
f 5804/3/6 5805/3/6 5819/3/6
f 5805/1/6 5806/1/6 5820/1/6
f 5819/3/6 5805/3/6 5820/3/6
f 5806/4/6 5807/4/6 5821/4/6
f 5820/1/6 5806/1/6 5821/1/6
f 5821/4/6 5807/4/6 5822/4/6
f 5809/4/6 5810/4/6 5825/4/6
f 5811/1/6 5812/1/6 5826/1/6
f 5825/4/6 5810/4/6 5826/4/6
f 5810/1/6 5811/1/6 5826/1/6
f 5826/1/6 5812/1/6 5827/1/6
f 5827/1/6 5812/1/6 5828/1/6
f 5814/4/6 5815/4/6 5829/4/6
f 5815/3/6 5816/3/6 5830/3/6
f 5829/4/6 5815/4/6 5830/4/6
f 5830/3/6 5816/3/6 5831/3/6
f 5822/4/6 5823/4/6 5832/4/6
f 5823/3/6 5824/3/6 5833/3/6
f 5832/4/6 5823/4/6 5833/4/6
f 5833/3/6 5824/3/6 5834/3/6
f 5829/3/6 5830/3/6 5835/3/6
f 5835/3/6 5830/3/6 5836/3/6
f 5818/3/6 5819/3/6 5839/3/6
f 5839/3/6 5819/3/6 5840/3/6
f 5836/3/6 5837/3/6 5841/3/6
f 5841/3/6 5837/3/6 5842/3/6
f 5838/7/6 5839/7/6 5843/7/6
f 5843/7/6 5839/7/6 5844/7/6
f 5845/3/6 5846/3/6 5855/3/6
f 5846/4/6 5847/4/6 5856/4/6
f 5855/3/6 5846/3/6 5856/3/6
f 5856/4/6 5847/4/6 5857/4/6
f 5848/3/6 5849/3/6 5862/3/6
f 5849/1/6 5850/1/6 5863/1/6
f 5862/3/6 5849/3/6 5863/3/6
f 5863/1/6 5850/1/6 5864/1/6
f 5851/4/6 5852/4/6 5865/4/6
f 5852/1/6 5853/1/6 5866/1/6
f 5865/4/6 5852/4/6 5866/4/6
f 5866/1/6 5853/1/6 5867/1/6
f 5854/3/6 5855/3/6 5868/3/6
f 5868/3/6 5855/3/6 5869/3/6
f 5857/3/6 5858/3/6 5872/3/6
f 5858/4/6 5859/4/6 5873/4/6
f 5872/3/6 5858/3/6 5873/3/6
f 5873/4/6 5859/4/6 5874/4/6
f 5860/1/6 5861/1/6 5875/1/6
f 5875/1/6 5861/1/6 5876/1/6
f 5863/3/6 5864/3/6 5877/3/6
f 5864/4/6 5865/4/6 5878/4/6
f 5877/3/6 5864/3/6 5878/3/6
f 5878/4/6 5865/4/6 5879/4/6
f 5869/7/6 5870/7/6 5882/7/6
f 5882/7/6 5870/7/6 5883/7/6
f 5870/4/6 5871/4/6 5884/4/6
f 5883/7/6 5870/7/6 5884/7/6
f 5871/1/6 5872/1/6 5885/1/6
f 5884/4/6 5871/4/6 5885/4/6
f 5885/1/6 5872/1/6 5886/1/6
f 5880/3/6 5881/3/6 5887/3/6
f 5887/3/6 5881/3/6 5888/3/6
f 5882/4/6 5883/4/6 5891/4/6
f 5883/3/6 5884/3/6 5892/3/6
f 5884/4/6 5885/4/6 5892/4/6
f 5892/4/6 5885/4/6 5893/4/6
f 5888/4/6 5889/4/6 5894/4/6
f 5889/3/6 5890/3/6 5895/3/6
f 5894/4/6 5889/4/6 5895/4/6
f 5890/1/6 5891/1/6 5896/1/6
f 5895/3/6 5890/3/6 5896/3/6
f 5891/4/6 5883/4/6 5897/4/6
f 5896/1/6 5891/1/6 5897/1/6
f 5883/3/6 5892/3/6 5898/3/6
f 5897/4/6 5883/4/6 5898/4/6
f 5898/3/6 5892/3/6 5899/3/6
f 5900/6/6 5901/6/6 5904/6/6
f 5904/6/6 5901/6/6 5905/6/6
f 5902/3/6 5903/3/6 5908/3/6
f 5908/3/6 5903/3/6 5909/3/6
f 5904/7/6 5905/7/6 5910/7/6
f 5905/3/6 5906/3/6 5911/3/6
f 5910/7/6 5905/7/6 5911/7/6
f 5911/3/6 5906/3/6 5912/3/6
f 5907/1/6 5908/1/6 5913/1/6
f 5913/1/6 5908/1/6 5914/1/6
f 5911/7/6 5912/7/6 5915/7/6
f 5912/3/6 5913/3/6 5916/3/6
f 5915/7/6 5912/7/6 5916/7/6
f 5913/4/6 5914/4/6 5917/4/6
f 5916/3/6 5913/3/6 5917/3/6
f 5917/4/6 5914/4/6 5918/4/6
f 5919/7/6 5920/7/6 5921/7/6
f 5921/7/6 5920/7/6 5922/7/6
f 5923/1/6 5924/1/6 5925/1/6
f 5925/1/6 5924/1/6 5926/1/6
f 5927/3/6 5928/3/6 5931/3/6
f 5928/1/6 5929/1/6 5932/1/6
f 5931/3/6 5928/3/6 5932/3/6
f 5932/1/6 5929/1/6 5933/1/6
f 5930/1/6 5931/1/6 5937/1/6
f 5931/3/6 5932/3/6 5938/3/6
f 5937/1/6 5931/1/6 5938/1/6
f 5938/3/6 5932/3/6 5939/3/6
f 5934/4/6 5935/4/6 5941/4/6
f 5941/4/6 5935/4/6 5942/4/6
f 5936/4/6 5937/4/6 5945/4/6
f 5945/4/6 5937/4/6 5946/4/6
f 5939/4/6 5940/4/6 5947/4/6
f 5947/4/6 5940/4/6 5948/4/6
f 5942/3/6 5943/3/6 5949/3/6
f 5943/1/6 5944/1/6 5950/1/6
f 5949/3/6 5943/3/6 5950/3/6
f 5944/1/6 5945/1/6 5950/1/6
f 5950/1/6 5945/1/6 5951/1/6
f 5952/1/6 5953/1/6 5957/1/6
f 5953/1/6 5954/1/6 5957/1/6
f 5957/1/6 5954/1/6 5958/1/6
f 5954/3/6 5955/3/6 5959/3/6
f 5958/1/6 5954/1/6 5959/1/6
f 5959/3/6 5955/3/6 5960/3/6
f 5956/3/6 5957/3/6 5964/3/6
f 5964/3/6 5957/3/6 5965/3/6
f 5961/3/6 5962/3/6 5971/3/6
f 5971/3/6 5962/3/6 5972/3/6
f 5963/1/6 5964/1/6 5973/1/6
f 5973/1/6 5964/1/6 5974/1/6
f 5966/3/6 5967/3/6 5976/3/6
f 5967/4/6 5968/4/6 5977/4/6
f 5976/3/6 5967/3/6 5977/3/6
f 5977/4/6 5968/4/6 5978/4/6
f 5969/3/6 5970/3/6 5979/3/6
f 5979/3/6 5970/3/6 5980/3/6
f 5972/3/6 5973/3/6 5981/3/6
f 5973/4/6 5974/4/6 5982/4/6
f 5981/3/6 5973/3/6 5982/3/6
f 5982/4/6 5974/4/6 5983/4/6
f 5975/1/6 5976/1/6 5986/1/6
f 5986/1/6 5976/1/6 5987/1/6
f 5978/3/6 5979/3/6 5988/3/6
f 5988/3/6 5979/3/6 5989/3/6
f 5981/4/6 5982/4/6 5991/4/6
f 5991/4/6 5982/4/6 5992/4/6
f 5984/3/6 5985/3/6 5993/3/6
f 5993/3/6 5985/3/6 5994/3/6
f 5988/4/6 5989/4/6 5996/4/6
f 5989/1/6 5990/1/6 5997/1/6
f 5996/4/6 5989/4/6 5997/4/6
f 5997/1/6 5990/1/6 5998/1/6
f 5991/3/6 5992/3/6 5999/3/6
f 5999/3/6 5992/3/6 6000/3/6
f 5994/3/6 5995/3/6 6001/3/6
f 6001/3/6 5995/3/6 6002/3/6
f 6003/7/6 6004/7/6 6007/7/6
f 6007/7/6 6004/7/6 6008/7/6
f 6005/3/6 6006/3/6 6009/3/6
f 6009/3/6 6006/3/6 6010/3/6
f 6011/3/6 6012/3/6 6021/3/6
f 6012/1/6 6013/1/6 6022/1/6
f 6021/3/6 6012/3/6 6022/3/6
f 6013/1/6 6014/1/6 6022/1/6
f 6014/1/6 6015/1/6 6022/1/6
f 6022/1/6 6015/1/6 6023/1/6
f 6015/4/6 6016/4/6 6024/4/6
f 6023/1/6 6015/1/6 6024/1/6
f 6024/4/6 6016/4/6 6025/4/6
f 6017/3/6 6018/3/6 6028/3/6
f 6018/4/6 6019/4/6 6029/4/6
f 6028/3/6 6018/3/6 6029/3/6
f 6019/3/6 6020/3/6 6030/3/6
f 6029/4/6 6019/4/6 6030/4/6
f 6030/3/6 6020/3/6 6031/3/6
f 6025/4/6 6026/4/6 6032/4/6
f 6032/4/6 6026/4/6 6033/4/6
f 6027/3/6 6028/3/6 6034/3/6
f 6034/3/6 6028/3/6 6035/3/6
f 6035/3/6 6028/3/6 6036/3/6
f 6037/3/6 6038/3/6 6044/3/6
f 6044/3/6 6038/3/6 6045/3/6
f 6039/4/6 6040/4/6 6051/4/6
f 6040/2/6 6041/2/6 6052/2/6
f 6051/4/6 6040/4/6 6052/4/6
f 6052/2/6 6041/2/6 6053/2/6
f 6042/3/6 6043/3/6 6054/3/6
f 6054/3/6 6043/3/6 6055/3/6
f 6046/3/6 6047/3/6 6059/3/6
f 6059/3/6 6047/3/6 6060/3/6
f 6048/3/6 6049/3/6 6062/3/6
f 6062/3/6 6049/3/6 6063/3/6
f 6050/3/6 6051/3/6 6064/3/6
f 6064/3/6 6051/3/6 6065/3/6
f 6053/3/6 6054/3/6 6066/3/6
f 6066/3/6 6054/3/6 6067/3/6
f 6067/3/6 6054/3/6 6068/3/6
f 6056/3/6 6057/3/6 6069/3/6
f 6057/4/6 6058/4/6 6070/4/6
f 6069/3/6 6057/3/6 6070/3/6
f 6058/3/6 6059/3/6 6071/3/6
f 6070/4/6 6058/4/6 6071/4/6
f 6071/3/6 6059/3/6 6072/3/6
f 6060/4/6 6061/4/6 6073/4/6
f 6073/4/6 6061/4/6 6074/4/6
f 6075/3/6 6076/3/6 6077/3/6
f 6077/3/6 6076/3/6 6078/3/6
f 6078/3/6 6079/3/6 6080/3/6
f 6080/3/6 6079/3/6 6081/3/6
f 6081/3/6 6079/3/6 6082/3/6
f 6081/4/6 6082/4/6 6087/4/6
f 6084/1/6 6085/1/6 6091/1/6
f 6085/3/6 6086/3/6 6092/3/6
f 6091/1/6 6085/1/6 6092/1/6
f 6086/4/6 6087/4/6 6093/4/6
f 6092/3/6 6086/3/6 6093/3/6
f 6082/3/6 6083/3/6 6094/3/6
f 6093/4/6 6087/4/6 6094/4/6
f 6087/4/6 6082/4/6 6094/4/6
f 6094/3/6 6083/3/6 6095/3/6
f 6088/7/6 6089/7/6 6097/7/6
f 6097/7/6 6089/7/6 6098/7/6
f 6090/4/6 6091/4/6 6100/4/6
f 6100/4/6 6091/4/6 6101/4/6
f 6093/3/6 6094/3/6 6102/3/6
f 6094/4/6 6095/4/6 6103/4/6
f 6102/3/6 6094/3/6 6103/3/6
f 6095/1/6 6096/1/6 6104/1/6
f 6103/4/6 6095/4/6 6104/4/6
f 6096/4/6 6097/4/6 6105/4/6
f 6104/1/6 6096/1/6 6105/1/6
f 6105/4/6 6097/4/6 6106/4/6
f 6098/3/6 6099/3/6 6107/3/6
f 6107/3/6 6099/3/6 6108/3/6
f 6107/4/6 6108/4/6 6110/4/6
f 6108/3/6 6109/3/6 6111/3/6
f 6110/4/6 6108/4/6 6111/4/6
f 6111/3/6 6109/3/6 6112/3/6
f 6113/7/6 6114/7/6 6117/7/6
f 6115/4/6 6116/4/6 6121/4/6
f 6121/4/6 6116/4/6 6122/4/6
f 6113/7/6 6117/7/6 6126/7/6
f 6117/6/6 6118/6/6 6127/6/6
f 6126/7/6 6117/7/6 6127/7/6
f 6118/7/6 6119/7/6 6128/7/6
f 6120/4/6 6121/4/6 6131/4/6
f 6121/7/6 6122/7/6 6132/7/6
f 6131/4/6 6121/4/6 6132/4/6
f 6122/4/6 6123/4/6 6133/4/6
f 6132/7/6 6122/7/6 6133/7/6
f 6133/4/6 6123/4/6 6134/4/6
f 6124/7/6 6125/7/6 6136/7/6
f 6136/7/6 6125/7/6 6137/7/6
f 6127/6/6 6118/6/6 6138/6/6
f 6128/7/6 6129/7/6 6138/7/6
f 6126/6/6 6127/6/6 6138/6/6
f 6118/7/6 6128/7/6 6138/7/6
f 6138/7/6 6129/7/6 6139/7/6
f 6133/7/6 6134/7/6 6140/7/6
f 6130/7/6 6131/7/6 6140/7/6
f 6131/7/6 6132/7/6 6140/7/6
f 6132/7/6 6133/7/6 6140/7/6
f 6140/7/6 6134/7/6 6141/7/6
f 6135/7/6 6136/7/6 6142/7/6
f 6136/6/6 6137/6/6 6143/6/6
f 6142/7/6 6136/7/6 6143/7/6
f 6137/7/6 6125/7/6 6144/7/6
f 6143/6/6 6137/6/6 6144/6/6
f 6144/7/6 6125/7/6 6145/7/6
f 6142/6/6 6143/6/6 6146/6/6
f 6138/6/6 6139/6/6 6146/6/6
f 6144/6/6 6145/6/6 6146/6/6
f 6143/6/6 6144/6/6 6146/6/6
f 6141/6/6 6142/6/6 6146/6/6
f 6139/6/6 6140/6/6 6146/6/6
f 6140/6/6 6141/6/6 6146/6/6
f 6146/6/6 6145/6/6 6147/6/6
f 6126/6/6 6138/6/6 6148/6/6
f 6138/6/6 6146/6/6 6148/6/6
f 6148/6/6 6146/6/6 6149/6/6
f 6149/6/6 6146/6/6 6150/6/6
f 6146/7/6 6147/7/6 6151/7/6
f 6150/6/6 6146/6/6 6151/6/6
f 6151/7/6 6147/7/6 6152/7/6
f 6147/6/6 6145/6/6 6153/6/6
f 6152/7/6 6147/7/6 6153/7/6
f 6153/6/6 6145/6/6 6154/6/6
f 6154/6/6 6145/6/6 6155/6/6
f 6148/7/6 6149/7/6 6156/7/6
f 6149/6/6 6150/6/6 6157/6/6
f 6156/7/6 6149/7/6 6157/7/6
f 6157/6/6 6150/6/6 6158/6/6
f 6158/6/6 6150/6/6 6159/6/6
f 6151/7/6 6152/7/6 6160/7/6
f 6159/6/6 6150/6/6 6160/6/6
f 6150/7/6 6151/7/6 6160/7/6
f 6160/7/6 6152/7/6 6161/7/6
f 6152/3/6 6153/3/6 6162/3/6
f 6161/7/6 6152/7/6 6162/7/6
f 6162/3/6 6153/3/6 6163/3/6
f 6154/7/6 6155/7/6 6165/7/6
f 6165/7/6 6155/7/6 6166/7/6
f 6157/7/6 6158/7/6 6167/7/6
f 6167/7/6 6158/7/6 6168/7/6
f 6158/6/6 6159/6/6 6169/6/6
f 6168/7/6 6158/7/6 6169/7/6
f 6160/7/6 6161/7/6 6170/7/6
f 6169/6/6 6159/6/6 6170/6/6
f 6159/7/6 6160/7/6 6170/7/6
f 6170/7/6 6161/7/6 6171/7/6
f 6161/4/6 6162/4/6 6172/4/6
f 6171/7/6 6161/7/6 6172/7/6
f 6162/3/6 6163/3/6 6173/3/6
f 6172/4/6 6162/4/6 6173/4/6
f 6163/7/6 6164/7/6 6174/7/6
f 6173/3/6 6163/3/6 6174/3/6
f 6164/4/6 6165/4/6 6175/4/6
f 6174/7/6 6164/7/6 6175/7/6
f 6175/4/6 6165/4/6 6176/4/6
f 6168/7/6 6169/7/6 6177/7/6
f 6169/7/6 6170/7/6 6177/7/6
f 6177/7/6 6170/7/6 6178/7/6
f 6171/3/6 6172/3/6 6179/3/6
f 6175/7/6 6176/7/6 6180/7/6
f 6172/7/6 6173/7/6 6180/7/6
f 6179/3/6 6172/3/6 6180/3/6
f 6173/7/6 6174/7/6 6180/7/6
f 6174/7/6 6175/7/6 6180/7/6
f 6180/7/6 6176/7/6 6181/7/6
f 6178/7/6 6179/7/6 6186/7/6
f 6179/7/6 6180/7/6 6186/7/6
f 6180/6/6 6181/6/6 6187/6/6
f 6186/7/6 6180/7/6 6187/7/6
f 6181/7/6 6182/7/6 6188/7/6
f 6187/6/6 6181/6/6 6188/6/6
f 6188/7/6 6182/7/6 6189/7/6
f 6183/6/6 6184/6/6 6191/6/6
f 6184/7/6 6185/7/6 6192/7/6
f 6191/6/6 6184/6/6 6192/6/6
f 6185/6/6 6186/6/6 6193/6/6
f 6192/7/6 6185/7/6 6193/7/6
f 6186/6/6 6187/6/6 6193/6/6
f 6188/6/6 6189/6/6 6193/6/6
f 6187/6/6 6188/6/6 6193/6/6
f 6189/7/6 6190/7/6 6194/7/6
f 6193/6/6 6189/6/6 6194/6/6
f 6194/7/6 6190/7/6 6195/7/6
f 6191/7/6 6192/7/6 6196/7/6
f 6192/6/6 6193/6/6 6197/6/6
f 6196/7/6 6192/7/6 6197/7/6
f 6193/6/6 6194/6/6 6197/6/6
f 6194/6/6 6195/6/6 6197/6/6
f 6197/6/6 6195/6/6 6198/6/6
f 6198/6/6 6195/6/6 6199/6/6
f 6196/6/6 6197/6/6 6200/6/6
f 6197/6/6 6198/6/6 6200/6/6
f 6200/6/6 6198/6/6 6201/6/6
f 6201/6/6 6198/6/6 6202/6/6
f 6202/6/6 6198/6/6 6203/6/6
f 6203/6/6 6198/6/6 6204/6/6
f 6198/7/6 6199/7/6 6205/7/6
f 6204/6/6 6198/6/6 6205/6/6
f 6199/6/6 6195/6/6 6206/6/6
f 6205/7/6 6199/7/6 6206/7/6
f 6206/6/6 6195/6/6 6207/6/6
f 6200/7/6 6201/7/6 6208/7/6
f 6201/6/6 6202/6/6 6208/6/6
f 6208/6/6 6202/6/6 6209/6/6
f 6209/6/6 6202/6/6 6210/6/6
f 6202/7/6 6203/7/6 6211/7/6
f 6210/6/6 6202/6/6 6211/6/6
f 6211/7/6 6203/7/6 6212/7/6
f 6203/3/6 6204/3/6 6213/3/6
f 6212/7/6 6203/7/6 6213/7/6
f 6204/7/6 6205/7/6 6214/7/6
f 6213/3/6 6204/3/6 6214/3/6
f 6206/7/6 6207/7/6 6214/7/6
f 6205/7/6 6206/7/6 6214/7/6
f 6214/7/6 6207/7/6 6215/7/6
f 6215/7/6 6207/7/6 6216/7/6
f 6216/7/6 6207/7/6 6217/7/6
f 6208/7/6 6209/7/6 6218/7/6
f 6200/7/6 6208/7/6 6218/7/6
f 6218/7/6 6209/7/6 6219/7/6
f 6219/7/6 6209/7/6 6220/7/6
f 6220/7/6 6209/7/6 6221/7/6
f 6221/7/6 6209/7/6 6222/7/6
f 6211/7/6 6212/7/6 6223/7/6
f 6210/7/6 6211/7/6 6223/7/6
f 6223/7/6 6212/7/6 6224/7/6
f 6215/1/6 6216/1/6 6226/1/6
f 6216/3/6 6217/3/6 6227/3/6
f 6226/1/6 6216/1/6 6227/1/6
f 6227/3/6 6217/3/6 6228/3/6
f 6219/4/6 6220/4/6 6229/4/6
f 6229/4/6 6220/4/6 6230/4/6
f 6221/7/6 6222/7/6 6232/7/6
f 6222/4/6 6223/4/6 6233/4/6
f 6232/7/6 6222/7/6 6233/7/6
f 6233/4/6 6223/4/6 6234/4/6
f 6225/7/6 6226/7/6 6237/7/6
f 6237/7/6 6226/7/6 6238/7/6
f 6230/7/6 6231/7/6 6239/7/6
f 6231/3/6 6232/3/6 6239/3/6
f 6239/3/6 6232/3/6 6240/3/6
f 6233/7/6 6234/7/6 6242/7/6
f 6235/7/6 6236/7/6 6243/7/6
f 6234/6/6 6235/6/6 6243/6/6
f 6237/6/6 6238/6/6 6244/6/6
f 6243/7/6 6236/7/6 6244/7/6
f 6236/6/6 6237/6/6 6244/6/6
f 6238/7/6 6226/7/6 6245/7/6
f 6240/7/6 6241/7/6 6247/7/6
f 6230/7/6 6239/7/6 6247/7/6
f 6239/7/6 6240/7/6 6247/7/6
f 6247/7/6 6241/7/6 6248/7/6
f 6248/7/6 6241/7/6 6249/7/6
f 6249/7/6 6241/7/6 6250/7/6
f 6241/6/6 6242/6/6 6251/6/6
f 6250/7/6 6241/7/6 6251/7/6
f 6242/7/6 6234/7/6 6252/7/6
f 6251/6/6 6242/6/6 6252/6/6
f 6234/6/6 6243/6/6 6253/6/6
f 6252/7/6 6234/7/6 6253/7/6
f 6243/6/6 6244/6/6 6253/6/6
f 6245/7/6 6246/7/6 6254/7/6
f 6238/7/6 6245/7/6 6254/7/6
f 6254/7/6 6246/7/6 6255/7/6
f 6255/7/6 6246/7/6 6256/7/6
f 6249/7/6 6250/7/6 6260/7/6
f 6244/6/6 6238/6/6 6261/6/6
f 6251/6/6 6252/6/6 6261/6/6
f 6253/6/6 6244/6/6 6261/6/6
f 6238/7/6 6254/7/6 6261/7/6
f 6250/6/6 6251/6/6 6261/6/6
f 6252/6/6 6253/6/6 6261/6/6
f 6261/7/6 6254/7/6 6262/7/6
f 6256/3/6 6257/3/6 6263/3/6
f 6263/3/6 6257/3/6 6264/3/6
f 6258/6/6 6259/6/6 6265/6/6
f 6250/6/6 6261/6/6 6266/6/6
f 6266/6/6 6261/6/6 6267/6/6
f 6258/6/6 6265/6/6 6268/6/6
f 6260/7/6 6250/7/6 6269/7/6
f 6250/6/6 6266/6/6 6269/6/6
f 6269/6/6 6266/6/6 6270/6/6
f 6270/6/6 6266/6/6 6271/6/6
f 6266/7/6 6267/7/6 6272/7/6
f 6271/6/6 6266/6/6 6272/6/6
f 6272/7/6 6267/7/6 6273/7/6
f 6263/6/6 6264/6/6 6276/6/6
f 6258/6/6 6268/6/6 6277/6/6
f 6277/6/6 6268/6/6 6278/6/6
f 6260/7/6 6269/7/6 6281/7/6
f 6269/7/6 6270/7/6 6281/7/6
f 6270/6/6 6271/6/6 6282/6/6
f 6281/7/6 6270/7/6 6282/7/6
f 6273/7/6 6274/7/6 6283/7/6
f 6282/6/6 6271/6/6 6283/6/6
f 6272/7/6 6273/7/6 6283/7/6
f 6271/7/6 6272/7/6 6283/7/6
f 6283/7/6 6274/7/6 6284/7/6
f 6284/7/6 6274/7/6 6285/7/6
f 6285/7/6 6274/7/6 6286/7/6
f 6275/7/6 6276/7/6 6287/7/6
f 6276/6/6 6264/6/6 6288/6/6
f 6287/7/6 6276/7/6 6288/7/6
f 6288/6/6 6264/6/6 6289/6/6
f 6281/7/6 6282/7/6 6290/7/6
f 6280/7/6 6281/7/6 6290/7/6
f 6279/7/6 6280/7/6 6290/7/6
f 6278/7/6 6279/7/6 6290/7/6
f 6277/7/6 6278/7/6 6290/7/6
f 6283/7/6 6284/7/6 6290/7/6
f 6282/7/6 6283/7/6 6290/7/6
f 6290/7/6 6284/7/6 6291/7/6
f 6291/7/6 6284/7/6 6292/7/6
f 6292/7/6 6284/7/6 6293/7/6
f 6293/7/6 6284/7/6 6294/7/6
f 6294/7/6 6284/7/6 6295/7/6
f 6295/7/6 6284/7/6 6296/7/6
f 6285/7/6 6286/7/6 6297/7/6
f 6288/7/6 6289/7/6 6297/7/6
f 6287/7/6 6288/7/6 6297/7/6
f 6286/7/6 6287/7/6 6297/7/6
f 6297/7/6 6289/7/6 6298/7/6
f 6298/7/6 6289/7/6 6299/7/6
f 6299/7/6 6289/7/6 6300/7/6
f 6291/7/6 6292/7/6 6301/7/6
f 6301/7/6 6292/7/6 6302/7/6
f 6293/3/6 6294/3/6 6303/3/6
f 6294/7/6 6295/7/6 6304/7/6
f 6303/3/6 6294/3/6 6304/3/6
f 6304/7/6 6295/7/6 6305/7/6
f 6296/7/6 6297/7/6 6306/7/6
f 6306/7/6 6297/7/6 6307/7/6
f 6298/7/6 6299/7/6 6308/7/6
f 6308/7/6 6299/7/6 6309/7/6
f 6302/7/6 6303/7/6 6311/7/6
f 6305/7/6 6306/7/6 6311/7/6
f 6304/7/6 6305/7/6 6311/7/6
f 6303/7/6 6304/7/6 6311/7/6
f 6311/7/6 6306/7/6 6312/7/6
f 6312/7/6 6306/7/6 6313/7/6
f 6313/7/6 6306/7/6 6314/7/6
f 6314/7/6 6306/7/6 6315/7/6
f 6310/7/6 6311/7/6 6317/7/6
f 6311/7/6 6312/7/6 6317/7/6
f 6317/7/6 6312/7/6 6318/7/6
f 6313/7/6 6314/7/6 6319/7/6
f 6314/3/6 6315/3/6 6320/3/6
f 6319/7/6 6314/7/6 6320/7/6
f 6320/3/6 6315/3/6 6321/3/6
f 6317/6/6 6318/6/6 6322/6/6
f 6318/7/6 6319/7/6 6323/7/6
f 6322/6/6 6318/6/6 6323/6/6
f 6316/7/6 6317/7/6 6324/7/6
f 6317/6/6 6322/6/6 6325/6/6
f 6324/7/6 6317/7/6 6325/7/6
f 6322/7/6 6323/7/6 6326/7/6
f 6325/6/6 6322/6/6 6326/6/6
f 6323/7/6 6319/7/6 6327/7/6
f 6326/7/6 6323/7/6 6327/7/6
f 6327/7/6 6319/7/6 6328/7/6
f 6325/7/6 6326/7/6 6329/7/6
f 6326/7/6 6327/7/6 6329/7/6
f 6329/7/6 6327/7/6 6330/7/6
f 6330/7/6 6327/7/6 6331/7/6
f 6331/7/6 6327/7/6 6332/7/6
f 6330/1/6 6331/1/6 6333/1/6
f 6333/1/6 6331/1/6 6334/1/6
f 6335/7/6 6336/7/6 6338/7/6
f 6338/7/6 6336/7/6 6339/7/6
f 6337/7/6 6338/7/6 6342/7/6
f 6338/6/6 6339/6/6 6342/6/6
f 6339/7/6 6336/7/6 6343/7/6
f 6342/6/6 6339/6/6 6343/6/6
f 6343/7/6 6336/7/6 6344/7/6
f 6337/7/6 6342/7/6 6345/7/6
f 6342/7/6 6343/7/6 6345/7/6
f 6345/7/6 6343/7/6 6346/7/6
f 6340/7/6 6341/7/6 6348/7/6
f 6347/7/6 6348/7/6 6352/7/6
f 6349/7/6 6350/7/6 6356/7/6
f 6351/1/6 6352/1/6 6357/1/6
f 6352/7/6 6348/7/6 6358/7/6
f 6357/1/6 6352/1/6 6358/1/6
f 6348/7/6 6341/7/6 6359/7/6
f 6358/7/6 6348/7/6 6359/7/6
f 6353/7/6 6354/7/6 6361/7/6
f 6361/7/6 6354/7/6 6362/7/6
f 6355/7/6 6356/7/6 6365/7/6
f 6356/7/6 6350/7/6 6366/7/6
f 6365/7/6 6356/7/6 6366/7/6
f 6366/7/6 6350/7/6 6367/7/6
f 6357/3/6 6358/3/6 6369/3/6
f 6369/3/6 6358/3/6 6370/3/6
f 6362/7/6 6363/7/6 6372/7/6
f 6360/7/6 6361/7/6 6372/7/6
f 6361/7/6 6362/7/6 6372/7/6
f 6372/7/6 6363/7/6 6373/7/6
f 6373/7/6 6363/7/6 6374/7/6
f 6374/7/6 6363/7/6 6375/7/6
f 6375/7/6 6363/7/6 6376/7/6
f 6364/7/6 6365/7/6 6377/7/6
f 6365/7/6 6366/7/6 6377/7/6
f 6377/7/6 6366/7/6 6378/7/6
f 6378/7/6 6366/7/6 6379/7/6
f 6366/3/6 6367/3/6 6380/3/6
f 6379/7/6 6366/7/6 6380/7/6
f 6367/4/6 6368/4/6 6381/4/6
f 6380/3/6 6367/3/6 6381/3/6
f 6368/3/6 6369/3/6 6382/3/6
f 6381/4/6 6368/4/6 6382/4/6
f 6382/3/6 6369/3/6 6383/3/6
f 6371/7/6 6372/7/6 6385/7/6
f 6372/3/6 6373/3/6 6385/3/6
f 6373/4/6 6374/4/6 6386/4/6
f 6385/3/6 6373/3/6 6386/3/6
f 6374/3/6 6375/3/6 6387/3/6
f 6386/4/6 6374/4/6 6387/4/6
f 6375/4/6 6376/4/6 6388/4/6
f 6387/3/6 6375/3/6 6388/3/6
f 6376/1/6 6377/1/6 6389/1/6
f 6388/4/6 6376/4/6 6389/4/6
f 6377/7/6 6378/7/6 6390/7/6
f 6389/1/6 6377/1/6 6390/1/6
f 6390/7/6 6378/7/6 6391/7/6
f 6391/7/6 6378/7/6 6392/7/6
f 6379/4/6 6380/4/6 6393/4/6
f 6380/4/6 6381/4/6 6393/4/6
f 6381/3/6 6382/3/6 6394/3/6
f 6393/4/6 6381/4/6 6394/4/6
f 6394/3/6 6382/3/6 6395/3/6
f 6383/7/6 6384/7/6 6396/7/6
f 6396/7/6 6384/7/6 6397/7/6
f 6386/7/6 6387/7/6 6399/7/6
f 6390/7/6 6391/7/6 6399/7/6
f 6385/7/6 6386/7/6 6399/7/6
f 6388/7/6 6389/7/6 6399/7/6
f 6387/7/6 6388/7/6 6399/7/6
f 6389/7/6 6390/7/6 6399/7/6
f 6371/7/6 6385/7/6 6399/7/6
f 6399/7/6 6391/7/6 6400/7/6
f 6400/7/6 6391/7/6 6401/7/6
f 6391/4/6 6392/4/6 6402/4/6
f 6401/7/6 6391/7/6 6402/7/6
f 6392/3/6 6393/3/6 6403/3/6
f 6402/4/6 6392/4/6 6403/4/6
f 6403/3/6 6393/3/6 6404/3/6
f 6395/3/6 6396/3/6 6406/3/6
f 6397/7/6 6398/7/6 6407/7/6
f 6396/7/6 6397/7/6 6407/7/6
f 6406/3/6 6396/3/6 6407/3/6
f 6407/7/6 6398/7/6 6408/7/6
f 6408/7/6 6398/7/6 6409/7/6
f 6371/7/6 6399/7/6 6410/7/6
f 6399/6/6 6400/6/6 6411/6/6
f 6410/7/6 6399/7/6 6411/7/6
f 6411/6/6 6400/6/6 6412/6/6
f 6400/7/6 6401/7/6 6413/7/6
f 6401/3/6 6402/3/6 6413/3/6
f 6402/7/6 6403/7/6 6414/7/6
f 6413/3/6 6402/3/6 6414/3/6
f 6403/7/6 6404/7/6 6414/7/6
f 6405/7/6 6406/7/6 6415/7/6
f 6404/6/6 6405/6/6 6415/6/6
f 6406/7/6 6407/7/6 6415/7/6
f 6407/7/6 6408/7/6 6415/7/6
f 6408/6/6 6409/6/6 6416/6/6
f 6415/7/6 6408/7/6 6416/7/6
f 6416/6/6 6409/6/6 6417/6/6
f 6417/6/6 6409/6/6 6418/6/6
f 6410/6/6 6411/6/6 6419/6/6
f 6411/7/6 6412/7/6 6420/7/6
f 6419/6/6 6411/6/6 6420/6/6
f 6412/6/6 6400/6/6 6421/6/6
f 6420/7/6 6412/7/6 6421/7/6
f 6421/6/6 6400/6/6 6422/6/6
f 6413/7/6 6414/7/6 6423/7/6
f 6422/6/6 6400/6/6 6423/6/6
f 6400/7/6 6413/7/6 6423/7/6
f 6414/7/6 6404/7/6 6424/7/6
f 6423/7/6 6414/7/6 6424/7/6
f 6404/6/6 6415/6/6 6425/6/6
f 6424/7/6 6404/7/6 6425/7/6
f 6415/6/6 6416/6/6 6425/6/6
f 6416/6/6 6417/6/6 6425/6/6
f 6425/6/6 6417/6/6 6426/6/6
f 6417/7/6 6418/7/6 6427/7/6
f 6426/6/6 6417/6/6 6427/6/6
f 6427/7/6 6418/7/6 6428/7/6
f 6419/7/6 6420/7/6 6429/7/6
f 6421/7/6 6422/7/6 6429/7/6
f 6420/7/6 6421/7/6 6429/7/6
f 6429/7/6 6422/7/6 6430/7/6
f 6430/7/6 6422/7/6 6431/7/6
f 6431/7/6 6422/7/6 6432/7/6
f 6432/7/6 6422/7/6 6433/7/6
f 6424/6/6 6425/6/6 6435/6/6
f 6425/6/6 6426/6/6 6435/6/6
f 6435/6/6 6426/6/6 6436/6/6
f 6436/6/6 6426/6/6 6437/6/6
f 6427/6/6 6428/6/6 6438/6/6
f 6426/7/6 6427/7/6 6438/7/6
f 6438/6/6 6428/6/6 6439/6/6
f 6429/3/6 6430/3/6 6440/3/6
f 6430/4/6 6431/4/6 6441/4/6
f 6440/3/6 6430/3/6 6441/3/6
f 6431/3/6 6432/3/6 6442/3/6
f 6441/4/6 6431/4/6 6442/4/6
f 6442/3/6 6432/3/6 6443/3/6
f 6433/3/6 6434/3/6 6444/3/6
f 6434/7/6 6435/7/6 6445/7/6
f 6444/3/6 6434/3/6 6445/3/6
f 6435/6/6 6436/6/6 6446/6/6
f 6446/6/6 6436/6/6 6447/6/6
f 6447/6/6 6436/6/6 6448/6/6
f 6436/7/6 6437/7/6 6449/7/6
f 6448/6/6 6436/6/6 6449/6/6
f 6437/6/6 6426/6/6 6450/6/6
f 6449/7/6 6437/7/6 6450/7/6
f 6438/7/6 6439/7/6 6451/7/6
f 6450/6/6 6426/6/6 6451/6/6
f 6426/7/6 6438/7/6 6451/7/6
f 6451/7/6 6439/7/6 6452/7/6
f 6452/7/6 6439/7/6 6453/7/6
f 6441/4/6 6442/4/6 6454/4/6
f 6454/4/6 6442/4/6 6455/4/6
f 6443/7/6 6444/7/6 6456/7/6
f 6444/7/6 6445/7/6 6456/7/6
f 6456/7/6 6445/7/6 6457/7/6
f 6447/6/6 6448/6/6 6458/6/6
f 6446/7/6 6447/7/6 6458/7/6
f 6448/7/6 6449/7/6 6459/7/6
f 6458/6/6 6448/6/6 6459/6/6
f 6459/7/6 6449/7/6 6460/7/6
f 6460/7/6 6449/7/6 6461/7/6
f 6451/3/6 6452/3/6 6462/3/6
f 6462/3/6 6452/3/6 6463/3/6
f 6456/3/6 6457/3/6 6465/3/6
f 6457/7/6 6445/7/6 6466/7/6
f 6465/3/6 6457/3/6 6466/3/6
f 6445/7/6 6435/7/6 6467/7/6
f 6466/7/6 6445/7/6 6467/7/6
f 6467/7/6 6435/7/6 6468/7/6
f 6435/6/6 6446/6/6 6469/6/6
f 6468/7/6 6435/7/6 6469/7/6
f 6446/7/6 6458/7/6 6470/7/6
f 6469/6/6 6446/6/6 6470/6/6
f 6458/7/6 6459/7/6 6470/7/6
f 6459/7/6 6460/7/6 6470/7/6
f 6470/7/6 6460/7/6 6471/7/6
f 6471/7/6 6460/7/6 6472/7/6
f 6472/7/6 6460/7/6 6473/7/6
f 6461/7/6 6462/7/6 6474/7/6
f 6474/7/6 6462/7/6 6475/7/6
f 6475/7/6 6462/7/6 6476/7/6
f 6464/4/6 6465/4/6 6479/4/6
f 6465/7/6 6466/7/6 6480/7/6
f 6479/4/6 6465/4/6 6480/4/6
f 6466/7/6 6467/7/6 6480/7/6
f 6480/7/6 6467/7/6 6481/7/6
f 6467/6/6 6468/6/6 6482/6/6
f 6481/7/6 6467/7/6 6482/7/6
f 6468/7/6 6469/7/6 6483/7/6
f 6469/7/6 6470/7/6 6483/7/6
f 6483/7/6 6470/7/6 6484/7/6
f 6471/4/6 6472/4/6 6485/4/6
f 6472/3/6 6473/3/6 6486/3/6
f 6485/4/6 6472/4/6 6486/4/6
f 6473/7/6 6474/7/6 6487/7/6
f 6486/3/6 6473/3/6 6487/3/6
f 6474/7/6 6475/7/6 6487/7/6
f 6475/4/6 6476/4/6 6488/4/6
f 6487/7/6 6475/7/6 6488/7/6
f 6488/4/6 6476/4/6 6489/4/6
f 6477/3/6 6478/3/6 6492/3/6
f 6492/3/6 6478/3/6 6493/3/6
f 6479/3/6 6480/3/6 6494/3/6
f 6480/7/6 6481/7/6 6495/7/6
f 6494/3/6 6480/3/6 6495/3/6
f 6481/6/6 6482/6/6 6496/6/6
f 6495/7/6 6481/7/6 6496/7/6
f 6482/6/6 6468/6/6 6497/6/6
f 6496/6/6 6482/6/6 6497/6/6
f 6468/7/6 6483/7/6 6498/7/6
f 6497/6/6 6468/6/6 6498/6/6
f 6483/6/6 6484/6/6 6499/6/6
f 6498/7/6 6483/7/6 6499/7/6
f 6484/7/6 6485/7/6 6500/7/6
f 6499/6/6 6484/6/6 6500/6/6
f 6500/7/6 6485/7/6 6501/7/6
f 6486/7/6 6487/7/6 6502/7/6
f 6488/7/6 6489/7/6 6502/7/6
f 6487/7/6 6488/7/6 6502/7/6
f 6502/7/6 6489/7/6 6503/7/6
f 6489/4/6 6490/4/6 6504/4/6
f 6503/7/6 6489/7/6 6504/7/6
f 6490/3/6 6491/3/6 6505/3/6
f 6504/4/6 6490/4/6 6505/4/6
f 6505/3/6 6491/3/6 6506/3/6
f 6495/7/6 6496/7/6 6507/7/6
f 6493/7/6 6494/7/6 6507/7/6
f 6494/7/6 6495/7/6 6507/7/6
f 6496/7/6 6497/7/6 6507/7/6
f 6507/7/6 6497/7/6 6508/7/6
f 6508/7/6 6497/7/6 6509/7/6
f 6498/6/6 6499/6/6 6510/6/6
f 6509/7/6 6497/7/6 6510/7/6
f 6500/6/6 6501/6/6 6510/6/6
f 6499/6/6 6500/6/6 6510/6/6
f 6497/6/6 6498/6/6 6510/6/6
f 6502/7/6 6503/7/6 6511/7/6
f 6501/7/6 6502/7/6 6511/7/6
f 6503/3/6 6504/3/6 6512/3/6
f 6511/7/6 6503/7/6 6512/7/6
f 6505/7/6 6506/7/6 6513/7/6
f 6512/3/6 6504/3/6 6513/3/6
f 6504/7/6 6505/7/6 6513/7/6
f 6513/7/6 6506/7/6 6514/7/6
f 6514/7/6 6506/7/6 6515/7/6
f 6493/7/6 6507/7/6 6516/7/6
f 6492/6/6 6493/6/6 6516/6/6
f 6516/7/6 6507/7/6 6517/7/6
f 6508/7/6 6509/7/6 6518/7/6
f 6509/6/6 6510/6/6 6519/6/6
f 6518/7/6 6509/7/6 6519/7/6
f 6510/6/6 6501/6/6 6520/6/6
f 6519/6/6 6510/6/6 6520/6/6
f 6501/7/6 6511/7/6 6521/7/6
f 6520/6/6 6501/6/6 6521/6/6
f 6521/7/6 6511/7/6 6522/7/6
f 6522/7/6 6511/7/6 6523/7/6
f 6492/6/6 6516/6/6 6526/6/6
f 6526/6/6 6516/6/6 6527/6/6
f 6522/7/6 6523/7/6 6528/7/6
f 6521/6/6 6522/6/6 6528/6/6
f 6520/6/6 6521/6/6 6528/6/6
f 6528/7/6 6523/7/6 6529/7/6
f 6514/6/6 6515/6/6 6530/6/6
f 6530/6/6 6515/6/6 6531/6/6
f 6526/7/6 6527/7/6 6532/7/6
f 6532/7/6 6527/7/6 6533/7/6
f 6517/5/6 6518/5/6 6534/5/6
f 6534/5/6 6518/5/6 6535/5/6
f 6519/7/6 6520/7/6 6536/7/6
f 6524/5/6 6525/5/6 6537/5/6
f 6537/5/6 6525/5/6 6538/5/6
f 6530/7/6 6531/7/6 6539/7/6
f 6539/7/6 6531/7/6 6540/7/6
f 6535/7/6 6536/7/6 6542/7/6
f 6536/7/6 6520/7/6 6543/7/6
f 6520/6/6 6528/6/6 6543/6/6
f 6542/7/6 6536/7/6 6543/7/6
f 6528/6/6 6529/6/6 6543/6/6
f 6543/6/6 6529/6/6 6544/6/6
f 6544/6/6 6529/6/6 6545/6/6
f 6529/7/6 6523/7/6 6546/7/6
f 6545/6/6 6529/6/6 6546/6/6
f 6546/7/6 6523/7/6 6547/7/6
f 6541/3/6 6542/3/6 6549/3/6
f 6542/7/6 6543/7/6 6550/7/6
f 6549/3/6 6542/3/6 6550/3/6
f 6543/7/6 6544/7/6 6550/7/6
f 6550/7/6 6544/7/6 6551/7/6
f 6551/7/6 6544/7/6 6552/7/6
f 6544/6/6 6545/6/6 6553/6/6
f 6552/7/6 6544/7/6 6553/7/6
f 6546/7/6 6547/7/6 6554/7/6
f 6553/6/6 6545/6/6 6554/6/6
f 6545/7/6 6546/7/6 6554/7/6
f 6554/7/6 6547/7/6 6555/7/6
f 6547/3/6 6548/3/6 6556/3/6
f 6555/7/6 6547/7/6 6556/7/6
f 6556/3/6 6548/3/6 6557/3/6
f 6551/2/6 6552/2/6 6561/2/6
f 6554/7/6 6555/7/6 6562/7/6
f 6552/7/6 6553/7/6 6562/7/6
f 6561/2/6 6552/2/6 6562/2/6
f 6553/7/6 6554/7/6 6562/7/6
f 6562/7/6 6555/7/6 6563/7/6
f 6563/7/6 6555/7/6 6564/7/6
f 6564/7/6 6555/7/6 6565/7/6
f 6558/7/6 6559/7/6 6567/7/6
f 6559/6/6 6560/6/6 6568/6/6
f 6567/7/6 6559/7/6 6568/7/6
f 6560/7/6 6561/7/6 6569/7/6
f 6568/6/6 6560/6/6 6569/6/6
f 6569/7/6 6561/7/6 6570/7/6
f 6562/4/6 6563/4/6 6571/4/6
f 6563/7/6 6564/7/6 6572/7/6
f 6571/4/6 6563/4/6 6572/4/6
f 6572/7/6 6564/7/6 6573/7/6
f 6573/7/6 6564/7/6 6574/7/6
f 6565/7/6 6566/7/6 6576/7/6
f 6576/7/6 6566/7/6 6577/7/6
f 6577/7/6 6566/7/6 6578/7/6
f 6567/6/6 6568/6/6 6579/6/6
f 6570/7/6 6571/7/6 6579/7/6
f 6569/6/6 6570/6/6 6579/6/6
f 6568/6/6 6569/6/6 6579/6/6
f 6571/7/6 6572/7/6 6579/7/6
f 6572/2/6 6573/2/6 6580/2/6
f 6579/7/6 6572/7/6 6580/7/6
f 6573/4/6 6574/4/6 6581/4/6
f 6580/2/6 6573/2/6 6581/2/6
f 6574/3/6 6575/3/6 6582/3/6
f 6581/4/6 6574/4/6 6582/4/6
f 6576/7/6 6577/7/6 6583/7/6
f 6582/3/6 6575/3/6 6583/3/6
f 6575/7/6 6576/7/6 6583/7/6
f 6577/6/6 6578/6/6 6584/6/6
f 6583/7/6 6577/7/6 6584/7/6
f 6580/7/6 6581/7/6 6585/7/6
f 6582/7/6 6583/7/6 6585/7/6
f 6581/7/6 6582/7/6 6585/7/6
f 6579/6/6 6580/6/6 6585/6/6
f 6583/6/6 6584/6/6 6586/6/6
f 6585/7/6 6583/7/6 6586/7/6
f 6584/6/6 6578/6/6 6587/6/6
f 6586/6/6 6584/6/6 6587/6/6
f 6587/6/6 6578/6/6 6588/6/6
f 6585/6/6 6586/6/6 6589/6/6
f 6579/6/6 6585/6/6 6589/6/6
f 6567/6/6 6579/6/6 6589/6/6
f 6586/6/6 6587/6/6 6589/6/6
f 6589/6/6 6587/6/6 6590/6/6
f 6590/6/6 6587/6/6 6591/6/6
f 6587/7/6 6588/7/6 6592/7/6
f 6591/6/6 6587/6/6 6592/6/6
f 6588/6/6 6578/6/6 6593/6/6
f 6592/7/6 6588/7/6 6593/7/6
f 6593/6/6 6578/6/6 6594/6/6
f 6589/7/6 6590/7/6 6595/7/6
f 6590/6/6 6591/6/6 6596/6/6
f 6595/7/6 6590/7/6 6596/7/6
f 6591/7/6 6592/7/6 6597/7/6
f 6596/6/6 6591/6/6 6597/6/6
f 6592/7/6 6593/7/6 6597/7/6
f 6593/7/6 6594/7/6 6597/7/6
f 6597/7/6 6594/7/6 6598/7/6
f 6598/7/6 6594/7/6 6599/7/6
f 6599/7/6 6594/7/6 6600/7/6
f 6600/7/6 6594/7/6 6601/7/6
f 6596/7/6 6597/7/6 6602/7/6
f 6597/7/6 6598/7/6 6602/7/6
f 6602/7/6 6598/7/6 6603/7/6
f 6603/7/6 6598/7/6 6604/7/6
f 6604/7/6 6598/7/6 6605/7/6
f 6605/7/6 6598/7/6 6606/7/6
f 6606/7/6 6598/7/6 6607/7/6
f 6607/7/6 6598/7/6 6608/7/6
f 6608/7/6 6598/7/6 6609/7/6
f 6609/7/6 6598/7/6 6610/7/6
f 6610/7/6 6598/7/6 6611/7/6
f 6599/7/6 6600/7/6 6612/7/6
f 6612/7/6 6600/7/6 6613/7/6
f 6603/3/6 6604/3/6 6614/3/6
f 6614/3/6 6604/3/6 6615/3/6
f 6605/7/6 6606/7/6 6616/7/6
f 6606/3/6 6607/3/6 6617/3/6
f 6616/7/6 6606/7/6 6617/7/6
f 6617/3/6 6607/3/6 6618/3/6
f 6608/3/6 6609/3/6 6619/3/6
f 6609/4/6 6610/4/6 6620/4/6
f 6619/3/6 6609/3/6 6620/3/6
f 6620/4/6 6610/4/6 6621/4/6
f 6611/7/6 6612/7/6 6622/7/6
f 6622/7/6 6612/7/6 6623/7/6
f 6623/7/6 6612/7/6 6624/7/6
f 6615/3/6 6616/3/6 6628/3/6
f 6628/3/6 6616/3/6 6629/3/6
f 6617/4/6 6618/4/6 6630/4/6
f 6620/7/6 6621/7/6 6631/7/6
f 6618/7/6 6619/7/6 6631/7/6
f 6630/4/6 6618/4/6 6631/4/6
f 6619/7/6 6620/7/6 6631/7/6
f 6631/7/6 6621/7/6 6632/7/6
f 6621/4/6 6622/4/6 6633/4/6
f 6632/7/6 6621/7/6 6633/7/6
f 6622/7/6 6623/7/6 6634/7/6
f 6633/4/6 6622/4/6 6634/4/6
f 6625/7/6 6626/7/6 6635/7/6
f 6623/6/6 6624/6/6 6635/6/6
f 6624/6/6 6625/6/6 6635/6/6
f 6635/7/6 6626/7/6 6636/7/6
f 6629/7/6 6630/7/6 6638/7/6
f 6628/7/6 6629/7/6 6638/7/6
f 6630/7/6 6631/7/6 6638/7/6
f 6627/7/6 6628/7/6 6638/7/6
f 6638/7/6 6631/7/6 6639/7/6
f 6639/7/6 6631/7/6 6640/7/6
f 6640/7/6 6631/7/6 6641/7/6
f 6631/6/6 6632/6/6 6642/6/6
f 6641/7/6 6631/7/6 6642/7/6
f 6633/7/6 6634/7/6 6643/7/6
f 6642/6/6 6632/6/6 6643/6/6
f 6632/7/6 6633/7/6 6643/7/6
f 6635/6/6 6636/6/6 6644/6/6
f 6643/7/6 6634/7/6 6644/7/6
f 6634/7/6 6623/7/6 6644/7/6
f 6623/6/6 6635/6/6 6644/6/6
f 6636/7/6 6637/7/6 6645/7/6
f 6644/6/6 6636/6/6 6645/6/6
f 6645/7/6 6637/7/6 6646/7/6
f 6639/7/6 6640/7/6 6647/7/6
f 6640/3/6 6641/3/6 6647/3/6
f 6642/6/6 6643/6/6 6648/6/6
f 6647/3/6 6641/3/6 6648/3/6
f 6643/6/6 6644/6/6 6648/6/6
f 6644/6/6 6645/6/6 6648/6/6
f 6645/6/6 6646/6/6 6648/6/6
f 6641/6/6 6642/6/6 6648/6/6
f 6648/6/6 6646/6/6 6649/6/6
f 6639/7/6 6647/7/6 6650/7/6
f 6638/6/6 6639/6/6 6650/6/6
f 6650/7/6 6647/7/6 6651/7/6
f 6648/7/6 6649/7/6 6652/7/6
f 6652/7/6 6649/7/6 6653/7/6
f 6653/7/6 6649/7/6 6654/7/6
f 6650/6/6 6651/6/6 6655/6/6
f 6638/6/6 6650/6/6 6655/6/6
f 6651/7/6 6652/7/6 6656/7/6
f 6655/6/6 6651/6/6 6656/6/6
f 6656/7/6 6652/7/6 6657/7/6
f 6653/3/6 6654/3/6 6659/3/6
f 6654/7/6 6649/7/6 6660/7/6
f 6659/3/6 6654/3/6 6660/3/6
f 6649/6/6 6646/6/6 6661/6/6
f 6661/6/6 6646/6/6 6662/6/6
f 6638/6/6 6655/6/6 6663/6/6
f 6657/7/6 6658/7/6 6664/7/6
f 6663/6/6 6655/6/6 6664/6/6
f 6655/7/6 6656/7/6 6664/7/6
f 6656/7/6 6657/7/6 6664/7/6
f 6664/7/6 6658/7/6 6665/7/6
f 6660/7/6 6649/7/6 6666/7/6
f 6649/6/6 6661/6/6 6666/6/6
f 6661/7/6 6662/7/6 6667/7/6
f 6666/6/6 6661/6/6 6667/6/6
f 6667/7/6 6662/7/6 6668/7/6
f 6662/6/6 6646/6/6 6669/6/6
f 6669/6/6 6646/6/6 6670/6/6
f 6638/6/6 6663/6/6 6671/6/6
f 6663/7/6 6664/7/6 6672/7/6
f 6671/6/6 6663/6/6 6672/6/6
f 6672/7/6 6664/7/6 6673/7/6
f 6673/7/6 6664/7/6 6674/7/6
f 6660/7/6 6666/7/6 6675/7/6
f 6666/7/6 6667/7/6 6675/7/6
f 6675/7/6 6667/7/6 6676/7/6
f 6668/7/6 6662/7/6 6677/7/6
f 6662/6/6 6669/6/6 6678/6/6
f 6677/7/6 6662/7/6 6678/7/6
f 6669/7/6 6670/7/6 6679/7/6
f 6678/6/6 6669/6/6 6679/6/6
f 6679/7/6 6670/7/6 6680/7/6
f 6678/1/6 6679/1/6 6681/1/6
f 6681/1/6 6679/1/6 6682/1/6
f 6672/7/6 6673/7/6 6683/7/6
f 6683/7/6 6673/7/6 6684/7/6
f 6685/7/6 6686/7/6 6692/7/6
f 6692/7/6 6686/7/6 6693/7/6
f 6687/3/6 6688/3/6 6694/3/6
f 6694/3/6 6688/3/6 6695/3/6
f 6689/7/6 6690/7/6 6697/7/6
f 6690/4/6 6691/4/6 6698/4/6
f 6697/7/6 6690/7/6 6698/7/6
f 6698/4/6 6691/4/6 6699/4/6
f 6696/7/6 6697/7/6 6700/7/6
f 6700/7/6 6697/7/6 6701/7/6
f 6702/7/6 6703/7/6 6706/7/6
f 6706/7/6 6703/7/6 6707/7/6
f 6704/7/6 6705/7/6 6708/7/6
f 6708/7/6 6705/7/6 6709/7/6
f 6710/4/6 6711/4/6 6714/4/6
f 6714/4/6 6711/4/6 6715/4/6
f 6712/7/6 6713/7/6 6716/7/6
f 6716/7/6 6713/7/6 6717/7/6
f 6718/7/6 6719/7/6 6721/7/6
f 6721/7/6 6719/7/6 6722/7/6
f 6720/7/6 6721/7/6 6727/7/6
f 6727/7/6 6721/7/6 6728/7/6
f 6723/7/6 6724/7/6 6729/7/6
f 6729/7/6 6724/7/6 6730/7/6
f 6725/6/6 6726/6/6 6731/6/6
f 6731/6/6 6726/6/6 6732/6/6
f 6733/7/6 6734/7/6 6737/7/6
f 6734/4/6 6735/4/6 6738/4/6
f 6737/7/6 6734/7/6 6738/7/6
f 6738/4/6 6735/4/6 6739/4/6
f 6736/7/6 6737/7/6 6740/7/6
f 6737/6/6 6738/6/6 6741/6/6
f 6740/7/6 6737/7/6 6741/7/6
f 6738/6/6 6739/6/6 6741/6/6
f 6741/6/6 6739/6/6 6742/6/6
f 6742/6/6 6739/6/6 6743/6/6
f 6741/7/6 6742/7/6 6744/7/6
f 6744/7/6 6742/7/6 6745/7/6
f 6746/7/6 6747/7/6 6749/7/6
f 6749/7/6 6747/7/6 6750/7/6
f 6748/7/6 6749/7/6 6752/7/6
f 6750/7/6 6751/7/6 6752/7/6
f 6749/7/6 6750/7/6 6752/7/6
f 6752/7/6 6751/7/6 6753/7/6
f 6748/7/6 6752/7/6 6754/7/6
f 6754/7/6 6752/7/6 6755/7/6
f 6756/6/6 6757/6/6 6758/6/6
f 6758/6/6 6757/6/6 6759/6/6
f 6758/3/6 6759/3/6 6760/3/6
f 6760/3/6 6759/3/6 6761/3/6
f 6762/7/6 6763/7/6 6765/7/6
f 6765/7/6 6763/7/6 6766/7/6
f 6764/6/6 6765/6/6 6767/6/6
f 6767/6/6 6765/6/6 6768/6/6
f 6767/4/6 6768/4/6 6769/4/6
f 6769/4/6 6768/4/6 6770/4/6
f 6770/6/6 6771/6/6 6772/6/6
f 6772/6/6 6771/6/6 6773/6/6
f 6774/1/6 6775/1/6 6778/1/6
f 6778/1/6 6775/1/6 6779/1/6
f 6776/6/6 6777/6/6 6781/6/6
f 6781/6/6 6777/6/6 6782/6/6
f 6779/6/6 6780/6/6 6783/6/6
f 6783/6/6 6780/6/6 6784/6/6
f 6781/3/6 6782/3/6 6785/3/6
f 6785/3/6 6782/3/6 6786/3/6
f 6783/7/6 6784/7/6 6788/7/6
f 6788/7/6 6784/7/6 6789/7/6
f 6787/7/6 6788/7/6 6790/7/6
f 6790/7/6 6788/7/6 6791/7/6
f 6792/7/6 6793/7/6 6795/7/6
f 6795/7/6 6793/7/6 6796/7/6
f 6794/6/6 6795/6/6 6797/6/6
f 6797/6/6 6795/6/6 6798/6/6
f 6797/4/6 6798/4/6 6799/4/6
f 6799/4/6 6798/4/6 6800/4/6
f 6800/6/6 6801/6/6 6802/6/6
f 6802/6/6 6801/6/6 6803/6/6
f 6804/7/6 6805/7/6 6808/7/6
f 6808/7/6 6805/7/6 6809/7/6
f 6809/3/6 6810/3/6 6811/3/6
f 6811/3/6 6810/3/6 6812/3/6
f 6806/7/6 6807/7/6 6813/7/6
f 6813/7/6 6807/7/6 6814/7/6
f 6811/4/6 6812/4/6 6816/4/6
f 6816/4/6 6812/4/6 6817/4/6
f 6815/7/6 6816/7/6 6818/7/6
f 6818/7/6 6816/7/6 6819/7/6
f 6820/7/6 6821/7/6 6824/7/6
f 6821/6/6 6822/6/6 6825/6/6
f 6824/7/6 6821/7/6 6825/7/6
f 6825/6/6 6822/6/6 6826/6/6
f 6823/6/6 6824/6/6 6828/6/6
f 6824/6/6 6825/6/6 6828/6/6
f 6828/6/6 6825/6/6 6829/6/6
f 6826/7/6 6827/7/6 6830/7/6
f 6828/7/6 6829/7/6 6832/7/6
f 6829/6/6 6825/6/6 6833/6/6
f 6832/7/6 6829/7/6 6833/7/6
f 6833/6/6 6825/6/6 6834/6/6
f 6830/7/6 6831/7/6 6835/7/6
f 6826/7/6 6830/7/6 6835/7/6
f 6835/7/6 6831/7/6 6836/7/6
f 6836/7/6 6831/7/6 6837/7/6
f 6833/4/6 6834/4/6 6838/4/6
f 6835/7/6 6836/7/6 6839/7/6
f 6838/4/6 6834/4/6 6839/4/6
f 6834/7/6 6835/7/6 6839/7/6
f 6839/7/6 6836/7/6 6840/7/6
f 6841/7/6 6842/7/6 6844/7/6
f 6844/7/6 6842/7/6 6845/7/6
f 6845/7/6 6842/7/6 6846/7/6
f 6846/7/6 6842/7/6 6847/7/6
f 6843/6/6 6844/6/6 6849/6/6
f 6844/6/6 6845/6/6 6849/6/6
f 6849/6/6 6845/6/6 6850/6/6
f 6847/7/6 6848/7/6 6851/7/6
f 6846/7/6 6847/7/6 6851/7/6
f 6851/7/6 6848/7/6 6852/7/6
f 6850/6/6 6845/6/6 6853/6/6
f 6853/6/6 6845/6/6 6854/6/6
f 6846/7/6 6851/7/6 6855/7/6
f 6851/4/6 6852/4/6 6856/4/6
f 6855/7/6 6851/7/6 6856/7/6
f 6856/4/6 6852/4/6 6857/4/6
f 6854/7/6 6855/7/6 6858/7/6
f 6855/1/6 6856/1/6 6859/1/6
f 6858/7/6 6855/7/6 6859/7/6
f 6859/1/6 6856/1/6 6860/1/6
f 6861/7/6 6862/7/6 6863/7/6
f 6863/7/6 6862/7/6 6864/7/6
f 6865/6/6 6866/6/6 6867/6/6
f 6867/6/6 6866/6/6 6868/6/6
