# MagicaVoxel @ Ephtracy

# material
mtllib window.mtl
usemtl palette

# normals
vn -1 0 0
vn 1 0 0
vn 0 0 1
vn 0 0 -1
vn 0 -1 0
vn 0 1 0

# texcoords
vt 0.146484 0.5
vt 0.208984 0.5

# verts
v -15 90 -2
v -15 90 -4
v -15 90 -6
v -15 91 -1
v -15 91 -2
v -15 91 -3
v -15 91 -4
v -15 91 -5
v -15 91 -6
v -15 91 -7
v -15 92 -0
v -15 92 -1
v -15 92 -3
v -15 92 -5
v -15 92 -7
v -15 92 -8
v -15 93 -0
v -15 93 -1
v -15 93 -2
v -15 93 -3
v -15 94 -1
v -15 94 -2
v -15 95 -0
v -15 95 -1
v -15 95 -6
v -15 95 -8
v -15 96 -0
v -15 96 -1
v -15 96 -5
v -15 96 -6
v -15 96 -7
v -15 96 -8
v -15 97 -1
v -15 97 -2
v -15 97 -3
v -15 97 -5
v -15 97 -6
v -15 97 -7
v -15 98 -2
v -15 98 -3
v -15 98 -5
v -15 98 -6
v -14 38 6
v -14 38 4
v -14 39 6
v -14 39 5
v -14 40 6
v -14 40 5
v -14 40 4
v -14 40 3
v -14 40 1
v -14 41 6
v -14 41 5
v -14 41 4
v -14 41 3
v -14 41 2
v -14 42 6
v -14 42 5
v -14 42 4
v -14 42 3
v -14 42 2
v -14 42 1
v -14 43 5
v -14 43 4
v -14 43 3
v -14 43 2
v -14 43 1
v -14 44 6
v -14 44 4
v -14 44 3
v -14 44 2
v -14 44 1
v -14 45 2
v -14 45 1
v -14 46 3
v -14 46 1
v -14 87 -2
v -14 87 -6
v -14 88 -0
v -14 88 -2
v -14 88 -6
v -14 88 -7
v -14 88 -8
v -14 89 1
v -14 89 -0
v -14 89 -5
v -14 89 -7
v -14 89 -8
v -14 89 -9
v -14 90 2
v -14 90 1
v -14 90 -2
v -14 90 -4
v -14 90 -5
v -14 90 -6
v -14 90 -8
v -14 90 -9
v -14 90 -10
v -14 91 -1
v -14 91 -2
v -14 91 -6
v -14 91 -7
v -14 92 3
v -14 92 2
v -14 92 -0
v -14 92 -1
v -14 92 -7
v -14 92 -8
v -14 92 -10
v -14 92 -11
v -14 93 -0
v -14 93 -10
v -14 93 -11
v -14 94 1
v -14 94 -0
v -14 94 -8
v -14 94 -10
v -14 95 3
v -14 95 1
v -14 95 -0
v -14 95 -8
v -14 95 -9
v -14 95 -11
v -14 96 3
v -14 96 2
v -14 96 1
v -14 96 -0
v -14 96 -1
v -14 96 -7
v -14 96 -8
v -14 96 -9
v -14 96 -10
v -14 96 -11
v -14 97 -1
v -14 97 -2
v -14 97 -6
v -14 97 -7
v -14 98 2
v -14 98 1
v -14 98 -2
v -14 98 -3
v -14 98 -4
v -14 98 -5
v -14 98 -6
v -14 98 -9
v -14 98 -10
v -14 99 1
v -14 99 -0
v -14 99 -1
v -14 99 -2
v -14 99 -3
v -14 99 -4
v -14 99 -8
v -14 99 -9
v -14 100 -0
v -14 100 -1
v -14 100 -2
v -14 100 -3
v -14 100 -6
v -14 100 -8
v -14 101 -2
v -14 101 -6
v -13 46 -11
v -13 46 -12
v -13 47 -11
v -13 47 -12
v -13 48 -11
v -13 48 -12
v -13 49 -11
v -13 49 -12
v -13 50 -3
v -13 50 -6
v -13 51 -5
v -13 51 -6
v -13 51 -11
v -13 51 -12
v -13 52 -4
v -13 52 -5
v -13 52 -6
v -13 52 -9
v -13 52 -10
v -13 52 -11
v -13 52 -12
v -13 53 -3
v -13 53 -4
v -13 53 -5
v -13 53 -9
v -13 53 -10
v -13 53 -11
v -13 54 -3
v -13 54 -4
v -13 54 -9
v -13 54 -10
v -13 54 -12
v -13 55 -5
v -13 55 -6
v -13 56 -4
v -13 56 -5
v -13 56 -6
v -13 57 -3
v -13 57 -4
v -13 57 -5
v -13 58 -3
v -13 58 -4
v -13 58 -6
v -13 85 -3
v -13 85 -5
v -13 86 -0
v -13 86 -3
v -13 86 -5
v -13 86 -8
v -13 87 2
v -13 87 -0
v -13 87 -2
v -13 87 -6
v -13 87 -8
v -13 87 -10
v -13 88 3
v -13 88 2
v -13 88 -0
v -13 88 -2
v -13 88 -6
v -13 88 -7
v -13 88 -8
v -13 88 -9
v -13 88 -10
v -13 88 -11
v -13 89 1
v -13 89 -0
v -13 89 -8
v -13 89 -9
v -13 90 4
v -13 90 3
v -13 90 2
v -13 90 1
v -13 90 -9
v -13 90 -10
v -13 90 -11
v -13 90 -12
v -13 92 3
v -13 92 2
v -13 92 -10
v -13 92 -11
v -13 93 -11
v -13 93 -12
v -13 93 -13
v -13 94 -11
v -13 94 -13
v -13 95 3
v -13 95 -11
v -13 95 -12
v -13 95 -13
v -13 96 4
v -13 96 3
v -13 96 2
v -13 96 -10
v -13 96 -11
v -13 97 3
v -13 97 2
v -13 98 2
v -13 98 1
v -13 98 -9
v -13 98 -10
v -13 98 -11
v -13 98 -12
v -13 99 1
v -13 99 -0
v -13 99 -8
v -13 99 -9
v -13 100 3
v -13 100 2
v -13 100 -0
v -13 100 -1
v -13 100 -2
v -13 100 -6
v -13 100 -8
v -13 100 -10
v -13 100 -11
v -13 101 2
v -13 101 -0
v -13 101 -1
v -13 101 -2
v -13 101 -6
v -13 101 -8
v -13 101 -10
v -13 102 -0
v -13 102 -1
v -13 102 -3
v -13 102 -5
v -13 102 -8
v -13 103 -3
v -13 103 -5
v -12 84 -1
v -12 84 -2
v -12 84 -7
v -12 85 1
v -12 85 -0
v -12 85 -1
v -12 85 -2
v -12 85 -3
v -12 85 -5
v -12 85 -7
v -12 85 -9
v -12 86 3
v -12 86 2
v -12 86 1
v -12 86 -0
v -12 86 -3
v -12 86 -5
v -12 86 -8
v -12 86 -9
v -12 86 -10
v -12 87 4
v -12 87 3
v -12 87 2
v -12 87 -0
v -12 87 -8
v -12 87 -10
v -12 87 -11
v -12 88 3
v -12 88 2
v -12 88 -10
v -12 88 -11
v -12 89 5
v -12 89 4
v -12 89 -11
v -12 89 -12
v -12 90 4
v -12 90 3
v -12 90 -11
v -12 90 -12
v -12 90 -13
v -12 91 -13
v -12 91 -14
v -12 92 -12
v -12 92 -14
v -12 93 5
v -12 93 4
v -12 93 -12
v -12 93 -13
v -12 93 -14
v -12 94 -13
v -12 95 -12
v -12 95 -13
v -12 97 -13
v -12 97 -14
v -12 98 -11
v -12 98 -12
v -12 99 -12
v -12 99 -13
v -12 100 -10
v -12 100 -11
v -12 101 1
v -12 101 -0
v -12 101 -8
v -12 101 -10
v -12 101 -11
v -12 101 -12
v -12 102 1
v -12 102 -0
v -12 102 -1
v -12 102 -3
v -12 102 -5
v -12 102 -8
v -12 102 -9
v -12 102 -11
v -12 103 -0
v -12 103 -1
v -12 103 -3
v -12 103 -5
v -12 103 -7
v -12 103 -9
v -12 104 -1
v -12 104 -7
v -11 78 -2
v -11 78 -3
v -11 78 -4
v -11 79 -2
v -11 79 -3
v -11 79 -4
v -11 80 -2
v -11 80 -3
v -11 80 -4
v -11 81 -2
v -11 81 -3
v -11 81 -4
v -11 82 -2
v -11 82 -3
v -11 83 -2
v -11 83 -4
v -11 84 2
v -11 84 1
v -11 84 -1
v -11 84 -7
v -11 84 -9
v -11 85 3
v -11 85 2
v -11 85 1
v -11 85 -0
v -11 85 -1
v -11 85 -7
v -11 85 -9
v -11 86 4
v -11 86 3
v -11 86 2
v -11 86 1
v -11 87 5
v -11 87 4
v -11 87 3
v -11 88 6
v -11 88 5
v -11 88 4
v -11 89 6
v -11 89 5
v -11 94 -14
v -11 94 -15
v -11 97 -13
v -11 97 -14
v -11 98 -14
v -11 98 -15
v -11 99 -12
v -11 99 -13
v -11 99 -14
v -11 100 -12
v -11 100 -13
v -11 100 -14
v -11 101 -11
v -11 101 -12
v -11 101 -13
v -11 102 -9
v -11 102 -10
v -11 102 -11
v -11 102 -12
v -11 103 -0
v -11 103 -1
v -11 103 -7
v -11 103 -9
v -11 103 -10
v -11 103 -11
v -11 104 -0
v -11 104 -1
v -11 104 -7
v -11 104 -8
v -11 104 -9
v -11 104 -10
v -11 105 -1
v -11 105 -8
v -10 79 2
v -10 79 1
v -10 80 2
v -10 80 1
v -10 80 -0
v -10 81 2
v -10 81 -0
v -10 84 3
v -10 84 2
v -10 85 5
v -10 85 3
v -10 85 2
v -10 86 4
v -10 86 3
v -10 87 6
v -10 87 5
v -10 87 4
v -10 88 7
v -10 88 6
v -10 88 5
v -10 89 6
v -10 90 8
v -10 90 7
v -10 90 6
v -10 91 -15
v -10 91 -16
v -10 92 -15
v -10 92 -16
v -10 93 8
v -10 93 7
v -10 94 -15
v -10 97 -15
v -10 97 -16
v -10 98 -14
v -10 98 -15
v -10 98 -16
v -10 99 -14
v -10 100 -13
v -10 100 -14
v -10 100 -15
v -10 101 -12
v -10 101 -13
v -10 101 -14
v -10 102 -11
v -10 102 -12
v -10 102 -13
v -10 103 -10
v -10 103 -11
v -10 103 -12
v -10 103 -13
v -10 104 2
v -10 104 1
v -10 104 -8
v -10 104 -9
v -10 104 -10
v -10 104 -11
v -10 105 2
v -10 105 1
v -10 105 -1
v -10 105 -7
v -10 105 -8
v -10 105 -9
v -10 105 -10
v -10 106 -1
v -10 106 -7
v -10 106 -8
v -9 34 10
v -9 34 9
v -9 35 10
v -9 35 9
v -9 36 10
v -9 36 9
v -9 38 10
v -9 38 9
v -9 39 10
v -9 39 9
v -9 40 10
v -9 40 9
v -9 84 5
v -9 84 3
v -9 85 6
v -9 85 5
v -9 85 3
v -9 87 7
v -9 87 6
v -9 87 5
v -9 88 8
v -9 88 7
v -9 88 6
v -9 89 8
v -9 89 7
v -9 90 8
v -9 90 7
v -9 91 9
v -9 91 8
v -9 92 9
v -9 92 8
v -9 92 -16
v -9 92 -17
v -9 93 8
v -9 94 9
v -9 94 8
v -9 96 -16
v -9 96 -17
v -9 97 -16
v -9 97 -17
v -9 98 -15
v -9 98 -16
v -9 99 -15
v -9 99 -16
v -9 100 -14
v -9 100 -15
v -9 100 -16
v -9 101 -13
v -9 101 -14
v -9 101 -15
v -9 102 -13
v -9 103 -11
v -9 103 -12
v -9 103 -13
v -9 103 -14
v -9 104 -10
v -9 104 -11
v -9 104 -13
v -9 105 2
v -9 105 1
v -9 105 -0
v -9 105 -8
v -9 105 -9
v -9 105 -10
v -9 105 -11
v -9 106 2
v -9 106 -0
v -9 106 -2
v -9 106 -6
v -9 106 -7
v -9 106 -8
v -9 106 -9
v -9 106 -10
v -9 107 -2
v -9 107 -6
v -9 107 -7
v -8 84 6
v -8 84 5
v -8 85 7
v -8 85 6
v -8 85 5
v -8 87 8
v -8 87 7
v -8 87 6
v -8 88 8
v -8 88 7
v -8 89 9
v -8 89 8
v -8 90 9
v -8 90 8
v -8 91 9
v -8 91 8
v -8 93 10
v -8 93 9
v -8 93 -17
v -8 93 -18
v -8 94 9
v -8 95 10
v -8 95 9
v -8 95 8
v -8 95 -17
v -8 95 -18
v -8 96 9
v -8 96 8
v -8 97 -16
v -8 97 -17
v -8 98 -16
v -8 98 -17
v -8 99 -16
v -8 99 -17
v -8 100 -15
v -8 100 -16
v -8 101 -14
v -8 101 -15
v -8 101 -16
v -8 103 -13
v -8 103 -14
v -8 103 -15
v -8 104 -11
v -8 104 -13
v -8 104 -14
v -8 105 -10
v -8 105 -11
v -8 105 -13
v -8 106 1
v -8 106 -0
v -8 106 -1
v -8 106 -7
v -8 106 -8
v -8 106 -9
v -8 106 -10
v -8 106 -11
v -8 107 1
v -8 107 -1
v -8 107 -3
v -8 107 -5
v -8 107 -7
v -8 107 -8
v -8 107 -9
v -8 108 -3
v -8 108 -5
v -7 30 -18
v -7 30 -19
v -7 32 -18
v -7 32 -19
v -7 33 -18
v -7 33 -19
v -7 35 -18
v -7 35 -19
v -7 36 -18
v -7 36 -19
v -7 38 -18
v -7 38 -19
v -7 86 8
v -7 86 7
v -7 87 9
v -7 87 8
v -7 87 7
v -7 89 9
v -7 89 8
v -7 90 10
v -7 90 9
v -7 91 10
v -7 91 9
v -7 92 9
v -7 93 10
v -7 93 9
v -7 95 10
v -7 95 9
v -7 95 -17
v -7 95 -18
v -7 96 10
v -7 96 9
v -7 96 -17
v -7 97 -17
v -7 97 -18
v -7 98 -17
v -7 98 -18
v -7 99 -16
v -7 99 -17
v -7 100 -16
v -7 101 -15
v -7 101 -16
v -7 101 -17
v -7 102 -15
v -7 102 -16
v -7 105 -11
v -7 105 -12
v -7 106 2
v -7 106 1
v -7 106 -9
v -7 106 -11
v -7 106 -12
v -7 107 2
v -7 107 1
v -7 107 -0
v -7 107 -1
v -7 107 -2
v -7 107 -3
v -7 107 -5
v -7 107 -7
v -7 107 -8
v -7 107 -9
v -7 107 -11
v -7 108 -0
v -7 108 -1
v -7 108 -2
v -7 108 -3
v -7 108 -5
v -7 108 -7
v -7 108 -8
v -6 32 10
v -6 32 9
v -6 33 10
v -6 33 9
v -6 34 10
v -6 34 9
v -6 36 10
v -6 36 9
v -6 37 10
v -6 37 9
v -6 38 10
v -6 38 9
v -6 38 -18
v -6 38 -19
v -6 39 -18
v -6 39 -19
v -6 84 7
v -6 84 6
v -6 85 8
v -6 85 7
v -6 85 6
v -6 86 9
v -6 86 8
v -6 86 7
v -6 87 9
v -6 87 8
v -6 88 10
v -6 88 9
v -6 90 10
v -6 90 9
v -6 92 11
v -6 92 10
v -6 93 11
v -6 93 10
v -6 93 -18
v -6 93 -19
v -6 94 -18
v -6 94 -19
v -6 95 11
v -6 95 10
v -6 95 -18
v -6 96 11
v -6 96 10
v -6 96 9
v -6 96 -18
v -6 96 -19
v -6 98 10
v -6 98 9
v -6 98 -17
v -6 98 -18
v -6 100 -17
v -6 100 -18
v -6 101 -16
v -6 101 -17
v -6 102 -15
v -6 102 -16
v -6 102 -17
v -6 103 -14
v -6 103 -15
v -6 103 -16
v -6 104 -13
v -6 104 -14
v -6 104 -15
v -6 105 -12
v -6 105 -13
v -6 105 -14
v -6 106 -11
v -6 106 -12
v -6 106 -13
v -6 107 1
v -6 107 -0
v -6 107 -1
v -6 107 -2
v -6 107 -8
v -6 107 -10
v -6 107 -11
v -6 107 -12
v -6 108 1
v -6 108 -0
v -6 108 -1
v -6 108 -2
v -6 108 -4
v -6 108 -5
v -6 108 -6
v -6 108 -8
v -6 108 -10
v -6 109 -2
v -6 109 -4
v -6 109 -6
v -5 30 -18
v -5 30 -19
v -5 34 -18
v -5 34 -19
v -5 35 -18
v -5 35 -19
v -5 84 8
v -5 84 7
v -5 85 8
v -5 85 7
v -5 87 10
v -5 87 9
v -5 88 10
v -5 88 9
v -5 90 11
v -5 90 10
v -5 92 11
v -5 92 10
v -5 92 -18
v -5 92 -19
v -5 93 -18
v -5 93 -19
v -5 96 11
v -5 96 10
v -5 96 -18
v -5 96 -19
v -5 98 11
v -5 98 10
v -5 98 9
v -5 98 -18
v -5 98 -19
v -5 100 10
v -5 100 9
v -5 100 -17
v -5 100 -18
v -5 101 -17
v -5 101 -18
v -5 103 -15
v -5 103 -16
v -5 104 -14
v -5 104 -15
v -5 104 -16
v -5 105 -13
v -5 105 -14
v -5 105 -15
v -5 106 -13
v -5 106 -14
v -5 107 -10
v -5 107 -11
v -5 108 -0
v -5 108 -2
v -5 108 -6
v -5 108 -8
v -5 108 -10
v -5 108 -11
v -5 109 -0
v -5 109 -2
v -5 109 -6
v -5 109 -8
v -4 85 9
v -4 85 8
v -4 86 9
v -4 86 8
v -4 89 11
v -4 89 10
v -4 90 11
v -4 90 10
v -4 90 -18
v -4 90 -19
v -4 92 -18
v -4 92 -19
v -4 98 11
v -4 98 10
v -4 98 -18
v -4 98 -19
v -4 99 11
v -4 99 10
v -4 99 -18
v -4 99 -19
v -4 102 -16
v -4 102 -17
v -4 103 -16
v -4 103 -17
v -4 106 -12
v -4 106 -13
v -4 107 -12
v -4 107 -13
v -4 108 -8
v -4 108 -9
v -4 109 -8
v -4 109 -9
v -3 86 10
v -3 86 9
v -3 87 10
v -3 87 9
v -3 88 11
v -3 88 10
v -3 89 11
v -3 89 10
v -3 89 -18
v -3 89 -19
v -3 90 -18
v -3 90 -19
v -3 92 12
v -3 92 11
v -3 92 -19
v -3 92 -20
v -3 93 -19
v -3 94 11
v -3 94 -19
v -3 94 -20
v -3 95 12
v -3 95 11
v -3 96 12
v -3 96 11
v -3 96 -19
v -3 96 -20
v -3 99 11
v -3 99 10
v -3 99 -18
v -3 99 -19
v -3 100 11
v -3 100 10
v -3 100 9
v -3 100 -18
v -3 100 -19
v -3 101 10
v -3 101 9
v -3 101 -17
v -3 101 -18
v -3 102 -17
v -3 102 -18
v -3 104 -15
v -3 104 -16
v -3 105 -14
v -3 105 -15
v -3 105 -16
v -3 106 -14
v -3 106 -15
v -3 107 3
v -3 107 2
v -3 107 -11
v -3 107 -12
v -3 108 3
v -3 108 2
v -3 108 1
v -3 108 -0
v -3 108 -9
v -3 108 -10
v -3 108 -11
v -3 108 -12
v -3 109 1
v -3 109 -0
v -3 109 -2
v -3 109 -3
v -3 109 -4
v -3 109 -5
v -3 109 -6
v -3 109 -9
v -3 109 -10
v -3 110 -2
v -3 110 -3
v -3 110 -4
v -3 110 -5
v -3 110 -6
v -2 84 9
v -2 84 8
v -2 84 -16
v -2 84 -17
v -2 85 9
v -2 85 8
v -2 85 -16
v -2 85 -17
v -2 86 -16
v -2 86 -17
v -2 86 -18
v -2 88 -17
v -2 88 -18
v -2 88 -19
v -2 89 -18
v -2 89 -19
v -2 91 12
v -2 91 11
v -2 91 -19
v -2 91 -20
v -2 92 12
v -2 92 11
v -2 92 -19
v -2 92 -20
v -2 96 12
v -2 96 11
v -2 96 -19
v -2 96 -20
v -2 97 12
v -2 97 11
v -2 97 -19
v -2 97 -20
v -2 101 10
v -2 101 9
v -2 102 10
v -2 102 9
v -2 102 8
v -2 103 9
v -2 103 8
v -2 103 -16
v -2 103 -17
v -2 104 -16
v -2 104 -17
v -2 106 -13
v -2 106 -14
v -2 107 -13
v -2 107 -14
v -2 108 2
v -2 108 1
v -2 109 2
v -2 109 1
v -2 109 -1
v -2 109 -2
v -2 109 -6
v -2 109 -7
v -2 110 -1
v -2 110 -2
v -2 110 -6
v -2 110 -7
v -1 30 -18
v -1 30 -19
v -1 31 -18
v -1 31 -19
v -1 32 -18
v -1 32 -19
v -1 35 -18
v -1 35 -19
v -1 36 -18
v -1 36 -19
v -1 37 -18
v -1 37 -19
v -1 38 -18
v -1 38 -19
v -1 87 11
v -1 87 10
v -1 87 -18
v -1 87 -19
v -1 88 11
v -1 88 10
v -1 88 -18
v -1 88 -19
v -1 90 12
v -1 90 11
v -1 90 -19
v -1 90 -20
v -1 91 12
v -1 91 11
v -1 91 -19
v -1 91 -20
v -1 97 12
v -1 97 11
v -1 97 -19
v -1 97 -20
v -1 98 12
v -1 98 11
v -1 98 -19
v -1 98 -20
v -1 100 11
v -1 100 10
v -1 100 -18
v -1 100 -19
v -1 101 11
v -1 101 10
v -1 101 -18
v -1 101 -19
v -1 108 3
v -1 108 2
v -1 108 -10
v -1 108 -11
v -1 109 3
v -1 109 2
v -1 109 -0
v -1 109 -1
v -1 109 -7
v -1 109 -8
v -1 109 -10
v -1 109 -11
v -1 110 -0
v -1 110 -1
v -1 110 -7
v -1 110 -8
v 0 38 -18
v 0 38 -19
v 0 39 -18
v 0 39 -19
v 0 85 10
v 0 85 9
v 0 85 -17
v 0 85 -18
v 0 86 10
v 0 86 9
v 0 86 -17
v 0 86 -18
v 0 102 10
v 0 102 9
v 0 102 -17
v 0 102 -18
v 0 103 10
v 0 103 9
v 0 103 8
v 0 103 -17
v 0 103 -18
v 0 104 9
v 0 104 8
v 0 107 4
v 0 107 3
v 0 107 -12
v 0 107 -13
v 0 108 4
v 0 108 3
v 0 108 -12
v 0 108 -13
v 1 34 -18
v 1 34 -19
v 1 35 -18
v 1 35 -19
v 2 30 -18
v 2 30 -19
v 2 34 -18
v 2 34 -19
v 2 73 8
v 2 73 7
v 2 74 8
v 2 74 7
v 2 76 8
v 2 76 7
v 2 85 9
v 2 85 8
v 2 85 -16
v 2 85 -17
v 2 86 9
v 2 86 8
v 2 86 -16
v 2 86 -17
v 2 88 11
v 2 88 10
v 2 89 11
v 2 89 10
v 2 102 -16
v 2 102 -17
v 2 103 -16
v 2 103 -17
v 2 106 6
v 2 106 4
v 2 106 -12
v 2 106 -13
v 2 107 6
v 2 107 4
v 2 107 -12
v 2 107 -13
v 3 87 10
v 3 87 9
v 3 87 -17
v 3 87 -18
v 3 88 10
v 3 88 9
v 3 88 -17
v 3 88 -18
v 3 89 11
v 3 89 10
v 3 90 11
v 3 90 10
v 3 90 -18
v 3 90 -19
v 3 91 -18
v 3 91 -19
v 3 97 -18
v 3 97 -19
v 3 98 -18
v 3 98 -19
v 3 100 -17
v 3 100 -18
v 3 101 -17
v 3 101 -18
v 3 105 7
v 3 105 6
v 3 106 7
v 3 106 6
v 3 107 3
v 3 107 2
v 3 107 -10
v 3 107 -11
v 3 108 3
v 3 108 2
v 3 108 -0
v 3 108 -1
v 3 108 -7
v 3 108 -8
v 3 108 -10
v 3 108 -11
v 3 109 -0
v 3 109 -1
v 3 109 -7
v 3 109 -8
v 4 84 8
v 4 84 7
v 4 84 -15
v 4 84 -16
v 4 85 8
v 4 85 7
v 4 85 -15
v 4 85 -16
v 4 90 11
v 4 90 10
v 4 91 -18
v 4 91 -19
v 4 92 11
v 4 92 10
v 4 92 -18
v 4 92 -19
v 4 96 -18
v 4 96 -19
v 4 97 -18
v 4 97 -19
v 4 103 8
v 4 103 7
v 4 103 -15
v 4 103 -16
v 4 104 8
v 4 104 7
v 4 104 -15
v 4 104 -16
v 4 105 8
v 4 105 7
v 4 105 6
v 4 105 5
v 4 105 -13
v 4 105 -14
v 4 106 6
v 4 106 5
v 4 106 -13
v 4 106 -14
v 4 108 -1
v 4 108 -2
v 4 108 -6
v 4 108 -7
v 4 109 -1
v 4 109 -2
v 4 109 -6
v 4 109 -7
v 5 86 9
v 5 86 8
v 5 86 -16
v 5 86 -17
v 5 87 9
v 5 87 8
v 5 87 -16
v 5 87 -17
v 5 88 10
v 5 88 9
v 5 88 -17
v 5 88 -18
v 5 89 10
v 5 89 9
v 5 89 -17
v 5 89 -18
v 5 92 11
v 5 92 10
v 5 92 -18
v 5 92 -19
v 5 96 -18
v 5 96 -19
v 5 97 11
v 5 97 10
v 5 99 -17
v 5 99 -18
v 5 100 10
v 5 100 9
v 5 100 -17
v 5 100 -18
v 5 101 10
v 5 101 9
v 5 101 8
v 5 101 -16
v 5 101 -17
v 5 102 9
v 5 102 8
v 5 102 -16
v 5 102 -17
v 5 103 9
v 5 103 8
v 5 104 7
v 5 104 6
v 5 104 -14
v 5 104 -15
v 5 105 7
v 5 105 6
v 5 105 -14
v 5 105 -15
v 5 106 4
v 5 106 3
v 5 106 -11
v 5 106 -12
v 5 107 4
v 5 107 3
v 5 107 2
v 5 107 1
v 5 107 -9
v 5 107 -10
v 5 107 -11
v 5 107 -12
v 5 108 2
v 5 108 1
v 5 108 -2
v 5 108 -6
v 5 108 -9
v 5 108 -10
v 5 109 -2
v 5 109 -6
v 6 30 -18
v 6 30 -19
v 6 31 -18
v 6 31 -19
v 6 32 -18
v 6 32 -19
v 6 35 -18
v 6 35 -19
v 6 36 -18
v 6 36 -19
v 6 38 -18
v 6 38 -19
v 6 85 8
v 6 85 7
v 6 85 -15
v 6 85 -16
v 6 86 8
v 6 86 7
v 6 86 -15
v 6 86 -16
v 6 89 10
v 6 89 9
v 6 89 -17
v 6 89 -18
v 6 90 10
v 6 90 9
v 6 90 -17
v 6 90 -18
v 6 97 11
v 6 97 10
v 6 98 11
v 6 98 10
v 6 98 9
v 6 98 -17
v 6 98 -18
v 6 99 -17
v 6 99 -18
v 6 100 10
v 6 100 9
v 6 102 8
v 6 102 7
v 6 102 -15
v 6 102 -16
v 6 103 8
v 6 103 7
v 6 103 -15
v 6 103 -16
v 6 105 5
v 6 105 4
v 6 105 -12
v 6 105 -13
v 6 106 5
v 6 106 4
v 6 106 -12
v 6 106 -13
v 6 107 1
v 6 107 -0
v 6 107 -8
v 6 107 -9
v 6 108 1
v 6 108 -0
v 6 108 -8
v 6 108 -9
v 7 38 -18
v 7 38 -19
v 7 39 -18
v 7 39 -19
v 7 84 7
v 7 84 6
v 7 84 -14
v 7 84 -15
v 7 85 7
v 7 85 6
v 7 85 -14
v 7 85 -15
v 7 87 9
v 7 87 8
v 7 87 -16
v 7 87 -17
v 7 88 9
v 7 88 8
v 7 88 -16
v 7 88 -17
v 7 90 10
v 7 90 9
v 7 90 -17
v 7 90 -18
v 7 92 10
v 7 92 9
v 7 92 -17
v 7 92 -18
v 7 96 10
v 7 96 9
v 7 96 -17
v 7 96 -18
v 7 97 -17
v 7 97 -18
v 7 98 10
v 7 98 9
v 7 98 -17
v 7 98 -18
v 7 100 9
v 7 100 8
v 7 100 -16
v 7 100 -17
v 7 101 9
v 7 101 8
v 7 101 -16
v 7 101 -17
v 7 103 7
v 7 103 6
v 7 103 -14
v 7 103 -15
v 7 104 7
v 7 104 6
v 7 104 5
v 7 104 -13
v 7 104 -14
v 7 104 -15
v 7 105 6
v 7 105 5
v 7 105 -13
v 7 105 -14
v 7 106 3
v 7 106 2
v 7 106 -10
v 7 106 -11
v 7 107 3
v 7 107 2
v 7 107 -0
v 7 107 -2
v 7 107 -6
v 7 107 -8
v 7 107 -10
v 7 107 -11
v 7 108 -0
v 7 108 -2
v 7 108 -6
v 7 108 -8
v 8 30 -18
v 8 30 -19
v 8 33 -18
v 8 33 -19
v 8 34 -18
v 8 34 -19
v 8 66 8
v 8 66 7
v 8 67 8
v 8 67 7
v 8 69 8
v 8 69 7
v 8 70 8
v 8 70 7
v 8 73 8
v 8 73 7
v 8 84 6
v 8 84 5
v 8 84 -13
v 8 84 -14
v 8 85 7
v 8 85 6
v 8 85 5
v 8 85 -13
v 8 85 -14
v 8 85 -15
v 8 86 8
v 8 86 7
v 8 86 6
v 8 86 -14
v 8 86 -15
v 8 86 -16
v 8 87 8
v 8 87 7
v 8 87 -15
v 8 87 -16
v 8 88 9
v 8 88 8
v 8 88 -16
v 8 88 -17
v 8 89 -16
v 8 89 -17
v 8 90 9
v 8 90 8
v 8 90 -16
v 8 90 -17
v 8 92 10
v 8 92 9
v 8 92 -17
v 8 92 -18
v 8 96 10
v 8 96 9
v 8 96 -17
v 8 96 -18
v 8 98 9
v 8 98 8
v 8 98 -16
v 8 98 -17
v 8 99 -16
v 8 99 -17
v 8 100 9
v 8 100 8
v 8 100 -16
v 8 100 -17
v 8 101 8
v 8 101 7
v 8 101 -15
v 8 101 -16
v 8 102 8
v 8 102 7
v 8 102 6
v 8 102 -14
v 8 102 -15
v 8 102 -16
v 8 103 7
v 8 103 6
v 8 103 5
v 8 103 -13
v 8 103 -14
v 8 103 -15
v 8 104 6
v 8 104 5
v 8 104 4
v 8 104 -12
v 8 104 -13
v 8 104 -14
v 8 105 5
v 8 105 4
v 8 105 3
v 8 105 -11
v 8 105 -12
v 8 105 -13
v 8 106 4
v 8 106 3
v 8 106 2
v 8 106 1
v 8 106 -0
v 8 106 -8
v 8 106 -10
v 8 106 -11
v 8 106 -12
v 8 107 2
v 8 107 1
v 8 107 -0
v 8 107 -2
v 8 107 -6
v 8 107 -8
v 8 107 -10
v 8 108 -2
v 8 108 -6
v 9 69 8
v 9 69 7
v 9 70 8
v 9 70 7
v 9 86 7
v 9 86 6
v 9 86 -14
v 9 86 -15
v 9 87 8
v 9 87 7
v 9 87 6
v 9 87 -14
v 9 87 -15
v 9 87 -16
v 9 88 -16
v 9 89 8
v 9 89 7
v 9 89 -15
v 9 89 -16
v 9 90 9
v 9 90 8
v 9 90 -16
v 9 90 -17
v 9 93 9
v 9 93 8
v 9 93 -16
v 9 93 -17
v 9 95 9
v 9 95 8
v 9 95 -16
v 9 95 -17
v 9 96 -16
v 9 96 -17
v 9 97 -16
v 9 97 -17
v 9 98 9
v 9 98 8
v 9 98 -16
v 9 98 -17
v 9 99 8
v 9 99 7
v 9 99 -15
v 9 99 -16
v 9 100 -15
v 9 100 -16
v 9 101 8
v 9 101 7
v 9 101 6
v 9 101 -14
v 9 101 -15
v 9 101 -16
v 9 102 7
v 9 102 6
v 9 102 -14
v 9 102 -15
v 9 104 4
v 9 104 3
v 9 104 -11
v 9 104 -12
v 9 105 4
v 9 105 3
v 9 105 2
v 9 105 1
v 9 105 -9
v 9 105 -11
v 9 105 -12
v 9 106 3
v 9 106 2
v 9 106 1
v 9 106 -0
v 9 106 -3
v 9 106 -5
v 9 106 -8
v 9 106 -9
v 9 106 -11
v 9 107 -0
v 9 107 -1
v 9 107 -3
v 9 107 -5
v 9 107 -8
v 10 84 5
v 10 84 3
v 10 84 -11
v 10 84 -13
v 10 85 6
v 10 85 5
v 10 85 3
v 10 85 -11
v 10 85 -13
v 10 85 -14
v 10 86 6
v 10 86 5
v 10 86 -13
v 10 86 -14
v 10 87 7
v 10 87 6
v 10 87 5
v 10 87 -13
v 10 87 -14
v 10 87 -15
v 10 88 7
v 10 88 6
v 10 88 -14
v 10 88 -15
v 10 89 8
v 10 89 7
v 10 89 -15
v 10 89 -16
v 10 91 8
v 10 91 7
v 10 91 -15
v 10 91 -16
v 10 93 9
v 10 93 8
v 10 93 -16
v 10 93 -17
v 10 95 9
v 10 95 8
v 10 95 -16
v 10 95 -17
v 10 97 8
v 10 97 7
v 10 97 -15
v 10 97 -16
v 10 99 8
v 10 99 7
v 10 99 -15
v 10 99 -16
v 10 100 7
v 10 100 6
v 10 100 -14
v 10 100 -15
v 10 101 7
v 10 101 6
v 10 101 5
v 10 101 -13
v 10 101 -14
v 10 101 -15
v 10 103 6
v 10 103 5
v 10 103 3
v 10 103 -11
v 10 103 -13
v 10 103 -14
v 10 104 5
v 10 104 3
v 10 104 2
v 10 104 -10
v 10 104 -11
v 10 104 -13
v 10 105 3
v 10 105 2
v 10 105 1
v 10 105 -1
v 10 105 -7
v 10 105 -9
v 10 105 -10
v 10 105 -11
v 10 106 1
v 10 106 -0
v 10 106 -1
v 10 106 -3
v 10 106 -4
v 10 106 -5
v 10 106 -7
v 10 106 -9
v 10 107 -3
v 10 107 -4
v 10 107 -5
v 11 84 3
v 11 84 2
v 11 84 -10
v 11 84 -11
v 11 85 5
v 11 85 4
v 11 85 3
v 11 85 2
v 11 85 -10
v 11 85 -11
v 11 85 -13
v 11 86 5
v 11 86 4
v 11 86 -11
v 11 86 -12
v 11 86 -13
v 11 87 6
v 11 87 5
v 11 87 -12
v 11 87 -13
v 11 87 -14
v 11 88 7
v 11 88 6
v 11 88 5
v 11 88 -13
v 11 88 -14
v 11 88 -15
v 11 90 7
v 11 90 6
v 11 90 -14
v 11 90 -15
v 11 91 8
v 11 91 7
v 11 91 -15
v 11 91 -16
v 11 95 -15
v 11 95 -16
v 11 96 -15
v 11 96 -16
v 11 97 8
v 11 97 7
v 11 97 -15
v 11 97 -16
v 11 98 7
v 11 98 6
v 11 98 -14
v 11 98 -15
v 11 99 -15
v 11 100 7
v 11 100 6
v 11 100 5
v 11 100 -13
v 11 100 -14
v 11 100 -15
v 11 101 6
v 11 101 5
v 11 101 4
v 11 101 -12
v 11 101 -13
v 11 101 -14
v 11 102 4
v 11 102 3
v 11 102 -11
v 11 102 -12
v 11 102 -13
v 11 103 5
v 11 103 3
v 11 103 2
v 11 103 -10
v 11 103 -11
v 11 103 -13
v 11 104 3
v 11 104 2
v 11 104 -0
v 11 104 -8
v 11 104 -9
v 11 104 -10
v 11 104 -11
v 11 105 2
v 11 105 1
v 11 105 -0
v 11 105 -1
v 11 105 -3
v 11 105 -7
v 11 105 -8
v 11 105 -9
v 11 105 -10
v 11 106 -1
v 11 106 -3
v 11 106 -4
v 11 106 -7
v 12 84 2
v 12 84 -1
v 12 84 -7
v 12 84 -10
v 12 85 2
v 12 85 -1
v 12 85 -7
v 12 85 -9
v 12 85 -10
v 12 85 -11
v 12 86 -9
v 12 86 -10
v 12 86 -11
v 12 86 -12
v 12 87 -11
v 12 87 -12
v 12 87 -13
v 12 88 6
v 12 88 5
v 12 88 4
v 12 88 -13
v 12 88 -14
v 12 89 5
v 12 89 4
v 12 89 -12
v 12 89 -13
v 12 90 7
v 12 90 6
v 12 90 -14
v 12 90 -15
v 12 91 6
v 12 91 5
v 12 91 -13
v 12 91 -14
v 12 94 -14
v 12 94 -15
v 12 95 -14
v 12 95 -15
v 12 96 -15
v 12 97 6
v 12 97 5
v 12 97 -13
v 12 97 -14
v 12 98 7
v 12 98 6
v 12 98 -14
v 12 98 -15
v 12 99 5
v 12 99 4
v 12 99 -12
v 12 99 -13
v 12 100 6
v 12 100 5
v 12 100 -12
v 12 100 -13
v 12 100 -14
v 12 101 5
v 12 101 4
v 12 101 3
v 12 101 -11
v 12 101 -12
v 12 101 -13
v 12 102 4
v 12 102 3
v 12 102 1
v 12 102 -10
v 12 102 -11
v 12 102 -12
v 12 103 3
v 12 103 2
v 12 103 1
v 12 103 -1
v 12 103 -7
v 12 103 -8
v 12 103 -10
v 12 103 -11
v 12 104 2
v 12 104 -0
v 12 104 -1
v 12 104 -6
v 12 104 -7
v 12 104 -8
v 12 104 -9
v 12 104 -10
v 12 105 -0
v 12 105 -3
v 12 105 -6
v 12 105 -7
v 12 105 -8
v 13 84 -1
v 13 84 -7
v 13 85 -0
v 13 85 -1
v 13 85 -3
v 13 85 -5
v 13 85 -7
v 13 85 -8
v 13 85 -9
v 13 86 -0
v 13 86 -3
v 13 86 -5
v 13 86 -8
v 13 86 -9
v 13 86 -10
v 13 86 -11
v 13 87 -8
v 13 87 -10
v 13 87 -11
v 13 87 -12
v 13 88 -10
v 13 88 -11
v 13 89 5
v 13 89 4
v 13 89 -12
v 13 89 -13
v 13 90 -11
v 13 90 -12
v 13 91 6
v 13 91 5
v 13 91 -13
v 13 91 -14
v 13 93 5
v 13 93 4
v 13 93 -12
v 13 93 -13
v 13 94 -13
v 13 94 -14
v 13 95 5
v 13 95 4
v 13 95 -12
v 13 95 -13
v 13 95 -14
v 13 97 6
v 13 97 5
v 13 97 -13
v 13 97 -14
v 13 98 4
v 13 98 3
v 13 98 -11
v 13 98 -12
v 13 99 5
v 13 99 4
v 13 99 -12
v 13 99 -13
v 13 100 3
v 13 100 2
v 13 100 -10
v 13 100 -11
v 13 100 -12
v 13 101 4
v 13 101 3
v 13 101 2
v 13 101 -0
v 13 101 -8
v 13 101 -10
v 13 101 -11
v 13 101 -12
v 13 102 3
v 13 102 1
v 13 102 -0
v 13 102 -3
v 13 102 -5
v 13 102 -8
v 13 102 -9
v 13 102 -10
v 13 102 -11
v 13 103 1
v 13 103 -1
v 13 103 -3
v 13 103 -5
v 13 103 -7
v 13 103 -8
v 13 103 -9
v 13 104 -1
v 13 104 -6
v 13 104 -7
v 14 63 7
v 14 63 6
v 14 64 7
v 14 64 6
v 14 65 7
v 14 65 6
v 14 67 7
v 14 67 6
v 14 68 7
v 14 68 6
v 14 70 7
v 14 70 6
v 14 85 -3
v 14 85 -5
v 14 86 -0
v 14 86 -3
v 14 86 -5
v 14 86 -8
v 14 87 2
v 14 87 -0
v 14 87 -2
v 14 87 -6
v 14 87 -8
v 14 87 -10
v 14 88 2
v 14 88 1
v 14 88 -0
v 14 88 -2
v 14 88 -6
v 14 88 -8
v 14 88 -10
v 14 88 -11
v 14 89 1
v 14 89 -0
v 14 89 -8
v 14 89 -9
v 14 90 2
v 14 90 1
v 14 90 -9
v 14 90 -10
v 14 90 -11
v 14 90 -12
v 14 91 -10
v 14 91 -12
v 14 92 -10
v 14 92 -11
v 14 93 5
v 14 93 4
v 14 93 -12
v 14 93 -13
v 14 94 4
v 14 94 3
v 14 94 -11
v 14 94 -12
v 14 94 -13
v 14 95 5
v 14 95 4
v 14 95 -12
v 14 95 -13
v 14 96 3
v 14 96 2
v 14 96 -10
v 14 96 -11
v 14 98 4
v 14 98 3
v 14 98 2
v 14 98 1
v 14 98 -9
v 14 98 -10
v 14 98 -11
v 14 98 -12
v 14 99 1
v 14 99 -0
v 14 99 -8
v 14 99 -9
v 14 100 3
v 14 100 2
v 14 100 -0
v 14 100 -2
v 14 100 -6
v 14 100 -8
v 14 100 -10
v 14 100 -11
v 14 101 2
v 14 101 -0
v 14 101 -2
v 14 101 -6
v 14 101 -8
v 14 101 -10
v 14 102 -0
v 14 102 -3
v 14 102 -5
v 14 102 -8
v 14 103 -3
v 14 103 -5
v 15 67 7
v 15 67 6
v 15 68 7
v 15 68 6
v 15 87 -2
v 15 87 -6
v 15 88 -0
v 15 88 -2
v 15 88 -6
v 15 88 -8
v 15 89 1
v 15 89 -0
v 15 89 -7
v 15 89 -8
v 15 89 -9
v 15 90 2
v 15 90 1
v 15 90 -2
v 15 90 -6
v 15 90 -7
v 15 90 -9
v 15 90 -10
v 15 91 -1
v 15 91 -2
v 15 91 -6
v 15 91 -7
v 15 91 -10
v 15 92 -0
v 15 92 -1
v 15 92 -7
v 15 92 -8
v 15 92 -9
v 15 92 -10
v 15 92 -11
v 15 94 -11
v 15 95 3
v 15 95 2
v 15 95 1
v 15 96 3
v 15 96 2
v 15 96 1
v 15 96 -0
v 15 96 -1
v 15 96 -7
v 15 96 -8
v 15 96 -10
v 15 96 -11
v 15 97 -1
v 15 97 -2
v 15 97 -6
v 15 97 -7
v 15 98 2
v 15 98 1
v 15 98 -2
v 15 98 -6
v 15 98 -9
v 15 98 -10
v 15 99 1
v 15 99 -0
v 15 99 -8
v 15 99 -9
v 15 100 -0
v 15 100 -2
v 15 100 -6
v 15 100 -8
v 15 101 -2
v 15 101 -6
v 16 61 6
v 16 61 5
v 16 62 6
v 16 62 5
v 16 63 6
v 16 63 5
v 16 65 6
v 16 65 5
v 16 66 6
v 16 66 5
v 16 66 4
v 16 66 3
v 16 67 5
v 16 67 4
v 16 67 3
v 16 68 6
v 16 68 4
v 16 68 3
v 16 90 -2
v 16 90 -6
v 16 91 -1
v 16 91 -2
v 16 91 -6
v 16 91 -7
v 16 92 -0
v 16 92 -1
v 16 92 -7
v 16 92 -8
v 16 96 -0
v 16 96 -1
v 16 96 -7
v 16 96 -8
v 16 97 -1
v 16 97 -2
v 16 97 -6
v 16 97 -7
v 16 98 -2
v 16 98 -6
v -14 90 -2
v -14 90 -4
v -14 90 -5
v -14 90 -6
v -14 91 -1
v -14 91 -2
v -14 91 -3
v -14 91 -4
v -14 91 -5
v -14 91 -6
v -14 91 -7
v -14 92 -0
v -14 92 -1
v -14 92 -3
v -14 92 -5
v -14 92 -7
v -14 92 -8
v -14 93 -0
v -14 93 -1
v -14 93 -2
v -14 93 -3
v -14 94 -0
v -14 94 -1
v -14 94 -2
v -14 94 -8
v -14 95 -0
v -14 95 -1
v -14 95 -6
v -14 95 -8
v -14 96 -0
v -14 96 -1
v -14 96 -5
v -14 96 -6
v -14 96 -7
v -14 96 -8
v -14 97 -1
v -14 97 -2
v -14 97 -3
v -14 97 -5
v -14 97 -6
v -14 97 -7
v -14 98 -2
v -14 98 -3
v -14 98 -4
v -14 98 -5
v -14 98 -6
v -13 38 6
v -13 38 4
v -13 39 6
v -13 39 5
v -13 40 6
v -13 40 5
v -13 40 4
v -13 40 3
v -13 40 1
v -13 41 6
v -13 41 5
v -13 41 4
v -13 41 3
v -13 41 2
v -13 42 6
v -13 42 5
v -13 42 4
v -13 42 3
v -13 42 2
v -13 42 1
v -13 43 5
v -13 43 4
v -13 43 3
v -13 43 2
v -13 43 1
v -13 44 6
v -13 44 4
v -13 44 3
v -13 44 2
v -13 44 1
v -13 45 2
v -13 45 1
v -13 46 3
v -13 46 1
v -13 87 -2
v -13 87 -6
v -13 88 -0
v -13 88 -2
v -13 88 -6
v -13 88 -7
v -13 88 -8
v -13 89 1
v -13 89 -0
v -13 89 -5
v -13 89 -7
v -13 89 -8
v -13 89 -9
v -13 90 2
v -13 90 1
v -13 90 -2
v -13 90 -5
v -13 90 -6
v -13 90 -8
v -13 90 -9
v -13 90 -10
v -13 91 -1
v -13 91 -2
v -13 91 -6
v -13 91 -7
v -13 92 3
v -13 92 2
v -13 92 -0
v -13 92 -1
v -13 92 -7
v -13 92 -8
v -13 92 -10
v -13 92 -11
v -13 93 -10
v -13 93 -11
v -13 94 1
v -13 94 -0
v -13 94 -8
v -13 94 -10
v -13 94 -11
v -13 95 3
v -13 95 1
v -13 95 -0
v -13 95 -9
v -13 95 -11
v -13 96 3
v -13 96 2
v -13 96 1
v -13 96 -0
v -13 96 -1
v -13 96 -7
v -13 96 -8
v -13 96 -9
v -13 96 -10
v -13 96 -11
v -13 97 2
v -13 97 -1
v -13 97 -2
v -13 97 -6
v -13 97 -7
v -13 98 2
v -13 98 1
v -13 98 -2
v -13 98 -4
v -13 98 -6
v -13 98 -9
v -13 98 -10
v -13 99 1
v -13 99 -0
v -13 99 -1
v -13 99 -2
v -13 99 -3
v -13 99 -4
v -13 99 -8
v -13 99 -9
v -13 100 -0
v -13 100 -1
v -13 100 -2
v -13 100 -3
v -13 100 -6
v -13 100 -8
v -13 101 -2
v -13 101 -6
v -12 46 -11
v -12 46 -12
v -12 47 -11
v -12 47 -12
v -12 48 -11
v -12 48 -12
v -12 49 -11
v -12 49 -12
v -12 50 -3
v -12 50 -6
v -12 51 -5
v -12 51 -6
v -12 51 -11
v -12 51 -12
v -12 52 -4
v -12 52 -5
v -12 52 -6
v -12 52 -9
v -12 52 -10
v -12 52 -11
v -12 52 -12
v -12 53 -3
v -12 53 -4
v -12 53 -5
v -12 53 -9
v -12 53 -10
v -12 53 -11
v -12 54 -3
v -12 54 -4
v -12 54 -9
v -12 54 -10
v -12 54 -12
v -12 55 -5
v -12 55 -6
v -12 56 -4
v -12 56 -5
v -12 56 -6
v -12 57 -3
v -12 57 -4
v -12 57 -5
v -12 58 -3
v -12 58 -4
v -12 58 -6
v -12 85 -3
v -12 85 -5
v -12 86 -0
v -12 86 -3
v -12 86 -5
v -12 86 -8
v -12 87 2
v -12 87 -0
v -12 87 -2
v -12 87 -6
v -12 87 -8
v -12 87 -10
v -12 88 3
v -12 88 2
v -12 88 -0
v -12 88 -2
v -12 88 -6
v -12 88 -8
v -12 88 -9
v -12 88 -10
v -12 88 -11
v -12 89 1
v -12 89 -0
v -12 89 -8
v -12 89 -9
v -12 89 -11
v -12 90 4
v -12 90 3
v -12 90 2
v -12 90 1
v -12 90 -9
v -12 90 -10
v -12 90 -11
v -12 90 -12
v -12 92 3
v -12 92 2
v -12 92 -10
v -12 92 -11
v -12 92 -12
v -12 93 4
v -12 93 -11
v -12 93 -12
v -12 93 -13
v -12 94 -11
v -12 94 -13
v -12 95 -12
v -12 95 -13
v -12 96 4
v -12 96 3
v -12 96 2
v -12 96 -10
v -12 96 -11
v -12 97 3
v -12 97 2
v -12 98 2
v -12 98 1
v -12 98 -9
v -12 98 -10
v -12 98 -11
v -12 98 -12
v -12 99 1
v -12 99 -0
v -12 99 -8
v -12 99 -9
v -12 100 3
v -12 100 2
v -12 100 -0
v -12 100 -2
v -12 100 -6
v -12 100 -8
v -12 100 -10
v -12 100 -11
v -12 101 2
v -12 101 1
v -12 101 -0
v -12 101 -1
v -12 101 -2
v -12 101 -6
v -12 101 -8
v -12 101 -10
v -12 102 -0
v -12 102 -1
v -12 102 -3
v -12 102 -5
v -12 102 -8
v -12 103 -3
v -12 103 -5
v -11 84 -1
v -11 84 -2
v -11 84 -7
v -11 85 1
v -11 85 -0
v -11 85 -1
v -11 85 -2
v -11 85 -3
v -11 85 -5
v -11 85 -7
v -11 85 -9
v -11 86 3
v -11 86 2
v -11 86 1
v -11 86 -0
v -11 86 -3
v -11 86 -5
v -11 86 -8
v -11 86 -9
v -11 86 -10
v -11 87 4
v -11 87 3
v -11 87 2
v -11 87 -0
v -11 87 -8
v -11 87 -10
v -11 87 -11
v -11 88 4
v -11 88 3
v -11 88 2
v -11 88 -10
v -11 88 -11
v -11 89 5
v -11 89 4
v -11 89 -11
v -11 89 -12
v -11 90 4
v -11 90 3
v -11 90 -11
v -11 90 -12
v -11 90 -13
v -11 91 -13
v -11 91 -14
v -11 92 -12
v -11 92 -14
v -11 93 5
v -11 93 4
v -11 93 -12
v -11 93 -13
v -11 93 -14
v -11 94 -14
v -11 95 -12
v -11 95 -13
v -11 97 -13
v -11 97 -14
v -11 98 -11
v -11 98 -12
v -11 99 -12
v -11 99 -13
v -11 100 -10
v -11 100 -11
v -11 100 -12
v -11 101 1
v -11 101 -0
v -11 101 -8
v -11 101 -10
v -11 101 -11
v -11 101 -12
v -11 102 1
v -11 102 -0
v -11 102 -3
v -11 102 -5
v -11 102 -8
v -11 102 -9
v -11 102 -10
v -11 102 -11
v -11 103 -0
v -11 103 -1
v -11 103 -3
v -11 103 -5
v -11 103 -7
v -11 103 -9
v -11 104 -1
v -11 104 -7
v -10 78 -2
v -10 78 -3
v -10 78 -4
v -10 79 -2
v -10 79 -3
v -10 79 -4
v -10 80 -2
v -10 80 -3
v -10 80 -4
v -10 81 -2
v -10 81 -3
v -10 81 -4
v -10 82 -2
v -10 82 -3
v -10 83 -2
v -10 83 -4
v -10 84 2
v -10 84 1
v -10 84 -1
v -10 84 -7
v -10 84 -9
v -10 85 3
v -10 85 2
v -10 85 1
v -10 85 -1
v -10 85 -7
v -10 85 -9
v -10 86 4
v -10 86 3
v -10 86 1
v -10 87 5
v -10 87 4
v -10 87 3
v -10 88 6
v -10 88 5
v -10 88 4
v -10 89 6
v -10 89 5
v -10 94 -14
v -10 94 -15
v -10 97 -13
v -10 97 -14
v -10 97 -15
v -10 98 -14
v -10 98 -15
v -10 99 -12
v -10 99 -13
v -10 99 -14
v -10 100 -12
v -10 100 -13
v -10 100 -14
v -10 101 -11
v -10 101 -12
v -10 101 -13
v -10 102 -9
v -10 102 -10
v -10 102 -11
v -10 102 -12
v -10 103 -0
v -10 103 -1
v -10 103 -7
v -10 103 -9
v -10 103 -10
v -10 103 -11
v -10 104 -0
v -10 104 -1
v -10 104 -7
v -10 104 -8
v -10 104 -9
v -10 104 -10
v -10 105 -1
v -10 105 -7
v -10 105 -8
v -9 79 2
v -9 79 1
v -9 80 2
v -9 80 1
v -9 80 -0
v -9 81 2
v -9 81 -0
v -9 84 3
v -9 84 2
v -9 85 5
v -9 85 3
v -9 85 2
v -9 86 4
v -9 86 3
v -9 87 6
v -9 87 5
v -9 87 4
v -9 88 7
v -9 88 6
v -9 88 5
v -9 89 7
v -9 90 7
v -9 90 6
v -9 91 8
v -9 91 7
v -9 91 -15
v -9 91 -16
v -9 92 8
v -9 92 -15
v -9 92 -16
v -9 93 8
v -9 93 7
v -9 96 -16
v -9 97 -15
v -9 97 -16
v -9 98 -14
v -9 98 -15
v -9 99 -15
v -9 100 -13
v -9 100 -14
v -9 100 -15
v -9 101 -12
v -9 101 -13
v -9 101 -14
v -9 102 -11
v -9 102 -12
v -9 102 -13
v -9 103 -10
v -9 103 -11
v -9 103 -12
v -9 103 -13
v -9 104 2
v -9 104 1
v -9 104 -8
v -9 104 -9
v -9 104 -10
v -9 104 -11
v -9 105 2
v -9 105 1
v -9 105 -1
v -9 105 -7
v -9 105 -8
v -9 105 -9
v -9 105 -10
v -9 106 -1
v -9 106 -2
v -9 106 -6
v -9 106 -7
v -8 84 5
v -8 84 3
v -8 85 6
v -8 85 5
v -8 85 3
v -8 87 7
v -8 87 6
v -8 87 5
v -8 88 7
v -8 88 6
v -8 89 8
v -8 89 7
v -8 90 8
v -8 91 8
v -8 91 7
v -8 92 -16
v -8 92 -17
v -8 93 9
v -8 93 8
v -8 93 -17
v -8 94 9
v -8 94 8
v -8 95 -16
v -8 95 -17
v -8 97 -15
v -8 97 -16
v -8 98 -16
v -8 99 -15
v -8 99 -16
v -8 100 -14
v -8 100 -15
v -8 100 -16
v -8 101 -13
v -8 101 -14
v -8 101 -15
v -8 103 -11
v -8 103 -13
v -8 103 -14
v -8 104 -10
v -8 104 -11
v -8 104 -13
v -8 105 1
v -8 105 -0
v -8 105 -7
v -8 105 -8
v -8 105 -9
v -8 105 -10
v -8 105 -11
v -8 106 1
v -8 106 -0
v -8 106 -3
v -8 106 -5
v -8 106 -7
v -8 106 -8
v -8 106 -9
v -8 107 -3
v -8 107 -5
v -7 34 10
v -7 34 9
v -7 35 10
v -7 35 9
v -7 37 10
v -7 37 9
v -7 38 10
v -7 38 9
v -7 40 10
v -7 40 9
v -7 86 7
v -7 86 6
v -7 87 8
v -7 87 7
v -7 87 6
v -7 89 8
v -7 89 7
v -7 90 9
v -7 90 8
v -7 91 9
v -7 92 9
v -7 92 8
v -7 93 9
v -7 93 8
v -7 95 9
v -7 95 8
v -7 95 -16
v -7 95 -17
v -7 96 9
v -7 96 8
v -7 96 -16
v -7 96 -17
v -7 97 -17
v -7 98 -16
v -7 98 -17
v -7 100 -15
v -7 100 -16
v -7 101 -14
v -7 101 -15
v -7 101 -16
v -7 102 -14
v -7 102 -15
v -7 104 -11
v -7 104 -12
v -7 105 2
v -7 105 1
v -7 105 -9
v -7 105 -11
v -7 105 -12
v -7 106 2
v -7 106 1
v -7 106 -0
v -7 106 -1
v -7 106 -2
v -7 106 -3
v -7 106 -5
v -7 106 -7
v -7 106 -8
v -7 106 -9
v -7 106 -11
v -7 107 -0
v -7 107 -1
v -7 107 -2
v -7 107 -3
v -7 107 -5
v -7 107 -7
v -7 107 -8
v -6 30 -18
v -6 30 -19
v -6 32 -18
v -6 32 -19
v -6 33 -18
v -6 33 -19
v -6 35 -18
v -6 35 -19
v -6 84 6
v -6 84 5
v -6 85 7
v -6 85 6
v -6 85 5
v -6 86 8
v -6 86 7
v -6 86 6
v -6 87 8
v -6 87 7
v -6 88 9
v -6 88 8
v -6 90 9
v -6 90 8
v -6 92 10
v -6 92 9
v -6 93 10
v -6 93 9
v -6 93 -17
v -6 93 -18
v -6 94 -18
v -6 95 10
v -6 95 -17
v -6 95 -18
v -6 96 10
v -6 96 9
v -6 96 -17
v -6 96 -18
v -6 98 -16
v -6 98 -17
v -6 100 -16
v -6 100 -17
v -6 101 -15
v -6 101 -16
v -6 102 -14
v -6 102 -15
v -6 102 -16
v -6 103 -13
v -6 103 -14
v -6 103 -15
v -6 104 -12
v -6 104 -13
v -6 104 -14
v -6 105 -11
v -6 105 -12
v -6 105 -13
v -6 106 2
v -6 106 -0
v -6 106 -8
v -6 106 -10
v -6 106 -11
v -6 106 -12
v -6 107 2
v -6 107 1
v -6 107 -0
v -6 107 -2
v -6 107 -5
v -6 107 -6
v -6 107 -8
v -6 107 -10
v -6 108 -2
v -6 108 -4
v -6 108 -5
v -6 108 -6
v -5 38 -18
v -5 38 -19
v -5 39 -18
v -5 39 -19
v -5 84 7
v -5 84 6
v -5 85 7
v -5 85 6
v -5 87 9
v -5 87 8
v -5 88 9
v -5 88 8
v -5 90 10
v -5 90 9
v -5 92 10
v -5 92 9
v -5 96 10
v -5 96 9
v -5 96 -17
v -5 96 -18
v -5 98 10
v -5 98 9
v -5 98 -17
v -5 98 -18
v -5 100 -16
v -5 100 -17
v -5 101 -16
v -5 101 -17
v -5 102 -15
v -5 102 -16
v -5 103 -14
v -5 103 -15
v -5 103 -16
v -5 104 -13
v -5 104 -14
v -5 104 -15
v -5 105 -13
v -5 105 -14
v -5 106 -10
v -5 106 -11
v -5 107 -0
v -5 107 -2
v -5 107 -6
v -5 107 -8
v -5 107 -10
v -5 107 -11
v -5 108 -0
v -5 108 -2
v -5 108 -6
v -5 108 -8
v -4 30 -18
v -4 30 -19
v -4 32 10
v -4 32 9
v -4 33 10
v -4 33 9
v -4 34 -18
v -4 34 -19
v -4 35 10
v -4 35 9
v -4 35 -18
v -4 35 -19
v -4 36 10
v -4 36 9
v -4 36 -18
v -4 36 -19
v -4 37 -18
v -4 37 -19
v -4 38 10
v -4 38 9
v -4 38 -18
v -4 38 -19
v -4 85 8
v -4 85 7
v -4 86 8
v -4 86 7
v -4 89 10
v -4 89 9
v -4 90 10
v -4 90 9
v -4 98 10
v -4 98 9
v -4 98 -17
v -4 98 -18
v -4 99 10
v -4 99 9
v -4 99 -17
v -4 99 -18
v -4 105 -12
v -4 105 -13
v -4 106 -12
v -4 106 -13
v -4 107 1
v -4 107 -0
v -4 107 -8
v -4 107 -9
v -4 108 1
v -4 108 -0
v -4 108 -8
v -4 108 -9
v -3 86 9
v -3 86 8
v -3 87 9
v -3 87 8
v -3 88 10
v -3 88 9
v -3 89 10
v -3 89 9
v -3 92 11
v -3 92 10
v -3 92 -18
v -3 92 -19
v -3 93 -18
v -3 93 -19
v -3 94 11
v -3 94 10
v -3 94 -18
v -3 94 -19
v -3 95 11
v -3 96 11
v -3 96 10
v -3 96 -18
v -3 96 -19
v -3 99 10
v -3 99 9
v -3 99 -17
v -3 99 -18
v -3 100 10
v -3 100 9
v -3 100 -17
v -3 100 -18
v -3 101 -16
v -3 101 -17
v -3 102 -16
v -3 102 -17
v -3 103 -15
v -3 103 -16
v -3 104 -14
v -3 104 -15
v -3 104 -16
v -3 105 -14
v -3 105 -15
v -3 106 -11
v -3 106 -12
v -3 107 -9
v -3 107 -10
v -3 107 -11
v -3 107 -12
v -3 108 -2
v -3 108 -6
v -3 108 -9
v -3 108 -10
v -3 109 -2
v -3 109 -3
v -3 109 -4
v -3 109 -5
v -3 109 -6
v -2 84 8
v -2 84 7
v -2 85 8
v -2 85 7
v -2 91 11
v -2 91 10
v -2 91 -18
v -2 91 -19
v -2 92 11
v -2 92 10
v -2 92 -18
v -2 92 -19
v -2 96 11
v -2 96 10
v -2 96 -18
v -2 96 -19
v -2 97 11
v -2 97 10
v -2 97 -18
v -2 97 -19
v -2 105 -13
v -2 105 -14
v -2 106 -13
v -2 106 -14
v -2 108 -1
v -2 108 -2
v -2 108 -6
v -2 108 -7
v -2 109 -1
v -2 109 -2
v -2 109 -6
v -2 109 -7
v -1 87 10
v -1 87 9
v -1 87 -17
v -1 87 -18
v -1 88 10
v -1 88 9
v -1 88 -17
v -1 88 -18
v -1 90 11
v -1 90 10
v -1 90 -18
v -1 90 -19
v -1 91 11
v -1 91 10
v -1 91 -18
v -1 91 -19
v -1 97 11
v -1 97 10
v -1 97 -18
v -1 97 -19
v -1 98 11
v -1 98 10
v -1 98 -18
v -1 98 -19
v -1 100 10
v -1 100 9
v -1 100 -17
v -1 100 -18
v -1 101 10
v -1 101 9
v -1 101 -17
v -1 101 -18
v -1 107 3
v -1 107 2
v -1 107 -10
v -1 107 -11
v -1 108 3
v -1 108 2
v -1 108 -0
v -1 108 -1
v -1 108 -7
v -1 108 -8
v -1 108 -10
v -1 108 -11
v -1 109 -0
v -1 109 -1
v -1 109 -7
v -1 109 -8
v 0 33 -18
v 0 33 -19
v 0 35 -18
v 0 35 -19
v 0 85 9
v 0 85 8
v 0 85 -16
v 0 85 -17
v 0 86 9
v 0 86 8
v 0 86 -16
v 0 86 -17
v 0 102 9
v 0 102 8
v 0 102 -16
v 0 102 -17
v 0 103 9
v 0 103 8
v 0 103 -16
v 0 103 -17
v 0 106 -12
v 0 106 -13
v 0 107 -12
v 0 107 -13
v 1 30 -18
v 1 30 -19
v 1 32 -18
v 1 32 -19
v 1 33 -18
v 1 33 -19
v 1 88 11
v 1 88 10
v 1 89 11
v 1 89 10
v 1 103 9
v 1 103 8
v 1 104 9
v 1 104 8
v 2 38 -18
v 2 38 -19
v 2 39 -18
v 2 39 -19
v 2 85 10
v 2 85 9
v 2 85 -17
v 2 85 -18
v 2 86 10
v 2 86 9
v 2 86 -17
v 2 86 -18
v 2 89 11
v 2 89 10
v 2 90 12
v 2 90 11
v 2 90 10
v 2 95 12
v 2 95 11
v 2 102 10
v 2 102 9
v 2 102 -17
v 2 102 -18
v 2 103 10
v 2 103 9
v 2 103 -17
v 2 103 -18
v 2 107 -12
v 2 107 -13
v 2 108 -12
v 2 108 -13
v 3 30 -18
v 3 30 -19
v 3 34 -18
v 3 34 -19
v 3 35 -18
v 3 35 -19
v 3 36 -18
v 3 36 -19
v 3 37 -18
v 3 37 -19
v 3 38 -18
v 3 38 -19
v 3 73 8
v 3 73 7
v 3 74 8
v 3 74 7
v 3 87 11
v 3 87 10
v 3 87 -18
v 3 87 -19
v 3 88 11
v 3 88 10
v 3 88 -18
v 3 88 -19
v 3 90 -19
v 3 90 -20
v 3 91 -19
v 3 91 -20
v 3 95 12
v 3 95 11
v 3 97 -19
v 3 97 -20
v 3 98 12
v 3 98 11
v 3 98 10
v 3 98 -19
v 3 98 -20
v 3 99 11
v 3 99 10
v 3 100 -18
v 3 100 -19
v 3 101 11
v 3 101 10
v 3 101 9
v 3 101 -18
v 3 101 -19
v 3 102 10
v 3 102 9
v 3 108 3
v 3 108 2
v 3 108 -10
v 3 108 -11
v 3 109 3
v 3 109 2
v 3 109 -0
v 3 109 -1
v 3 109 -7
v 3 109 -8
v 3 109 -10
v 3 109 -11
v 3 110 -0
v 3 110 -1
v 3 110 -7
v 3 110 -8
v 4 74 8
v 4 74 7
v 4 75 8
v 4 75 7
v 4 76 8
v 4 76 7
v 4 84 9
v 4 84 8
v 4 84 -16
v 4 84 -17
v 4 85 9
v 4 85 8
v 4 85 -16
v 4 85 -17
v 4 91 -19
v 4 91 -20
v 4 92 -19
v 4 92 -20
v 4 96 -19
v 4 96 -20
v 4 97 -19
v 4 97 -20
v 4 103 -16
v 4 103 -17
v 4 104 -16
v 4 104 -17
v 4 106 6
v 4 106 5
v 4 106 -13
v 4 106 -14
v 4 107 6
v 4 107 5
v 4 107 -13
v 4 107 -14
v 4 109 -1
v 4 109 -2
v 4 109 -6
v 4 109 -7
v 4 110 -1
v 4 110 -2
v 4 110 -6
v 4 110 -7
v 5 86 10
v 5 86 9
v 5 86 -17
v 5 86 -18
v 5 87 10
v 5 87 9
v 5 87 -17
v 5 87 -18
v 5 88 11
v 5 88 10
v 5 88 -18
v 5 88 -19
v 5 89 11
v 5 89 10
v 5 89 -18
v 5 89 -19
v 5 92 -19
v 5 92 -20
v 5 96 -19
v 5 96 -20
v 5 99 -18
v 5 99 -19
v 5 100 -18
v 5 100 -19
v 5 101 -17
v 5 101 -18
v 5 102 -17
v 5 102 -18
v 5 104 8
v 5 104 7
v 5 104 -15
v 5 104 -16
v 5 105 8
v 5 105 7
v 5 105 6
v 5 105 -14
v 5 105 -15
v 5 105 -16
v 5 106 7
v 5 106 6
v 5 106 -14
v 5 106 -15
v 5 107 4
v 5 107 3
v 5 107 -11
v 5 107 -12
v 5 108 4
v 5 108 3
v 5 108 2
v 5 108 1
v 5 108 -9
v 5 108 -10
v 5 108 -11
v 5 108 -12
v 5 109 2
v 5 109 1
v 5 109 -2
v 5 109 -6
v 5 109 -9
v 5 109 -10
v 5 110 -2
v 5 110 -6
v 6 85 9
v 6 85 8
v 6 85 -16
v 6 85 -17
v 6 86 9
v 6 86 8
v 6 86 -16
v 6 86 -17
v 6 89 11
v 6 89 10
v 6 89 -18
v 6 89 -19
v 6 90 11
v 6 90 10
v 6 90 -18
v 6 90 -19
v 6 98 -18
v 6 98 -19
v 6 99 -18
v 6 99 -19
v 6 102 9
v 6 102 8
v 6 102 -16
v 6 102 -17
v 6 103 9
v 6 103 8
v 6 103 -16
v 6 103 -17
v 6 106 5
v 6 106 4
v 6 106 -12
v 6 106 -13
v 6 107 5
v 6 107 4
v 6 107 -12
v 6 107 -13
v 6 108 1
v 6 108 -0
v 6 108 -8
v 6 108 -9
v 6 109 1
v 6 109 -0
v 6 109 -8
v 6 109 -9
v 7 30 -18
v 7 30 -19
v 7 31 -18
v 7 31 -19
v 7 32 -18
v 7 32 -19
v 7 35 -18
v 7 35 -19
v 7 84 8
v 7 84 7
v 7 84 -15
v 7 84 -16
v 7 85 8
v 7 85 7
v 7 85 -15
v 7 85 -16
v 7 87 10
v 7 87 9
v 7 87 -17
v 7 87 -18
v 7 88 10
v 7 88 9
v 7 88 -17
v 7 88 -18
v 7 90 11
v 7 90 10
v 7 90 -18
v 7 90 -19
v 7 92 11
v 7 92 10
v 7 92 -18
v 7 92 -19
v 7 96 11
v 7 96 10
v 7 96 -18
v 7 96 -19
v 7 97 -18
v 7 97 -19
v 7 98 11
v 7 98 10
v 7 98 -18
v 7 98 -19
v 7 100 10
v 7 100 9
v 7 100 -17
v 7 100 -18
v 7 101 10
v 7 101 9
v 7 101 -17
v 7 101 -18
v 7 103 8
v 7 103 7
v 7 103 -15
v 7 103 -16
v 7 104 8
v 7 104 7
v 7 104 6
v 7 104 -14
v 7 104 -15
v 7 104 -16
v 7 105 7
v 7 105 6
v 7 105 5
v 7 105 -13
v 7 105 -14
v 7 105 -15
v 7 106 6
v 7 106 5
v 7 106 -13
v 7 106 -14
v 7 107 3
v 7 107 2
v 7 107 -10
v 7 107 -11
v 7 108 3
v 7 108 2
v 7 108 -0
v 7 108 -2
v 7 108 -6
v 7 108 -8
v 7 108 -10
v 7 108 -11
v 7 109 -0
v 7 109 -2
v 7 109 -6
v 7 109 -8
v 8 38 -18
v 8 38 -19
v 8 39 -18
v 8 39 -19
v 8 84 7
v 8 84 6
v 8 84 -14
v 8 84 -15
v 8 85 8
v 8 85 7
v 8 85 6
v 8 85 -14
v 8 85 -15
v 8 85 -16
v 8 86 9
v 8 86 8
v 8 86 7
v 8 86 -15
v 8 86 -16
v 8 86 -17
v 8 87 9
v 8 87 8
v 8 87 -16
v 8 87 -17
v 8 88 10
v 8 88 9
v 8 88 -17
v 8 88 -18
v 8 89 -17
v 8 90 10
v 8 90 9
v 8 90 -17
v 8 90 -18
v 8 92 11
v 8 92 10
v 8 92 -18
v 8 92 -19
v 8 96 11
v 8 96 10
v 8 96 -18
v 8 96 -19
v 8 98 10
v 8 98 9
v 8 98 -17
v 8 98 -18
v 8 99 -17
v 8 100 10
v 8 100 9
v 8 100 -17
v 8 100 -18
v 8 101 9
v 8 101 8
v 8 101 -16
v 8 101 -17
v 8 102 9
v 8 102 8
v 8 102 7
v 8 102 -15
v 8 102 -16
v 8 102 -17
v 8 103 8
v 8 103 7
v 8 103 6
v 8 103 -14
v 8 103 -15
v 8 103 -16
v 8 104 7
v 8 104 6
v 8 104 5
v 8 104 -13
v 8 104 -14
v 8 104 -15
v 8 105 6
v 8 105 5
v 8 105 4
v 8 105 -12
v 8 105 -13
v 8 105 -14
v 8 106 5
v 8 106 4
v 8 106 3
v 8 106 -11
v 8 106 -12
v 8 106 -13
v 8 107 4
v 8 107 3
v 8 107 2
v 8 107 1
v 8 107 -0
v 8 107 -8
v 8 107 -10
v 8 107 -11
v 8 107 -12
v 8 108 2
v 8 108 1
v 8 108 -0
v 8 108 -2
v 8 108 -6
v 8 108 -8
v 8 108 -10
v 8 109 -2
v 8 109 -6
v 9 30 -18
v 9 30 -19
v 9 33 -18
v 9 33 -19
v 9 34 -18
v 9 34 -19
v 9 36 -18
v 9 36 -19
v 9 37 -18
v 9 37 -19
v 9 38 -18
v 9 38 -19
v 9 70 8
v 9 70 7
v 9 71 8
v 9 71 7
v 9 86 8
v 9 86 7
v 9 86 -15
v 9 86 -16
v 9 87 9
v 9 87 8
v 9 87 7
v 9 87 -15
v 9 87 -16
v 9 87 -17
v 9 88 -16
v 9 88 -17
v 9 89 9
v 9 89 8
v 9 89 -16
v 9 89 -17
v 9 90 10
v 9 90 9
v 9 90 -17
v 9 90 -18
v 9 93 10
v 9 93 9
v 9 93 -17
v 9 93 -18
v 9 95 10
v 9 95 9
v 9 95 -17
v 9 95 -18
v 9 96 -17
v 9 96 -18
v 9 97 -17
v 9 98 10
v 9 98 9
v 9 98 -17
v 9 98 -18
v 9 99 9
v 9 99 8
v 9 99 -16
v 9 99 -17
v 9 100 -16
v 9 100 -17
v 9 101 9
v 9 101 8
v 9 101 7
v 9 101 -15
v 9 101 -16
v 9 101 -17
v 9 102 8
v 9 102 7
v 9 102 -15
v 9 102 -16
v 9 105 4
v 9 105 3
v 9 105 -11
v 9 105 -12
v 9 106 4
v 9 106 3
v 9 106 2
v 9 106 1
v 9 106 -9
v 9 106 -11
v 9 106 -12
v 9 107 3
v 9 107 2
v 9 107 1
v 9 107 -0
v 9 107 -1
v 9 107 -3
v 9 107 -5
v 9 107 -8
v 9 107 -9
v 9 107 -11
v 9 108 -0
v 9 108 -1
v 9 108 -3
v 9 108 -5
v 9 108 -8
v 10 66 8
v 10 66 7
v 10 67 8
v 10 67 7
v 10 68 8
v 10 68 7
v 10 70 8
v 10 70 7
v 10 71 8
v 10 71 7
v 10 73 8
v 10 73 7
v 10 84 6
v 10 84 5
v 10 84 -13
v 10 84 -14
v 10 85 7
v 10 85 6
v 10 85 5
v 10 85 -13
v 10 85 -14
v 10 85 -15
v 10 86 7
v 10 86 6
v 10 86 -14
v 10 87 8
v 10 87 7
v 10 87 6
v 10 87 -14
v 10 87 -15
v 10 87 -16
v 10 88 8
v 10 88 7
v 10 88 -15
v 10 88 -16
v 10 89 9
v 10 89 8
v 10 89 -16
v 10 89 -17
v 10 91 9
v 10 91 8
v 10 91 -16
v 10 91 -17
v 10 93 10
v 10 93 9
v 10 93 -17
v 10 93 -18
v 10 95 10
v 10 95 9
v 10 95 -17
v 10 95 -18
v 10 97 9
v 10 97 8
v 10 97 -16
v 10 97 -17
v 10 99 9
v 10 99 8
v 10 99 -16
v 10 99 -17
v 10 100 8
v 10 100 7
v 10 100 -15
v 10 100 -16
v 10 101 8
v 10 101 7
v 10 101 6
v 10 101 -14
v 10 101 -15
v 10 101 -16
v 10 103 7
v 10 103 6
v 10 103 5
v 10 103 -13
v 10 103 -14
v 10 103 -15
v 10 104 6
v 10 104 5
v 10 104 3
v 10 104 -11
v 10 104 -13
v 10 104 -14
v 10 105 5
v 10 105 3
v 10 105 2
v 10 105 -10
v 10 105 -11
v 10 105 -13
v 10 106 3
v 10 106 2
v 10 106 1
v 10 106 -0
v 10 106 -1
v 10 106 -7
v 10 106 -9
v 10 106 -10
v 10 106 -11
v 10 107 1
v 10 107 -0
v 10 107 -1
v 10 107 -3
v 10 107 -4
v 10 107 -5
v 10 107 -7
v 10 107 -9
v 10 108 -3
v 10 108 -5
v 11 84 5
v 11 84 3
v 11 84 -11
v 11 84 -13
v 11 85 6
v 11 85 5
v 11 85 4
v 11 85 3
v 11 85 -11
v 11 85 -13
v 11 85 -14
v 11 86 6
v 11 86 5
v 11 86 -13
v 11 86 -14
v 11 87 7
v 11 87 6
v 11 87 5
v 11 87 -13
v 11 87 -14
v 11 87 -15
v 11 88 8
v 11 88 7
v 11 88 6
v 11 88 -14
v 11 88 -15
v 11 88 -16
v 11 90 8
v 11 90 7
v 11 90 -15
v 11 90 -16
v 11 91 9
v 11 91 8
v 11 91 -16
v 11 91 -17
v 11 95 -16
v 11 95 -17
v 11 96 -16
v 11 96 -17
v 11 97 9
v 11 97 8
v 11 97 -16
v 11 97 -17
v 11 98 8
v 11 98 7
v 11 98 -15
v 11 98 -16
v 11 99 -15
v 11 99 -16
v 11 100 8
v 11 100 7
v 11 100 6
v 11 100 -14
v 11 100 -15
v 11 100 -16
v 11 101 7
v 11 101 6
v 11 101 5
v 11 101 -13
v 11 101 -14
v 11 101 -15
v 11 102 -13
v 11 103 6
v 11 103 5
v 11 103 3
v 11 103 -11
v 11 103 -13
v 11 103 -14
v 11 104 5
v 11 104 3
v 11 104 2
v 11 104 -10
v 11 104 -11
v 11 104 -13
v 11 105 3
v 11 105 2
v 11 105 1
v 11 105 -0
v 11 105 -8
v 11 105 -9
v 11 105 -10
v 11 105 -11
v 11 106 2
v 11 106 1
v 11 106 -0
v 11 106 -1
v 11 106 -3
v 11 106 -4
v 11 106 -7
v 11 106 -8
v 11 106 -10
v 11 107 -1
v 11 107 -4
v 11 107 -7
v 12 84 3
v 12 84 2
v 12 84 -10
v 12 84 -11
v 12 85 5
v 12 85 4
v 12 85 3
v 12 85 2
v 12 85 -10
v 12 85 -11
v 12 85 -13
v 12 86 5
v 12 86 4
v 12 86 -11
v 12 86 -12
v 12 86 -13
v 12 87 6
v 12 87 5
v 12 87 -12
v 12 87 -13
v 12 87 -14
v 12 88 7
v 12 88 6
v 12 88 5
v 12 88 -13
v 12 88 -14
v 12 88 -15
v 12 90 8
v 12 90 7
v 12 90 6
v 12 90 -14
v 12 90 -15
v 12 90 -16
v 12 94 -15
v 12 95 -15
v 12 95 -16
v 12 96 -15
v 12 96 -16
v 12 98 8
v 12 98 7
v 12 98 6
v 12 98 -14
v 12 98 -15
v 12 98 -16
v 12 100 7
v 12 100 6
v 12 100 5
v 12 100 -13
v 12 100 -14
v 12 100 -15
v 12 101 6
v 12 101 5
v 12 101 4
v 12 101 -12
v 12 101 -13
v 12 101 -14
v 12 102 4
v 12 102 3
v 12 102 -11
v 12 102 -12
v 12 102 -13
v 12 103 5
v 12 103 3
v 12 103 2
v 12 103 -10
v 12 103 -11
v 12 103 -13
v 12 104 3
v 12 104 2
v 12 104 -0
v 12 104 -8
v 12 104 -9
v 12 104 -10
v 12 104 -11
v 12 105 2
v 12 105 -0
v 12 105 -3
v 12 105 -6
v 12 105 -7
v 12 105 -8
v 12 105 -9
v 12 105 -10
v 12 106 -0
v 12 106 -3
v 12 106 -7
v 12 106 -8
v 13 84 2
v 13 84 -1
v 13 84 -7
v 13 84 -10
v 13 85 2
v 13 85 -0
v 13 85 -1
v 13 85 -7
v 13 85 -8
v 13 85 -9
v 13 85 -10
v 13 85 -11
v 13 86 -9
v 13 86 -10
v 13 86 -11
v 13 86 -12
v 13 87 -11
v 13 87 -12
v 13 87 -13
v 13 88 6
v 13 88 4
v 13 88 -13
v 13 88 -14
v 13 89 5
v 13 89 4
v 13 89 -12
v 13 89 -13
v 13 90 7
v 13 90 6
v 13 90 -14
v 13 90 -15
v 13 91 6
v 13 91 5
v 13 91 -13
v 13 91 -14
v 13 94 -14
v 13 94 -15
v 13 95 -14
v 13 95 -15
v 13 97 6
v 13 97 5
v 13 97 -13
v 13 97 -14
v 13 98 7
v 13 98 6
v 13 98 -14
v 13 98 -15
v 13 99 5
v 13 99 4
v 13 99 -12
v 13 99 -13
v 13 100 6
v 13 100 5
v 13 100 -12
v 13 100 -13
v 13 100 -14
v 13 101 5
v 13 101 4
v 13 101 3
v 13 101 -11
v 13 101 -12
v 13 101 -13
v 13 102 4
v 13 102 3
v 13 102 1
v 13 102 -10
v 13 102 -11
v 13 102 -12
v 13 103 3
v 13 103 2
v 13 103 1
v 13 103 -1
v 13 103 -7
v 13 103 -8
v 13 103 -9
v 13 103 -10
v 13 103 -11
v 13 104 2
v 13 104 -0
v 13 104 -1
v 13 104 -6
v 13 104 -7
v 13 104 -8
v 13 104 -10
v 13 105 -0
v 13 105 -6
v 13 105 -8
v 14 84 -1
v 14 84 -7
v 14 85 -0
v 14 85 -1
v 14 85 -3
v 14 85 -5
v 14 85 -7
v 14 85 -8
v 14 85 -9
v 14 86 -0
v 14 86 -3
v 14 86 -5
v 14 86 -8
v 14 86 -9
v 14 86 -11
v 14 87 -8
v 14 87 -10
v 14 87 -11
v 14 87 -12
v 14 88 -10
v 14 88 -11
v 14 89 5
v 14 89 4
v 14 89 -12
v 14 89 -13
v 14 90 -11
v 14 90 -12
v 14 91 6
v 14 91 5
v 14 91 -12
v 14 91 -13
v 14 91 -14
v 14 93 5
v 14 93 4
v 14 93 -12
v 14 93 -13
v 14 94 -13
v 14 94 -14
v 14 95 5
v 14 95 4
v 14 95 -12
v 14 95 -13
v 14 95 -14
v 14 97 6
v 14 97 5
v 14 97 -13
v 14 97 -14
v 14 98 4
v 14 98 3
v 14 98 -11
v 14 98 -12
v 14 99 5
v 14 99 4
v 14 99 -12
v 14 99 -13
v 14 100 3
v 14 100 2
v 14 100 -10
v 14 100 -11
v 14 101 4
v 14 101 3
v 14 101 2
v 14 101 -0
v 14 101 -8
v 14 101 -10
v 14 101 -11
v 14 101 -12
v 14 102 3
v 14 102 1
v 14 102 -0
v 14 102 -3
v 14 102 -5
v 14 102 -8
v 14 102 -9
v 14 102 -11
v 14 103 1
v 14 103 -1
v 14 103 -3
v 14 103 -5
v 14 103 -7
v 14 103 -9
v 14 104 -1
v 14 104 -7
v 15 68 7
v 15 68 6
v 15 69 7
v 15 69 6
v 15 85 -3
v 15 85 -5
v 15 86 -0
v 15 86 -3
v 15 86 -5
v 15 86 -8
v 15 87 2
v 15 87 -0
v 15 87 -2
v 15 87 -6
v 15 87 -8
v 15 87 -10
v 15 88 2
v 15 88 1
v 15 88 -0
v 15 88 -2
v 15 88 -6
v 15 88 -8
v 15 88 -10
v 15 88 -11
v 15 89 1
v 15 89 -0
v 15 89 -8
v 15 89 -9
v 15 90 2
v 15 90 1
v 15 90 -9
v 15 90 -10
v 15 90 -11
v 15 90 -12
v 15 91 -10
v 15 91 -12
v 15 92 -10
v 15 92 -11
v 15 93 5
v 15 93 4
v 15 93 -12
v 15 93 -13
v 15 94 4
v 15 94 3
v 15 94 -11
v 15 94 -12
v 15 95 5
v 15 95 4
v 15 95 3
v 15 95 -12
v 15 95 -13
v 15 96 3
v 15 96 2
v 15 96 -10
v 15 96 -11
v 15 98 4
v 15 98 3
v 15 98 2
v 15 98 1
v 15 98 -9
v 15 98 -10
v 15 98 -11
v 15 98 -12
v 15 99 1
v 15 99 -0
v 15 99 -8
v 15 99 -9
v 15 100 3
v 15 100 2
v 15 100 -0
v 15 100 -2
v 15 100 -6
v 15 100 -8
v 15 100 -10
v 15 100 -11
v 15 101 2
v 15 101 -0
v 15 101 -2
v 15 101 -6
v 15 101 -8
v 15 101 -10
v 15 102 -0
v 15 102 -3
v 15 102 -5
v 15 102 -8
v 15 103 -3
v 15 103 -5
v 16 63 7
v 16 63 6
v 16 65 7
v 16 65 6
v 16 66 7
v 16 66 6
v 16 68 7
v 16 68 6
v 16 69 7
v 16 69 6
v 16 70 7
v 16 70 6
v 16 87 -2
v 16 87 -6
v 16 88 -0
v 16 88 -2
v 16 88 -6
v 16 88 -8
v 16 89 1
v 16 89 -0
v 16 89 -7
v 16 89 -8
v 16 89 -9
v 16 90 2
v 16 90 1
v 16 90 -2
v 16 90 -6
v 16 90 -7
v 16 90 -9
v 16 90 -10
v 16 91 -1
v 16 91 -2
v 16 91 -6
v 16 91 -7
v 16 92 -0
v 16 92 -1
v 16 92 -7
v 16 92 -8
v 16 92 -9
v 16 92 -10
v 16 92 -11
v 16 95 3
v 16 95 2
v 16 95 1
v 16 96 3
v 16 96 2
v 16 96 1
v 16 96 -0
v 16 96 -1
v 16 96 -7
v 16 96 -8
v 16 96 -10
v 16 96 -11
v 16 97 -1
v 16 97 -2
v 16 97 -6
v 16 97 -7
v 16 98 2
v 16 98 1
v 16 98 -2
v 16 98 -6
v 16 98 -9
v 16 98 -10
v 16 99 1
v 16 99 -0
v 16 99 -8
v 16 99 -9
v 16 100 -0
v 16 100 -2
v 16 100 -6
v 16 100 -8
v 16 101 -2
v 16 101 -6
v 17 61 6
v 17 61 5
v 17 62 6
v 17 62 5
v 17 63 6
v 17 63 5
v 17 65 6
v 17 65 5
v 17 66 6
v 17 66 5
v 17 66 4
v 17 66 3
v 17 67 5
v 17 67 4
v 17 67 3
v 17 68 6
v 17 68 4
v 17 68 3
v 17 90 -2
v 17 90 -6
v 17 91 -1
v 17 91 -2
v 17 91 -6
v 17 91 -7
v 17 92 -0
v 17 92 -1
v 17 92 -7
v 17 92 -8
v 17 96 -0
v 17 96 -1
v 17 96 -7
v 17 96 -8
v 17 97 -1
v 17 97 -2
v 17 97 -6
v 17 97 -7
v 17 98 -2
v 17 98 -6
v -3 92 12
v -3 95 12
v -3 96 12
v -2 91 12
v -2 92 12
v -2 95 12
v -2 96 12
v -2 97 12
v -1 90 12
v -1 91 12
v -1 96 12
v -1 97 12
v -1 98 12
v 0 97 12
v 0 98 12
v 2 90 12
v 2 95 12
v 3 95 12
v 3 98 12
v -6 92 11
v -6 93 11
v -6 95 11
v -6 96 11
v -5 90 11
v -5 92 11
v -5 93 11
v -5 94 11
v -5 96 11
v -5 98 11
v -4 89 11
v -4 90 11
v -4 95 11
v -4 96 11
v -4 98 11
v -4 99 11
v -3 88 11
v -3 89 11
v -3 92 11
v -3 94 11
v -3 95 11
v -3 96 11
v -3 97 11
v -3 99 11
v -3 100 11
v -2 91 11
v -2 92 11
v -2 96 11
v -2 97 11
v -2 98 11
v -1 87 11
v -1 88 11
v -1 90 11
v -1 91 11
v -1 97 11
v -1 98 11
v -1 99 11
v -1 100 11
v -1 101 11
v 0 98 11
v 0 99 11
v 0 100 11
v 1 88 11
v 1 89 11
v 1 98 11
v 1 99 11
v 2 88 11
v 2 89 11
v 2 90 11
v 2 100 11
v 2 101 11
v 3 87 11
v 3 88 11
v 3 89 11
v 3 90 11
v 3 98 11
v 3 99 11
v 3 101 11
v 4 90 11
v 4 92 11
v 5 88 11
v 5 89 11
v 5 92 11
v 5 97 11
v 6 89 11
v 6 90 11
v 6 97 11
v 6 98 11
v 7 90 11
v 7 92 11
v 7 96 11
v 7 98 11
v 8 92 11
v 8 96 11
v -9 34 10
v -9 35 10
v -9 36 10
v -9 38 10
v -9 39 10
v -9 40 10
v -8 34 10
v -8 35 10
v -8 36 10
v -8 37 10
v -8 38 10
v -8 39 10
v -8 93 10
v -8 95 10
v -7 34 10
v -7 35 10
v -7 37 10
v -7 38 10
v -7 40 10
v -7 90 10
v -7 91 10
v -7 93 10
v -7 95 10
v -7 96 10
v -6 32 10
v -6 33 10
v -6 34 10
v -6 36 10
v -6 37 10
v -6 38 10
v -6 88 10
v -6 90 10
v -6 91 10
v -6 92 10
v -6 93 10
v -6 95 10
v -6 96 10
v -6 98 10
v -5 32 10
v -5 33 10
v -5 34 10
v -5 35 10
v -5 36 10
v -5 37 10
v -5 87 10
v -5 88 10
v -5 90 10
v -5 92 10
v -5 96 10
v -5 98 10
v -5 100 10
v -4 32 10
v -4 33 10
v -4 35 10
v -4 36 10
v -4 38 10
v -4 89 10
v -4 90 10
v -4 98 10
v -4 99 10
v -3 86 10
v -3 87 10
v -3 88 10
v -3 89 10
v -3 99 10
v -3 100 10
v -3 101 10
v -2 101 10
v -2 102 10
v -1 87 10
v -1 88 10
v -1 100 10
v -1 101 10
v -1 102 10
v 0 85 10
v 0 86 10
v 0 102 10
v 0 103 10
v 1 102 10
v 1 103 10
v 2 85 10
v 2 86 10
v 2 101 10
v 2 102 10
v 2 103 10
v 3 87 10
v 3 88 10
v 3 101 10
v 3 102 10
v 5 86 10
v 5 87 10
v 5 88 10
v 5 89 10
v 5 100 10
v 5 101 10
v 6 89 10
v 6 90 10
v 6 98 10
v 6 100 10
v 7 87 10
v 7 88 10
v 7 90 10
v 7 92 10
v 7 96 10
v 7 98 10
v 7 100 10
v 7 101 10
v 8 88 10
v 8 90 10
v 8 92 10
v 8 96 10
v 8 98 10
v 8 100 10
v 9 90 10
v 9 93 10
v 9 95 10
v 9 98 10
v 10 93 10
v 10 95 10
v -9 91 9
v -9 92 9
v -9 94 9
v -8 89 9
v -8 90 9
v -8 91 9
v -8 93 9
v -8 94 9
v -8 95 9
v -8 96 9
v -7 87 9
v -7 89 9
v -7 90 9
v -7 91 9
v -7 92 9
v -7 93 9
v -7 95 9
v -7 96 9
v -6 86 9
v -6 87 9
v -6 88 9
v -6 90 9
v -5 87 9
v -5 88 9
v -4 85 9
v -4 86 9
v -3 86 9
v -3 87 9
v -2 84 9
v -2 85 9
v -2 102 9
v -2 103 9
v -1 102 9
v 0 85 9
v 0 86 9
v 0 102 9
v 0 103 9
v 0 104 9
v 1 103 9
v 1 104 9
v 2 85 9
v 2 86 9
v 4 84 9
v 4 85 9
v 5 86 9
v 5 87 9
v 5 101 9
v 5 102 9
v 5 103 9
v 6 85 9
v 6 86 9
v 6 102 9
v 6 103 9
v 7 87 9
v 7 88 9
v 7 100 9
v 7 101 9
v 8 86 9
v 8 87 9
v 8 88 9
v 8 90 9
v 8 98 9
v 8 100 9
v 8 101 9
v 8 102 9
v 9 87 9
v 9 89 9
v 9 90 9
v 9 93 9
v 9 95 9
v 9 98 9
v 9 99 9
v 9 101 9
v 10 89 9
v 10 91 9
v 10 93 9
v 10 95 9
v 10 97 9
v 10 99 9
v 11 91 9
v 11 97 9
v -10 90 8
v -10 93 8
v -9 88 8
v -9 89 8
v -9 90 8
v -9 91 8
v -9 92 8
v -9 93 8
v -8 87 8
v -8 88 8
v -8 89 8
v -8 90 8
v -8 91 8
v -7 86 8
v -7 87 8
v -7 89 8
v -6 85 8
v -6 86 8
v -6 87 8
v -5 84 8
v -5 85 8
v -4 85 8
v -4 86 8
v -2 84 8
v -2 85 8
v 2 73 8
v 2 74 8
v 2 76 8
v 3 73 8
v 3 74 8
v 3 75 8
v 4 74 8
v 4 75 8
v 4 76 8
v 4 84 8
v 4 85 8
v 4 103 8
v 4 104 8
v 4 105 8
v 5 103 8
v 5 104 8
v 5 105 8
v 6 84 8
v 6 85 8
v 6 86 8
v 6 102 8
v 6 103 8
v 6 104 8
v 7 84 8
v 7 85 8
v 7 102 8
v 7 103 8
v 7 104 8
v 8 66 8
v 8 67 8
v 8 69 8
v 8 70 8
v 8 73 8
v 8 85 8
v 8 86 8
v 8 87 8
v 8 101 8
v 8 102 8
v 8 103 8
v 9 66 8
v 9 67 8
v 9 68 8
v 9 69 8
v 9 70 8
v 9 71 8
v 9 86 8
v 9 87 8
v 9 89 8
v 9 99 8
v 9 101 8
v 9 102 8
v 10 66 8
v 10 67 8
v 10 68 8
v 10 70 8
v 10 71 8
v 10 73 8
v 10 87 8
v 10 88 8
v 10 89 8
v 10 91 8
v 10 97 8
v 10 99 8
v 10 100 8
v 10 101 8
v 11 88 8
v 11 90 8
v 11 91 8
v 11 97 8
v 11 98 8
v 11 100 8
v 12 90 8
v 12 98 8
v -10 88 7
v -10 90 7
v -9 87 7
v -9 88 7
v -9 89 7
v -9 90 7
v -8 85 7
v -8 87 7
v -8 88 7
v -7 86 7
v -7 87 7
v -6 84 7
v -6 85 7
v -6 86 7
v -5 84 7
v -5 85 7
v 3 105 7
v 3 106 7
v 4 105 7
v 5 104 7
v 5 105 7
v 5 106 7
v 6 104 7
v 7 84 7
v 7 85 7
v 7 103 7
v 7 104 7
v 7 105 7
v 8 84 7
v 8 85 7
v 8 86 7
v 8 102 7
v 8 103 7
v 8 104 7
v 9 85 7
v 9 86 7
v 9 87 7
v 9 101 7
v 9 102 7
v 10 85 7
v 10 86 7
v 10 87 7
v 10 88 7
v 10 100 7
v 10 101 7
v 10 103 7
v 11 87 7
v 11 88 7
v 11 90 7
v 11 98 7
v 11 100 7
v 11 101 7
v 12 88 7
v 12 90 7
v 12 98 7
v 12 100 7
v 13 90 7
v 13 98 7
v 14 63 7
v 14 64 7
v 14 65 7
v 14 67 7
v 14 68 7
v 14 70 7
v 15 64 7
v 15 65 7
v 15 66 7
v 15 67 7
v 15 68 7
v 15 69 7
v 16 63 7
v 16 65 7
v 16 66 7
v 16 68 7
v 16 69 7
v 16 70 7
v -14 38 6
v -14 39 6
v -14 40 6
v -14 41 6
v -14 42 6
v -14 44 6
v -13 38 6
v -13 39 6
v -13 40 6
v -13 41 6
v -13 42 6
v -13 44 6
v -11 88 6
v -11 89 6
v -10 87 6
v -10 88 6
v -10 89 6
v -9 85 6
v -9 87 6
v -9 88 6
v -8 84 6
v -8 85 6
v -8 87 6
v -6 84 6
v -6 85 6
v 2 106 6
v 2 107 6
v 3 106 6
v 4 106 6
v 4 107 6
v 5 105 6
v 5 106 6
v 7 104 6
v 7 105 6
v 7 106 6
v 8 84 6
v 8 85 6
v 8 103 6
v 8 104 6
v 8 105 6
v 9 85 6
v 10 84 6
v 10 85 6
v 10 86 6
v 10 87 6
v 10 101 6
v 10 103 6
v 10 104 6
v 11 85 6
v 11 86 6
v 11 87 6
v 11 88 6
v 11 100 6
v 11 101 6
v 11 103 6
v 12 87 6
v 12 88 6
v 12 90 6
v 12 98 6
v 12 100 6
v 12 101 6
v 13 88 6
v 13 90 6
v 13 91 6
v 13 97 6
v 13 98 6
v 13 100 6
v 14 91 6
v 14 97 6
v 16 61 6
v 16 62 6
v 16 63 6
v 16 65 6
v 16 66 6
v 16 68 6
v 17 61 6
v 17 62 6
v 17 63 6
v 17 65 6
v 17 66 6
v 17 68 6
v -12 89 5
v -12 93 5
v -11 87 5
v -11 88 5
v -11 89 5
v -11 93 5
v -10 85 5
v -10 87 5
v -10 88 5
v -9 84 5
v -9 85 5
v -9 87 5
v -8 84 5
v -8 85 5
v 4 106 5
v 4 107 5
v 5 106 5
v 6 106 5
v 6 107 5
v 7 105 5
v 7 106 5
v 8 104 5
v 8 105 5
v 8 106 5
v 9 104 5
v 9 105 5
v 10 84 5
v 10 85 5
v 10 103 5
v 10 104 5
v 10 105 5
v 11 84 5
v 11 85 5
v 11 86 5
v 11 101 5
v 11 103 5
v 11 104 5
v 12 85 5
v 12 86 5
v 12 100 5
v 12 101 5
v 12 103 5
v 13 89 5
v 13 91 5
v 13 97 5
v 13 99 5
v 13 100 5
v 13 101 5
v 14 89 5
v 14 91 5
v 14 93 5
v 14 95 5
v 14 97 5
v 14 99 5
v 15 93 5
v 15 95 5
v -13 90 4
v -13 96 4
v -12 87 4
v -12 89 4
v -12 90 4
v -12 93 4
v -12 96 4
v -11 86 4
v -11 87 4
v -11 88 4
v -11 89 4
v -10 86 4
v -10 87 4
v 0 107 4
v 0 108 4
v 2 107 4
v 3 107 4
v 3 108 4
v 5 107 4
v 5 108 4
v 6 106 4
v 6 107 4
v 7 106 4
v 7 107 4
v 8 105 4
v 8 106 4
v 8 107 4
v 9 105 4
v 9 106 4
v 12 101 4
v 12 102 4
v 13 99 4
v 13 101 4
v 13 102 4
v 14 95 4
v 14 98 4
v 14 99 4
v 14 101 4
v 15 95 4
v 15 98 4
v 16 66 4
v 16 67 4
v 17 66 4
v 17 67 4
v -14 40 3
v -14 41 3
v -14 42 3
v -14 43 3
v -14 44 3
v -14 46 3
v -14 92 3
v -14 95 3
v -14 96 3
v -13 40 3
v -13 41 3
v -13 42 3
v -13 43 3
v -13 44 3
v -13 46 3
v -13 88 3
v -13 90 3
v -13 92 3
v -13 95 3
v -13 96 3
v -13 97 3
v -13 100 3
v -12 86 3
v -12 87 3
v -12 88 3
v -12 90 3
v -12 96 3
v -12 97 3
v -12 100 3
v -11 85 3
v -11 86 3
v -11 87 3
v -10 84 3
v -10 85 3
v -10 86 3
v -9 84 3
v -9 85 3
v -3 107 3
v -3 108 3
v -1 107 3
v -1 108 3
v -1 109 3
v 0 108 3
v 2 108 3
v 2 109 3
v 3 108 3
v 3 109 3
v 5 107 3
v 5 108 3
v 7 107 3
v 7 108 3
v 8 106 3
v 8 107 3
v 9 105 3
v 9 106 3
v 9 107 3
v 10 104 3
v 10 105 3
v 10 106 3
v 11 84 3
v 11 85 3
v 11 103 3
v 11 104 3
v 11 105 3
v 12 84 3
v 12 85 3
v 12 102 3
v 12 103 3
v 12 104 3
v 13 101 3
v 13 102 3
v 13 103 3
v 14 98 3
v 14 100 3
v 14 101 3
v 14 102 3
v 15 95 3
v 15 96 3
v 15 98 3
v 15 100 3
v 16 95 3
v 16 96 3
v -14 90 2
v -14 92 2
v -14 96 2
v -14 98 2
v -13 87 2
v -13 88 2
v -13 90 2
v -13 92 2
v -13 96 2
v -13 97 2
v -13 98 2
v -13 100 2
v -13 101 2
v -12 87 2
v -12 88 2
v -12 100 2
v -12 101 2
v -11 84 2
v -11 85 2
v -10 79 2
v -10 80 2
v -10 81 2
v -10 84 2
v -10 85 2
v -10 104 2
v -10 105 2
v -9 79 2
v -9 80 2
v -9 81 2
v -9 104 2
v -9 105 2
v -9 106 2
v -7 105 2
v -7 106 2
v -7 107 2
v -6 106 2
v -6 107 2
v -2 108 2
v -2 109 2
v -1 108 2
v -1 109 2
v 3 108 2
v 3 109 2
v 4 108 2
v 4 109 2
v 5 108 2
v 5 109 2
v 7 107 2
v 7 108 2
v 8 107 2
v 8 108 2
v 10 105 2
v 10 106 2
v 11 104 2
v 11 105 2
v 11 106 2
v 12 84 2
v 12 85 2
v 12 103 2
v 12 104 2
v 12 105 2
v 13 84 2
v 13 85 2
v 13 103 2
v 13 104 2
v 14 87 2
v 14 88 2
v 14 90 2
v 14 100 2
v 14 101 2
v 15 87 2
v 15 88 2
v 15 90 2
v 15 95 2
v 15 96 2
v 15 98 2
v 15 100 2
v 15 101 2
v 16 90 2
v 16 95 2
v 16 96 2
v 16 98 2
v -14 89 1
v -14 90 1
v -14 98 1
v -14 99 1
v -13 89 1
v -13 90 1
v -13 98 1
v -13 99 1
v -12 85 1
v -12 86 1
v -12 101 1
v -12 102 1
v -11 85 1
v -11 86 1
v -11 101 1
v -11 102 1
v -8 106 1
v -8 107 1
v -7 106 1
v -7 107 1
v -6 107 1
v -6 108 1
v -4 107 1
v -4 108 1
v -3 108 1
v -3 109 1
v -2 108 1
v -2 109 1
v 5 108 1
v 5 109 1
v 6 108 1
v 6 109 1
v 9 106 1
v 9 107 1
v 10 106 1
v 10 107 1
v 13 102 1
v 13 103 1
v 14 102 1
v 14 103 1
v 15 89 1
v 15 90 1
v 15 95 1
v 15 96 1
v 15 98 1
v 15 99 1
v 16 89 1
v 16 90 1
v 16 95 1
v 16 96 1
v 16 98 1
v 16 99 1
v -15 92 -0
v -15 93 -0
v -15 95 -0
v -15 96 -0
v -14 88 -0
v -14 89 -0
v -14 92 -0
v -14 93 -0
v -14 94 -0
v -14 95 -0
v -14 96 -0
v -14 99 -0
v -14 100 -0
v -13 86 -0
v -13 87 -0
v -13 88 -0
v -13 89 -0
v -13 99 -0
v -13 100 -0
v -13 101 -0
v -13 102 -0
v -12 86 -0
v -12 87 -0
v -12 101 -0
v -12 102 -0
v -12 103 -0
v -11 102 -0
v -11 103 -0
v -11 104 -0
v -10 103 -0
v -10 104 -0
v -7 107 -0
v -7 108 -0
v -6 107 -0
v -6 108 -0
v -5 108 -0
v -5 109 -0
v -4 108 -0
v -3 108 -0
v -3 109 -0
v -1 109 -0
v -1 110 -0
v 3 109 -0
v 3 110 -0
v 6 108 -0
v 6 109 -0
v 7 108 -0
v 7 109 -0
v 8 107 -0
v 8 108 -0
v 9 107 -0
v 9 108 -0
v 11 105 -0
v 11 106 -0
v 12 104 -0
v 12 105 -0
v 12 106 -0
v 13 85 -0
v 13 86 -0
v 13 104 -0
v 13 105 -0
v 14 85 -0
v 14 86 -0
v 14 87 -0
v 14 101 -0
v 14 102 -0
v 15 86 -0
v 15 87 -0
v 15 88 -0
v 15 89 -0
v 15 99 -0
v 15 100 -0
v 15 101 -0
v 15 102 -0
v 16 88 -0
v 16 89 -0
v 16 92 -0
v 16 96 -0
v 16 99 -0
v 16 100 -0
v 17 92 -0
v 17 96 -0
v -15 91 -1
v -15 92 -1
v -15 96 -1
v -15 97 -1
v -14 91 -1
v -14 92 -1
v -14 96 -1
v -14 97 -1
v -12 84 -1
v -12 85 -1
v -12 103 -1
v -12 104 -1
v -11 84 -1
v -11 85 -1
v -11 103 -1
v -11 104 -1
v -11 105 -1
v -10 104 -1
v -10 105 -1
v -10 106 -1
v -9 105 -1
v -9 106 -1
v -2 109 -1
v -2 110 -1
v -1 109 -1
v -1 110 -1
v 3 109 -1
v 3 110 -1
v 4 109 -1
v 4 110 -1
v 10 106 -1
v 10 107 -1
v 11 106 -1
v 11 107 -1
v 13 84 -1
v 13 85 -1
v 13 103 -1
v 13 104 -1
v 14 84 -1
v 14 85 -1
v 14 103 -1
v 14 104 -1
v 16 91 -1
v 16 92 -1
v 16 96 -1
v 16 97 -1
v 17 91 -1
v 17 92 -1
v 17 96 -1
v 17 97 -1
v -15 90 -2
v -15 91 -2
v -15 97 -2
v -15 98 -2
v -14 87 -2
v -14 88 -2
v -14 90 -2
v -14 91 -2
v -14 97 -2
v -14 98 -2
v -14 100 -2
v -14 101 -2
v -13 87 -2
v -13 88 -2
v -13 100 -2
v -13 101 -2
v -11 78 -2
v -11 79 -2
v -11 80 -2
v -11 81 -2
v -11 82 -2
v -11 83 -2
v -10 78 -2
v -10 79 -2
v -10 80 -2
v -10 81 -2
v -10 82 -2
v -10 83 -2
v -9 106 -2
v -9 107 -2
v -7 106 -2
v -7 107 -2
v -7 108 -2
v -6 107 -2
v -6 108 -2
v -6 109 -2
v -5 108 -2
v -5 109 -2
v -3 109 -2
v -3 110 -2
v -2 109 -2
v -2 110 -2
v 4 109 -2
v 4 110 -2
v 5 109 -2
v 5 110 -2
v 7 108 -2
v 7 109 -2
v 8 108 -2
v 8 109 -2
v 15 87 -2
v 15 88 -2
v 15 100 -2
v 15 101 -2
v 16 87 -2
v 16 88 -2
v 16 90 -2
v 16 91 -2
v 16 97 -2
v 16 98 -2
v 16 100 -2
v 16 101 -2
v 17 90 -2
v 17 91 -2
v 17 97 -2
v 17 98 -2
v -13 50 -3
v -13 53 -3
v -13 54 -3
v -13 57 -3
v -13 58 -3
v -13 85 -3
v -13 86 -3
v -13 102 -3
v -13 103 -3
v -12 50 -3
v -12 53 -3
v -12 54 -3
v -12 57 -3
v -12 58 -3
v -12 85 -3
v -12 86 -3
v -12 102 -3
v -12 103 -3
v -8 107 -3
v -8 108 -3
v -7 107 -3
v -7 108 -3
v 9 107 -3
v 9 108 -3
v 10 107 -3
v 10 108 -3
v 14 85 -3
v 14 86 -3
v 14 102 -3
v 14 103 -3
v 15 85 -3
v 15 86 -3
v 15 102 -3
v 15 103 -3
v -12 85 -5
v -12 86 -5
v -12 102 -5
v -12 103 -5
v -11 85 -5
v -11 86 -5
v -11 102 -5
v -11 103 -5
v -8 106 -5
v -8 107 -5
v -7 106 -5
v -7 107 -5
v 9 106 -5
v 9 107 -5
v 10 106 -5
v 10 107 -5
v 13 85 -5
v 13 86 -5
v 13 102 -5
v 13 103 -5
v 14 85 -5
v 14 86 -5
v 14 102 -5
v 14 103 -5
v -14 90 -6
v -14 91 -6
v -14 97 -6
v -14 98 -6
v -13 87 -6
v -13 88 -6
v -13 90 -6
v -13 91 -6
v -13 97 -6
v -13 98 -6
v -13 100 -6
v -13 101 -6
v -12 87 -6
v -12 88 -6
v -12 100 -6
v -12 101 -6
v -6 107 -6
v -6 108 -6
v -5 107 -6
v -5 108 -6
v -3 108 -6
v -3 109 -6
v -2 108 -6
v -2 109 -6
v 4 108 -6
v 4 109 -6
v 5 108 -6
v 5 109 -6
v 7 107 -6
v 7 108 -6
v 8 107 -6
v 8 108 -6
v 14 87 -6
v 14 88 -6
v 14 100 -6
v 14 101 -6
v 15 87 -6
v 15 88 -6
v 15 90 -6
v 15 91 -6
v 15 97 -6
v 15 98 -6
v 15 100 -6
v 15 101 -6
v 16 90 -6
v 16 91 -6
v 16 97 -6
v 16 98 -6
v -14 91 -7
v -14 92 -7
v -14 96 -7
v -14 97 -7
v -13 91 -7
v -13 92 -7
v -13 96 -7
v -13 97 -7
v -11 84 -7
v -11 85 -7
v -11 103 -7
v -11 104 -7
v -10 84 -7
v -10 85 -7
v -10 103 -7
v -10 104 -7
v -9 105 -7
v -9 106 -7
v -8 105 -7
v -8 106 -7
v -2 108 -7
v -2 109 -7
v -1 108 -7
v -1 109 -7
v 3 108 -7
v 3 109 -7
v 4 108 -7
v 4 109 -7
v 10 105 -7
v 10 106 -7
v 11 105 -7
v 11 106 -7
v 12 84 -7
v 12 85 -7
v 12 103 -7
v 12 104 -7
v 13 84 -7
v 13 85 -7
v 13 103 -7
v 13 104 -7
v 15 91 -7
v 15 92 -7
v 15 96 -7
v 15 97 -7
v 16 91 -7
v 16 92 -7
v 16 96 -7
v 16 97 -7
v -14 92 -8
v -14 94 -8
v -14 95 -8
v -14 96 -8
v -13 88 -8
v -13 89 -8
v -13 92 -8
v -13 94 -8
v -13 96 -8
v -13 99 -8
v -13 100 -8
v -12 86 -8
v -12 87 -8
v -12 88 -8
v -12 89 -8
v -12 99 -8
v -12 100 -8
v -12 101 -8
v -12 102 -8
v -11 86 -8
v -11 87 -8
v -11 101 -8
v -11 102 -8
v -10 104 -8
v -10 105 -8
v -9 104 -8
v -9 105 -8
v -7 106 -8
v -7 107 -8
v -6 106 -8
v -6 107 -8
v -5 107 -8
v -5 108 -8
v -4 107 -8
v -4 108 -8
v -1 108 -8
v -1 109 -8
v 3 108 -8
v 3 109 -8
v 6 107 -8
v 6 108 -8
v 7 107 -8
v 7 108 -8
v 8 106 -8
v 8 107 -8
v 9 106 -8
v 9 107 -8
v 11 104 -8
v 11 105 -8
v 12 104 -8
v 12 105 -8
v 13 86 -8
v 13 87 -8
v 13 101 -8
v 13 102 -8
v 14 86 -8
v 14 87 -8
v 14 88 -8
v 14 89 -8
v 14 99 -8
v 14 100 -8
v 14 101 -8
v 14 102 -8
v 15 88 -8
v 15 89 -8
v 15 92 -8
v 15 96 -8
v 15 99 -8
v 15 100 -8
v 16 92 -8
v 16 96 -8
v -13 52 -9
v -13 53 -9
v -13 54 -9
v -13 89 -9
v -13 90 -9
v -13 98 -9
v -13 99 -9
v -12 52 -9
v -12 53 -9
v -12 54 -9
v -12 89 -9
v -12 90 -9
v -12 98 -9
v -12 99 -9
v -11 102 -9
v -11 103 -9
v -10 102 -9
v -10 103 -9
v -8 105 -9
v -8 106 -9
v -7 105 -9
v -7 106 -9
v -4 107 -9
v -4 108 -9
v -3 107 -9
v -3 108 -9
v 5 107 -9
v 5 108 -9
v 6 107 -9
v 6 108 -9
v 9 105 -9
v 9 106 -9
v 10 105 -9
v 10 106 -9
v 12 85 -9
v 12 86 -9
v 13 85 -9
v 13 86 -9
v 14 89 -9
v 14 90 -9
v 14 98 -9
v 14 99 -9
v 15 89 -9
v 15 90 -9
v 15 98 -9
v 15 99 -9
v -13 90 -10
v -13 92 -10
v -13 96 -10
v -13 98 -10
v -12 87 -10
v -12 88 -10
v -12 90 -10
v -12 92 -10
v -12 96 -10
v -12 98 -10
v -12 100 -10
v -12 101 -10
v -11 87 -10
v -11 88 -10
v -11 100 -10
v -11 101 -10
v -10 103 -10
v -10 104 -10
v -9 103 -10
v -9 104 -10
v -9 105 -10
v -8 104 -10
v -8 105 -10
v -6 106 -10
v -6 107 -10
v -5 106 -10
v -5 107 -10
v -3 107 -10
v -3 108 -10
v -2 108 -10
v -1 107 -10
v -1 108 -10
v 3 107 -10
v 3 108 -10
v 5 107 -10
v 5 108 -10
v 7 106 -10
v 7 107 -10
v 8 106 -10
v 8 107 -10
v 10 104 -10
v 10 105 -10
v 11 84 -10
v 11 85 -10
v 11 103 -10
v 11 104 -10
v 11 105 -10
v 12 84 -10
v 12 85 -10
v 12 102 -10
v 12 103 -10
v 12 104 -10
v 13 87 -10
v 13 88 -10
v 13 100 -10
v 13 101 -10
v 13 102 -10
v 13 103 -10
v 14 87 -10
v 14 88 -10
v 14 90 -10
v 14 91 -10
v 14 92 -10
v 14 96 -10
v 14 98 -10
v 14 100 -10
v 14 101 -10
v 15 90 -10
v 15 91 -10
v 15 92 -10
v 15 96 -10
v 15 98 -10
v -13 46 -11
v -13 47 -11
v -13 48 -11
v -13 49 -11
v -13 51 -11
v -13 52 -11
v -13 92 -11
v -13 93 -11
v -13 94 -11
v -13 95 -11
v -13 96 -11
v -12 46 -11
v -12 47 -11
v -12 48 -11
v -12 49 -11
v -12 51 -11
v -12 52 -11
v -12 89 -11
v -12 90 -11
v -12 92 -11
v -12 93 -11
v -12 94 -11
v -12 96 -11
v -12 98 -11
v -12 100 -11
v -11 89 -11
v -11 90 -11
v -11 98 -11
v -11 100 -11
v -11 101 -11
v -11 102 -11
v -10 101 -11
v -10 102 -11
v -10 103 -11
v -9 102 -11
v -9 103 -11
v -9 104 -11
v -8 103 -11
v -8 104 -11
v -8 105 -11
v -7 104 -11
v -7 105 -11
v -7 106 -11
v -6 105 -11
v -6 106 -11
v -5 106 -11
v -5 107 -11
v -3 106 -11
v -3 107 -11
v -1 107 -11
v -1 108 -11
v 3 107 -11
v 3 108 -11
v 5 106 -11
v 5 107 -11
v 7 106 -11
v 7 107 -11
v 8 105 -11
v 8 106 -11
v 9 104 -11
v 9 105 -11
v 9 106 -11
v 10 84 -11
v 10 85 -11
v 10 103 -11
v 10 104 -11
v 10 105 -11
v 11 84 -11
v 11 85 -11
v 11 86 -11
v 11 102 -11
v 11 103 -11
v 11 104 -11
v 12 85 -11
v 12 86 -11
v 12 87 -11
v 12 101 -11
v 12 102 -11
v 12 103 -11
v 13 86 -11
v 13 87 -11
v 13 88 -11
v 13 90 -11
v 13 98 -11
v 13 100 -11
v 13 101 -11
v 13 102 -11
v 14 88 -11
v 14 90 -11
v 14 92 -11
v 14 94 -11
v 14 96 -11
v 14 98 -11
v 14 100 -11
v 15 92 -11
v 15 94 -11
v 15 96 -11
v -12 90 -12
v -12 92 -12
v -12 93 -12
v -12 95 -12
v -12 98 -12
v -11 90 -12
v -11 92 -12
v -11 93 -12
v -11 95 -12
v -11 98 -12
v -11 99 -12
v -11 100 -12
v -11 101 -12
v -10 99 -12
v -10 100 -12
v -10 101 -12
v -10 102 -12
v -9 101 -12
v -9 102 -12
v -7 104 -12
v -7 105 -12
v -6 104 -12
v -6 105 -12
v -6 106 -12
v -4 105 -12
v -4 106 -12
v -3 106 -12
v -3 107 -12
v -2 106 -12
v -2 107 -12
v -1 107 -12
v 0 106 -12
v 0 107 -12
v 2 106 -12
v 2 107 -12
v 5 106 -12
v 5 107 -12
v 6 105 -12
v 6 106 -12
v 8 104 -12
v 8 105 -12
v 8 106 -12
v 9 104 -12
v 9 105 -12
v 11 86 -12
v 11 87 -12
v 11 101 -12
v 11 102 -12
v 12 86 -12
v 12 87 -12
v 12 89 -12
v 12 99 -12
v 12 100 -12
v 12 101 -12
v 12 102 -12
v 13 87 -12
v 13 89 -12
v 13 90 -12
v 13 93 -12
v 13 95 -12
v 13 98 -12
v 13 99 -12
v 13 100 -12
v 13 101 -12
v 14 90 -12
v 14 91 -12
v 14 93 -12
v 14 95 -12
v 14 98 -12
v -12 93 -13
v -12 94 -13
v -12 95 -13
v -11 93 -13
v -11 95 -13
v -11 97 -13
v -11 99 -13
v -10 97 -13
v -10 99 -13
v -10 100 -13
v -10 101 -13
v -9 100 -13
v -9 101 -13
v -9 102 -13
v -9 103 -13
v -8 101 -13
v -8 103 -13
v -8 104 -13
v -6 103 -13
v -6 104 -13
v -6 105 -13
v -5 104 -13
v -5 105 -13
v -4 105 -13
v -4 106 -13
v -3 106 -13
v -2 105 -13
v -2 106 -13
v 0 106 -13
v 0 107 -13
v 2 106 -13
v 2 107 -13
v 4 105 -13
v 4 106 -13
v 6 105 -13
v 6 106 -13
v 7 104 -13
v 7 105 -13
v 8 84 -13
v 8 85 -13
v 8 103 -13
v 8 104 -13
v 8 105 -13
v 10 84 -13
v 10 85 -13
v 10 86 -13
v 10 87 -13
v 10 101 -13
v 10 103 -13
v 10 104 -13
v 11 85 -13
v 11 86 -13
v 11 87 -13
v 11 88 -13
v 11 100 -13
v 11 101 -13
v 11 102 -13
v 11 103 -13
v 12 87 -13
v 12 88 -13
v 12 89 -13
v 12 91 -13
v 12 97 -13
v 12 99 -13
v 12 100 -13
v 12 101 -13
v 13 89 -13
v 13 91 -13
v 13 93 -13
v 13 94 -13
v 13 95 -13
v 13 97 -13
v 13 99 -13
v 14 93 -13
v 14 94 -13
v 14 95 -13
v -11 94 -14
v -11 97 -14
v -10 94 -14
v -10 97 -14
v -10 98 -14
v -10 99 -14
v -10 100 -14
v -9 98 -14
v -9 100 -14
v -9 101 -14
v -8 100 -14
v -8 101 -14
v -8 103 -14
v -7 101 -14
v -7 102 -14
v -6 102 -14
v -6 103 -14
v -6 104 -14
v -5 103 -14
v -5 104 -14
v -5 105 -14
v -3 104 -14
v -3 105 -14
v -2 105 -14
v -2 106 -14
v -1 106 -14
v 0 105 -14
v 0 106 -14
v 4 105 -14
v 4 106 -14
v 5 104 -14
v 5 105 -14
v 7 84 -14
v 7 85 -14
v 7 103 -14
v 7 104 -14
v 7 105 -14
v 8 84 -14
v 8 85 -14
v 8 86 -14
v 8 102 -14
v 8 103 -14
v 8 104 -14
v 9 86 -14
v 9 87 -14
v 9 101 -14
v 9 102 -14
v 10 85 -14
v 10 86 -14
v 10 87 -14
v 10 88 -14
v 10 100 -14
v 10 101 -14
v 10 103 -14
v 11 87 -14
v 11 88 -14
v 11 90 -14
v 11 98 -14
v 11 100 -14
v 11 101 -14
v 12 88 -14
v 12 90 -14
v 12 91 -14
v 12 94 -14
v 12 95 -14
v 12 97 -14
v 12 98 -14
v 12 100 -14
v 13 91 -14
v 13 94 -14
v 13 95 -14
v 13 97 -14
v -10 91 -15
v -10 92 -15
v -10 94 -15
v -10 97 -15
v -10 98 -15
v -9 91 -15
v -9 92 -15
v -9 97 -15
v -9 98 -15
v -9 99 -15
v -9 100 -15
v -8 97 -15
v -8 99 -15
v -8 100 -15
v -8 101 -15
v -7 100 -15
v -7 101 -15
v -7 102 -15
v -6 101 -15
v -6 102 -15
v -6 103 -15
v -5 102 -15
v -5 103 -15
v -5 104 -15
v -3 103 -15
v -3 104 -15
v -3 105 -15
v -2 104 -15
v -2 105 -15
v 0 105 -15
v 1 104 -15
v 1 105 -15
v 4 84 -15
v 4 85 -15
v 4 103 -15
v 4 104 -15
v 5 104 -15
v 5 105 -15
v 6 84 -15
v 6 85 -15
v 6 86 -15
v 6 102 -15
v 6 103 -15
v 7 84 -15
v 7 85 -15
v 7 86 -15
v 7 103 -15
v 7 104 -15
v 8 85 -15
v 8 86 -15
v 8 87 -15
v 8 101 -15
v 8 102 -15
v 8 103 -15
v 9 86 -15
v 9 87 -15
v 9 89 -15
v 9 99 -15
v 9 100 -15
v 9 101 -15
v 9 102 -15
v 10 87 -15
v 10 88 -15
v 10 89 -15
v 10 91 -15
v 10 97 -15
v 10 99 -15
v 10 100 -15
v 10 101 -15
v 11 88 -15
v 11 90 -15
v 11 91 -15
v 11 95 -15
v 11 96 -15
v 11 97 -15
v 11 98 -15
v 11 99 -15
v 11 100 -15
v 12 90 -15
v 12 94 -15
v 12 95 -15
v 12 96 -15
v 12 98 -15
v -9 92 -16
v -9 96 -16
v -9 97 -16
v -8 92 -16
v -8 95 -16
v -8 97 -16
v -8 98 -16
v -8 99 -16
v -7 95 -16
v -7 96 -16
v -7 98 -16
v -7 99 -16
v -7 100 -16
v -7 101 -16
v -6 98 -16
v -6 100 -16
v -6 101 -16
v -6 102 -16
v -5 100 -16
v -5 101 -16
v -5 102 -16
v -4 102 -16
v -4 103 -16
v -3 101 -16
v -3 102 -16
v -3 103 -16
v -2 84 -16
v -2 85 -16
v -2 86 -16
v -2 103 -16
v -2 104 -16
v -1 103 -16
v -1 104 -16
v 0 84 -16
v 0 85 -16
v 0 86 -16
v 0 102 -16
v 0 103 -16
v 1 103 -16
v 1 104 -16
v 2 84 -16
v 2 85 -16
v 2 86 -16
v 2 102 -16
v 2 103 -16
v 4 84 -16
v 4 85 -16
v 4 86 -16
v 4 103 -16
v 4 104 -16
v 5 86 -16
v 5 87 -16
v 5 101 -16
v 5 102 -16
v 6 85 -16
v 6 86 -16
v 6 102 -16
v 6 103 -16
v 7 86 -16
v 7 87 -16
v 7 88 -16
v 7 100 -16
v 7 101 -16
v 8 86 -16
v 8 87 -16
v 8 88 -16
v 8 89 -16
v 8 90 -16
v 8 98 -16
v 8 99 -16
v 8 100 -16
v 8 101 -16
v 8 102 -16
v 9 87 -16
v 9 88 -16
v 9 89 -16
v 9 90 -16
v 9 93 -16
v 9 95 -16
v 9 96 -16
v 9 97 -16
v 9 98 -16
v 9 99 -16
v 9 100 -16
v 9 101 -16
v 10 89 -16
v 10 91 -16
v 10 93 -16
v 10 95 -16
v 10 96 -16
v 10 97 -16
v 10 99 -16
v 11 91 -16
v 11 95 -16
v 11 96 -16
v 11 97 -16
v -8 93 -17
v -8 95 -17
v -7 95 -17
v -7 96 -17
v -7 97 -17
v -7 98 -17
v -6 93 -17
v -6 95 -17
v -6 96 -17
v -6 97 -17
v -6 98 -17
v -6 100 -17
v -5 96 -17
v -5 98 -17
v -5 100 -17
v -5 101 -17
v -4 98 -17
v -4 99 -17
v -3 99 -17
v -3 100 -17
v -3 101 -17
v -3 102 -17
v -2 86 -17
v -2 88 -17
v -1 87 -17
v -1 88 -17
v -1 100 -17
v -1 101 -17
v 0 85 -17
v 0 86 -17
v 0 102 -17
v 0 103 -17
v 1 103 -17
v 2 85 -17
v 2 86 -17
v 2 87 -17
v 2 101 -17
v 2 102 -17
v 2 103 -17
v 3 87 -17
v 3 88 -17
v 3 100 -17
v 3 101 -17
v 4 86 -17
v 4 101 -17
v 4 102 -17
v 5 86 -17
v 5 87 -17
v 5 88 -17
v 5 89 -17
v 5 99 -17
v 5 100 -17
v 5 101 -17
v 5 102 -17
v 6 89 -17
v 6 90 -17
v 6 98 -17
v 6 99 -17
v 7 87 -17
v 7 88 -17
v 7 89 -17
v 7 90 -17
v 7 92 -17
v 7 96 -17
v 7 97 -17
v 7 98 -17
v 7 100 -17
v 7 101 -17
v 8 88 -17
v 8 89 -17
v 8 90 -17
v 8 92 -17
v 8 96 -17
v 8 97 -17
v 8 98 -17
v 8 99 -17
v 8 100 -17
v 9 90 -17
v 9 93 -17
v 9 95 -17
v 9 96 -17
v 9 97 -17
v 9 98 -17
v 10 93 -17
v 10 95 -17
v -7 30 -18
v -7 32 -18
v -7 33 -18
v -7 35 -18
v -7 36 -18
v -7 38 -18
v -6 30 -18
v -6 32 -18
v -6 33 -18
v -6 35 -18
v -6 36 -18
v -6 37 -18
v -6 38 -18
v -6 39 -18
v -6 93 -18
v -6 94 -18
v -6 95 -18
v -6 96 -18
v -5 30 -18
v -5 34 -18
v -5 35 -18
v -5 36 -18
v -5 37 -18
v -5 38 -18
v -5 39 -18
v -5 92 -18
v -5 93 -18
v -5 94 -18
v -5 96 -18
v -5 98 -18
v -4 30 -18
v -4 34 -18
v -4 35 -18
v -4 36 -18
v -4 37 -18
v -4 38 -18
v -4 90 -18
v -4 92 -18
v -4 98 -18
v -4 99 -18
v -3 89 -18
v -3 90 -18
v -3 92 -18
v -3 93 -18
v -3 94 -18
v -3 96 -18
v -3 99 -18
v -3 100 -18
v -2 88 -18
v -2 89 -18
v -2 90 -18
v -2 91 -18
v -2 92 -18
v -2 96 -18
v -2 97 -18
v -1 30 -18
v -1 31 -18
v -1 32 -18
v -1 35 -18
v -1 36 -18
v -1 37 -18
v -1 38 -18
v -1 87 -18
v -1 88 -18
v -1 90 -18
v -1 91 -18
v -1 97 -18
v -1 98 -18
v -1 100 -18
v -1 101 -18
v 0 31 -18
v 0 32 -18
v 0 33 -18
v 0 35 -18
v 0 36 -18
v 0 37 -18
v 0 38 -18
v 0 39 -18
v 0 88 -18
v 0 89 -18
v 1 30 -18
v 1 32 -18
v 1 33 -18
v 1 34 -18
v 1 35 -18
v 1 36 -18
v 1 37 -18
v 1 38 -18
v 1 39 -18
v 2 30 -18
v 2 34 -18
v 2 35 -18
v 2 36 -18
v 2 37 -18
v 2 38 -18
v 2 39 -18
v 2 87 -18
v 2 100 -18
v 2 101 -18
v 3 30 -18
v 3 34 -18
v 3 35 -18
v 3 36 -18
v 3 37 -18
v 3 38 -18
v 3 87 -18
v 3 88 -18
v 3 90 -18
v 3 91 -18
v 3 97 -18
v 3 98 -18
v 3 99 -18
v 3 100 -18
v 3 101 -18
v 4 91 -18
v 4 92 -18
v 4 96 -18
v 4 97 -18
v 5 88 -18
v 5 89 -18
v 5 90 -18
v 5 92 -18
v 5 96 -18
v 5 98 -18
v 5 99 -18
v 5 100 -18
v 6 30 -18
v 6 31 -18
v 6 32 -18
v 6 35 -18
v 6 36 -18
v 6 38 -18
v 6 89 -18
v 6 90 -18
v 6 91 -18
v 6 97 -18
v 6 98 -18
v 6 99 -18
v 7 30 -18
v 7 31 -18
v 7 32 -18
v 7 35 -18
v 7 36 -18
v 7 37 -18
v 7 38 -18
v 7 39 -18
v 7 90 -18
v 7 92 -18
v 7 96 -18
v 7 97 -18
v 7 98 -18
v 8 30 -18
v 8 33 -18
v 8 34 -18
v 8 36 -18
v 8 37 -18
v 8 38 -18
v 8 39 -18
v 8 92 -18
v 8 96 -18
v 9 30 -18
v 9 33 -18
v 9 34 -18
v 9 36 -18
v 9 37 -18
v 9 38 -18
v -3 92 -19
v -3 93 -19
v -3 94 -19
v -3 96 -19
v -2 91 -19
v -2 92 -19
v -2 93 -19
v -2 94 -19
v -2 96 -19
v -2 97 -19
v -1 90 -19
v -1 91 -19
v -1 97 -19
v -1 98 -19
v 1 91 -19
v 1 92 -19
v 1 93 -19
v 3 90 -19
v 3 91 -19
v 3 97 -19
v 3 98 -19
v 4 91 -19
v 4 92 -19
v 4 96 -19
v 4 97 -19
v 5 92 -19
v 5 96 -19
v -3 92 11
v -3 94 11
v -3 95 11
v -3 96 11
v -2 91 11
v -2 92 11
v -2 95 11
v -2 96 11
v -2 97 11
v -1 90 11
v -1 91 11
v -1 96 11
v -1 97 11
v -1 98 11
v 0 97 11
v 0 98 11
v 1 98 11
v 2 90 11
v 2 95 11
v 3 95 11
v 3 98 11
v -6 92 10
v -6 93 10
v -6 95 10
v -6 96 10
v -5 90 10
v -5 92 10
v -5 93 10
v -5 94 10
v -5 96 10
v -5 98 10
v -4 89 10
v -4 90 10
v -4 95 10
v -4 96 10
v -4 98 10
v -4 99 10
v -3 88 10
v -3 89 10
v -3 92 10
v -3 94 10
v -3 96 10
v -3 97 10
v -3 99 10
v -3 100 10
v -2 91 10
v -2 92 10
v -2 96 10
v -2 97 10
v -2 98 10
v -1 87 10
v -1 88 10
v -1 90 10
v -1 91 10
v -1 97 10
v -1 98 10
v -1 99 10
v -1 100 10
v -1 101 10
v 0 99 10
v 0 100 10
v 1 88 10
v 1 89 10
v 1 98 10
v 1 99 10
v 2 88 10
v 2 89 10
v 2 90 10
v 2 100 10
v 2 101 10
v 3 87 10
v 3 88 10
v 3 89 10
v 3 90 10
v 3 98 10
v 3 99 10
v 3 101 10
v 4 90 10
v 4 92 10
v 5 88 10
v 5 89 10
v 5 92 10
v 5 97 10
v 6 89 10
v 6 90 10
v 6 97 10
v 6 98 10
v 7 90 10
v 7 92 10
v 7 96 10
v 7 98 10
v 8 92 10
v 8 96 10
v -9 34 9
v -9 35 9
v -9 36 9
v -9 38 9
v -9 39 9
v -9 40 9
v -8 34 9
v -8 35 9
v -8 36 9
v -8 37 9
v -8 38 9
v -8 39 9
v -8 93 9
v -8 94 9
v -8 95 9
v -7 34 9
v -7 35 9
v -7 37 9
v -7 38 9
v -7 40 9
v -7 90 9
v -7 91 9
v -7 92 9
v -7 93 9
v -7 95 9
v -7 96 9
v -6 32 9
v -6 33 9
v -6 34 9
v -6 36 9
v -6 37 9
v -6 38 9
v -6 88 9
v -6 90 9
v -6 91 9
v -6 92 9
v -6 93 9
v -6 96 9
v -6 98 9
v -5 32 9
v -5 33 9
v -5 34 9
v -5 35 9
v -5 36 9
v -5 37 9
v -5 87 9
v -5 88 9
v -5 90 9
v -5 92 9
v -5 96 9
v -5 98 9
v -5 100 9
v -4 32 9
v -4 33 9
v -4 35 9
v -4 36 9
v -4 38 9
v -4 89 9
v -4 90 9
v -4 98 9
v -4 99 9
v -3 86 9
v -3 87 9
v -3 88 9
v -3 89 9
v -3 99 9
v -3 100 9
v -3 101 9
v -2 101 9
v -2 102 9
v -1 87 9
v -1 88 9
v -1 100 9
v -1 101 9
v -1 102 9
v 0 85 9
v 0 86 9
v 0 102 9
v 0 103 9
v 1 102 9
v 1 103 9
v 2 85 9
v 2 86 9
v 2 102 9
v 2 103 9
v 3 87 9
v 3 88 9
v 3 101 9
v 3 102 9
v 5 86 9
v 5 87 9
v 5 88 9
v 5 89 9
v 5 100 9
v 5 101 9
v 6 89 9
v 6 90 9
v 6 98 9
v 6 100 9
v 7 87 9
v 7 88 9
v 7 90 9
v 7 92 9
v 7 96 9
v 7 98 9
v 7 100 9
v 7 101 9
v 8 88 9
v 8 90 9
v 8 92 9
v 8 96 9
v 8 98 9
v 8 100 9
v 9 90 9
v 9 93 9
v 9 95 9
v 9 98 9
v 10 93 9
v 10 95 9
v -9 91 8
v -9 92 8
v -9 93 8
v -9 94 8
v -8 89 8
v -8 90 8
v -8 91 8
v -8 93 8
v -8 94 8
v -8 95 8
v -8 96 8
v -7 87 8
v -7 89 8
v -7 90 8
v -7 92 8
v -7 93 8
v -7 95 8
v -7 96 8
v -6 86 8
v -6 87 8
v -6 88 8
v -6 90 8
v -5 87 8
v -5 88 8
v -4 85 8
v -4 86 8
v -3 86 8
v -3 87 8
v -2 84 8
v -2 85 8
v -2 102 8
v -2 103 8
v 0 85 8
v 0 86 8
v 0 102 8
v 0 103 8
v 0 104 8
v 1 103 8
v 1 104 8
v 2 85 8
v 2 86 8
v 4 84 8
v 4 85 8
v 5 86 8
v 5 87 8
v 5 101 8
v 5 102 8
v 5 103 8
v 6 85 8
v 6 86 8
v 6 102 8
v 6 103 8
v 7 87 8
v 7 88 8
v 7 100 8
v 7 101 8
v 7 102 8
v 8 86 8
v 8 87 8
v 8 88 8
v 8 90 8
v 8 98 8
v 8 100 8
v 8 101 8
v 8 102 8
v 9 87 8
v 9 89 8
v 9 90 8
v 9 93 8
v 9 95 8
v 9 98 8
v 9 99 8
v 9 101 8
v 10 89 8
v 10 91 8
v 10 93 8
v 10 95 8
v 10 97 8
v 10 99 8
v 11 91 8
v 11 97 8
v -10 90 7
v -10 93 7
v -9 88 7
v -9 89 7
v -9 90 7
v -9 91 7
v -9 93 7
v -8 87 7
v -8 88 7
v -8 89 7
v -8 91 7
v -7 86 7
v -7 87 7
v -7 89 7
v -6 85 7
v -6 86 7
v -6 87 7
v -5 84 7
v -5 85 7
v -4 85 7
v -4 86 7
v -2 84 7
v -2 85 7
v 2 73 7
v 2 74 7
v 2 76 7
v 3 73 7
v 3 74 7
v 3 75 7
v 4 74 7
v 4 75 7
v 4 76 7
v 4 84 7
v 4 85 7
v 4 103 7
v 4 104 7
v 4 105 7
v 5 104 7
v 5 105 7
v 6 84 7
v 6 85 7
v 6 86 7
v 6 102 7
v 6 103 7
v 6 104 7
v 7 84 7
v 7 85 7
v 7 102 7
v 7 103 7
v 7 104 7
v 8 66 7
v 8 67 7
v 8 69 7
v 8 70 7
v 8 73 7
v 8 85 7
v 8 86 7
v 8 87 7
v 8 101 7
v 8 102 7
v 8 103 7
v 9 66 7
v 9 67 7
v 9 68 7
v 9 69 7
v 9 70 7
v 9 71 7
v 9 86 7
v 9 87 7
v 9 89 7
v 9 99 7
v 9 101 7
v 9 102 7
v 10 66 7
v 10 67 7
v 10 68 7
v 10 70 7
v 10 71 7
v 10 73 7
v 10 87 7
v 10 88 7
v 10 89 7
v 10 91 7
v 10 97 7
v 10 99 7
v 10 100 7
v 10 101 7
v 11 88 7
v 11 90 7
v 11 91 7
v 11 97 7
v 11 98 7
v 11 100 7
v 12 90 7
v 12 98 7
v -10 88 6
v -10 89 6
v -10 90 6
v -9 87 6
v -9 88 6
v -9 90 6
v -8 85 6
v -8 87 6
v -8 88 6
v -7 86 6
v -7 87 6
v -6 84 6
v -6 85 6
v -6 86 6
v -5 84 6
v -5 85 6
v 3 105 6
v 3 106 6
v 4 105 6
v 4 106 6
v 5 104 6
v 5 105 6
v 7 84 6
v 7 85 6
v 7 103 6
v 7 104 6
v 7 105 6
v 8 84 6
v 8 85 6
v 8 86 6
v 8 102 6
v 8 103 6
v 8 104 6
v 9 85 6
v 9 86 6
v 9 87 6
v 9 101 6
v 9 102 6
v 10 85 6
v 10 86 6
v 10 87 6
v 10 88 6
v 10 100 6
v 10 101 6
v 10 103 6
v 11 87 6
v 11 88 6
v 11 90 6
v 11 98 6
v 11 100 6
v 11 101 6
v 12 88 6
v 12 90 6
v 12 91 6
v 12 97 6
v 12 98 6
v 12 100 6
v 13 91 6
v 13 97 6
v 14 63 6
v 14 64 6
v 14 65 6
v 14 67 6
v 14 68 6
v 14 70 6
v 15 64 6
v 15 65 6
v 15 66 6
v 15 67 6
v 15 68 6
v 15 69 6
v 16 63 6
v 16 65 6
v 16 66 6
v 16 68 6
v 16 69 6
v 16 70 6
v -11 88 5
v -11 89 5
v -10 87 5
v -10 88 5
v -10 89 5
v -9 85 5
v -9 87 5
v -9 88 5
v -8 84 5
v -8 85 5
v -8 87 5
v -6 84 5
v -6 85 5
v 4 105 5
v 4 106 5
v 5 105 5
v 5 106 5
v 6 105 5
v 6 106 5
v 7 104 5
v 7 105 5
v 8 84 5
v 8 85 5
v 8 103 5
v 8 104 5
v 8 105 5
v 9 104 5
v 10 84 5
v 10 85 5
v 10 86 5
v 10 87 5
v 10 101 5
v 10 103 5
v 10 104 5
v 11 85 5
v 11 86 5
v 11 87 5
v 11 88 5
v 11 100 5
v 11 101 5
v 11 103 5
v 12 87 5
v 12 88 5
v 12 89 5
v 12 91 5
v 12 97 5
v 12 99 5
v 12 100 5
v 12 101 5
v 13 89 5
v 13 91 5
v 13 93 5
v 13 95 5
v 13 97 5
v 13 99 5
v 14 93 5
v 14 95 5
v 16 61 5
v 16 62 5
v 16 63 5
v 16 65 5
v 16 66 5
v 16 67 5
v 17 61 5
v 17 62 5
v 17 63 5
v 17 65 5
v 17 66 5
v 17 67 5
v -14 38 4
v -14 40 4
v -14 41 4
v -14 42 4
v -14 43 4
v -14 44 4
v -13 38 4
v -13 40 4
v -13 41 4
v -13 42 4
v -13 43 4
v -13 44 4
v -12 90 4
v -12 93 4
v -11 87 4
v -11 88 4
v -11 90 4
v -11 93 4
v -10 86 4
v -10 87 4
v -10 88 4
v -9 86 4
v -9 87 4
v 2 106 4
v 2 107 4
v 3 107 4
v 5 106 4
v 5 107 4
v 6 105 4
v 6 106 4
v 7 106 4
v 8 104 4
v 8 105 4
v 8 106 4
v 9 104 4
v 9 105 4
v 11 85 4
v 11 86 4
v 11 101 4
v 11 102 4
v 12 85 4
v 12 86 4
v 12 88 4
v 12 89 4
v 12 99 4
v 12 101 4
v 12 102 4
v 13 88 4
v 13 89 4
v 13 93 4
v 13 95 4
v 13 98 4
v 13 99 4
v 13 101 4
v 14 89 4
v 14 93 4
v 14 94 4
v 14 95 4
v 14 98 4
v 15 93 4
v 15 94 4
v -13 92 3
v -13 95 3
v -13 96 3
v -12 88 3
v -12 90 3
v -12 92 3
v -12 96 3
v -11 86 3
v -11 87 3
v -11 88 3
v -11 90 3
v -10 85 3
v -10 86 3
v -10 87 3
v -9 84 3
v -9 85 3
v -9 86 3
v -8 84 3
v -8 85 3
v 0 107 3
v 0 108 3
v 2 108 3
v 3 107 3
v 3 108 3
v 5 106 3
v 5 107 3
v 7 106 3
v 7 107 3
v 8 105 3
v 8 106 3
v 9 104 3
v 9 105 3
v 9 106 3
v 10 84 3
v 10 85 3
v 10 103 3
v 10 104 3
v 10 105 3
v 11 84 3
v 11 85 3
v 11 102 3
v 11 103 3
v 11 104 3
v 12 101 3
v 12 102 3
v 12 103 3
v 13 98 3
v 13 100 3
v 13 101 3
v 13 102 3
v 14 94 3
v 14 96 3
v 14 98 3
v 14 100 3
v 15 94 3
v 15 95 3
v 15 96 3
v 16 66 3
v 16 67 3
v 16 68 3
v 17 66 3
v 17 67 3
v 17 68 3
v -13 90 2
v -13 92 2
v -13 96 2
v -13 97 2
v -13 98 2
v -12 87 2
v -12 88 2
v -12 90 2
v -12 92 2
v -12 96 2
v -12 97 2
v -12 98 2
v -11 87 2
v -11 88 2
v -10 84 2
v -10 85 2
v -9 84 2
v -9 85 2
v -3 107 2
v -3 108 2
v -2 108 2
v -1 107 2
v -1 108 2
v 3 107 2
v 3 108 2
v 4 108 2
v 5 107 2
v 5 108 2
v 7 106 2
v 7 107 2
v 8 106 2
v 8 107 2
v 10 104 2
v 10 105 2
v 11 84 2
v 11 85 2
v 11 103 2
v 11 104 2
v 11 105 2
v 12 84 2
v 12 85 2
v 12 103 2
v 12 104 2
v 13 100 2
v 13 101 2
v 14 96 2
v 14 98 2
v 14 100 2
v 14 101 2
v 15 95 2
v 15 96 2
v 15 98 2
v 16 95 2
v 16 96 2
v -14 40 1
v -14 42 1
v -14 43 1
v -14 44 1
v -14 45 1
v -14 46 1
v -13 40 1
v -13 42 1
v -13 43 1
v -13 44 1
v -13 45 1
v -13 46 1
v -13 89 1
v -13 90 1
v -13 98 1
v -13 99 1
v -12 89 1
v -12 90 1
v -12 98 1
v -12 99 1
v -11 85 1
v -11 86 1
v -10 79 1
v -10 80 1
v -10 85 1
v -10 86 1
v -10 104 1
v -10 105 1
v -9 79 1
v -9 80 1
v -9 104 1
v -9 105 1
v -8 105 1
v -8 106 1
v -7 105 1
v -7 106 1
v 5 107 1
v 5 108 1
v 6 107 1
v 6 108 1
v 9 105 1
v 9 106 1
v 10 105 1
v 10 106 1
v 12 102 1
v 12 103 1
v 13 102 1
v 13 103 1
v 14 89 1
v 14 90 1
v 14 98 1
v 14 99 1
v 15 89 1
v 15 90 1
v 15 98 1
v 15 99 1
v -14 92 -0
v -14 93 -0
v -14 94 -0
v -14 95 -0
v -14 96 -0
v -13 88 -0
v -13 89 -0
v -13 92 -0
v -13 94 -0
v -13 95 -0
v -13 96 -0
v -13 99 -0
v -13 100 -0
v -12 86 -0
v -12 87 -0
v -12 88 -0
v -12 89 -0
v -12 99 -0
v -12 100 -0
v -12 101 -0
v -12 102 -0
v -11 86 -0
v -11 87 -0
v -11 101 -0
v -11 102 -0
v -10 80 -0
v -10 81 -0
v -9 80 -0
v -9 81 -0
v -9 105 -0
v -9 106 -0
v -8 105 -0
v -8 106 -0
v -7 106 -0
v -7 107 -0
v -6 106 -0
v -6 107 -0
v -5 107 -0
v -5 108 -0
v -4 107 -0
v -4 108 -0
v -1 108 -0
v -1 109 -0
v 3 108 -0
v 3 109 -0
v 6 107 -0
v 6 108 -0
v 7 107 -0
v 7 108 -0
v 8 106 -0
v 8 107 -0
v 9 106 -0
v 9 107 -0
v 11 104 -0
v 11 105 -0
v 12 104 -0
v 12 105 -0
v 13 101 -0
v 13 102 -0
v 14 88 -0
v 14 89 -0
v 14 99 -0
v 14 100 -0
v 14 101 -0
v 14 102 -0
v 15 88 -0
v 15 89 -0
v 15 92 -0
v 15 96 -0
v 15 99 -0
v 15 100 -0
v 16 92 -0
v 16 96 -0
v -14 91 -1
v -14 92 -1
v -14 96 -1
v -14 97 -1
v -13 91 -1
v -13 92 -1
v -13 96 -1
v -13 97 -1
v -11 84 -1
v -11 85 -1
v -11 103 -1
v -11 104 -1
v -10 84 -1
v -10 85 -1
v -10 103 -1
v -10 104 -1
v -8 106 -1
v -8 107 -1
v -7 106 -1
v -7 107 -1
v -7 108 -1
v -6 107 -1
v -6 108 -1
v -2 108 -1
v -2 109 -1
v -1 108 -1
v -1 109 -1
v 3 108 -1
v 3 109 -1
v 4 108 -1
v 4 109 -1
v 10 105 -1
v 10 106 -1
v 11 105 -1
v 11 106 -1
v 12 84 -1
v 12 85 -1
v 12 103 -1
v 12 104 -1
v 13 84 -1
v 13 85 -1
v 13 103 -1
v 13 104 -1
v 15 91 -1
v 15 92 -1
v 15 96 -1
v 15 97 -1
v 16 91 -1
v 16 92 -1
v 16 96 -1
v 16 97 -1
v -14 90 -2
v -14 91 -2
v -14 97 -2
v -14 98 -2
v -13 87 -2
v -13 88 -2
v -13 90 -2
v -13 91 -2
v -13 97 -2
v -13 98 -2
v -13 100 -2
v -13 101 -2
v -12 87 -2
v -12 88 -2
v -12 100 -2
v -12 101 -2
v -6 107 -2
v -6 108 -2
v -5 107 -2
v -5 108 -2
v -3 108 -2
v -3 109 -2
v -2 108 -2
v -2 109 -2
v 4 108 -2
v 4 109 -2
v 5 108 -2
v 5 109 -2
v 7 107 -2
v 7 108 -2
v 8 107 -2
v 8 108 -2
v 14 87 -2
v 14 88 -2
v 14 100 -2
v 14 101 -2
v 15 87 -2
v 15 88 -2
v 15 90 -2
v 15 91 -2
v 15 97 -2
v 15 98 -2
v 15 100 -2
v 15 101 -2
v 16 90 -2
v 16 91 -2
v 16 97 -2
v 16 98 -2
v -12 85 -3
v -12 86 -3
v -12 102 -3
v -12 103 -3
v -11 85 -3
v -11 86 -3
v -11 102 -3
v -11 103 -3
v -8 106 -3
v -8 107 -3
v -7 106 -3
v -7 107 -3
v 9 106 -3
v 9 107 -3
v 10 106 -3
v 10 107 -3
v 13 85 -3
v 13 86 -3
v 13 102 -3
v 13 103 -3
v 14 85 -3
v 14 86 -3
v 14 102 -3
v 14 103 -3
v -11 78 -4
v -11 79 -4
v -11 80 -4
v -11 81 -4
v -11 83 -4
v -10 78 -4
v -10 79 -4
v -10 80 -4
v -10 81 -4
v -10 83 -4
v -13 85 -5
v -13 86 -5
v -13 102 -5
v -13 103 -5
v -12 85 -5
v -12 86 -5
v -12 102 -5
v -12 103 -5
v -8 107 -5
v -8 108 -5
v -7 107 -5
v -7 108 -5
v 9 107 -5
v 9 108 -5
v 10 107 -5
v 10 108 -5
v 14 85 -5
v 14 86 -5
v 14 102 -5
v 14 103 -5
v 15 85 -5
v 15 86 -5
v 15 102 -5
v 15 103 -5
v -15 90 -6
v -15 91 -6
v -15 97 -6
v -15 98 -6
v -14 87 -6
v -14 88 -6
v -14 90 -6
v -14 91 -6
v -14 97 -6
v -14 98 -6
v -14 100 -6
v -14 101 -6
v -13 50 -6
v -13 51 -6
v -13 52 -6
v -13 55 -6
v -13 56 -6
v -13 58 -6
v -13 87 -6
v -13 88 -6
v -13 100 -6
v -13 101 -6
v -12 50 -6
v -12 51 -6
v -12 52 -6
v -12 55 -6
v -12 56 -6
v -12 58 -6
v -6 108 -6
v -6 109 -6
v -5 108 -6
v -5 109 -6
v -3 109 -6
v -3 110 -6
v -2 109 -6
v -2 110 -6
v 4 109 -6
v 4 110 -6
v 5 109 -6
v 5 110 -6
v 7 108 -6
v 7 109 -6
v 8 108 -6
v 8 109 -6
v 15 87 -6
v 15 88 -6
v 15 100 -6
v 15 101 -6
v 16 87 -6
v 16 88 -6
v 16 90 -6
v 16 91 -6
v 16 97 -6
v 16 98 -6
v 16 100 -6
v 16 101 -6
v 17 90 -6
v 17 91 -6
v 17 97 -6
v 17 98 -6
v -15 91 -7
v -15 92 -7
v -15 96 -7
v -15 97 -7
v -14 91 -7
v -14 92 -7
v -14 96 -7
v -14 97 -7
v -12 84 -7
v -12 85 -7
v -12 103 -7
v -12 104 -7
v -11 84 -7
v -11 85 -7
v -11 103 -7
v -11 104 -7
v -9 106 -7
v -9 107 -7
v -8 106 -7
v -8 107 -7
v -2 109 -7
v -2 110 -7
v -1 109 -7
v -1 110 -7
v 3 109 -7
v 3 110 -7
v 4 109 -7
v 4 110 -7
v 10 106 -7
v 10 107 -7
v 11 106 -7
v 11 107 -7
v 13 84 -7
v 13 85 -7
v 13 103 -7
v 13 104 -7
v 14 84 -7
v 14 85 -7
v 14 103 -7
v 14 104 -7
v 16 91 -7
v 16 92 -7
v 16 96 -7
v 16 97 -7
v 17 91 -7
v 17 92 -7
v 17 96 -7
v 17 97 -7
v -15 92 -8
v -15 95 -8
v -15 96 -8
v -14 88 -8
v -14 89 -8
v -14 92 -8
v -14 94 -8
v -14 95 -8
v -14 96 -8
v -14 99 -8
v -14 100 -8
v -13 86 -8
v -13 87 -8
v -13 88 -8
v -13 89 -8
v -13 99 -8
v -13 100 -8
v -13 101 -8
v -13 102 -8
v -12 86 -8
v -12 87 -8
v -12 101 -8
v -12 102 -8
v -11 104 -8
v -11 105 -8
v -10 104 -8
v -10 105 -8
v -10 106 -8
v -9 105 -8
v -9 106 -8
v -7 107 -8
v -7 108 -8
v -6 107 -8
v -6 108 -8
v -5 108 -8
v -5 109 -8
v -4 108 -8
v -4 109 -8
v -1 109 -8
v -1 110 -8
v 3 109 -8
v 3 110 -8
v 6 108 -8
v 6 109 -8
v 7 108 -8
v 7 109 -8
v 8 107 -8
v 8 108 -8
v 9 107 -8
v 9 108 -8
v 11 105 -8
v 11 106 -8
v 12 104 -8
v 12 105 -8
v 12 106 -8
v 13 104 -8
v 13 105 -8
v 14 86 -8
v 14 87 -8
v 14 101 -8
v 14 102 -8
v 15 86 -8
v 15 87 -8
v 15 88 -8
v 15 89 -8
v 15 99 -8
v 15 100 -8
v 15 101 -8
v 15 102 -8
v 16 88 -8
v 16 89 -8
v 16 92 -8
v 16 96 -8
v 16 99 -8
v 16 100 -8
v 17 92 -8
v 17 96 -8
v -14 89 -9
v -14 90 -9
v -14 98 -9
v -14 99 -9
v -13 89 -9
v -13 90 -9
v -13 98 -9
v -13 99 -9
v -12 85 -9
v -12 86 -9
v -12 102 -9
v -12 103 -9
v -11 84 -9
v -11 85 -9
v -11 86 -9
v -11 102 -9
v -11 103 -9
v -10 84 -9
v -10 85 -9
v -8 106 -9
v -8 107 -9
v -7 106 -9
v -7 107 -9
v -4 108 -9
v -4 109 -9
v -3 108 -9
v -3 109 -9
v 5 108 -9
v 5 109 -9
v 6 108 -9
v 6 109 -9
v 9 106 -9
v 9 107 -9
v 10 106 -9
v 10 107 -9
v 13 85 -9
v 13 86 -9
v 13 102 -9
v 13 103 -9
v 14 85 -9
v 14 86 -9
v 14 102 -9
v 14 103 -9
v 15 89 -9
v 15 90 -9
v 15 98 -9
v 15 99 -9
v 16 89 -9
v 16 90 -9
v 16 98 -9
v 16 99 -9
v -14 90 -10
v -14 92 -10
v -14 96 -10
v -14 98 -10
v -13 87 -10
v -13 88 -10
v -13 90 -10
v -13 92 -10
v -13 96 -10
v -13 98 -10
v -13 100 -10
v -13 101 -10
v -12 86 -10
v -12 87 -10
v -12 88 -10
v -12 100 -10
v -12 101 -10
v -11 86 -10
v -11 87 -10
v -11 103 -10
v -11 104 -10
v -10 103 -10
v -10 104 -10
v -10 105 -10
v -9 104 -10
v -9 105 -10
v -9 106 -10
v -8 105 -10
v -8 106 -10
v -6 107 -10
v -6 108 -10
v -5 107 -10
v -5 108 -10
v -3 108 -10
v -3 109 -10
v -2 108 -10
v -2 109 -10
v -1 108 -10
v -1 109 -10
v 3 108 -10
v 3 109 -10
v 5 108 -10
v 5 109 -10
v 7 107 -10
v 7 108 -10
v 8 107 -10
v 8 108 -10
v 10 105 -10
v 10 106 -10
v 11 104 -10
v 11 105 -10
v 11 106 -10
v 12 84 -10
v 12 85 -10
v 12 103 -10
v 12 104 -10
v 12 105 -10
v 13 84 -10
v 13 85 -10
v 13 103 -10
v 13 104 -10
v 14 87 -10
v 14 88 -10
v 14 100 -10
v 14 101 -10
v 15 87 -10
v 15 88 -10
v 15 90 -10
v 15 91 -10
v 15 92 -10
v 15 96 -10
v 15 98 -10
v 15 100 -10
v 15 101 -10
v 16 90 -10
v 16 92 -10
v 16 96 -10
v 16 98 -10
v -14 92 -11
v -14 93 -11
v -14 95 -11
v -14 96 -11
v -13 88 -11
v -13 90 -11
v -13 92 -11
v -13 93 -11
v -13 94 -11
v -13 95 -11
v -13 96 -11
v -13 98 -11
v -13 100 -11
v -12 87 -11
v -12 88 -11
v -12 89 -11
v -12 90 -11
v -12 98 -11
v -12 100 -11
v -12 101 -11
v -12 102 -11
v -11 87 -11
v -11 88 -11
v -11 101 -11
v -11 102 -11
v -11 103 -11
v -10 102 -11
v -10 103 -11
v -10 104 -11
v -9 103 -11
v -9 104 -11
v -9 105 -11
v -8 104 -11
v -8 105 -11
v -8 106 -11
v -7 105 -11
v -7 106 -11
v -7 107 -11
v -6 106 -11
v -6 107 -11
v -5 107 -11
v -5 108 -11
v -3 107 -11
v -3 108 -11
v -1 108 -11
v -1 109 -11
v 3 108 -11
v 3 109 -11
v 5 107 -11
v 5 108 -11
v 7 107 -11
v 7 108 -11
v 8 106 -11
v 8 107 -11
v 9 105 -11
v 9 106 -11
v 9 107 -11
v 10 104 -11
v 10 105 -11
v 10 106 -11
v 11 84 -11
v 11 85 -11
v 11 103 -11
v 11 104 -11
v 11 105 -11
v 12 84 -11
v 12 85 -11
v 12 86 -11
v 12 102 -11
v 12 103 -11
v 12 104 -11
v 13 85 -11
v 13 86 -11
v 13 87 -11
v 13 101 -11
v 13 102 -11
v 13 103 -11
v 14 86 -11
v 14 87 -11
v 14 88 -11
v 14 90 -11
v 14 98 -11
v 14 100 -11
v 14 101 -11
v 14 102 -11
v 15 88 -11
v 15 90 -11
v 15 92 -11
v 15 94 -11
v 15 96 -11
v 15 98 -11
v 15 100 -11
v 16 92 -11
v 16 96 -11
v -13 46 -12
v -13 47 -12
v -13 48 -12
v -13 49 -12
v -13 51 -12
v -13 52 -12
v -13 54 -12
v -13 90 -12
v -13 93 -12
v -13 95 -12
v -13 98 -12
v -12 46 -12
v -12 47 -12
v -12 48 -12
v -12 49 -12
v -12 51 -12
v -12 52 -12
v -12 54 -12
v -12 89 -12
v -12 90 -12
v -12 92 -12
v -12 93 -12
v -12 95 -12
v -12 98 -12
v -12 99 -12
v -12 101 -12
v -11 89 -12
v -11 90 -12
v -11 99 -12
v -11 100 -12
v -11 101 -12
v -11 102 -12
v -10 101 -12
v -10 102 -12
v -7 105 -12
v -7 106 -12
v -6 105 -12
v -6 106 -12
v -6 107 -12
v -4 106 -12
v -4 107 -12
v -3 107 -12
v -3 108 -12
v -2 107 -12
v -1 107 -12
v -1 108 -12
v 0 107 -12
v 0 108 -12
v 2 107 -12
v 2 108 -12
v 5 107 -12
v 5 108 -12
v 6 106 -12
v 6 107 -12
v 8 105 -12
v 8 106 -12
v 8 107 -12
v 9 105 -12
v 9 106 -12
v 12 86 -12
v 12 87 -12
v 12 101 -12
v 12 102 -12
v 13 86 -12
v 13 87 -12
v 13 89 -12
v 13 99 -12
v 13 100 -12
v 13 101 -12
v 13 102 -12
v 14 87 -12
v 14 89 -12
v 14 90 -12
v 14 91 -12
v 14 93 -12
v 14 95 -12
v 14 98 -12
v 14 99 -12
v 14 101 -12
v 15 90 -12
v 15 91 -12
v 15 93 -12
v 15 95 -12
v 15 98 -12
v -13 93 -13
v -13 94 -13
v -13 95 -13
v -12 90 -13
v -12 91 -13
v -12 93 -13
v -12 94 -13
v -12 95 -13
v -12 97 -13
v -12 99 -13
v -11 90 -13
v -11 91 -13
v -11 97 -13
v -11 99 -13
v -11 100 -13
v -11 101 -13
v -10 100 -13
v -10 101 -13
v -10 102 -13
v -10 103 -13
v -9 101 -13
v -9 102 -13
v -9 103 -13
v -9 104 -13
v -8 103 -13
v -8 104 -13
v -8 105 -13
v -6 104 -13
v -6 105 -13
v -6 106 -13
v -5 105 -13
v -5 106 -13
v -4 106 -13
v -4 107 -13
v -3 106 -13
v -3 107 -13
v -2 106 -13
v -2 107 -13
v 0 107 -13
v 0 108 -13
v 2 107 -13
v 2 108 -13
v 4 106 -13
v 4 107 -13
v 6 106 -13
v 6 107 -13
v 7 105 -13
v 7 106 -13
v 8 104 -13
v 8 105 -13
v 8 106 -13
v 10 84 -13
v 10 85 -13
v 10 103 -13
v 10 104 -13
v 10 105 -13
v 11 84 -13
v 11 85 -13
v 11 86 -13
v 11 87 -13
v 11 101 -13
v 11 102 -13
v 11 103 -13
v 11 104 -13
v 12 85 -13
v 12 86 -13
v 12 87 -13
v 12 88 -13
v 12 100 -13
v 12 101 -13
v 12 102 -13
v 12 103 -13
v 13 87 -13
v 13 88 -13
v 13 89 -13
v 13 91 -13
v 13 97 -13
v 13 99 -13
v 13 100 -13
v 13 101 -13
v 14 89 -13
v 14 91 -13
v 14 93 -13
v 14 94 -13
v 14 95 -13
v 14 97 -13
v 14 99 -13
v 15 93 -13
v 15 95 -13
v -12 91 -14
v -12 92 -14
v -12 93 -14
v -12 97 -14
v -11 91 -14
v -11 92 -14
v -11 93 -14
v -11 94 -14
v -11 97 -14
v -11 98 -14
v -11 99 -14
v -11 100 -14
v -10 98 -14
v -10 99 -14
v -10 100 -14
v -10 101 -14
v -9 100 -14
v -9 101 -14
v -9 103 -14
v -8 101 -14
v -8 103 -14
v -8 104 -14
v -6 103 -14
v -6 104 -14
v -6 105 -14
v -5 104 -14
v -5 105 -14
v -5 106 -14
v -3 105 -14
v -3 106 -14
v -2 106 -14
v -2 107 -14
v -1 106 -14
v -1 107 -14
v 0 106 -14
v 4 106 -14
v 4 107 -14
v 5 105 -14
v 5 106 -14
v 7 104 -14
v 7 105 -14
v 7 106 -14
v 8 84 -14
v 8 85 -14
v 8 103 -14
v 8 104 -14
v 8 105 -14
v 10 84 -14
v 10 85 -14
v 10 86 -14
v 10 87 -14
v 10 101 -14
v 10 103 -14
v 10 104 -14
v 11 85 -14
v 11 86 -14
v 11 87 -14
v 11 88 -14
v 11 100 -14
v 11 101 -14
v 11 103 -14
v 12 87 -14
v 12 88 -14
v 12 90 -14
v 12 98 -14
v 12 100 -14
v 12 101 -14
v 13 88 -14
v 13 90 -14
v 13 91 -14
v 13 94 -14
v 13 95 -14
v 13 97 -14
v 13 98 -14
v 13 100 -14
v 14 91 -14
v 14 94 -14
v 14 95 -14
v 14 97 -14
v -11 94 -15
v -11 98 -15
v -10 94 -15
v -10 97 -15
v -10 98 -15
v -10 100 -15
v -9 98 -15
v -9 99 -15
v -9 100 -15
v -9 101 -15
v -8 100 -15
v -8 101 -15
v -8 103 -15
v -7 101 -15
v -7 102 -15
v -6 102 -15
v -6 103 -15
v -6 104 -15
v -5 103 -15
v -5 104 -15
v -5 105 -15
v -3 104 -15
v -3 105 -15
v -3 106 -15
v -2 105 -15
v -2 106 -15
v 0 105 -15
v 0 106 -15
v 1 105 -15
v 5 104 -15
v 5 105 -15
v 5 106 -15
v 7 84 -15
v 7 85 -15
v 7 103 -15
v 7 104 -15
v 7 105 -15
v 8 84 -15
v 8 85 -15
v 8 86 -15
v 8 102 -15
v 8 103 -15
v 8 104 -15
v 9 86 -15
v 9 87 -15
v 9 101 -15
v 9 102 -15
v 10 85 -15
v 10 87 -15
v 10 88 -15
v 10 100 -15
v 10 101 -15
v 10 103 -15
v 11 87 -15
v 11 88 -15
v 11 90 -15
v 11 98 -15
v 11 99 -15
v 11 100 -15
v 11 101 -15
v 12 88 -15
v 12 90 -15
v 12 94 -15
v 12 95 -15
v 12 96 -15
v 12 98 -15
v 12 100 -15
v 13 90 -15
v 13 94 -15
v 13 95 -15
v 13 98 -15
v -10 91 -16
v -10 92 -16
v -10 97 -16
v -10 98 -16
v -9 91 -16
v -9 92 -16
v -9 96 -16
v -9 97 -16
v -9 98 -16
v -9 99 -16
v -9 100 -16
v -8 97 -16
v -8 98 -16
v -8 99 -16
v -8 100 -16
v -8 101 -16
v -7 100 -16
v -7 101 -16
v -7 102 -16
v -6 101 -16
v -6 102 -16
v -6 103 -16
v -5 102 -16
v -5 103 -16
v -5 104 -16
v -4 103 -16
v -3 103 -16
v -3 104 -16
v -3 105 -16
v -2 104 -16
v -2 105 -16
v -1 104 -16
v 1 104 -16
v 1 105 -16
v 4 84 -16
v 4 85 -16
v 4 103 -16
v 4 104 -16
v 5 104 -16
v 5 105 -16
v 6 84 -16
v 6 85 -16
v 6 86 -16
v 6 102 -16
v 6 103 -16
v 7 84 -16
v 7 85 -16
v 7 86 -16
v 7 103 -16
v 7 104 -16
v 8 85 -16
v 8 86 -16
v 8 87 -16
v 8 101 -16
v 8 102 -16
v 8 103 -16
v 9 86 -16
v 9 87 -16
v 9 88 -16
v 9 89 -16
v 9 99 -16
v 9 100 -16
v 9 101 -16
v 9 102 -16
v 10 87 -16
v 10 88 -16
v 10 89 -16
v 10 91 -16
v 10 97 -16
v 10 99 -16
v 10 100 -16
v 10 101 -16
v 11 88 -16
v 11 90 -16
v 11 91 -16
v 11 95 -16
v 11 96 -16
v 11 97 -16
v 11 98 -16
v 11 99 -16
v 11 100 -16
v 12 90 -16
v 12 95 -16
v 12 96 -16
v 12 98 -16
v -9 92 -17
v -9 96 -17
v -9 97 -17
v -8 92 -17
v -8 93 -17
v -8 95 -17
v -8 97 -17
v -8 98 -17
v -8 99 -17
v -7 95 -17
v -7 96 -17
v -7 97 -17
v -7 98 -17
v -7 99 -17
v -7 101 -17
v -6 98 -17
v -6 100 -17
v -6 101 -17
v -6 102 -17
v -5 100 -17
v -5 101 -17
v -4 102 -17
v -4 103 -17
v -3 101 -17
v -3 102 -17
v -2 84 -17
v -2 85 -17
v -2 86 -17
v -2 103 -17
v -2 104 -17
v -1 103 -17
v -1 104 -17
v 0 84 -17
v 0 85 -17
v 0 86 -17
v 0 102 -17
v 0 103 -17
v 1 103 -17
v 1 104 -17
v 2 84 -17
v 2 85 -17
v 2 86 -17
v 2 102 -17
v 2 103 -17
v 4 84 -17
v 4 85 -17
v 4 86 -17
v 4 102 -17
v 4 103 -17
v 4 104 -17
v 5 86 -17
v 5 87 -17
v 5 101 -17
v 5 102 -17
v 6 85 -17
v 6 86 -17
v 6 102 -17
v 6 103 -17
v 7 87 -17
v 7 88 -17
v 7 100 -17
v 7 101 -17
v 8 86 -17
v 8 87 -17
v 8 88 -17
v 8 89 -17
v 8 90 -17
v 8 98 -17
v 8 99 -17
v 8 100 -17
v 8 101 -17
v 8 102 -17
v 9 87 -17
v 9 88 -17
v 9 89 -17
v 9 90 -17
v 9 93 -17
v 9 95 -17
v 9 96 -17
v 9 97 -17
v 9 98 -17
v 9 99 -17
v 9 100 -17
v 9 101 -17
v 10 89 -17
v 10 91 -17
v 10 93 -17
v 10 95 -17
v 10 96 -17
v 10 97 -17
v 10 99 -17
v 11 91 -17
v 11 95 -17
v 11 96 -17
v 11 97 -17
v -8 93 -18
v -8 95 -18
v -7 95 -18
v -7 97 -18
v -7 98 -18
v -6 93 -18
v -6 94 -18
v -6 95 -18
v -6 96 -18
v -6 97 -18
v -6 98 -18
v -6 100 -18
v -5 96 -18
v -5 98 -18
v -5 100 -18
v -5 101 -18
v -4 98 -18
v -4 99 -18
v -3 99 -18
v -3 100 -18
v -3 101 -18
v -3 102 -18
v -2 86 -18
v -2 88 -18
v -1 87 -18
v -1 88 -18
v -1 100 -18
v -1 101 -18
v 0 85 -18
v 0 86 -18
v 0 102 -18
v 0 103 -18
v 2 85 -18
v 2 86 -18
v 2 87 -18
v 2 101 -18
v 2 102 -18
v 2 103 -18
v 3 87 -18
v 3 88 -18
v 3 100 -18
v 3 101 -18
v 4 101 -18
v 4 102 -18
v 5 86 -18
v 5 87 -18
v 5 88 -18
v 5 89 -18
v 5 99 -18
v 5 100 -18
v 5 101 -18
v 5 102 -18
v 6 89 -18
v 6 90 -18
v 6 98 -18
v 6 99 -18
v 7 87 -18
v 7 88 -18
v 7 89 -18
v 7 90 -18
v 7 92 -18
v 7 96 -18
v 7 97 -18
v 7 98 -18
v 7 100 -18
v 7 101 -18
v 8 88 -18
v 8 90 -18
v 8 92 -18
v 8 96 -18
v 8 97 -18
v 8 98 -18
v 8 100 -18
v 9 90 -18
v 9 93 -18
v 9 95 -18
v 9 96 -18
v 9 98 -18
v 10 93 -18
v 10 95 -18
v -7 30 -19
v -7 32 -19
v -7 33 -19
v -7 35 -19
v -7 36 -19
v -7 38 -19
v -6 30 -19
v -6 32 -19
v -6 33 -19
v -6 35 -19
v -6 36 -19
v -6 37 -19
v -6 38 -19
v -6 39 -19
v -6 93 -19
v -6 94 -19
v -6 96 -19
v -5 30 -19
v -5 34 -19
v -5 35 -19
v -5 36 -19
v -5 37 -19
v -5 38 -19
v -5 39 -19
v -5 92 -19
v -5 93 -19
v -5 94 -19
v -5 96 -19
v -5 98 -19
v -4 30 -19
v -4 34 -19
v -4 35 -19
v -4 36 -19
v -4 37 -19
v -4 38 -19
v -4 90 -19
v -4 92 -19
v -4 98 -19
v -4 99 -19
v -3 89 -19
v -3 90 -19
v -3 92 -19
v -3 93 -19
v -3 94 -19
v -3 96 -19
v -3 99 -19
v -3 100 -19
v -2 88 -19
v -2 89 -19
v -2 90 -19
v -2 91 -19
v -2 92 -19
v -2 96 -19
v -2 97 -19
v -1 30 -19
v -1 31 -19
v -1 32 -19
v -1 35 -19
v -1 36 -19
v -1 37 -19
v -1 38 -19
v -1 87 -19
v -1 88 -19
v -1 90 -19
v -1 91 -19
v -1 97 -19
v -1 98 -19
v -1 100 -19
v -1 101 -19
v 0 31 -19
v 0 32 -19
v 0 33 -19
v 0 35 -19
v 0 36 -19
v 0 37 -19
v 0 38 -19
v 0 39 -19
v 0 88 -19
v 0 89 -19
v 1 30 -19
v 1 32 -19
v 1 33 -19
v 1 34 -19
v 1 35 -19
v 1 36 -19
v 1 37 -19
v 1 38 -19
v 1 39 -19
v 2 30 -19
v 2 34 -19
v 2 35 -19
v 2 36 -19
v 2 37 -19
v 2 38 -19
v 2 39 -19
v 2 100 -19
v 2 101 -19
v 3 30 -19
v 3 34 -19
v 3 35 -19
v 3 36 -19
v 3 37 -19
v 3 38 -19
v 3 87 -19
v 3 88 -19
v 3 90 -19
v 3 91 -19
v 3 97 -19
v 3 98 -19
v 3 99 -19
v 3 100 -19
v 3 101 -19
v 4 91 -19
v 4 92 -19
v 4 96 -19
v 4 97 -19
v 5 88 -19
v 5 89 -19
v 5 90 -19
v 5 92 -19
v 5 96 -19
v 5 98 -19
v 5 99 -19
v 5 100 -19
v 6 30 -19
v 6 31 -19
v 6 32 -19
v 6 35 -19
v 6 36 -19
v 6 38 -19
v 6 89 -19
v 6 90 -19
v 6 91 -19
v 6 97 -19
v 6 98 -19
v 6 99 -19
v 7 30 -19
v 7 31 -19
v 7 32 -19
v 7 35 -19
v 7 36 -19
v 7 37 -19
v 7 38 -19
v 7 39 -19
v 7 90 -19
v 7 92 -19
v 7 96 -19
v 7 97 -19
v 7 98 -19
v 8 30 -19
v 8 33 -19
v 8 34 -19
v 8 36 -19
v 8 37 -19
v 8 38 -19
v 8 39 -19
v 8 92 -19
v 8 96 -19
v 9 30 -19
v 9 33 -19
v 9 34 -19
v 9 36 -19
v 9 37 -19
v 9 38 -19
v -3 92 -20
v -3 94 -20
v -3 96 -20
v -2 91 -20
v -2 92 -20
v -2 93 -20
v -2 94 -20
v -2 96 -20
v -2 97 -20
v -1 90 -20
v -1 91 -20
v -1 97 -20
v -1 98 -20
v 1 91 -20
v 1 92 -20
v 1 93 -20
v 3 90 -20
v 3 91 -20
v 3 97 -20
v 3 98 -20
v 4 91 -20
v 4 92 -20
v 4 96 -20
v 4 97 -20
v 5 92 -20
v 5 96 -20
v -7 30 -18
v -6 30 -18
v -5 30 -18
v -4 30 -18
v -1 30 -18
v 1 30 -18
v 2 30 -18
v 3 30 -18
v 6 30 -18
v 7 30 -18
v 8 30 -18
v 9 30 -18
v -7 30 -19
v -6 30 -19
v -5 30 -19
v -4 30 -19
v -1 30 -19
v 1 30 -19
v 2 30 -19
v 3 30 -19
v 6 30 -19
v 7 30 -19
v 8 30 -19
v 9 30 -19
v -6 32 10
v -5 32 10
v -4 32 10
v -6 32 9
v -5 32 9
v -4 32 9
v -9 34 10
v -8 34 10
v -7 34 10
v -9 34 9
v -8 34 9
v -7 34 9
v 1 34 -18
v 2 34 -18
v 1 34 -19
v 2 34 -19
v -7 36 -18
v -6 36 -18
v -5 36 -18
v -4 36 -18
v -1 36 -18
v 0 36 -18
v 1 36 -18
v 2 36 -18
v 3 36 -18
v 6 36 -18
v 7 36 -18
v 8 36 -18
v 9 36 -18
v -7 36 -19
v -6 36 -19
v -5 36 -19
v -4 36 -19
v -1 36 -19
v 0 36 -19
v 1 36 -19
v 2 36 -19
v 3 36 -19
v 6 36 -19
v 7 36 -19
v 8 36 -19
v 9 36 -19
v -14 38 6
v -13 38 6
v -14 38 4
v -13 38 4
v -14 40 3
v -13 40 3
v -14 40 1
v -13 40 1
v -13 46 -11
v -12 46 -11
v -13 46 -12
v -12 46 -12
v -13 49 -11
v -12 49 -11
v -13 49 -12
v -12 49 -12
v -13 50 -3
v -12 50 -3
v -13 50 -6
v -12 50 -6
v -13 52 -9
v -12 52 -9
v -13 52 -10
v -12 52 -10
v -13 52 -11
v -12 52 -11
v 16 61 6
v 17 61 6
v 16 61 5
v 17 61 5
v 14 63 7
v 16 63 7
v 14 63 6
v 16 63 6
v 8 66 8
v 9 66 8
v 10 66 8
v 8 66 7
v 9 66 7
v 10 66 7
v 16 66 4
v 17 66 4
v 16 66 3
v 17 66 3
v 16 67 5
v 17 67 5
v 16 67 4
v 17 67 4
v 14 68 7
v 15 68 7
v 14 68 6
v 15 68 6
v 15 69 7
v 16 69 7
v 15 69 6
v 16 69 6
v 8 70 8
v 9 70 8
v 8 70 7
v 9 70 7
v 9 71 8
v 10 71 8
v 9 71 7
v 10 71 7
v 2 73 8
v 3 73 8
v 2 73 7
v 3 73 7
v 3 74 8
v 4 74 8
v 3 74 7
v 4 74 7
v -11 78 -2
v -10 78 -2
v -11 78 -3
v -10 78 -3
v -11 78 -4
v -10 78 -4
v -10 79 2
v -9 79 2
v -10 79 1
v -9 79 1
v -10 80 1
v -9 80 1
v -10 80 -0
v -9 80 -0
v -2 84 9
v 4 84 9
v -5 84 8
v -2 84 8
v 4 84 8
v 6 84 8
v 7 84 8
v -6 84 7
v -5 84 7
v -2 84 7
v 4 84 7
v 6 84 7
v 7 84 7
v 8 84 7
v -8 84 6
v -6 84 6
v -5 84 6
v 7 84 6
v 8 84 6
v 10 84 6
v -9 84 5
v -8 84 5
v -6 84 5
v 8 84 5
v 10 84 5
v 11 84 5
v -10 84 3
v -9 84 3
v -8 84 3
v 10 84 3
v 11 84 3
v 12 84 3
v -11 84 2
v -10 84 2
v -9 84 2
v 11 84 2
v 12 84 2
v 13 84 2
v -11 84 1
v -10 84 1
v -12 84 -1
v -11 84 -1
v -10 84 -1
v 12 84 -1
v 13 84 -1
v 14 84 -1
v -12 84 -2
v -11 84 -2
v -12 84 -7
v -11 84 -7
v -10 84 -7
v 12 84 -7
v 13 84 -7
v 14 84 -7
v -11 84 -9
v -10 84 -9
v 11 84 -10
v 12 84 -10
v 13 84 -10
v 10 84 -11
v 11 84 -11
v 12 84 -11
v 8 84 -13
v 10 84 -13
v 11 84 -13
v 7 84 -14
v 8 84 -14
v 10 84 -14
v 4 84 -15
v 6 84 -15
v 7 84 -15
v 8 84 -15
v -2 84 -16
v 0 84 -16
v 2 84 -16
v 4 84 -16
v 6 84 -16
v 7 84 -16
v -2 84 -17
v 0 84 -17
v 2 84 -17
v 4 84 -17
v 0 85 10
v 2 85 10
v -4 85 9
v -2 85 9
v 0 85 9
v 2 85 9
v 4 85 9
v 6 85 9
v -6 85 8
v -5 85 8
v -4 85 8
v -2 85 8
v 4 85 8
v 6 85 8
v 7 85 8
v 8 85 8
v -8 85 7
v -6 85 7
v -5 85 7
v 7 85 7
v 8 85 7
v 9 85 7
v 10 85 7
v -9 85 6
v -8 85 6
v -6 85 6
v 8 85 6
v 9 85 6
v 10 85 6
v 11 85 6
v -10 85 5
v -9 85 5
v -8 85 5
v 10 85 5
v 11 85 5
v 12 85 5
v 11 85 4
v 12 85 4
v -11 85 3
v -10 85 3
v -9 85 3
v -11 85 2
v -10 85 2
v -12 85 1
v -11 85 1
v -12 85 -0
v -11 85 -0
v 13 85 -0
v 14 85 -0
v -12 85 -1
v -11 85 -1
v 13 85 -1
v 14 85 -1
v -13 85 -3
v -12 85 -3
v 14 85 -3
v 15 85 -3
v -13 85 -5
v -12 85 -5
v 14 85 -5
v 15 85 -5
v -12 85 -7
v -11 85 -7
v 13 85 -7
v 14 85 -7
v 13 85 -8
v 14 85 -8
v -12 85 -9
v -11 85 -9
v 13 85 -9
v 14 85 -9
v 12 85 -10
v 13 85 -10
v 11 85 -11
v 12 85 -11
v 13 85 -11
v 10 85 -13
v 11 85 -13
v 12 85 -13
v 8 85 -14
v 10 85 -14
v 11 85 -14
v 7 85 -15
v 8 85 -15
v 10 85 -15
v 4 85 -16
v 6 85 -16
v 7 85 -16
v 8 85 -16
v 0 85 -17
v 2 85 -17
v 4 85 -17
v 6 85 -17
v 0 85 -18
v 2 85 -18
v -3 86 10
v 0 86 10
v 2 86 10
v 5 86 10
v -6 86 9
v -4 86 9
v -3 86 9
v 0 86 9
v 2 86 9
v 5 86 9
v 6 86 9
v 8 86 9
v -7 86 8
v -6 86 8
v -4 86 8
v 6 86 8
v 8 86 8
v 9 86 8
v -7 86 7
v -6 86 7
v 8 86 7
v 9 86 7
v -11 86 4
v -10 86 4
v -12 86 3
v -11 86 3
v -10 86 3
v -12 86 2
v -11 86 2
v -12 86 1
v -11 86 1
v -13 86 -0
v -12 86 -0
v 14 86 -0
v 15 86 -0
v -13 86 -3
v -12 86 -3
v 14 86 -3
v 15 86 -3
v -13 86 -5
v -12 86 -5
v 14 86 -5
v 15 86 -5
v -13 86 -8
v -12 86 -8
v 14 86 -8
v 15 86 -8
v -12 86 -9
v -11 86 -9
v 13 86 -9
v 14 86 -9
v -12 86 -10
v -11 86 -10
v 13 86 -10
v 12 86 -11
v 13 86 -11
v 14 86 -11
v 12 86 -12
v 13 86 -12
v 8 86 -15
v 9 86 -15
v 6 86 -16
v 7 86 -16
v 8 86 -16
v 9 86 -16
v -2 86 -17
v 0 86 -17
v 2 86 -17
v 4 86 -17
v 5 86 -17
v 6 86 -17
v 8 86 -17
v -2 86 -18
v 0 86 -18
v 2 86 -18
v 5 86 -18
v -1 87 11
v 3 87 11
v -5 87 10
v -3 87 10
v -1 87 10
v 3 87 10
v 5 87 10
v 7 87 10
v -7 87 9
v -6 87 9
v -5 87 9
v -3 87 9
v 5 87 9
v 7 87 9
v 8 87 9
v 9 87 9
v -8 87 8
v -7 87 8
v -6 87 8
v 8 87 8
v 9 87 8
v 10 87 8
v -9 87 7
v -8 87 7
v -7 87 7
v 9 87 7
v 10 87 7
v 11 87 7
v -10 87 6
v -9 87 6
v -8 87 6
v 10 87 6
v 11 87 6
v 12 87 6
v -11 87 5
v -10 87 5
v -9 87 5
v 11 87 5
v 12 87 5
v -12 87 4
v -11 87 4
v -10 87 4
v -12 87 3
v -11 87 3
v -13 87 2
v -12 87 2
v 14 87 2
v 15 87 2
v -13 87 -0
v -12 87 -0
v 14 87 -0
v 15 87 -0
v -14 87 -2
v -13 87 -2
v 15 87 -2
v 16 87 -2
v -14 87 -6
v -13 87 -6
v 15 87 -6
v 16 87 -6
v -13 87 -8
v -12 87 -8
v 14 87 -8
v 15 87 -8
v -13 87 -10
v -12 87 -10
v -11 87 -10
v 14 87 -10
v 15 87 -10
v -12 87 -11
v -11 87 -11
v 13 87 -11
v 14 87 -11
v 12 87 -12
v 13 87 -12
v 14 87 -12
v 11 87 -13
v 12 87 -13
v 13 87 -13
v 10 87 -14
v 11 87 -14
v 12 87 -14
v 9 87 -15
v 10 87 -15
v 11 87 -15
v 8 87 -16
v 9 87 -16
v 10 87 -16
v 5 87 -17
v 7 87 -17
v 8 87 -17
v 9 87 -17
v -1 87 -18
v 2 87 -18
v 3 87 -18
v 5 87 -18
v 7 87 -18
v -1 87 -19
v 3 87 -19
v -3 88 11
v -1 88 11
v 3 88 11
v 5 88 11
v -6 88 10
v -5 88 10
v -3 88 10
v -1 88 10
v 3 88 10
v 5 88 10
v 7 88 10
v 8 88 10
v -6 88 9
v -5 88 9
v 7 88 9
v 8 88 9
v -9 88 8
v -8 88 8
v 10 88 8
v 11 88 8
v -10 88 7
v -9 88 7
v -8 88 7
v 10 88 7
v 11 88 7
v 12 88 7
v -11 88 6
v -10 88 6
v -9 88 6
v 11 88 6
v 12 88 6
v 13 88 6
v -11 88 5
v -10 88 5
v 12 88 5
v 12 88 4
v 13 88 4
v -13 88 3
v -12 88 3
v -13 88 2
v -12 88 2
v -14 88 -0
v -13 88 -0
v 15 88 -0
v 16 88 -0
v -14 88 -2
v -13 88 -2
v 15 88 -2
v 16 88 -2
v -14 88 -6
v -13 88 -6
v 15 88 -6
v 16 88 -6
v -14 88 -7
v -13 88 -7
v -14 88 -8
v -13 88 -8
v 15 88 -8
v 16 88 -8
v -13 88 -10
v -12 88 -10
v 14 88 -10
v 15 88 -10
v -13 88 -11
v -12 88 -11
v 14 88 -11
v 15 88 -11
v 12 88 -13
v 13 88 -13
v 11 88 -14
v 12 88 -14
v 13 88 -14
v 10 88 -15
v 11 88 -15
v 12 88 -15
v 10 88 -16
v 11 88 -16
v 7 88 -17
v 8 88 -17
v -2 88 -18
v -1 88 -18
v 3 88 -18
v 5 88 -18
v 7 88 -18
v 8 88 -18
v -2 88 -19
v -1 88 -19
v 3 88 -19
v 5 88 -19
v -4 89 11
v -3 89 11
v 1 89 11
v 2 89 11
v 5 89 11
v 6 89 11
v -4 89 10
v -3 89 10
v 1 89 10
v 2 89 10
v 5 89 10
v 6 89 10
v -8 89 9
v -7 89 9
v 9 89 9
v 10 89 9
v -8 89 8
v -7 89 8
v 9 89 8
v 10 89 8
v -12 89 5
v -11 89 5
v 13 89 5
v 14 89 5
v -12 89 4
v -11 89 4
v 13 89 4
v 14 89 4
v -14 89 1
v -13 89 1
v 15 89 1
v 16 89 1
v -14 89 -0
v -13 89 -0
v 15 89 -0
v 16 89 -0
v -14 89 -8
v -13 89 -8
v 15 89 -8
v 16 89 -8
v -14 89 -9
v -13 89 -9
v 15 89 -9
v 16 89 -9
v -12 89 -11
v -11 89 -11
v -12 89 -12
v -11 89 -12
v 13 89 -12
v 14 89 -12
v 13 89 -13
v 14 89 -13
v 9 89 -16
v 10 89 -16
v 9 89 -17
v 10 89 -17
v -3 89 -18
v -2 89 -18
v 5 89 -18
v 6 89 -18
v -3 89 -19
v -2 89 -19
v 5 89 -19
v 6 89 -19
v -1 90 12
v 2 90 12
v -5 90 11
v -4 90 11
v -1 90 11
v 2 90 11
v 6 90 11
v 7 90 11
v -7 90 10
v -6 90 10
v -5 90 10
v -4 90 10
v 6 90 10
v 7 90 10
v 8 90 10
v 9 90 10
v -7 90 9
v -6 90 9
v 8 90 9
v 9 90 9
v -10 90 8
v -9 90 8
v 11 90 8
v 12 90 8
v -10 90 7
v -9 90 7
v 11 90 7
v 12 90 7
v 13 90 7
v 12 90 6
v 13 90 6
v -13 90 4
v -12 90 4
v -13 90 3
v -12 90 3
v -14 90 2
v -13 90 2
v 15 90 2
v 16 90 2
v -14 90 1
v -13 90 1
v 15 90 1
v 16 90 1
v -15 90 -2
v -14 90 -2
v 16 90 -2
v 17 90 -2
v -15 90 -4
v -14 90 -4
v -14 90 -5
v -15 90 -6
v -14 90 -6
v 16 90 -6
v 17 90 -6
v -14 90 -9
v -13 90 -9
v 15 90 -9
v 16 90 -9
v -14 90 -10
v -13 90 -10
v 15 90 -10
v 16 90 -10
v -13 90 -11
v -12 90 -11
v 14 90 -11
v 15 90 -11
v -13 90 -12
v -12 90 -12
v -11 90 -12
v 14 90 -12
v 15 90 -12
v -12 90 -13
v -11 90 -13
v 12 90 -14
v 13 90 -14
v 11 90 -15
v 12 90 -15
v 13 90 -15
v 11 90 -16
v 12 90 -16
v 8 90 -17
v 9 90 -17
v -4 90 -18
v -3 90 -18
v 6 90 -18
v 7 90 -18
v 8 90 -18
v 9 90 -18
v -4 90 -19
v -3 90 -19
v -1 90 -19
v 3 90 -19
v 6 90 -19
v 7 90 -19
v -1 90 -20
v 3 90 -20
v -2 91 12
v -1 91 12
v -2 91 11
v -1 91 11
v -9 91 9
v -8 91 9
v 10 91 9
v 11 91 9
v -9 91 8
v -8 91 8
v 10 91 8
v 11 91 8
v 13 91 6
v 14 91 6
v 13 91 5
v 14 91 5
v -15 91 -1
v -14 91 -1
v 16 91 -1
v 17 91 -1
v -15 91 -2
v -14 91 -2
v 16 91 -2
v 17 91 -2
v -15 91 -6
v -14 91 -6
v 16 91 -6
v 17 91 -6
v -15 91 -7
v -14 91 -7
v 16 91 -7
v 17 91 -7
v -12 91 -13
v -11 91 -13
v 13 91 -13
v 14 91 -13
v -12 91 -14
v -11 91 -14
v 13 91 -14
v 14 91 -14
v -10 91 -15
v -9 91 -15
v -10 91 -16
v -9 91 -16
v 10 91 -16
v 11 91 -16
v 10 91 -17
v 11 91 -17
v -2 91 -19
v -1 91 -19
v 3 91 -19
v 4 91 -19
v -2 91 -20
v -1 91 -20
v 3 91 -20
v 4 91 -20
v -3 92 12
v -2 92 12
v -6 92 11
v -5 92 11
v -3 92 11
v -2 92 11
v 7 92 11
v 8 92 11
v -6 92 10
v -5 92 10
v 7 92 10
v 8 92 10
v -14 92 3
v -13 92 3
v -14 92 2
v -13 92 2
v -15 92 -0
v -14 92 -0
v 16 92 -0
v 17 92 -0
v -15 92 -1
v -14 92 -1
v 16 92 -1
v 17 92 -1
v -15 92 -7
v -14 92 -7
v 16 92 -7
v 17 92 -7
v -15 92 -8
v -14 92 -8
v 16 92 -8
v 17 92 -8
v -14 92 -10
v -13 92 -10
v 15 92 -10
v 16 92 -10
v -14 92 -11
v -13 92 -11
v 15 92 -11
v 16 92 -11
v -9 92 -16
v -8 92 -16
v -9 92 -17
v -8 92 -17
v -5 92 -18
v -4 92 -18
v 7 92 -18
v 8 92 -18
v -5 92 -19
v -4 92 -19
v -3 92 -19
v -2 92 -19
v 4 92 -19
v 5 92 -19
v 7 92 -19
v 8 92 -19
v -3 92 -20
v -2 92 -20
v 4 92 -20
v 5 92 -20
v -8 93 10
v -7 93 10
v 9 93 10
v 10 93 10
v -8 93 9
v -7 93 9
v 9 93 9
v 10 93 9
v 14 93 5
v 15 93 5
v 14 93 4
v 15 93 4
v -13 93 -12
v -12 93 -12
v 14 93 -12
v 15 93 -12
v -13 93 -13
v -12 93 -13
v 14 93 -13
v 15 93 -13
v -8 93 -17
v -6 93 -17
v 9 93 -17
v 10 93 -17
v -8 93 -18
v -6 93 -18
v -5 93 -18
v 9 93 -18
v 10 93 -18
v -6 93 -19
v -5 93 -19
v 14 94 4
v 15 94 4
v 14 94 3
v 15 94 3
v -11 94 -14
v -10 94 -14
v -11 94 -15
v -10 94 -15
v 2 95 12
v 3 95 12
v 2 95 11
v 3 95 11
v -8 95 9
v -7 95 9
v 9 95 9
v 10 95 9
v -8 95 8
v -7 95 8
v 9 95 8
v 10 95 8
v 13 95 5
v 14 95 5
v 13 95 4
v 14 95 4
v 15 95 3
v 16 95 3
v 15 95 2
v 16 95 2
v -12 95 -12
v -11 95 -12
v 13 95 -12
v 14 95 -12
v -12 95 -13
v -11 95 -13
v 13 95 -13
v 14 95 -13
v -8 95 -16
v -7 95 -16
v 9 95 -16
v 10 95 -16
v -8 95 -17
v -7 95 -17
v 9 95 -17
v 10 95 -17
v -3 96 11
v -2 96 11
v -6 96 10
v -5 96 10
v -3 96 10
v -2 96 10
v 7 96 10
v 8 96 10
v -6 96 9
v -5 96 9
v 7 96 9
v 8 96 9
v -13 96 3
v -12 96 3
v 14 96 3
v 15 96 3
v -13 96 2
v -12 96 2
v 14 96 2
v 15 96 2
v 16 96 2
v 15 96 1
v 16 96 1
v -14 96 -0
v -13 96 -0
v 15 96 -0
v 16 96 -0
v -14 96 -1
v -13 96 -1
v 15 96 -1
v 16 96 -1
v -14 96 -7
v -13 96 -7
v 15 96 -7
v 16 96 -7
v -14 96 -8
v -13 96 -8
v 15 96 -8
v 16 96 -8
v -13 96 -10
v -12 96 -10
v 14 96 -10
v 15 96 -10
v -13 96 -11
v -12 96 -11
v 14 96 -11
v 15 96 -11
v -6 96 -17
v -5 96 -17
v 7 96 -17
v 8 96 -17
v -6 96 -18
v -5 96 -18
v -3 96 -18
v -2 96 -18
v 4 96 -18
v 5 96 -18
v 7 96 -18
v 8 96 -18
v -3 96 -19
v -2 96 -19
v 4 96 -19
v 5 96 -19
v -2 97 11
v -1 97 11
v -2 97 10
v -1 97 10
v 10 97 8
v 11 97 8
v 10 97 7
v 11 97 7
v 12 97 6
v 13 97 6
v 12 97 5
v 13 97 5
v -14 97 -1
v -13 97 -1
v 15 97 -1
v 16 97 -1
v -14 97 -2
v -13 97 -2
v 15 97 -2
v 16 97 -2
v -14 97 -6
v -13 97 -6
v 15 97 -6
v 16 97 -6
v -14 97 -7
v -13 97 -7
v 15 97 -7
v 16 97 -7
v -11 97 -13
v -10 97 -13
v 12 97 -13
v 13 97 -13
v -11 97 -14
v -10 97 -14
v 12 97 -14
v 13 97 -14
v -9 97 -15
v -8 97 -15
v 10 97 -15
v 11 97 -15
v -9 97 -16
v -8 97 -16
v 10 97 -16
v 11 97 -16
v -2 97 -18
v -1 97 -18
v 3 97 -18
v 4 97 -18
v -2 97 -19
v -1 97 -19
v 3 97 -19
v 4 97 -19
v -1 98 11
v 0 98 11
v 1 98 11
v 3 98 11
v -5 98 10
v -4 98 10
v -1 98 10
v 1 98 10
v 3 98 10
v 6 98 10
v 7 98 10
v -5 98 9
v -4 98 9
v 6 98 9
v 7 98 9
v 8 98 9
v 9 98 9
v 8 98 8
v 9 98 8
v 11 98 7
v 12 98 7
v 11 98 6
v 12 98 6
v 13 98 4
v 14 98 4
v 13 98 3
v 14 98 3
v -13 98 2
v -12 98 2
v 14 98 2
v 15 98 2
v -13 98 1
v -12 98 1
v 14 98 1
v 15 98 1
v -14 98 -2
v -13 98 -2
v 15 98 -2
v 16 98 -2
v -14 98 -3
v -14 98 -4
v -13 98 -4
v -14 98 -5
v -14 98 -6
v -13 98 -6
v 15 98 -6
v 16 98 -6
v -13 98 -9
v -12 98 -9
v 14 98 -9
v 15 98 -9
v -13 98 -10
v -12 98 -10
v 14 98 -10
v 15 98 -10
v -12 98 -11
v -11 98 -11
v 13 98 -11
v 14 98 -11
v -12 98 -12
v -11 98 -12
v 13 98 -12
v 14 98 -12
v -10 98 -14
v -9 98 -14
v 11 98 -14
v 12 98 -14
v -10 98 -15
v -9 98 -15
v 11 98 -15
v 12 98 -15
v -7 98 -16
v -6 98 -16
v 8 98 -16
v 9 98 -16
v -7 98 -17
v -6 98 -17
v -5 98 -17
v -4 98 -17
v 6 98 -17
v 7 98 -17
v 8 98 -17
v 9 98 -17
v -5 98 -18
v -4 98 -18
v -1 98 -18
v 3 98 -18
v 6 98 -18
v 7 98 -18
v -1 98 -19
v 3 98 -19
v -4 99 10
v -3 99 10
v -4 99 9
v -3 99 9
v 9 99 8
v 10 99 8
v 9 99 7
v 10 99 7
v 12 99 5
v 13 99 5
v 12 99 4
v 13 99 4
v -13 99 1
v -12 99 1
v 14 99 1
v 15 99 1
v -13 99 -0
v -12 99 -0
v 14 99 -0
v 15 99 -0
v -13 99 -8
v -12 99 -8
v 14 99 -8
v 15 99 -8
v -13 99 -9
v -12 99 -9
v 14 99 -9
v 15 99 -9
v -11 99 -12
v -10 99 -12
v 12 99 -12
v 13 99 -12
v -11 99 -13
v -10 99 -13
v 12 99 -13
v 13 99 -13
v 9 99 -15
v 10 99 -15
v 9 99 -16
v 10 99 -16
v -4 99 -17
v -3 99 -17
v 5 99 -17
v 6 99 -17
v -4 99 -18
v -3 99 -18
v 5 99 -18
v 6 99 -18
v -3 100 10
v -1 100 10
v 5 100 10
v 6 100 10
v -3 100 9
v -1 100 9
v 5 100 9
v 6 100 9
v 7 100 9
v 8 100 9
v 7 100 8
v 8 100 8
v 10 100 7
v 11 100 7
v 10 100 6
v 11 100 6
v 12 100 6
v 11 100 5
v 12 100 5
v 13 100 3
v 14 100 3
v 13 100 2
v 14 100 2
v -13 100 -0
v -12 100 -0
v 14 100 -0
v 15 100 -0
v -13 100 -1
v -13 100 -2
v -12 100 -2
v 14 100 -2
v 15 100 -2
v -13 100 -6
v -12 100 -6
v 14 100 -6
v 15 100 -6
v -13 100 -8
v -12 100 -8
v 14 100 -8
v 15 100 -8
v -12 100 -10
v -11 100 -10
v 13 100 -10
v 14 100 -10
v -12 100 -11
v -11 100 -11
v 13 100 -11
v 14 100 -11
v -10 100 -13
v -9 100 -13
v 11 100 -13
v 12 100 -13
v -10 100 -14
v -9 100 -14
v -8 100 -14
v 10 100 -14
v 11 100 -14
v 12 100 -14
v -9 100 -15
v -8 100 -15
v -7 100 -15
v 10 100 -15
v 11 100 -15
v -8 100 -16
v -7 100 -16
v -6 100 -16
v -5 100 -16
v 7 100 -16
v 8 100 -16
v -6 100 -17
v -5 100 -17
v -3 100 -17
v -1 100 -17
v 3 100 -17
v 5 100 -17
v 7 100 -17
v 8 100 -17
v -3 100 -18
v -1 100 -18
v 3 100 -18
v 5 100 -18
v -1 101 10
v 2 101 10
v 3 101 10
v -1 101 9
v 3 101 9
v 5 101 9
v 7 101 9
v 5 101 8
v 7 101 8
v 8 101 8
v 9 101 8
v 8 101 7
v 9 101 7
v 10 101 7
v 9 101 6
v 10 101 6
v 11 101 6
v 10 101 5
v 11 101 5
v 12 101 5
v 11 101 4
v 12 101 4
v 13 101 4
v 12 101 3
v 13 101 3
v 13 101 2
v 14 101 2
v -12 101 1
v -11 101 1
v -12 101 -0
v -11 101 -0
v 13 101 -0
v 14 101 -0
v -13 101 -2
v -12 101 -2
v 14 101 -2
v 15 101 -2
v -13 101 -6
v -12 101 -6
v 14 101 -6
v 15 101 -6
v -12 101 -8
v -11 101 -8
v 13 101 -8
v 14 101 -8
v -12 101 -10
v -11 101 -10
v 13 101 -10
v 14 101 -10
v -11 101 -11
v -10 101 -11
v 12 101 -11
v 13 101 -11
v -11 101 -12
v -10 101 -12
v -9 101 -12
v 11 101 -12
v 12 101 -12
v 13 101 -12
v -10 101 -13
v -9 101 -13
v -8 101 -13
v 10 101 -13
v 11 101 -13
v 12 101 -13
v -9 101 -14
v -8 101 -14
v -7 101 -14
v 9 101 -14
v 10 101 -14
v 11 101 -14
v -8 101 -15
v -7 101 -15
v -6 101 -15
v 8 101 -15
v 9 101 -15
v 10 101 -15
v -7 101 -16
v -6 101 -16
v -5 101 -16
v -3 101 -16
v 5 101 -16
v 7 101 -16
v 8 101 -16
v 9 101 -16
v -5 101 -17
v -3 101 -17
v -1 101 -17
v 2 101 -17
v 3 101 -17
v 5 101 -17
v 7 101 -17
v -1 101 -18
v 2 101 -18
v 3 101 -18
v -2 102 9
v -1 102 9
v 0 102 9
v -2 102 8
v 0 102 8
v 6 102 8
v 7 102 8
v 8 102 8
v 6 102 7
v 7 102 7
v 8 102 7
v 9 102 7
v 8 102 6
v 9 102 6
v 11 102 4
v 12 102 4
v 11 102 3
v 12 102 3
v 13 102 3
v 12 102 1
v 13 102 1
v -12 102 -0
v -11 102 -0
v 13 102 -0
v 14 102 -0
v -12 102 -1
v -12 102 -3
v -11 102 -3
v 13 102 -3
v 14 102 -3
v -12 102 -5
v -11 102 -5
v 13 102 -5
v 14 102 -5
v -12 102 -8
v -11 102 -8
v 13 102 -8
v 14 102 -8
v -11 102 -9
v -10 102 -9
v -11 102 -10
v -10 102 -10
v 12 102 -10
v 13 102 -10
v -11 102 -11
v -10 102 -11
v -9 102 -11
v 11 102 -11
v 12 102 -11
v 13 102 -11
v -10 102 -12
v -9 102 -12
v 11 102 -12
v 12 102 -12
v -7 102 -14
v -6 102 -14
v 8 102 -14
v 9 102 -14
v -7 102 -15
v -6 102 -15
v -5 102 -15
v 6 102 -15
v 8 102 -15
v 9 102 -15
v -6 102 -16
v -5 102 -16
v -3 102 -16
v 0 102 -16
v 2 102 -16
v 5 102 -16
v 6 102 -16
v 8 102 -16
v -3 102 -17
v 0 102 -17
v 2 102 -17
v 4 102 -17
v 5 102 -17
v 0 103 9
v 1 103 9
v 0 103 8
v 1 103 8
v 4 103 8
v 5 103 8
v 6 103 8
v 4 103 7
v 6 103 7
v 7 103 7
v 8 103 7
v 7 103 6
v 8 103 6
v 10 103 6
v 8 103 5
v 10 103 5
v 11 103 5
v 10 103 3
v 11 103 3
v 12 103 3
v 11 103 2
v 12 103 2
v 12 103 1
v 13 103 1
v -11 103 -0
v -10 103 -0
v -11 103 -1
v -10 103 -1
v 12 103 -1
v 13 103 -1
v -12 103 -3
v -11 103 -3
v 13 103 -3
v 14 103 -3
v -12 103 -5
v -11 103 -5
v 13 103 -5
v 14 103 -5
v -11 103 -7
v -10 103 -7
v 12 103 -7
v 13 103 -7
v 12 103 -8
v 13 103 -8
v -11 103 -9
v -10 103 -9
v 13 103 -9
v -10 103 -10
v -9 103 -10
v 11 103 -10
v 12 103 -10
v 13 103 -10
v -10 103 -11
v -9 103 -11
v -8 103 -11
v 10 103 -11
v 11 103 -11
v 12 103 -11
v -9 103 -12
v -9 103 -13
v -8 103 -13
v -6 103 -13
v 8 103 -13
v 10 103 -13
v 11 103 -13
v -8 103 -14
v -6 103 -14
v -5 103 -14
v 7 103 -14
v 8 103 -14
v 10 103 -14
v -6 103 -15
v -5 103 -15
v -3 103 -15
v 4 103 -15
v 6 103 -15
v 7 103 -15
v 8 103 -15
v -5 103 -16
v -4 103 -16
v -3 103 -16
v 0 103 -16
v 1 103 -16
v 2 103 -16
v 4 103 -16
v 6 103 -16
v 0 103 -17
v 1 103 -17
v 2 103 -17
v 5 104 7
v 6 104 7
v 7 104 7
v 5 104 6
v 7 104 6
v 8 104 6
v 7 104 5
v 8 104 5
v 9 104 5
v 10 104 5
v 8 104 4
v 9 104 4
v 9 104 3
v 10 104 3
v 11 104 3
v -10 104 2
v -9 104 2
v 10 104 2
v 11 104 2
v 12 104 2
v -10 104 1
v -9 104 1
v 11 104 -0
v 12 104 -0
v -11 104 -1
v -10 104 -1
v 12 104 -1
v 13 104 -1
v 12 104 -6
v 13 104 -6
v -11 104 -7
v -10 104 -7
v 12 104 -7
v 13 104 -7
v -10 104 -8
v -9 104 -8
v 11 104 -8
v 12 104 -8
v -10 104 -9
v -9 104 -9
v 11 104 -9
v 12 104 -9
v -10 104 -10
v -9 104 -10
v -8 104 -10
v 10 104 -10
v 11 104 -10
v 12 104 -10
v -9 104 -11
v -8 104 -11
v -7 104 -11
v 9 104 -11
v 10 104 -11
v 11 104 -11
v -7 104 -12
v -6 104 -12
v 8 104 -12
v 9 104 -12
v -8 104 -13
v -6 104 -13
v -5 104 -13
v 7 104 -13
v 8 104 -13
v 10 104 -13
v -6 104 -14
v -5 104 -14
v -3 104 -14
v 5 104 -14
v 7 104 -14
v 8 104 -14
v -5 104 -15
v -3 104 -15
v -2 104 -15
v 1 104 -15
v 4 104 -15
v 5 104 -15
v 7 104 -15
v -3 104 -16
v -2 104 -16
v -1 104 -16
v 1 104 -16
v 4 104 -16
v 3 105 7
v 4 105 7
v 5 105 7
v 3 105 6
v 4 105 6
v 5 105 6
v 7 105 6
v 4 105 5
v 5 105 5
v 6 105 5
v 7 105 5
v 8 105 5
v 6 105 4
v 8 105 4
v 9 105 4
v 8 105 3
v 9 105 3
v 10 105 3
v -9 105 2
v -7 105 2
v 9 105 2
v 10 105 2
v 11 105 2
v -9 105 1
v -8 105 1
v -7 105 1
v 9 105 1
v 10 105 1
v 11 105 1
v -9 105 -0
v -8 105 -0
v 11 105 -0
v 12 105 -0
v -10 105 -1
v -9 105 -1
v 10 105 -1
v 11 105 -1
v 11 105 -3
v 12 105 -3
v 12 105 -6
v -10 105 -7
v -9 105 -7
v -8 105 -7
v 10 105 -7
v 11 105 -7
v 12 105 -7
v -10 105 -8
v -9 105 -8
v -8 105 -8
v 11 105 -8
v 12 105 -8
v -9 105 -9
v -8 105 -9
v -7 105 -9
v 9 105 -9
v 10 105 -9
v 11 105 -9
v -9 105 -10
v -8 105 -10
v 10 105 -10
v 11 105 -10
v -8 105 -11
v -7 105 -11
v -6 105 -11
v 8 105 -11
v 9 105 -11
v 10 105 -11
v -7 105 -12
v -6 105 -12
v -4 105 -12
v 6 105 -12
v 8 105 -12
v 9 105 -12
v -6 105 -13
v -5 105 -13
v -4 105 -13
v -2 105 -13
v 4 105 -13
v 6 105 -13
v 7 105 -13
v 8 105 -13
v -5 105 -14
v -3 105 -14
v -2 105 -14
v 0 105 -14
v 4 105 -14
v 5 105 -14
v 7 105 -14
v -3 105 -15
v -2 105 -15
v 0 105 -15
v 1 105 -15
v 5 105 -15
v 2 106 6
v 3 106 6
v 4 106 6
v 4 106 5
v 5 106 5
v 6 106 5
v 2 106 4
v 5 106 4
v 6 106 4
v 7 106 4
v 8 106 4
v 5 106 3
v 7 106 3
v 8 106 3
v 9 106 3
v -7 106 2
v -6 106 2
v 7 106 2
v 8 106 2
v 9 106 2
v -8 106 1
v -7 106 1
v 8 106 1
v 9 106 1
v 10 106 1
v -8 106 -0
v -7 106 -0
v -6 106 -0
v 8 106 -0
v 9 106 -0
v 10 106 -0
v -8 106 -1
v -7 106 -1
v 10 106 -1
v 11 106 -1
v -9 106 -2
v -7 106 -2
v -8 106 -3
v -7 106 -3
v 9 106 -3
v 10 106 -3
v 11 106 -3
v 10 106 -4
v 11 106 -4
v -8 106 -5
v -7 106 -5
v 9 106 -5
v 10 106 -5
v -9 106 -6
v -8 106 -6
v -9 106 -7
v -8 106 -7
v -7 106 -7
v 10 106 -7
v 11 106 -7
v -8 106 -8
v -7 106 -8
v -6 106 -8
v 8 106 -8
v 9 106 -8
v -8 106 -9
v -7 106 -9
v 9 106 -9
v 10 106 -9
v -6 106 -10
v -5 106 -10
v 7 106 -10
v 8 106 -10
v -7 106 -11
v -6 106 -11
v -5 106 -11
v -3 106 -11
v 5 106 -11
v 7 106 -11
v 8 106 -11
v 9 106 -11
v -6 106 -12
v -4 106 -12
v -3 106 -12
v -2 106 -12
v 0 106 -12
v 2 106 -12
v 5 106 -12
v 6 106 -12
v 8 106 -12
v -4 106 -13
v -3 106 -13
v -2 106 -13
v -1 106 -13
v 0 106 -13
v 2 106 -13
v 4 106 -13
v 6 106 -13
v -2 106 -14
v -1 106 -14
v 0 106 -14
v 4 106 -14
v 0 107 4
v 2 107 4
v 3 107 4
v 5 107 4
v -3 107 3
v -1 107 3
v 0 107 3
v 3 107 3
v 5 107 3
v 7 107 3
v -3 107 2
v -1 107 2
v 3 107 2
v 5 107 2
v 7 107 2
v 8 107 2
v -6 107 1
v -4 107 1
v 5 107 1
v 6 107 1
v 7 107 1
v 8 107 1
v -7 107 -0
v -6 107 -0
v -5 107 -0
v -4 107 -0
v 6 107 -0
v 7 107 -0
v 8 107 -0
v 9 107 -0
v -7 107 -1
v -6 107 -1
v 8 107 -1
v 9 107 -1
v -7 107 -2
v -6 107 -2
v -5 107 -2
v 7 107 -2
v 8 107 -2
v -8 107 -3
v -7 107 -3
v 9 107 -3
v 10 107 -3
v 10 107 -4
v -8 107 -5
v -7 107 -5
v -6 107 -5
v 9 107 -5
v 10 107 -5
v -6 107 -6
v -5 107 -6
v 7 107 -6
v 8 107 -6
v -7 107 -7
v -6 107 -7
v -7 107 -8
v -6 107 -8
v -5 107 -8
v -4 107 -8
v 6 107 -8
v 7 107 -8
v 8 107 -8
v 9 107 -8
v -4 107 -9
v -3 107 -9
v 5 107 -9
v 6 107 -9
v -6 107 -10
v -5 107 -10
v -3 107 -10
v -1 107 -10
v 3 107 -10
v 5 107 -10
v 7 107 -10
v 8 107 -10
v -5 107 -11
v -3 107 -11
v -1 107 -11
v 3 107 -11
v 5 107 -11
v 7 107 -11
v -3 107 -12
v -2 107 -12
v -1 107 -12
v 0 107 -12
v 2 107 -12
v 5 107 -12
v 0 107 -13
v 2 107 -13
v -1 108 3
v 0 108 3
v 2 108 3
v 3 108 3
v -2 108 2
v -1 108 2
v 2 108 2
v 3 108 2
v 4 108 2
v 5 108 2
v -3 108 1
v -2 108 1
v 4 108 1
v 5 108 1
v 6 108 1
v -5 108 -0
v -4 108 -0
v -3 108 -0
v -1 108 -0
v 3 108 -0
v 6 108 -0
v 7 108 -0
v -2 108 -1
v -1 108 -1
v 3 108 -1
v 4 108 -1
v -6 108 -2
v -5 108 -2
v -3 108 -2
v -2 108 -2
v 4 108 -2
v 5 108 -2
v 7 108 -2
v 8 108 -2
v -6 108 -4
v -5 108 -4
v -6 108 -5
v -6 108 -6
v -5 108 -6
v -3 108 -6
v -2 108 -6
v 4 108 -6
v 5 108 -6
v 7 108 -6
v 8 108 -6
v -2 108 -7
v -1 108 -7
v 3 108 -7
v 4 108 -7
v -5 108 -8
v -4 108 -8
v -1 108 -8
v 3 108 -8
v 6 108 -8
v 7 108 -8
v -4 108 -9
v -3 108 -9
v -2 108 -9
v 5 108 -9
v 6 108 -9
v -3 108 -10
v -2 108 -10
v -1 108 -10
v 3 108 -10
v 5 108 -10
v -1 108 -11
v 3 108 -11
v -1 109 -0
v 3 109 -0
v -2 109 -1
v -1 109 -1
v 3 109 -1
v 4 109 -1
v -3 109 -2
v -2 109 -2
v 4 109 -2
v 5 109 -2
v -3 109 -3
v -2 109 -3
v -3 109 -4
v -2 109 -4
v -3 109 -5
v -2 109 -5
v -3 109 -6
v -2 109 -6
v -1 109 -6
v 4 109 -6
v 5 109 -6
v -2 109 -7
v -1 109 -7
v 3 109 -7
v 4 109 -7
v -1 109 -8
v 3 109 -8
v 0 33 -18
v 1 33 -18
v 0 33 -19
v 1 33 -19
v 8 34 -18
v 9 34 -18
v 8 34 -19
v 9 34 -19
v -7 35 -18
v -6 35 -18
v -5 35 -18
v -4 35 -18
v -1 35 -18
v 0 35 -18
v 1 35 -18
v 2 35 -18
v 3 35 -18
v 6 35 -18
v 7 35 -18
v -7 35 -19
v -6 35 -19
v -5 35 -19
v -4 35 -19
v -1 35 -19
v 0 35 -19
v 1 35 -19
v 2 35 -19
v 3 35 -19
v 6 35 -19
v 7 35 -19
v -6 38 10
v -4 38 10
v -6 38 9
v -4 38 9
v -7 38 -18
v -6 38 -18
v -5 38 -18
v -4 38 -18
v -1 38 -18
v 0 38 -18
v 2 38 -18
v 3 38 -18
v 6 38 -18
v 7 38 -18
v 8 38 -18
v 9 38 -18
v -7 38 -19
v -6 38 -19
v -5 38 -19
v -4 38 -19
v -1 38 -19
v 0 38 -19
v 2 38 -19
v 3 38 -19
v 6 38 -19
v 7 38 -19
v 8 38 -19
v 9 38 -19
v -6 39 -18
v -5 39 -18
v 0 39 -18
v 1 39 -18
v 2 39 -18
v 7 39 -18
v 8 39 -18
v -6 39 -19
v -5 39 -19
v 0 39 -19
v 1 39 -19
v 2 39 -19
v 7 39 -19
v 8 39 -19
v -9 40 10
v -7 40 10
v -9 40 9
v -7 40 9
v -14 44 6
v -13 44 6
v -14 44 4
v -13 44 4
v -14 46 3
v -13 46 3
v -14 46 1
v -13 46 1
v -13 48 -11
v -12 48 -11
v -13 48 -12
v -12 48 -12
v -13 54 -9
v -12 54 -9
v -13 54 -10
v -12 54 -10
v -13 54 -12
v -12 54 -12
v -13 58 -3
v -12 58 -3
v -13 58 -4
v -12 58 -4
v -13 58 -6
v -12 58 -6
v 14 67 7
v 15 67 7
v 14 67 6
v 15 67 6
v 15 68 7
v 16 68 7
v 15 68 6
v 16 68 6
v 17 68 6
v 16 68 4
v 17 68 4
v 16 68 3
v 17 68 3
v 8 69 8
v 9 69 8
v 8 69 7
v 9 69 7
v 9 70 8
v 10 70 8
v 9 70 7
v 10 70 7
v 14 70 7
v 16 70 7
v 14 70 6
v 16 70 6
v 8 73 8
v 10 73 8
v 8 73 7
v 10 73 7
v 2 76 8
v 4 76 8
v 2 76 7
v 4 76 7
v -10 81 2
v -9 81 2
v -10 81 -0
v -9 81 -0
v -11 83 -2
v -10 83 -2
v -11 83 -4
v -10 83 -4
v 0 85 9
v 2 85 9
v -4 85 8
v -2 85 8
v 0 85 8
v 2 85 8
v 4 85 8
v 6 85 8
v -6 85 7
v -5 85 7
v -4 85 7
v -2 85 7
v 4 85 7
v 6 85 7
v 7 85 7
v 8 85 7
v -8 85 6
v -6 85 6
v -5 85 6
v 7 85 6
v 8 85 6
v 9 85 6
v 10 85 6
v -9 85 5
v -8 85 5
v -6 85 5
v 8 85 5
v 10 85 5
v 11 85 5
v 11 85 4
v -10 85 3
v -9 85 3
v -8 85 3
v 10 85 3
v 11 85 3
v 12 85 3
v -10 85 2
v -9 85 2
v 11 85 2
v 12 85 2
v 13 85 2
v -11 85 1
v -10 85 1
v -11 85 -0
v 13 85 -0
v -11 85 -1
v -10 85 -1
v 12 85 -1
v 13 85 -1
v -12 85 -3
v -11 85 -3
v 13 85 -3
v 14 85 -3
v -12 85 -5
v -11 85 -5
v 13 85 -5
v 14 85 -5
v -11 85 -7
v -10 85 -7
v 12 85 -7
v 13 85 -7
v 13 85 -8
v -11 85 -9
v -10 85 -9
v 12 85 -9
v 13 85 -9
v 11 85 -10
v 12 85 -10
v 10 85 -11
v 11 85 -11
v 12 85 -11
v 8 85 -13
v 10 85 -13
v 11 85 -13
v 7 85 -14
v 8 85 -14
v 10 85 -14
v 4 85 -15
v 6 85 -15
v 7 85 -15
v 8 85 -15
v 0 85 -16
v 2 85 -16
v 4 85 -16
v 6 85 -16
v 0 85 -17
v 2 85 -17
v -3 86 9
v 0 86 9
v 2 86 9
v 5 86 9
v -6 86 8
v -4 86 8
v -3 86 8
v 0 86 8
v 2 86 8
v 5 86 8
v 6 86 8
v 8 86 8
v -7 86 7
v -6 86 7
v -4 86 7
v 6 86 7
v 8 86 7
v 9 86 7
v -7 86 6
v -6 86 6
v 8 86 6
v 9 86 6
v 11 86 5
v 12 86 5
v -10 86 4
v -9 86 4
v 11 86 4
v 12 86 4
v -11 86 3
v -10 86 3
v -9 86 3
v -11 86 2
v -11 86 1
v -10 86 1
v -12 86 -0
v -11 86 -0
v 13 86 -0
v 14 86 -0
v -12 86 -3
v -11 86 -3
v 13 86 -3
v 14 86 -3
v -12 86 -5
v -11 86 -5
v 13 86 -5
v 14 86 -5
v -12 86 -8
v -11 86 -8
v 13 86 -8
v 14 86 -8
v 12 86 -9
v 13 86 -9
v 12 86 -10
v 13 86 -10
v 11 86 -11
v 12 86 -11
v 13 86 -11
v 11 86 -12
v 12 86 -12
v 8 86 -14
v 9 86 -14
v 6 86 -15
v 7 86 -15
v 8 86 -15
v 9 86 -15
v -2 86 -16
v 0 86 -16
v 2 86 -16
v 4 86 -16
v 5 86 -16
v 6 86 -16
v 7 86 -16
v 8 86 -16
v -2 86 -17
v 0 86 -17
v 2 86 -17
v 4 86 -17
v 5 86 -17
v -1 87 10
v 3 87 10
v -5 87 9
v -3 87 9
v -1 87 9
v 3 87 9
v 5 87 9
v 7 87 9
v -7 87 8
v -6 87 8
v -5 87 8
v -3 87 8
v 5 87 8
v 7 87 8
v 8 87 8
v 9 87 8
v -8 87 7
v -7 87 7
v -6 87 7
v 8 87 7
v 9 87 7
v 10 87 7
v -9 87 6
v -8 87 6
v -7 87 6
v 9 87 6
v 10 87 6
v 11 87 6
v -10 87 5
v -9 87 5
v -8 87 5
v 10 87 5
v 11 87 5
v -11 87 4
v -10 87 4
v -9 87 4
v -11 87 3
v -10 87 3
v -12 87 2
v -11 87 2
v -12 87 -0
v -11 87 -0
v -13 87 -2
v -12 87 -2
v 14 87 -2
v 15 87 -2
v -13 87 -6
v -12 87 -6
v 14 87 -6
v 15 87 -6
v -12 87 -8
v -11 87 -8
v 13 87 -8
v 14 87 -8
v -12 87 -10
v -11 87 -10
v 13 87 -10
v 14 87 -10
v 12 87 -11
v 13 87 -11
v 11 87 -12
v 12 87 -12
v 13 87 -12
v 10 87 -13
v 11 87 -13
v 12 87 -13
v 9 87 -14
v 10 87 -14
v 11 87 -14
v 8 87 -15
v 9 87 -15
v 10 87 -15
v 5 87 -16
v 7 87 -16
v 8 87 -16
v 9 87 -16
v -1 87 -17
v 2 87 -17
v 3 87 -17
v 5 87 -17
v 7 87 -17
v -1 87 -18
v 2 87 -18
v 3 87 -18
v 1 88 11
v 2 88 11
v -3 88 10
v -1 88 10
v 1 88 10
v 2 88 10
v 3 88 10
v 5 88 10
v -6 88 9
v -5 88 9
v -3 88 9
v -1 88 9
v 3 88 9
v 5 88 9
v 7 88 9
v 8 88 9
v -6 88 8
v -5 88 8
v 7 88 8
v 8 88 8
v -9 88 7
v -8 88 7
v 10 88 7
v 11 88 7
v -10 88 6
v -9 88 6
v -8 88 6
v 10 88 6
v 11 88 6
v 12 88 6
v -11 88 5
v -10 88 5
v -9 88 5
v 11 88 5
v 12 88 5
v -11 88 4
v -10 88 4
v -12 88 3
v -11 88 3
v -12 88 2
v -11 88 2
v -13 88 -0
v -12 88 -0
v 14 88 -0
v 15 88 -0
v -13 88 -2
v -12 88 -2
v 14 88 -2
v 15 88 -2
v -13 88 -6
v -12 88 -6
v 14 88 -6
v 15 88 -6
v -13 88 -7
v -13 88 -8
v -12 88 -8
v 14 88 -8
v 15 88 -8
v -12 88 -10
v -11 88 -10
v 13 88 -10
v 14 88 -10
v -12 88 -11
v -11 88 -11
v 13 88 -11
v 14 88 -11
v 11 88 -13
v 12 88 -13
v 10 88 -14
v 11 88 -14
v 12 88 -14
v 10 88 -15
v 11 88 -15
v 7 88 -16
v 8 88 -16
v -2 88 -17
v -1 88 -17
v 3 88 -17
v 5 88 -17
v 7 88 -17
v 8 88 -17
v -2 88 -18
v -1 88 -18
v 3 88 -18
v 5 88 -18
v 2 89 11
v 3 89 11
v -4 89 10
v -3 89 10
v 2 89 10
v 3 89 10
v 5 89 10
v 6 89 10
v -4 89 9
v -3 89 9
v 5 89 9
v 6 89 9
v -8 89 8
v -7 89 8
v 9 89 8
v 10 89 8
v -8 89 7
v -7 89 7
v 9 89 7
v 10 89 7
v -11 89 6
v -10 89 6
v -11 89 5
v -10 89 5
v 12 89 5
v 13 89 5
v 12 89 4
v 13 89 4
v -13 89 1
v -12 89 1
v 14 89 1
v 15 89 1
v -13 89 -0
v -12 89 -0
v 14 89 -0
v 15 89 -0
v -13 89 -8
v -12 89 -8
v 14 89 -8
v 15 89 -8
v -13 89 -9
v -12 89 -9
v 14 89 -9
v 15 89 -9
v 12 89 -12
v 13 89 -12
v 12 89 -13
v 13 89 -13
v 9 89 -15
v 10 89 -15
v 9 89 -16
v 10 89 -16
v 5 89 -17
v 6 89 -17
v 5 89 -18
v 6 89 -18
v -1 90 11
v 2 90 11
v 3 90 11
v 4 90 11
v -5 90 10
v -4 90 10
v -1 90 10
v 2 90 10
v 3 90 10
v 4 90 10
v 6 90 10
v 7 90 10
v -7 90 9
v -6 90 9
v -5 90 9
v -4 90 9
v 6 90 9
v 7 90 9
v 8 90 9
v 9 90 9
v -7 90 8
v -6 90 8
v 8 90 8
v 9 90 8
v -10 90 7
v -9 90 7
v 11 90 7
v 12 90 7
v -10 90 6
v -9 90 6
v 11 90 6
v 12 90 6
v -12 90 4
v -11 90 4
v -12 90 3
v -11 90 3
v -13 90 2
v -12 90 2
v 14 90 2
v 15 90 2
v -13 90 1
v -12 90 1
v 14 90 1
v 15 90 1
v -14 90 -2
v -13 90 -2
v 15 90 -2
v 16 90 -2
v -14 90 -4
v -14 90 -5
v -13 90 -5
v -14 90 -6
v -13 90 -6
v 15 90 -6
v 16 90 -6
v -13 90 -9
v -12 90 -9
v 14 90 -9
v 15 90 -9
v -13 90 -10
v -12 90 -10
v 14 90 -10
v 15 90 -10
v -12 90 -11
v -11 90 -11
v 13 90 -11
v 14 90 -11
v -12 90 -12
v -11 90 -12
v 13 90 -12
v 14 90 -12
v 11 90 -14
v 12 90 -14
v 11 90 -15
v 12 90 -15
v 8 90 -16
v 9 90 -16
v 6 90 -17
v 7 90 -17
v 8 90 -17
v 9 90 -17
v -1 90 -18
v 3 90 -18
v 6 90 -18
v 7 90 -18
v -1 90 -19
v 3 90 -19
v -2 91 11
v -1 91 11
v -2 91 10
v -1 91 10
v -9 91 8
v -8 91 8
v 10 91 8
v 11 91 8
v -9 91 7
v -8 91 7
v 10 91 7
v 11 91 7
v 12 91 6
v 13 91 6
v 12 91 5
v 13 91 5
v -14 91 -1
v -13 91 -1
v 15 91 -1
v 16 91 -1
v -14 91 -2
v -13 91 -2
v 15 91 -2
v 16 91 -2
v -14 91 -6
v -13 91 -6
v 15 91 -6
v 16 91 -6
v -14 91 -7
v -13 91 -7
v 15 91 -7
v 16 91 -7
v 12 91 -13
v 13 91 -13
v 12 91 -14
v 13 91 -14
v 10 91 -15
v 11 91 -15
v 10 91 -16
v 11 91 -16
v -2 91 -18
v -1 91 -18
v 3 91 -18
v 4 91 -18
v -2 91 -19
v -1 91 -19
v 3 91 -19
v 4 91 -19
v -3 92 11
v -2 92 11
v 4 92 11
v 5 92 11
v -6 92 10
v -5 92 10
v -3 92 10
v -2 92 10
v 4 92 10
v 5 92 10
v 7 92 10
v 8 92 10
v -6 92 9
v -5 92 9
v 7 92 9
v 8 92 9
v -13 92 3
v -12 92 3
v -13 92 2
v -12 92 2
v -14 92 -0
v -13 92 -0
v 15 92 -0
v 16 92 -0
v -14 92 -1
v -13 92 -1
v 15 92 -1
v 16 92 -1
v -14 92 -7
v -13 92 -7
v 15 92 -7
v 16 92 -7
v -14 92 -8
v -13 92 -8
v 15 92 -8
v 16 92 -8
v -13 92 -10
v -12 92 -10
v 14 92 -10
v 15 92 -10
v -13 92 -11
v -12 92 -11
v 14 92 -11
v 15 92 -11
v 7 92 -17
v 8 92 -17
v -3 92 -18
v -2 92 -18
v 4 92 -18
v 5 92 -18
v 7 92 -18
v 8 92 -18
v -3 92 -19
v -2 92 -19
v 4 92 -19
v 5 92 -19
v -8 93 9
v -7 93 9
v 9 93 9
v 10 93 9
v -10 93 8
v -9 93 8
v -8 93 8
v -7 93 8
v 9 93 8
v 10 93 8
v -10 93 7
v -9 93 7
v -12 93 5
v -11 93 5
v 13 93 5
v 14 93 5
v -12 93 4
v -11 93 4
v 13 93 4
v 14 93 4
v -12 93 -12
v -11 93 -12
v 13 93 -12
v 14 93 -12
v -12 93 -13
v -11 93 -13
v 13 93 -13
v 14 93 -13
v 9 93 -16
v 10 93 -16
v 9 93 -17
v 10 93 -17
v -9 94 9
v -8 94 9
v -9 94 8
v -8 94 8
v -8 95 10
v -7 95 10
v 9 95 10
v 10 95 10
v -8 95 9
v -7 95 9
v 9 95 9
v 10 95 9
v 14 95 5
v 15 95 5
v 14 95 4
v 15 95 4
v 15 95 2
v 16 95 2
v 15 95 1
v 16 95 1
v -13 95 -12
v -12 95 -12
v 14 95 -12
v 15 95 -12
v -13 95 -13
v -12 95 -13
v 14 95 -13
v 15 95 -13
v -8 95 -17
v -7 95 -17
v 9 95 -17
v 10 95 -17
v -8 95 -18
v -7 95 -18
v 9 95 -18
v 10 95 -18
v -3 96 12
v -2 96 12
v -6 96 11
v -5 96 11
v -3 96 11
v -2 96 11
v 7 96 11
v 8 96 11
v -7 96 10
v -6 96 10
v -5 96 10
v 7 96 10
v 8 96 10
v -8 96 9
v -7 96 9
v -6 96 9
v -8 96 8
v -7 96 8
v -13 96 4
v -12 96 4
v -14 96 3
v -13 96 3
v -12 96 3
v 15 96 3
v 16 96 3
v -14 96 2
v -13 96 2
v 15 96 2
v 16 96 2
v -15 96 -0
v -14 96 -0
v 16 96 -0
v 17 96 -0
v -15 96 -1
v -14 96 -1
v 16 96 -1
v 17 96 -1
v -15 96 -7
v -14 96 -7
v 16 96 -7
v 17 96 -7
v -15 96 -8
v -14 96 -8
v 16 96 -8
v 17 96 -8
v -14 96 -10
v -13 96 -10
v 15 96 -10
v 16 96 -10
v -14 96 -11
v -13 96 -11
v 15 96 -11
v 16 96 -11
v -6 96 -18
v -5 96 -18
v 7 96 -18
v 8 96 -18
v -6 96 -19
v -5 96 -19
v -3 96 -19
v -2 96 -19
v 4 96 -19
v 5 96 -19
v 7 96 -19
v 8 96 -19
v -3 96 -20
v -2 96 -20
v 4 96 -20
v 5 96 -20
v -2 97 12
v -1 97 12
v -2 97 11
v -1 97 11
v 5 97 11
v 6 97 11
v 5 97 10
v 6 97 10
v 10 97 9
v 11 97 9
v 10 97 8
v 11 97 8
v 13 97 6
v 14 97 6
v 13 97 5
v 14 97 5
v -15 97 -1
v -14 97 -1
v 16 97 -1
v 17 97 -1
v -15 97 -2
v -14 97 -2
v 16 97 -2
v 17 97 -2
v -15 97 -6
v -14 97 -6
v 16 97 -6
v 17 97 -6
v -15 97 -7
v -14 97 -7
v 16 97 -7
v 17 97 -7
v -12 97 -13
v -11 97 -13
v 13 97 -13
v 14 97 -13
v -12 97 -14
v -11 97 -14
v 13 97 -14
v 14 97 -14
v -9 97 -16
v -8 97 -16
v 10 97 -16
v 11 97 -16
v -9 97 -17
v -8 97 -17
v 10 97 -17
v 11 97 -17
v -2 97 -19
v -1 97 -19
v 3 97 -19
v 4 97 -19
v -2 97 -20
v -1 97 -20
v 3 97 -20
v 4 97 -20
v -1 98 12
v 0 98 12
v 3 98 12
v -5 98 11
v -4 98 11
v -1 98 11
v 0 98 11
v 1 98 11
v 3 98 11
v 6 98 11
v 7 98 11
v -6 98 10
v -5 98 10
v -4 98 10
v 6 98 10
v 7 98 10
v 8 98 10
v 9 98 10
v -6 98 9
v -5 98 9
v 8 98 9
v 9 98 9
v 11 98 8
v 12 98 8
v 11 98 7
v 12 98 7
v 13 98 7
v 12 98 6
v 13 98 6
v 14 98 4
v 15 98 4
v 14 98 3
v 15 98 3
v -14 98 2
v -13 98 2
v 15 98 2
v 16 98 2
v -14 98 1
v -13 98 1
v 15 98 1
v 16 98 1
v -15 98 -2
v -14 98 -2
v 16 98 -2
v 17 98 -2
v -15 98 -3
v -14 98 -3
v -14 98 -4
v -15 98 -5
v -14 98 -5
v -15 98 -6
v -14 98 -6
v 16 98 -6
v 17 98 -6
v -14 98 -9
v -13 98 -9
v 15 98 -9
v 16 98 -9
v -14 98 -10
v -13 98 -10
v 15 98 -10
v 16 98 -10
v -13 98 -11
v -12 98 -11
v 14 98 -11
v 15 98 -11
v -13 98 -12
v -12 98 -12
v 14 98 -12
v 15 98 -12
v -11 98 -14
v -10 98 -14
v 12 98 -14
v 13 98 -14
v -11 98 -15
v -10 98 -15
v -9 98 -15
v 11 98 -15
v 12 98 -15
v 13 98 -15
v -10 98 -16
v -9 98 -16
v 11 98 -16
v 12 98 -16
v -7 98 -17
v -6 98 -17
v 8 98 -17
v 9 98 -17
v -7 98 -18
v -6 98 -18
v -5 98 -18
v -4 98 -18
v 6 98 -18
v 7 98 -18
v 8 98 -18
v 9 98 -18
v -5 98 -19
v -4 98 -19
v -1 98 -19
v 3 98 -19
v 6 98 -19
v 7 98 -19
v -1 98 -20
v 3 98 -20
v -4 99 11
v -3 99 11
v -4 99 10
v -3 99 10
v 9 99 9
v 10 99 9
v 9 99 8
v 10 99 8
v 13 99 5
v 14 99 5
v 13 99 4
v 14 99 4
v -14 99 1
v -13 99 1
v 15 99 1
v 16 99 1
v -14 99 -0
v -13 99 -0
v 15 99 -0
v 16 99 -0
v -14 99 -8
v -13 99 -8
v 15 99 -8
v 16 99 -8
v -14 99 -9
v -13 99 -9
v 15 99 -9
v 16 99 -9
v -12 99 -12
v -11 99 -12
v 13 99 -12
v 14 99 -12
v -12 99 -13
v -11 99 -13
v 13 99 -13
v 14 99 -13
v -8 99 -16
v -7 99 -16
v 9 99 -16
v 10 99 -16
v -8 99 -17
v -7 99 -17
v 9 99 -17
v 10 99 -17
v -4 99 -18
v -3 99 -18
v 5 99 -18
v 6 99 -18
v -4 99 -19
v -3 99 -19
v 5 99 -19
v 6 99 -19
v -3 100 11
v -1 100 11
v -5 100 10
v -3 100 10
v -1 100 10
v 7 100 10
v 8 100 10
v -5 100 9
v -3 100 9
v 7 100 9
v 8 100 9
v 10 100 8
v 11 100 8
v 10 100 7
v 11 100 7
v 12 100 7
v 11 100 6
v 12 100 6
v 13 100 6
v 12 100 5
v 13 100 5
v -13 100 3
v -12 100 3
v 14 100 3
v 15 100 3
v -13 100 2
v -12 100 2
v 14 100 2
v 15 100 2
v -14 100 -0
v -13 100 -0
v 15 100 -0
v 16 100 -0
v -14 100 -1
v -13 100 -1
v -14 100 -2
v -13 100 -2
v 15 100 -2
v 16 100 -2
v -14 100 -6
v -13 100 -6
v 15 100 -6
v 16 100 -6
v -14 100 -8
v -13 100 -8
v 15 100 -8
v 16 100 -8
v -13 100 -10
v -12 100 -10
v 14 100 -10
v 15 100 -10
v -13 100 -11
v -12 100 -11
v 14 100 -11
v 15 100 -11
v -11 100 -13
v -10 100 -13
v 12 100 -13
v 13 100 -13
v -11 100 -14
v -10 100 -14
v -9 100 -14
v 11 100 -14
v 12 100 -14
v 13 100 -14
v -10 100 -15
v -9 100 -15
v -8 100 -15
v 10 100 -15
v 11 100 -15
v 12 100 -15
v -9 100 -16
v -8 100 -16
v 10 100 -16
v 11 100 -16
v -6 100 -17
v -5 100 -17
v 7 100 -17
v 8 100 -17
v -6 100 -18
v -5 100 -18
v -3 100 -18
v -1 100 -18
v 3 100 -18
v 5 100 -18
v 7 100 -18
v 8 100 -18
v -3 100 -19
v -1 100 -19
v 3 100 -19
v 5 100 -19
v -1 101 11
v 2 101 11
v 3 101 11
v -3 101 10
v -2 101 10
v -1 101 10
v 2 101 10
v 3 101 10
v 5 101 10
v 7 101 10
v -3 101 9
v -2 101 9
v 5 101 9
v 7 101 9
v 8 101 9
v 9 101 9
v 8 101 8
v 9 101 8
v 10 101 8
v 9 101 7
v 10 101 7
v 11 101 7
v 10 101 6
v 11 101 6
v 12 101 6
v 11 101 5
v 12 101 5
v 13 101 5
v 12 101 4
v 13 101 4
v 14 101 4
v 13 101 3
v 14 101 3
v -13 101 2
v -12 101 2
v 14 101 2
v 15 101 2
v -12 101 1
v -13 101 -0
v -12 101 -0
v 14 101 -0
v 15 101 -0
v -14 101 -2
v -13 101 -2
v 15 101 -2
v 16 101 -2
v -14 101 -6
v -13 101 -6
v 15 101 -6
v 16 101 -6
v -13 101 -8
v -12 101 -8
v 14 101 -8
v 15 101 -8
v -13 101 -10
v -12 101 -10
v 14 101 -10
v 15 101 -10
v -12 101 -11
v -11 101 -11
v 13 101 -11
v 14 101 -11
v -12 101 -12
v -11 101 -12
v -10 101 -12
v 12 101 -12
v 13 101 -12
v 14 101 -12
v -11 101 -13
v -10 101 -13
v -9 101 -13
v 11 101 -13
v 12 101 -13
v 13 101 -13
v -10 101 -14
v -9 101 -14
v -8 101 -14
v 10 101 -14
v 11 101 -14
v 12 101 -14
v -9 101 -15
v -8 101 -15
v -7 101 -15
v 9 101 -15
v 10 101 -15
v 11 101 -15
v -8 101 -16
v -7 101 -16
v -6 101 -16
v 8 101 -16
v 9 101 -16
v 10 101 -16
v -7 101 -17
v -6 101 -17
v -5 101 -17
v -3 101 -17
v 5 101 -17
v 7 101 -17
v 8 101 -17
v 9 101 -17
v -5 101 -18
v -3 101 -18
v -1 101 -18
v 2 101 -18
v 3 101 -18
v 5 101 -18
v 7 101 -18
v -1 101 -19
v 2 101 -19
v 3 101 -19
v -2 102 10
v -1 102 10
v 0 102 10
v 2 102 10
v 3 102 10
v -2 102 9
v -1 102 9
v 0 102 9
v 2 102 9
v 3 102 9
v 6 102 9
v 8 102 9
v 6 102 8
v 7 102 8
v 8 102 8
v 9 102 8
v 8 102 7
v 9 102 7
v 12 102 4
v 13 102 4
v 12 102 3
v 13 102 3
v 14 102 3
v -12 102 1
v -11 102 1
v 13 102 1
v 14 102 1
v -13 102 -0
v -12 102 -0
v -11 102 -0
v 14 102 -0
v 15 102 -0
v -13 102 -1
v -12 102 -1
v -13 102 -3
v -12 102 -3
v 14 102 -3
v 15 102 -3
v -13 102 -5
v -12 102 -5
v 14 102 -5
v 15 102 -5
v -13 102 -8
v -12 102 -8
v 14 102 -8
v 15 102 -8
v -12 102 -9
v -11 102 -9
v 13 102 -9
v 14 102 -9
v -11 102 -10
v 13 102 -10
v -12 102 -11
v -11 102 -11
v -10 102 -11
v 12 102 -11
v 13 102 -11
v 14 102 -11
v -11 102 -12
v -10 102 -12
v 12 102 -12
v 13 102 -12
v -7 102 -15
v -6 102 -15
v 8 102 -15
v 9 102 -15
v -7 102 -16
v -6 102 -16
v -5 102 -16
v -4 102 -16
v 6 102 -16
v 8 102 -16
v 9 102 -16
v -6 102 -17
v -4 102 -17
v -3 102 -17
v 0 102 -17
v 2 102 -17
v 4 102 -17
v 5 102 -17
v 6 102 -17
v 8 102 -17
v -3 102 -18
v 0 102 -18
v 2 102 -18
v 4 102 -18
v 5 102 -18
v 0 103 10
v 1 103 10
v 2 103 10
v -2 103 9
v 0 103 9
v 1 103 9
v 2 103 9
v 5 103 9
v 6 103 9
v -2 103 8
v 0 103 8
v 5 103 8
v 6 103 8
v 7 103 8
v 8 103 8
v 7 103 7
v 8 103 7
v 10 103 7
v 8 103 6
v 10 103 6
v 11 103 6
v 10 103 5
v 11 103 5
v 12 103 5
v 11 103 3
v 12 103 3
v 13 103 3
v 12 103 2
v 13 103 2
v 13 103 1
v 14 103 1
v -12 103 -0
v -11 103 -0
v -12 103 -1
v -11 103 -1
v 13 103 -1
v 14 103 -1
v -13 103 -3
v -12 103 -3
v 14 103 -3
v 15 103 -3
v -13 103 -5
v -12 103 -5
v 14 103 -5
v 15 103 -5
v -12 103 -7
v -11 103 -7
v 13 103 -7
v 14 103 -7
v 13 103 -8
v -12 103 -9
v -11 103 -9
v 13 103 -9
v 14 103 -9
v -11 103 -10
v -10 103 -10
v 12 103 -10
v 13 103 -10
v -11 103 -11
v -10 103 -11
v -9 103 -11
v 11 103 -11
v 12 103 -11
v 13 103 -11
v -10 103 -12
v -9 103 -12
v -10 103 -13
v -9 103 -13
v -8 103 -13
v 10 103 -13
v 11 103 -13
v 12 103 -13
v -9 103 -14
v -8 103 -14
v -6 103 -14
v 8 103 -14
v 10 103 -14
v 11 103 -14
v -8 103 -15
v -6 103 -15
v -5 103 -15
v 7 103 -15
v 8 103 -15
v 10 103 -15
v -6 103 -16
v -5 103 -16
v -4 103 -16
v -3 103 -16
v -2 103 -16
v 4 103 -16
v 6 103 -16
v 7 103 -16
v 8 103 -16
v -4 103 -17
v -2 103 -17
v 0 103 -17
v 1 103 -17
v 2 103 -17
v 4 103 -17
v 6 103 -17
v 0 103 -18
v 2 103 -18
v 0 104 9
v 1 104 9
v 0 104 8
v 1 104 8
v 5 104 8
v 6 104 8
v 7 104 8
v 5 104 7
v 6 104 7
v 7 104 7
v 8 104 7
v 7 104 6
v 8 104 6
v 10 104 6
v 8 104 5
v 9 104 5
v 10 104 5
v 11 104 5
v 10 104 3
v 11 104 3
v 12 104 3
v 11 104 2
v 12 104 2
v 13 104 2
v -11 104 -0
v -10 104 -0
v 12 104 -0
v 13 104 -0
v -12 104 -1
v -11 104 -1
v -10 104 -1
v 13 104 -1
v 14 104 -1
v 13 104 -6
v -12 104 -7
v -11 104 -7
v 13 104 -7
v 14 104 -7
v -11 104 -8
v -10 104 -8
v 12 104 -8
v 13 104 -8
v -11 104 -9
v -10 104 -9
v 12 104 -9
v -11 104 -10
v -10 104 -10
v -9 104 -10
v 11 104 -10
v 12 104 -10
v 13 104 -10
v -10 104 -11
v -9 104 -11
v -8 104 -11
v 10 104 -11
v 11 104 -11
v 12 104 -11
v -9 104 -13
v -8 104 -13
v -6 104 -13
v 8 104 -13
v 10 104 -13
v 11 104 -13
v -8 104 -14
v -6 104 -14
v -5 104 -14
v 7 104 -14
v 8 104 -14
v 10 104 -14
v -6 104 -15
v -5 104 -15
v -3 104 -15
v 5 104 -15
v 7 104 -15
v 8 104 -15
v -5 104 -16
v -3 104 -16
v -2 104 -16
v -1 104 -16
v 1 104 -16
v 4 104 -16
v 5 104 -16
v 7 104 -16
v -2 104 -17
v -1 104 -17
v 1 104 -17
v 4 104 -17
v 4 105 8
v 5 105 8
v 4 105 7
v 5 105 7
v 7 105 7
v 5 105 6
v 7 105 6
v 8 105 6
v 7 105 5
v 8 105 5
v 9 105 5
v 10 105 5
v 8 105 4
v 9 105 4
v 9 105 3
v 10 105 3
v 11 105 3
v -10 105 2
v -9 105 2
v 10 105 2
v 11 105 2
v 12 105 2
v -10 105 1
v -9 105 1
v 11 105 1
v 11 105 -0
v 12 105 -0
v 13 105 -0
v -11 105 -1
v -10 105 -1
v 12 105 -3
v 12 105 -6
v 13 105 -6
v -10 105 -7
v 12 105 -7
v -11 105 -8
v -10 105 -8
v -9 105 -8
v 11 105 -8
v 12 105 -8
v 13 105 -8
v -10 105 -9
v -9 105 -9
v 11 105 -9
v 12 105 -9
v -10 105 -10
v -9 105 -10
v -8 105 -10
v 10 105 -10
v 11 105 -10
v 12 105 -10
v -9 105 -11
v -8 105 -11
v -7 105 -11
v 9 105 -11
v 10 105 -11
v 11 105 -11
v -7 105 -12
v -6 105 -12
v 8 105 -12
v 9 105 -12
v -8 105 -13
v -6 105 -13
v -5 105 -13
v 7 105 -13
v 8 105 -13
v 10 105 -13
v -6 105 -14
v -5 105 -14
v -3 105 -14
v 5 105 -14
v 7 105 -14
v 8 105 -14
v -5 105 -15
v -3 105 -15
v -2 105 -15
v 0 105 -15
v 1 105 -15
v 5 105 -15
v 7 105 -15
v -3 105 -16
v -2 105 -16
v 1 105 -16
v 5 105 -16
v 3 106 7
v 5 106 7
v 3 106 6
v 4 106 6
v 5 106 6
v 7 106 6
v 4 106 5
v 5 106 5
v 6 106 5
v 7 106 5
v 8 106 5
v 6 106 4
v 7 106 4
v 8 106 4
v 9 106 4
v 8 106 3
v 9 106 3
v 10 106 3
v -9 106 2
v -7 106 2
v 9 106 2
v 10 106 2
v 11 106 2
v -8 106 1
v -7 106 1
v 9 106 1
v 10 106 1
v 11 106 1
v -9 106 -0
v -8 106 -0
v 10 106 -0
v 11 106 -0
v 12 106 -0
v -10 106 -1
v -9 106 -1
v 10 106 -1
v 11 106 -1
v -9 106 -2
v 11 106 -3
v 12 106 -3
v 11 106 -4
v -9 106 -6
v -10 106 -7
v -9 106 -7
v -8 106 -7
v 10 106 -7
v 11 106 -7
v 12 106 -7
v -10 106 -8
v -9 106 -8
v -8 106 -8
v 11 106 -8
v 12 106 -8
v -9 106 -9
v -8 106 -9
v -7 106 -9
v 9 106 -9
v 10 106 -9
v -9 106 -10
v -8 106 -10
v 10 106 -10
v 11 106 -10
v -8 106 -11
v -7 106 -11
v -6 106 -11
v 8 106 -11
v 9 106 -11
v 10 106 -11
v -7 106 -12
v -6 106 -12
v -4 106 -12
v 6 106 -12
v 8 106 -12
v 9 106 -12
v -6 106 -13
v -5 106 -13
v -4 106 -13
v -3 106 -13
v -2 106 -13
v 4 106 -13
v 6 106 -13
v 7 106 -13
v 8 106 -13
v -5 106 -14
v -3 106 -14
v -2 106 -14
v -1 106 -14
v 0 106 -14
v 4 106 -14
v 5 106 -14
v 7 106 -14
v -3 106 -15
v -2 106 -15
v 0 106 -15
v 5 106 -15
v 2 107 6
v 4 107 6
v 4 107 5
v 6 107 5
v 2 107 4
v 3 107 4
v 5 107 4
v 6 107 4
v 7 107 4
v 8 107 4
v 5 107 3
v 7 107 3
v 8 107 3
v 9 107 3
v -7 107 2
v -6 107 2
v 7 107 2
v 8 107 2
v 9 107 2
v -8 107 1
v -7 107 1
v -6 107 1
v 8 107 1
v 9 107 1
v 10 107 1
v -7 107 -0
v -6 107 -0
v 8 107 -0
v 9 107 -0
v 10 107 -0
v -8 107 -1
v -7 107 -1
v 9 107 -1
v 10 107 -1
v 11 107 -1
v -9 107 -2
v -7 107 -2
v -8 107 -3
v -7 107 -3
v 9 107 -3
v 10 107 -3
v 10 107 -4
v 11 107 -4
v -8 107 -5
v -7 107 -5
v 9 107 -5
v 10 107 -5
v -9 107 -6
v -8 107 -6
v -9 107 -7
v -8 107 -7
v -7 107 -7
v 10 107 -7
v 11 107 -7
v -8 107 -8
v -7 107 -8
v -6 107 -8
v 8 107 -8
v 9 107 -8
v -8 107 -9
v -7 107 -9
v 9 107 -9
v 10 107 -9
v -6 107 -10
v -5 107 -10
v 7 107 -10
v 8 107 -10
v -7 107 -11
v -6 107 -11
v -5 107 -11
v -3 107 -11
v 5 107 -11
v 7 107 -11
v 8 107 -11
v 9 107 -11
v -6 107 -12
v -4 107 -12
v -3 107 -12
v -2 107 -12
v -1 107 -12
v 0 107 -12
v 2 107 -12
v 5 107 -12
v 6 107 -12
v 8 107 -12
v -4 107 -13
v -3 107 -13
v -2 107 -13
v -1 107 -13
v 0 107 -13
v 2 107 -13
v 4 107 -13
v 6 107 -13
v -2 107 -14
v -1 107 -14
v 4 107 -14
v 0 108 4
v 3 108 4
v 5 108 4
v -3 108 3
v -1 108 3
v 0 108 3
v 2 108 3
v 3 108 3
v 5 108 3
v 7 108 3
v -3 108 2
v -2 108 2
v -1 108 2
v 3 108 2
v 4 108 2
v 5 108 2
v 7 108 2
v 8 108 2
v -6 108 1
v -4 108 1
v 5 108 1
v 6 108 1
v 7 108 1
v 8 108 1
v -7 108 -0
v -6 108 -0
v -5 108 -0
v -4 108 -0
v 6 108 -0
v 7 108 -0
v 8 108 -0
v 9 108 -0
v -7 108 -1
v -6 108 -1
v 8 108 -1
v 9 108 -1
v -7 108 -2
v -6 108 -2
v -5 108 -2
v 7 108 -2
v 8 108 -2
v -8 108 -3
v -7 108 -3
v 9 108 -3
v 10 108 -3
v -6 108 -4
v -8 108 -5
v -7 108 -5
v -6 108 -5
v 9 108 -5
v 10 108 -5
v -6 108 -6
v -5 108 -6
v 7 108 -6
v 8 108 -6
v -7 108 -7
v -6 108 -7
v -7 108 -8
v -6 108 -8
v -5 108 -8
v -4 108 -8
v 6 108 -8
v 7 108 -8
v 8 108 -8
v 9 108 -8
v -4 108 -9
v -3 108 -9
v 5 108 -9
v 6 108 -9
v -6 108 -10
v -5 108 -10
v -3 108 -10
v -2 108 -10
v -1 108 -10
v 3 108 -10
v 5 108 -10
v 7 108 -10
v 8 108 -10
v -5 108 -11
v -3 108 -11
v -1 108 -11
v 3 108 -11
v 5 108 -11
v 7 108 -11
v -3 108 -12
v -1 108 -12
v 0 108 -12
v 2 108 -12
v 5 108 -12
v 0 108 -13
v 2 108 -13
v -1 109 3
v 2 109 3
v 3 109 3
v -2 109 2
v -1 109 2
v 2 109 2
v 3 109 2
v 4 109 2
v 5 109 2
v -3 109 1
v -2 109 1
v 4 109 1
v 5 109 1
v 6 109 1
v -5 109 -0
v -3 109 -0
v -1 109 -0
v 3 109 -0
v 6 109 -0
v 7 109 -0
v -2 109 -1
v -1 109 -1
v 3 109 -1
v 4 109 -1
v -6 109 -2
v -5 109 -2
v -3 109 -2
v -2 109 -2
v 4 109 -2
v 5 109 -2
v 7 109 -2
v 8 109 -2
v -3 109 -3
v -6 109 -4
v -5 109 -4
v -3 109 -4
v -3 109 -5
v -6 109 -6
v -5 109 -6
v -3 109 -6
v -2 109 -6
v 4 109 -6
v 5 109 -6
v 7 109 -6
v 8 109 -6
v -2 109 -7
v -1 109 -7
v 3 109 -7
v 4 109 -7
v -5 109 -8
v -4 109 -8
v -1 109 -8
v 3 109 -8
v 6 109 -8
v 7 109 -8
v -4 109 -9
v -3 109 -9
v -2 109 -9
v 5 109 -9
v 6 109 -9
v -3 109 -10
v -2 109 -10
v -1 109 -10
v 3 109 -10
v 5 109 -10
v -1 109 -11
v 3 109 -11
v -1 110 -0
v 3 110 -0
v -2 110 -1
v -1 110 -1
v 3 110 -1
v 4 110 -1
v -3 110 -2
v -2 110 -2
v 4 110 -2
v 5 110 -2
v -3 110 -3
v -2 110 -3
v -3 110 -4
v -2 110 -4
v -3 110 -5
v -2 110 -5
v -3 110 -6
v -2 110 -6
v -1 110 -6
v 4 110 -6
v 5 110 -6
v -2 110 -7
v -1 110 -7
v 3 110 -7
v 4 110 -7
v -1 110 -8
v 3 110 -8

# faces
f 5/1/1 2/1/1 1/1/1
f 6/1/1 2/1/1 5/1/1
f 7/2/1 3/2/1 2/2/1
f 7/1/1 2/1/1 6/1/1
f 8/2/1 3/2/1 7/2/1
f 9/2/1 3/2/1 8/2/1
f 12/1/1 6/1/1 5/1/1
f 12/1/1 5/1/1 4/1/1
f 13/2/1 7/2/1 6/2/1
f 13/2/1 8/2/1 7/2/1
f 13/1/1 6/1/1 12/1/1
f 14/1/1 10/1/1 9/1/1
f 14/2/1 8/2/1 13/2/1
f 14/1/1 9/1/1 8/1/1
f 15/1/1 10/1/1 14/1/1
f 17/1/1 12/1/1 11/1/1
f 18/2/1 13/2/1 12/2/1
f 18/1/1 12/1/1 17/1/1
f 19/2/1 13/2/1 18/2/1
f 20/1/1 16/1/1 15/1/1
f 20/2/1 13/2/1 19/2/1
f 20/1/1 14/1/1 13/1/1
f 20/1/1 15/1/1 14/1/1
f 21/2/1 19/2/1 18/2/1
f 21/2/1 18/2/1 17/2/1
f 22/1/1 20/1/1 19/1/1
f 22/2/1 19/2/1 21/2/1
f 23/2/1 21/2/1 17/2/1
f 24/1/1 22/1/1 21/1/1
f 24/2/1 21/2/1 23/2/1
f 25/1/1 16/1/1 20/1/1
f 25/1/1 22/1/1 24/1/1
f 25/1/1 20/1/1 22/1/1
f 26/1/1 16/1/1 25/1/1
f 27/1/1 24/1/1 23/1/1
f 27/1/1 25/1/1 24/1/1
f 28/1/1 25/1/1 27/1/1
f 29/1/1 25/1/1 28/1/1
f 30/2/1 26/2/1 25/2/1
f 30/1/1 25/1/1 29/1/1
f 31/2/1 26/2/1 30/2/1
f 32/2/1 26/2/1 31/2/1
f 33/1/1 29/1/1 28/1/1
f 34/1/1 29/1/1 33/1/1
f 35/1/1 29/1/1 34/1/1
f 36/2/1 31/2/1 30/2/1
f 36/1/1 29/1/1 35/1/1
f 36/2/1 30/2/1 29/2/1
f 37/2/1 31/2/1 36/2/1
f 38/2/1 31/2/1 37/2/1
f 39/1/1 35/1/1 34/1/1
f 40/2/1 36/2/1 35/2/1
f 40/1/1 35/1/1 39/1/1
f 41/1/1 37/1/1 36/1/1
f 41/2/1 36/2/1 40/2/1
f 42/1/1 37/1/1 41/1/1
f 45/1/1 44/1/1 43/1/1
f 46/1/1 44/1/1 45/1/1
f 47/2/1 46/2/1 45/2/1
f 48/1/1 44/1/1 46/1/1
f 48/2/1 46/2/1 47/2/1
f 49/1/1 44/1/1 48/1/1
f 52/1/1 48/1/1 47/1/1
f 53/2/1 49/2/1 48/2/1
f 53/1/1 48/1/1 52/1/1
f 54/2/1 49/2/1 53/2/1
f 55/1/1 51/1/1 50/1/1
f 56/1/1 51/1/1 55/1/1
f 57/2/1 53/2/1 52/2/1
f 58/1/1 54/1/1 53/1/1
f 58/2/1 53/2/1 57/2/1
f 59/1/1 54/1/1 58/1/1
f 60/2/1 56/2/1 55/2/1
f 61/1/1 51/1/1 56/1/1
f 61/2/1 56/2/1 60/2/1
f 62/1/1 51/1/1 61/1/1
f 63/2/1 59/2/1 58/2/1
f 63/1/1 58/1/1 57/1/1
f 64/2/1 59/2/1 63/2/1
f 65/1/1 61/1/1 60/1/1
f 66/2/1 62/2/1 61/2/1
f 66/1/1 61/1/1 65/1/1
f 67/2/1 62/2/1 66/2/1
f 68/1/1 64/1/1 63/1/1
f 68/1/1 63/1/1 57/1/1
f 69/1/1 64/1/1 68/1/1
f 70/2/1 66/2/1 65/2/1
f 71/1/1 67/1/1 66/1/1
f 71/2/1 66/2/1 70/2/1
f 72/1/1 67/1/1 71/1/1
f 73/1/1 71/1/1 70/1/1
f 73/2/1 72/2/1 71/2/1
f 74/2/1 72/2/1 73/2/1
f 75/1/1 73/1/1 70/1/1
f 75/1/1 74/1/1 73/1/1
f 76/1/1 74/1/1 75/1/1
f 80/1/1 78/1/1 77/1/1
f 81/1/1 78/1/1 80/1/1
f 85/1/1 80/1/1 79/1/1
f 85/1/1 81/1/1 80/1/1
f 85/1/1 82/1/1 81/1/1
f 86/1/1 82/1/1 85/1/1
f 87/2/1 83/2/1 82/2/1
f 87/1/1 82/1/1 86/1/1
f 88/2/1 83/2/1 87/2/1
f 91/1/1 86/1/1 85/1/1
f 91/1/1 85/1/1 84/1/1
f 92/1/1 86/1/1 91/1/1
f 93/1/1 86/1/1 92/1/1
f 94/2/1 88/2/1 87/2/1
f 94/1/1 86/1/1 93/1/1
f 94/2/1 87/2/1 86/2/1
f 95/2/1 88/2/1 94/2/1
f 96/1/1 89/1/1 88/1/1
f 96/2/1 88/2/1 95/2/1
f 97/1/1 89/1/1 96/1/1
f 99/1/1 92/1/1 91/1/1
f 99/1/1 91/1/1 90/1/1
f 100/1/1 92/1/1 99/1/1
f 101/1/1 98/1/1 97/1/1
f 101/1/1 97/1/1 96/1/1
f 101/1/1 96/1/1 95/1/1
f 102/1/1 98/1/1 101/1/1
f 104/1/1 99/1/1 90/1/1
f 105/1/1 99/1/1 104/1/1
f 106/1/1 99/1/1 105/1/1
f 107/1/1 98/1/1 102/1/1
f 108/1/1 98/1/1 107/1/1
f 109/1/1 98/1/1 108/1/1
f 111/1/1 104/1/1 103/1/1
f 111/1/1 105/1/1 104/1/1
f 112/1/1 110/1/1 109/1/1
f 112/1/1 109/1/1 108/1/1
f 113/1/1 110/1/1 112/1/1
f 114/1/1 111/1/1 103/1/1
f 115/1/1 111/1/1 114/1/1
f 116/1/1 112/1/1 108/1/1
f 117/2/1 113/2/1 112/2/1
f 117/1/1 112/1/1 116/1/1
f 118/1/1 114/1/1 103/1/1
f 119/2/1 115/2/1 114/2/1
f 119/1/1 114/1/1 118/1/1
f 120/2/1 115/2/1 119/2/1
f 121/2/1 117/2/1 116/2/1
f 122/2/1 117/2/1 121/2/1
f 123/2/1 113/2/1 117/2/1
f 123/2/1 117/2/1 122/2/1
f 124/2/1 119/2/1 118/2/1
f 125/2/1 119/2/1 124/2/1
f 126/1/1 120/1/1 119/1/1
f 126/2/1 119/2/1 125/2/1
f 127/1/1 120/1/1 126/1/1
f 130/2/1 122/2/1 121/2/1
f 131/1/1 123/1/1 122/1/1
f 131/2/1 122/2/1 130/2/1
f 132/1/1 123/1/1 131/1/1
f 133/1/1 123/1/1 132/1/1
f 134/1/1 128/1/1 127/1/1
f 134/1/1 126/1/1 125/1/1
f 134/1/1 127/1/1 126/1/1
f 137/1/1 132/1/1 131/1/1
f 137/1/1 130/1/1 129/1/1
f 137/1/1 131/1/1 130/1/1
f 138/1/1 135/1/1 134/1/1
f 138/1/1 134/1/1 125/1/1
f 139/1/1 135/1/1 138/1/1
f 140/1/1 135/1/1 139/1/1
f 144/1/1 137/1/1 136/1/1
f 145/1/1 132/1/1 137/1/1
f 145/1/1 137/1/1 144/1/1
f 146/1/1 132/1/1 145/1/1
f 147/1/1 140/1/1 139/1/1
f 148/1/1 140/1/1 147/1/1
f 149/1/1 140/1/1 148/1/1
f 150/2/1 141/2/1 140/2/1
f 150/1/1 140/1/1 149/1/1
f 150/2/1 142/2/1 141/2/1
f 151/2/1 142/2/1 150/2/1
f 152/1/1 143/1/1 142/1/1
f 152/2/1 142/2/1 151/2/1
f 152/1/1 144/1/1 143/1/1
f 152/1/1 145/1/1 144/1/1
f 153/1/1 145/1/1 152/1/1
f 154/1/1 145/1/1 153/1/1
f 155/1/1 149/1/1 148/1/1
f 156/2/1 151/2/1 150/2/1
f 156/1/1 149/1/1 155/1/1
f 156/2/1 150/2/1 149/2/1
f 157/2/1 151/2/1 156/2/1
f 158/1/1 152/1/1 151/1/1
f 158/2/1 151/2/1 157/2/1
f 158/1/1 153/1/1 152/1/1
f 159/1/1 153/1/1 158/1/1
f 160/1/1 153/1/1 159/1/1
f 161/1/1 159/1/1 158/1/1
f 161/1/1 158/1/1 157/1/1
f 162/1/1 159/1/1 161/1/1
f 165/1/1 164/1/1 163/1/1
f 166/1/1 164/1/1 165/1/1
f 167/2/1 166/2/1 165/2/1
f 168/2/1 166/2/1 167/2/1
f 173/1/1 172/1/1 171/1/1
f 174/1/1 172/1/1 173/1/1
f 175/1/1 170/1/1 169/1/1
f 176/1/1 170/1/1 175/1/1
f 177/1/1 173/1/1 171/1/1
f 178/2/1 174/2/1 173/2/1
f 178/1/1 173/1/1 177/1/1
f 179/2/1 174/2/1 178/2/1
f 182/2/1 176/2/1 175/2/1
f 183/2/1 176/2/1 182/2/1
f 184/1/1 177/1/1 171/1/1
f 185/2/1 178/2/1 177/2/1
f 185/1/1 177/1/1 184/1/1
f 186/1/1 179/1/1 178/1/1
f 186/2/1 178/2/1 185/2/1
f 187/1/1 181/1/1 180/1/1
f 188/2/1 182/2/1 181/2/1
f 188/1/1 181/1/1 187/1/1
f 189/1/1 183/1/1 182/1/1
f 189/2/1 182/2/1 188/2/1
f 190/2/1 185/2/1 184/2/1
f 191/1/1 186/1/1 185/1/1
f 191/2/1 185/2/1 190/2/1
f 192/2/1 188/2/1 187/2/1
f 193/1/1 189/1/1 188/1/1
f 193/2/1 188/2/1 192/2/1
f 194/1/1 183/1/1 189/1/1
f 194/1/1 189/1/1 193/1/1
f 195/1/1 179/1/1 186/1/1
f 195/1/1 191/1/1 190/1/1
f 195/1/1 186/1/1 191/1/1
f 196/1/1 179/1/1 195/1/1
f 197/1/1 195/1/1 190/1/1
f 198/2/1 196/2/1 195/2/1
f 198/1/1 195/1/1 197/1/1
f 199/2/1 196/2/1 198/2/1
f 200/1/1 197/1/1 190/1/1
f 201/2/1 198/2/1 197/2/1
f 201/1/1 197/1/1 200/1/1
f 202/1/1 199/1/1 198/1/1
f 202/2/1 198/2/1 201/2/1
f 203/2/1 201/2/1 200/2/1
f 204/1/1 202/1/1 201/1/1
f 204/2/1 201/2/1 203/2/1
f 205/1/1 199/1/1 202/1/1
f 205/1/1 202/1/1 204/1/1
f 209/1/1 207/1/1 206/1/1
f 210/1/1 207/1/1 209/1/1
f 213/1/1 210/1/1 209/1/1
f 213/1/1 211/1/1 210/1/1
f 213/1/1 209/1/1 208/1/1
f 214/1/1 211/1/1 213/1/1
f 215/1/1 211/1/1 214/1/1
f 216/1/1 211/1/1 215/1/1
f 219/1/1 213/1/1 212/1/1
f 219/1/1 214/1/1 213/1/1
f 220/1/1 214/1/1 219/1/1
f 221/1/1 214/1/1 220/1/1
f 222/1/1 216/1/1 215/1/1
f 223/1/1 216/1/1 222/1/1
f 224/2/1 217/2/1 216/2/1
f 224/1/1 216/1/1 223/1/1
f 225/2/1 217/2/1 224/2/1
f 226/2/1 217/2/1 225/2/1
f 228/1/1 219/1/1 218/1/1
f 228/1/1 220/1/1 219/1/1
f 229/1/1 220/1/1 228/1/1
f 230/2/1 225/2/1 224/2/1
f 231/1/1 227/1/1 226/1/1
f 231/2/1 225/2/1 230/2/1
f 231/1/1 226/1/1 225/1/1
f 233/1/1 228/1/1 218/1/1
f 234/1/1 228/1/1 233/1/1
f 235/1/1 228/1/1 234/1/1
f 236/1/1 227/1/1 231/1/1
f 237/1/1 227/1/1 236/1/1
f 238/1/1 227/1/1 237/1/1
f 240/1/1 233/1/1 232/1/1
f 240/1/1 234/1/1 233/1/1
f 241/1/1 234/1/1 240/1/1
f 242/1/1 239/1/1 238/1/1
f 242/1/1 238/1/1 237/1/1
f 243/1/1 239/1/1 242/1/1
f 244/1/1 239/1/1 243/1/1
f 245/1/1 239/1/1 244/1/1
f 247/2/1 245/2/1 244/2/1
f 247/2/1 246/2/1 245/2/1
f 248/2/1 246/2/1 247/2/1
f 249/1/1 240/1/1 232/1/1
f 250/1/1 248/1/1 247/1/1
f 251/1/1 248/1/1 250/1/1
f 252/1/1 248/1/1 251/1/1
f 253/1/1 249/1/1 232/1/1
f 254/1/1 249/1/1 253/1/1
f 257/1/1 251/1/1 250/1/1
f 258/2/1 255/2/1 254/2/1
f 259/2/1 255/2/1 258/2/1
f 260/1/1 259/1/1 258/1/1
f 263/1/1 257/1/1 256/1/1
f 264/1/1 251/1/1 257/1/1
f 264/1/1 257/1/1 263/1/1
f 265/1/1 251/1/1 264/1/1
f 266/1/1 261/1/1 260/1/1
f 269/1/1 263/1/1 262/1/1
f 269/1/1 264/1/1 263/1/1
f 270/1/1 267/1/1 266/1/1
f 270/1/1 260/1/1 258/1/1
f 270/1/1 266/1/1 260/1/1
f 271/1/1 267/1/1 270/1/1
f 272/1/1 267/1/1 271/1/1
f 276/1/1 269/1/1 268/1/1
f 277/1/1 264/1/1 269/1/1
f 277/1/1 269/1/1 276/1/1
f 278/1/1 264/1/1 277/1/1
f 279/1/1 272/1/1 271/1/1
f 280/2/1 274/2/1 273/2/1
f 280/1/1 272/1/1 279/1/1
f 280/2/1 273/2/1 272/2/1
f 281/2/1 274/2/1 280/2/1
f 282/2/1 274/2/1 281/2/1
f 283/1/1 276/1/1 275/1/1
f 283/1/1 277/1/1 276/1/1
f 284/1/1 277/1/1 283/1/1
f 285/1/1 277/1/1 284/1/1
f 286/2/1 281/2/1 280/2/1
f 287/1/1 282/1/1 281/1/1
f 287/2/1 281/2/1 286/2/1
f 287/1/1 284/1/1 283/1/1
f 287/1/1 283/1/1 282/1/1
f 288/1/1 284/1/1 287/1/1
f 289/1/1 284/1/1 288/1/1
f 290/1/1 284/1/1 289/1/1
f 291/1/1 289/1/1 288/1/1
f 292/1/1 289/1/1 291/1/1
f 298/2/1 294/2/1 293/2/1
f 299/1/1 295/1/1 294/1/1
f 299/2/1 294/2/1 298/2/1
f 300/1/1 295/1/1 299/1/1
f 301/1/1 295/1/1 300/1/1
f 302/1/1 295/1/1 301/1/1
f 306/2/1 297/2/1 296/2/1
f 307/1/1 298/1/1 297/1/1
f 307/1/1 299/1/1 298/1/1
f 307/2/1 297/2/1 306/2/1
f 307/1/1 300/1/1 299/1/1
f 308/1/1 300/1/1 307/1/1
f 309/1/1 302/1/1 301/1/1
f 309/1/1 303/1/1 302/1/1
f 310/1/1 303/1/1 309/1/1
f 311/1/1 303/1/1 310/1/1
f 314/2/1 305/2/1 304/2/1
f 315/1/1 306/1/1 305/1/1
f 315/1/1 307/1/1 306/1/1
f 315/2/1 305/2/1 314/2/1
f 316/1/1 307/1/1 315/1/1
f 317/1/1 311/1/1 310/1/1
f 317/1/1 312/1/1 311/1/1
f 318/1/1 312/1/1 317/1/1
f 320/1/1 314/1/1 313/1/1
f 320/1/1 315/1/1 314/1/1
f 321/1/1 315/1/1 320/1/1
f 322/2/1 319/2/1 318/2/1
f 323/2/1 319/2/1 322/2/1
f 325/1/1 320/1/1 313/1/1
f 328/1/1 325/1/1 324/1/1
f 328/1/1 320/1/1 325/1/1
f 329/1/1 320/1/1 328/1/1
f 330/1/1 327/1/1 326/1/1
f 331/1/1 327/1/1 330/1/1
f 333/1/1 332/1/1 331/1/1
f 335/1/1 333/1/1 331/1/1
f 335/1/1 334/1/1 333/1/1
f 336/1/1 334/1/1 335/1/1
f 337/1/1 328/1/1 324/1/1
f 338/1/1 328/1/1 337/1/1
f 339/2/1 336/2/1 335/2/1
f 340/2/1 336/2/1 339/2/1
f 341/2/1 336/2/1 340/2/1
f 342/1/1 341/1/1 340/1/1
f 344/1/1 341/1/1 342/1/1
f 345/1/1 341/1/1 344/1/1
f 345/1/1 344/1/1 343/1/1
f 346/1/1 341/1/1 345/1/1
f 348/1/1 345/1/1 343/1/1
f 349/1/1 345/1/1 348/1/1
f 349/1/1 348/1/1 347/1/1
f 350/1/1 345/1/1 349/1/1
f 352/1/1 349/1/1 347/1/1
f 356/1/1 352/1/1 351/1/1
f 357/1/1 349/1/1 352/1/1
f 357/1/1 352/1/1 356/1/1
f 358/1/1 349/1/1 357/1/1
f 359/2/1 354/2/1 353/2/1
f 360/2/1 354/2/1 359/2/1
f 364/1/1 356/1/1 355/1/1
f 364/1/1 357/1/1 356/1/1
f 365/1/1 357/1/1 364/1/1
f 366/1/1 357/1/1 365/1/1
f 367/1/1 362/1/1 361/1/1
f 367/1/1 361/1/1 360/1/1
f 368/1/1 362/1/1 367/1/1
f 369/1/1 362/1/1 368/1/1
f 370/1/1 365/1/1 364/1/1
f 370/1/1 364/1/1 363/1/1
f 371/1/1 365/1/1 370/1/1
f 372/1/1 365/1/1 371/1/1
f 373/1/1 369/1/1 368/1/1
f 373/1/1 371/1/1 370/1/1
f 373/1/1 370/1/1 369/1/1
f 374/1/1 371/1/1 373/1/1
f 378/1/1 376/1/1 375/1/1
f 379/2/1 377/2/1 376/2/1
f 379/1/1 376/1/1 378/1/1
f 380/2/1 377/2/1 379/2/1
f 381/2/1 379/2/1 378/2/1
f 382/1/1 380/1/1 379/1/1
f 382/2/1 379/2/1 381/2/1
f 383/1/1 380/1/1 382/1/1
f 384/1/1 382/1/1 381/1/1
f 385/2/1 383/2/1 382/2/1
f 385/1/1 382/1/1 384/1/1
f 386/2/1 383/2/1 385/2/1
f 387/2/1 385/2/1 384/2/1
f 388/1/1 386/1/1 385/1/1
f 388/2/1 385/2/1 387/2/1
f 389/1/1 388/1/1 387/1/1
f 390/1/1 386/1/1 388/1/1
f 390/1/1 388/1/1 389/1/1
f 397/1/1 392/1/1 391/1/1
f 398/2/1 393/2/1 392/2/1
f 398/1/1 392/1/1 397/1/1
f 399/2/1 393/2/1 398/2/1
f 400/2/1 393/2/1 399/2/1
f 401/1/1 395/1/1 394/1/1
f 402/1/1 395/1/1 401/1/1
f 404/2/1 397/2/1 396/2/1
f 404/2/1 398/2/1 397/2/1
f 405/2/1 398/2/1 404/2/1
f 406/2/1 398/2/1 405/2/1
f 408/2/1 404/2/1 403/2/1
f 409/2/1 404/2/1 408/2/1
f 411/2/1 408/2/1 407/2/1
f 412/2/1 408/2/1 411/2/1
f 413/2/1 411/2/1 410/2/1
f 414/2/1 411/2/1 413/2/1
f 418/1/1 416/1/1 415/1/1
f 419/1/1 416/1/1 418/1/1
f 419/1/1 418/1/1 417/1/1
f 420/1/1 416/1/1 419/1/1
f 422/1/1 419/1/1 417/1/1
f 423/1/1 419/1/1 422/1/1
f 424/1/1 422/1/1 421/1/1
f 425/2/1 423/2/1 422/2/1
f 425/1/1 422/1/1 424/1/1
f 426/2/1 423/2/1 425/2/1
f 428/2/1 425/2/1 424/2/1
f 429/2/1 425/2/1 428/2/1
f 432/2/1 428/2/1 427/2/1
f 433/2/1 428/2/1 432/2/1
f 437/1/1 431/1/1 430/1/1
f 438/2/1 432/2/1 431/2/1
f 438/1/1 431/1/1 437/1/1
f 439/2/1 432/2/1 438/2/1
f 440/1/1 435/1/1 434/1/1
f 441/1/1 435/1/1 440/1/1
f 442/1/1 437/1/1 436/1/1
f 443/1/1 437/1/1 442/1/1
f 444/2/1 438/2/1 437/2/1
f 444/1/1 437/1/1 443/1/1
f 445/2/1 438/2/1 444/2/1
f 446/1/1 443/1/1 442/1/1
f 446/1/1 442/1/1 441/1/1
f 447/1/1 443/1/1 446/1/1
f 450/2/1 449/2/1 448/2/1
f 451/2/1 449/2/1 450/2/1
f 453/1/1 451/1/1 450/1/1
f 453/1/1 452/1/1 451/1/1
f 454/1/1 452/1/1 453/1/1
f 458/1/1 456/1/1 455/1/1
f 459/1/1 456/1/1 458/1/1
f 460/1/1 458/1/1 457/1/1
f 461/1/1 458/1/1 460/1/1
f 463/1/1 460/1/1 457/1/1
f 464/1/1 460/1/1 463/1/1
f 466/2/1 463/2/1 462/2/1
f 467/2/1 463/2/1 466/2/1
f 468/2/1 466/2/1 465/2/1
f 470/2/1 468/2/1 465/2/1
f 471/2/1 468/2/1 470/2/1
f 474/2/1 473/2/1 472/2/1
f 475/2/1 473/2/1 474/2/1
f 476/1/1 470/1/1 469/1/1
f 477/1/1 470/1/1 476/1/1
f 478/1/1 475/1/1 474/1/1
f 479/1/1 475/1/1 478/1/1
f 480/1/1 475/1/1 479/1/1
f 482/2/1 480/2/1 479/2/1
f 483/2/1 480/2/1 482/2/1
f 484/2/1 482/2/1 481/2/1
f 486/2/1 482/2/1 484/2/1
f 487/2/1 482/2/1 486/2/1
f 489/2/1 486/2/1 485/2/1
f 490/2/1 486/2/1 489/2/1
f 492/2/1 489/2/1 488/2/1
f 493/2/1 489/2/1 492/2/1
f 495/2/1 492/2/1 491/2/1
f 496/1/1 493/1/1 492/1/1
f 496/2/1 492/2/1 495/2/1
f 497/1/1 493/1/1 496/1/1
f 502/2/1 495/2/1 494/2/1
f 503/2/1 495/2/1 502/2/1
f 504/1/1 499/1/1 498/1/1
f 505/1/1 499/1/1 504/1/1
f 508/1/1 501/1/1 500/1/1
f 509/2/1 502/2/1 501/2/1
f 509/1/1 501/1/1 508/1/1
f 510/2/1 502/2/1 509/2/1
f 511/1/1 507/1/1 506/1/1
f 512/2/1 508/2/1 507/2/1
f 512/1/1 507/1/1 511/1/1
f 513/2/1 508/2/1 512/2/1
f 516/1/1 515/1/1 514/1/1
f 517/1/1 515/1/1 516/1/1
f 518/2/1 517/2/1 516/2/1
f 519/2/1 517/2/1 518/2/1
f 520/1/1 519/1/1 518/1/1
f 521/1/1 519/1/1 520/1/1
f 522/2/1 521/2/1 520/2/1
f 523/2/1 521/2/1 522/2/1
f 524/1/1 523/1/1 522/1/1
f 525/1/1 523/1/1 524/1/1
f 529/1/1 527/1/1 526/1/1
f 530/1/1 527/1/1 529/1/1
f 532/1/1 529/1/1 528/1/1
f 533/1/1 529/1/1 532/1/1
f 535/1/1 532/1/1 531/1/1
f 536/1/1 532/1/1 535/1/1
f 537/1/1 535/1/1 534/1/1
f 538/1/1 535/1/1 537/1/1
f 539/2/1 538/2/1 537/2/1
f 540/2/1 538/2/1 539/2/1
f 543/2/1 542/2/1 541/2/1
f 544/2/1 542/2/1 543/2/1
f 547/1/1 544/1/1 543/1/1
f 548/1/1 547/1/1 543/1/1
f 549/1/1 547/1/1 548/1/1
f 550/1/1 546/1/1 545/1/1
f 551/1/1 546/1/1 550/1/1
f 552/2/1 551/2/1 550/2/1
f 553/2/1 551/2/1 552/2/1
f 556/2/1 555/2/1 554/2/1
f 557/2/1 555/2/1 556/2/1
f 559/1/1 557/1/1 556/1/1
f 560/1/1 557/1/1 559/1/1
f 562/1/1 559/1/1 558/1/1
f 563/1/1 559/1/1 562/1/1
f 564/1/1 562/1/1 561/1/1
f 567/1/1 562/1/1 564/1/1
f 568/1/1 562/1/1 567/1/1
f 570/1/1 566/1/1 565/1/1
f 570/1/1 567/1/1 566/1/1
f 571/1/1 567/1/1 570/1/1
f 577/1/1 570/1/1 569/1/1
f 578/1/1 570/1/1 577/1/1
f 579/1/1 573/1/1 572/1/1
f 579/1/1 574/1/1 573/1/1
f 580/1/1 574/1/1 579/1/1
f 584/2/1 576/2/1 575/2/1
f 585/1/1 577/1/1 576/1/1
f 585/2/1 576/2/1 584/2/1
f 586/1/1 577/1/1 585/1/1
f 587/1/1 582/1/1 581/1/1
f 588/2/1 583/2/1 582/2/1
f 588/1/1 582/1/1 587/1/1
f 589/2/1 583/2/1 588/2/1
f 593/1/1 591/1/1 590/1/1
f 594/1/1 591/1/1 593/1/1
f 596/1/1 593/1/1 592/1/1
f 597/1/1 593/1/1 596/1/1
f 598/1/1 596/1/1 595/1/1
f 599/1/1 596/1/1 598/1/1
f 602/1/1 601/1/1 600/1/1
f 603/1/1 601/1/1 602/1/1
f 604/2/1 603/2/1 602/2/1
f 605/2/1 603/2/1 604/2/1
f 610/1/1 607/1/1 606/1/1
f 611/1/1 610/1/1 606/1/1
f 612/1/1 610/1/1 611/1/1
f 614/1/1 609/1/1 608/1/1
f 615/1/1 609/1/1 614/1/1
f 616/1/1 613/1/1 612/1/1
f 617/1/1 613/1/1 616/1/1
f 620/2/1 619/2/1 618/2/1
f 621/2/1 619/2/1 620/2/1
f 622/1/1 621/1/1 620/1/1
f 623/1/1 621/1/1 622/1/1
f 627/1/1 625/1/1 624/1/1
f 628/1/1 625/1/1 627/1/1
f 630/1/1 627/1/1 626/1/1
f 631/1/1 627/1/1 630/1/1
f 633/1/1 630/1/1 629/1/1
f 634/1/1 630/1/1 633/1/1
f 636/1/1 633/1/1 632/1/1
f 637/1/1 633/1/1 636/1/1
f 644/1/1 636/1/1 635/1/1
f 645/1/1 636/1/1 644/1/1
f 646/1/1 639/1/1 638/1/1
f 646/1/1 640/1/1 639/1/1
f 647/1/1 640/1/1 646/1/1
f 650/2/1 642/2/1 641/2/1
f 651/1/1 643/1/1 642/1/1
f 651/2/1 642/2/1 650/2/1
f 652/1/1 643/1/1 651/1/1
f 653/1/1 649/1/1 648/1/1
f 654/1/1 649/1/1 653/1/1
f 657/1/1 656/1/1 655/1/1
f 658/1/1 656/1/1 657/1/1
f 659/2/1 658/2/1 657/2/1
f 660/2/1 658/2/1 659/2/1
f 661/1/1 660/1/1 659/1/1
f 662/1/1 660/1/1 661/1/1
f 665/1/1 664/1/1 663/1/1
f 666/1/1 664/1/1 665/1/1
f 670/1/1 668/1/1 667/1/1
f 671/1/1 668/1/1 670/1/1
f 672/1/1 670/1/1 669/1/1
f 673/1/1 670/1/1 672/1/1
f 676/1/1 675/1/1 674/1/1
f 677/1/1 675/1/1 676/1/1
f 678/2/1 677/2/1 676/2/1
f 679/2/1 678/2/1 676/2/1
f 680/2/1 678/2/1 679/2/1
f 685/1/1 682/1/1 681/1/1
f 686/1/1 682/1/1 685/1/1
f 687/2/1 684/2/1 683/2/1
f 688/2/1 684/2/1 687/2/1
f 689/2/1 684/2/1 688/2/1
f 690/1/1 689/1/1 688/1/1
f 691/1/1 689/1/1 690/1/1
f 694/1/1 693/1/1 692/1/1
f 696/1/1 693/1/1 694/1/1
f 697/1/1 693/1/1 696/1/1
f 698/1/1 696/1/1 695/1/1
f 699/1/1 696/1/1 698/1/1
f 705/1/1 701/1/1 700/1/1
f 706/1/1 701/1/1 705/1/1
f 707/1/1 703/1/1 702/1/1
f 708/1/1 703/1/1 707/1/1
f 716/1/1 705/1/1 704/1/1
f 717/1/1 705/1/1 716/1/1
f 718/1/1 710/1/1 709/1/1
f 719/1/1 710/1/1 718/1/1
f 720/1/1 712/1/1 711/1/1
f 721/1/1 712/1/1 720/1/1
f 722/2/1 714/2/1 713/2/1
f 723/1/1 715/1/1 714/1/1
f 723/2/1 714/2/1 722/2/1
f 724/1/1 715/1/1 723/1/1
f 727/1/1 726/1/1 725/1/1
f 728/1/1 726/1/1 727/1/1
f 729/2/1 728/2/1 727/2/1
f 730/2/1 728/2/1 729/2/1
f 731/1/1 730/1/1 729/1/1
f 732/1/1 730/1/1 731/1/1
f 733/2/1 732/2/1 731/2/1
f 734/2/1 732/2/1 733/2/1
f 735/1/1 734/1/1 733/1/1
f 736/1/1 734/1/1 735/1/1
f 739/1/1 738/1/1 737/1/1
f 740/1/1 738/1/1 739/1/1
f 744/1/1 742/1/1 741/1/1
f 745/1/1 742/1/1 744/1/1
f 747/1/1 744/1/1 743/1/1
f 748/1/1 744/1/1 747/1/1
f 749/1/1 747/1/1 746/1/1
f 750/1/1 747/1/1 749/1/1
f 753/1/1 752/1/1 751/1/1
f 754/1/1 752/1/1 753/1/1
f 757/1/1 756/1/1 755/1/1
f 758/1/1 756/1/1 757/1/1
f 761/1/1 760/1/1 759/1/1
f 762/1/1 760/1/1 761/1/1
f 763/2/1 758/2/1 757/2/1
f 764/2/1 758/2/1 763/2/1
f 765/2/1 762/2/1 761/2/1
f 766/1/1 764/1/1 763/1/1
f 767/1/1 764/1/1 766/1/1
f 769/2/1 762/2/1 765/2/1
f 770/2/1 762/2/1 769/2/1
f 771/1/1 768/1/1 767/1/1
f 772/1/1 768/1/1 771/1/1
f 775/1/1 774/1/1 773/1/1
f 776/1/1 774/1/1 775/1/1
f 780/1/1 778/1/1 777/1/1
f 781/1/1 778/1/1 780/1/1
f 783/1/1 780/1/1 779/1/1
f 784/1/1 780/1/1 783/1/1
f 786/1/1 783/1/1 782/1/1
f 787/1/1 783/1/1 786/1/1
f 789/1/1 786/1/1 785/1/1
f 790/1/1 786/1/1 789/1/1
f 792/1/1 789/1/1 788/1/1
f 793/1/1 789/1/1 792/1/1
f 800/1/1 792/1/1 791/1/1
f 801/1/1 792/1/1 800/1/1
f 802/1/1 795/1/1 794/1/1
f 803/1/1 795/1/1 802/1/1
f 804/1/1 797/1/1 796/1/1
f 805/1/1 797/1/1 804/1/1
f 809/1/1 799/1/1 798/1/1
f 810/1/1 799/1/1 809/1/1
f 811/1/1 806/1/1 805/1/1
f 812/2/1 808/2/1 807/2/1
f 812/1/1 806/1/1 811/1/1
f 812/2/1 807/2/1 806/2/1
f 813/2/1 808/2/1 812/2/1
f 816/1/1 815/1/1 814/1/1
f 817/1/1 815/1/1 816/1/1
f 818/2/1 817/2/1 816/2/1
f 819/2/1 817/2/1 818/2/1
f 822/1/1 821/1/1 820/1/1
f 823/1/1 821/1/1 822/1/1
f 826/1/1 825/1/1 824/1/1
f 827/1/1 825/1/1 826/1/1
f 830/1/1 829/1/1 828/1/1
f 831/1/1 829/1/1 830/1/1
f 834/1/1 833/1/1 832/1/1
f 835/1/1 833/1/1 834/1/1
f 840/1/1 837/1/1 836/1/1
f 841/1/1 837/1/1 840/1/1
f 843/1/1 839/1/1 838/1/1
f 844/1/1 839/1/1 843/1/1
f 845/1/1 842/1/1 841/1/1
f 846/1/1 842/1/1 845/1/1
f 849/1/1 848/1/1 847/1/1
f 850/1/1 848/1/1 849/1/1
f 854/1/1 852/1/1 851/1/1
f 855/1/1 852/1/1 854/1/1
f 857/1/1 854/1/1 853/1/1
f 858/1/1 854/1/1 857/1/1
f 859/1/1 857/1/1 856/1/1
f 860/1/1 857/1/1 859/1/1
f 867/1/1 862/1/1 861/1/1
f 868/1/1 862/1/1 867/1/1
f 869/1/1 864/1/1 863/1/1
f 870/1/1 864/1/1 869/1/1
f 871/1/1 866/1/1 865/1/1
f 872/1/1 866/1/1 871/1/1
f 875/1/1 874/1/1 873/1/1
f 876/1/1 874/1/1 875/1/1
f 879/1/1 878/1/1 877/1/1
f 880/1/1 878/1/1 879/1/1
f 883/1/1 882/1/1 881/1/1
f 884/1/1 882/1/1 883/1/1
f 889/1/1 886/1/1 885/1/1
f 890/1/1 886/1/1 889/1/1
f 891/1/1 888/1/1 887/1/1
f 892/1/1 888/1/1 891/1/1
f 895/1/1 894/1/1 893/1/1
f 896/1/1 894/1/1 895/1/1
f 899/1/1 898/1/1 897/1/1
f 900/1/1 898/1/1 899/1/1
f 903/1/1 902/1/1 901/1/1
f 904/1/1 902/1/1 903/1/1
f 907/1/1 906/1/1 905/1/1
f 908/1/1 906/1/1 907/1/1
f 911/1/1 910/1/1 909/1/1
f 912/1/1 910/1/1 911/1/1
f 915/2/1 914/2/1 913/2/1
f 916/2/1 914/2/1 915/2/1
f 921/2/1 920/2/1 919/2/1
f 922/1/1 918/1/1 917/1/1
f 923/2/1 920/2/1 921/2/1
f 924/2/1 920/2/1 923/2/1
f 925/1/1 922/1/1 917/1/1
f 926/1/1 922/1/1 925/1/1
f 927/2/1 926/2/1 925/2/1
f 928/2/1 926/2/1 927/2/1
f 929/1/1 924/1/1 923/1/1
f 930/1/1 924/1/1 929/1/1
f 935/1/1 932/1/1 931/1/1
f 936/1/1 932/1/1 935/1/1
f 938/1/1 934/1/1 933/1/1
f 939/1/1 934/1/1 938/1/1
f 940/1/1 937/1/1 936/1/1
f 941/1/1 937/1/1 940/1/1
f 944/1/1 943/1/1 942/1/1
f 945/1/1 943/1/1 944/1/1
f 949/1/1 947/1/1 946/1/1
f 950/1/1 947/1/1 949/1/1
f 951/1/1 949/1/1 948/1/1
f 952/1/1 949/1/1 951/1/1
f 957/1/1 954/1/1 953/1/1
f 958/1/1 954/1/1 957/1/1
f 963/2/1 956/2/1 955/2/1
f 964/2/1 956/2/1 963/2/1
f 965/1/1 960/1/1 959/1/1
f 966/1/1 960/1/1 965/1/1
f 972/2/1 962/2/1 961/2/1
f 973/2/1 962/2/1 972/2/1
f 974/1/1 968/1/1 967/1/1
f 975/2/1 969/2/1 968/2/1
f 975/1/1 968/1/1 974/1/1
f 976/1/1 970/1/1 969/1/1
f 976/2/1 969/2/1 975/2/1
f 977/2/1 971/2/1 970/2/1
f 977/1/1 970/1/1 976/1/1
f 978/2/1 971/2/1 977/2/1
f 983/1/1 980/1/1 979/1/1
f 984/1/1 980/1/1 983/1/1
f 985/2/1 982/2/1 981/2/1
f 986/2/1 982/2/1 985/2/1
f 987/1/1 986/1/1 985/1/1
f 988/1/1 986/1/1 987/1/1
f 990/1/1 989/1/1 988/1/1
f 991/1/1 989/1/1 990/1/1
f 993/2/1 992/2/1 991/2/1
f 994/2/1 992/2/1 993/2/1
f 999/1/1 996/1/1 995/1/1
f 1000/1/1 996/1/1 999/1/1
f 1001/1/1 998/1/1 997/1/1
f 1002/1/1 998/1/1 1001/1/1
f 1007/2/1 1004/2/1 1003/2/1
f 1008/2/1 1004/2/1 1007/2/1
f 1009/1/1 1006/1/1 1005/1/1
f 1010/1/1 1006/1/1 1009/1/1
f 1013/2/1 1012/2/1 1011/2/1
f 1014/2/1 1012/2/1 1013/2/1
f 1016/2/1 1015/2/1 1014/2/1
f 1017/2/1 1015/2/1 1016/2/1
f 1020/1/1 1019/1/1 1018/1/1
f 1021/1/1 1019/1/1 1020/1/1
f 1024/2/1 1023/2/1 1022/2/1
f 1025/2/1 1023/2/1 1024/2/1
f 1028/1/1 1027/1/1 1026/1/1
f 1029/1/1 1027/1/1 1028/1/1
f 1034/1/1 1031/1/1 1030/1/1
f 1035/1/1 1031/1/1 1034/1/1
f 1036/2/1 1033/2/1 1032/2/1
f 1037/2/1 1033/2/1 1036/2/1
f 1040/1/1 1039/1/1 1038/1/1
f 1041/1/1 1039/1/1 1040/1/1
f 1042/2/1 1041/2/1 1040/2/1
f 1043/2/1 1041/2/1 1042/2/1
f 1044/1/1 1043/1/1 1042/1/1
f 1045/1/1 1043/1/1 1044/1/1
f 1048/2/1 1047/2/1 1046/2/1
f 1049/2/1 1047/2/1 1048/2/1
f 1050/1/1 1049/1/1 1048/1/1
f 1051/1/1 1049/1/1 1050/1/1
f 1056/1/1 1053/1/1 1052/1/1
f 1057/1/1 1053/1/1 1056/1/1
f 1058/2/1 1055/2/1 1054/2/1
f 1059/2/1 1055/2/1 1058/2/1
f 1064/1/1 1061/1/1 1060/1/1
f 1065/1/1 1061/1/1 1064/1/1
f 1066/1/1 1063/1/1 1062/1/1
f 1067/1/1 1063/1/1 1066/1/1
f 1072/2/1 1069/2/1 1068/2/1
f 1073/2/1 1069/2/1 1072/2/1
f 1074/1/1 1071/1/1 1070/1/1
f 1075/1/1 1071/1/1 1074/1/1
f 1080/1/1 1077/1/1 1076/1/1
f 1081/1/1 1077/1/1 1080/1/1
f 1082/1/1 1079/1/1 1078/1/1
f 1083/1/1 1079/1/1 1082/1/1
f 1088/1/1 1085/1/1 1084/1/1
f 1089/1/1 1085/1/1 1088/1/1
f 1094/1/1 1087/1/1 1086/1/1
f 1095/1/1 1087/1/1 1094/1/1
f 1096/1/1 1091/1/1 1090/1/1
f 1097/1/1 1091/1/1 1096/1/1
f 1098/1/1 1093/1/1 1092/1/1
f 1099/1/1 1093/1/1 1098/1/1
f 1102/1/1 1101/1/1 1100/1/1
f 1103/1/1 1101/1/1 1102/1/1
f 1108/1/1 1105/1/1 1104/1/1
f 1109/1/1 1105/1/1 1108/1/1
f 1110/1/1 1107/1/1 1106/1/1
f 1111/1/1 1107/1/1 1110/1/1
f 1116/2/1 1113/2/1 1112/2/1
f 1117/2/1 1113/2/1 1116/2/1
f 1119/2/1 1115/2/1 1114/2/1
f 1120/2/1 1115/2/1 1119/2/1
f 1121/2/1 1118/2/1 1117/2/1
f 1122/2/1 1118/2/1 1121/2/1
f 1127/2/1 1124/2/1 1123/2/1
f 1128/2/1 1124/2/1 1127/2/1
f 1129/1/1 1126/1/1 1125/1/1
f 1130/1/1 1126/1/1 1129/1/1
f 1133/1/1 1132/1/1 1131/1/1
f 1134/1/1 1132/1/1 1133/1/1
f 1137/1/1 1136/1/1 1135/1/1
f 1138/1/1 1136/1/1 1137/1/1
f 1141/2/1 1140/2/1 1139/2/1
f 1142/2/1 1140/2/1 1141/2/1
f 1143/1/1 1142/1/1 1141/1/1
f 1144/1/1 1142/1/1 1143/1/1
f 1149/1/1 1146/1/1 1145/1/1
f 1150/1/1 1146/1/1 1149/1/1
f 1151/1/1 1148/1/1 1147/1/1
f 1152/1/1 1148/1/1 1151/1/1
f 1155/1/1 1154/1/1 1153/1/1
f 1156/1/1 1154/1/1 1155/1/1
f 1159/1/1 1158/1/1 1157/1/1
f 1160/1/1 1158/1/1 1159/1/1
f 1165/1/1 1162/1/1 1161/1/1
f 1166/1/1 1162/1/1 1165/1/1
f 1167/1/1 1164/1/1 1163/1/1
f 1168/1/1 1164/1/1 1167/1/1
f 1173/1/1 1170/1/1 1169/1/1
f 1174/1/1 1170/1/1 1173/1/1
f 1175/1/1 1172/1/1 1171/1/1
f 1176/1/1 1172/1/1 1175/1/1
f 1179/1/1 1178/1/1 1177/1/1
f 1180/1/1 1178/1/1 1179/1/1
f 1183/2/1 1182/2/1 1181/2/1
f 1184/2/1 1182/2/1 1183/2/1
f 1187/1/1 1186/1/1 1185/1/1
f 1188/1/1 1186/1/1 1187/1/1
f 1191/2/1 1190/2/1 1189/2/1
f 1192/2/1 1190/2/1 1191/2/1
f 1195/1/1 1194/1/1 1193/1/1
f 1196/1/1 1194/1/1 1195/1/1
f 1201/2/1 1198/2/1 1197/2/1
f 1202/2/1 1198/2/1 1201/2/1
f 1207/1/1 1200/1/1 1199/1/1
f 1208/1/1 1200/1/1 1207/1/1
f 1209/1/1 1204/1/1 1203/1/1
f 1210/1/1 1204/1/1 1209/1/1
f 1211/1/1 1206/1/1 1205/1/1
f 1212/1/1 1206/1/1 1211/1/1
f 1217/1/1 1214/1/1 1213/1/1
f 1218/1/1 1214/1/1 1217/1/1
f 1219/1/1 1216/1/1 1215/1/1
f 1220/1/1 1216/1/1 1219/1/1
f 1225/1/1 1222/1/1 1221/1/1
f 1226/1/1 1222/1/1 1225/1/1
f 1227/1/1 1224/1/1 1223/1/1
f 1228/1/1 1224/1/1 1227/1/1
f 1231/1/1 1230/1/1 1229/1/1
f 1232/1/1 1230/1/1 1231/1/1
f 1237/1/1 1234/1/1 1233/1/1
f 1238/1/1 1234/1/1 1237/1/1
f 1239/1/1 1236/1/1 1235/1/1
f 1240/1/1 1236/1/1 1239/1/1
f 1241/2/1 1238/2/1 1237/2/1
f 1242/2/1 1238/2/1 1241/2/1
f 1247/1/1 1244/1/1 1243/1/1
f 1248/1/1 1244/1/1 1247/1/1
f 1249/1/1 1246/1/1 1245/1/1
f 1250/1/1 1246/1/1 1249/1/1
f 1255/1/1 1252/1/1 1251/1/1
f 1256/1/1 1252/1/1 1255/1/1
f 1257/1/1 1254/1/1 1253/1/1
f 1258/1/1 1254/1/1 1257/1/1
f 1263/1/1 1260/1/1 1259/1/1
f 1264/1/1 1260/1/1 1263/1/1
f 1265/1/1 1262/1/1 1261/1/1
f 1266/1/1 1262/1/1 1265/1/1
f 1271/1/1 1268/1/1 1267/1/1
f 1272/1/1 1268/1/1 1271/1/1
f 1273/1/1 1270/1/1 1269/1/1
f 1274/1/1 1270/1/1 1273/1/1
f 1279/1/1 1278/1/1 1277/1/1
f 1280/1/1 1278/1/1 1279/1/1
f 1281/1/1 1276/1/1 1275/1/1
f 1282/1/1 1276/1/1 1281/1/1
f 1287/2/1 1284/2/1 1283/2/1
f 1288/2/1 1284/2/1 1287/2/1
f 1289/1/1 1286/1/1 1285/1/1
f 1290/1/1 1286/1/1 1289/1/1
f 1294/1/1 1291/1/1 1290/1/1
f 1295/1/1 1291/1/1 1294/1/1
f 1296/1/1 1293/1/1 1292/1/1
f 1297/1/1 1293/1/1 1296/1/1
f 1298/2/1 1295/2/1 1294/2/1
f 1299/2/1 1295/2/1 1298/2/1
f 1304/1/1 1301/1/1 1300/1/1
f 1305/1/1 1301/1/1 1304/1/1
f 1306/1/1 1303/1/1 1302/1/1
f 1307/1/1 1303/1/1 1306/1/1
f 1312/1/1 1309/1/1 1308/1/1
f 1313/1/1 1309/1/1 1312/1/1
f 1318/1/1 1311/1/1 1310/1/1
f 1319/1/1 1311/1/1 1318/1/1
f 1320/2/1 1315/2/1 1314/2/1
f 1321/2/1 1315/2/1 1320/2/1
f 1324/1/1 1317/1/1 1316/1/1
f 1325/1/1 1317/1/1 1324/1/1
f 1326/1/1 1323/1/1 1322/1/1
f 1327/1/1 1323/1/1 1326/1/1
f 1330/1/1 1329/1/1 1328/1/1
f 1331/1/1 1329/1/1 1330/1/1
f 1332/2/1 1331/2/1 1330/2/1
f 1333/2/1 1331/2/1 1332/2/1
f 1334/1/1 1333/1/1 1332/1/1
f 1335/1/1 1333/1/1 1334/1/1
f 1338/1/1 1337/1/1 1336/1/1
f 1339/1/1 1337/1/1 1338/1/1
f 1344/1/1 1341/1/1 1340/1/1
f 1345/1/1 1341/1/1 1344/1/1
f 1346/2/1 1343/2/1 1342/2/1
f 1347/2/1 1343/2/1 1346/2/1
f 1352/1/1 1349/1/1 1348/1/1
f 1353/1/1 1349/1/1 1352/1/1
f 1354/2/1 1351/2/1 1350/2/1
f 1355/2/1 1351/2/1 1354/2/1
f 1358/1/1 1357/1/1 1356/1/1
f 1359/1/1 1357/1/1 1358/1/1
f 1363/2/1 1362/2/1 1361/2/1
f 1364/2/1 1362/2/1 1363/2/1
f 1365/1/1 1360/1/1 1359/1/1
f 1366/1/1 1360/1/1 1365/1/1
f 1371/2/1 1368/2/1 1367/2/1
f 1372/2/1 1368/2/1 1371/2/1
f 1373/1/1 1370/1/1 1369/1/1
f 1374/1/1 1370/1/1 1373/1/1
f 1379/1/1 1376/1/1 1375/1/1
f 1380/1/1 1376/1/1 1379/1/1
f 1381/1/1 1378/1/1 1377/1/1
f 1382/1/1 1378/1/1 1381/1/1
f 1387/2/1 1384/2/1 1383/2/1
f 1388/2/1 1384/2/1 1387/2/1
f 1389/1/1 1386/1/1 1385/1/1
f 1390/1/1 1386/1/1 1389/1/1
f 1393/1/1 1392/1/1 1391/1/1
f 1394/1/1 1392/1/1 1393/1/1
f 1399/2/1 1396/2/1 1395/2/1
f 1400/2/1 1396/2/1 1399/2/1
f 1401/2/1 1398/2/1 1397/2/1
f 1402/2/1 1398/2/1 1401/2/1
f 1407/1/1 1404/1/1 1403/1/1
f 1408/1/1 1404/1/1 1407/1/1
f 1409/1/1 1406/1/1 1405/1/1
f 1410/1/1 1406/1/1 1409/1/1
f 1415/1/1 1412/1/1 1411/1/1
f 1416/1/1 1412/1/1 1415/1/1
f 1417/1/1 1414/1/1 1413/1/1
f 1418/1/1 1414/1/1 1417/1/1
f 1423/1/1 1422/1/1 1421/1/1
f 1424/1/1 1422/1/1 1423/1/1
f 1425/1/1 1420/1/1 1419/1/1
f 1426/1/1 1420/1/1 1425/1/1
f 1427/2/1 1424/2/1 1423/2/1
f 1428/2/1 1424/2/1 1427/2/1
f 1433/1/1 1430/1/1 1429/1/1
f 1434/1/1 1430/1/1 1433/1/1
f 1435/1/1 1432/1/1 1431/1/1
f 1436/1/1 1432/1/1 1435/1/1
f 1441/2/1 1438/2/1 1437/2/1
f 1442/2/1 1438/2/1 1441/2/1
f 1445/1/1 1440/1/1 1439/1/1
f 1446/1/1 1440/1/1 1445/1/1
f 1447/2/1 1443/2/1 1442/2/1
f 1448/2/1 1443/2/1 1447/2/1
f 1449/1/1 1445/1/1 1444/1/1
f 1450/1/1 1445/1/1 1449/1/1
f 1455/1/1 1452/1/1 1451/1/1
f 1456/1/1 1452/1/1 1455/1/1
f 1461/1/1 1454/1/1 1453/1/1
f 1462/1/1 1454/1/1 1461/1/1
f 1463/1/1 1458/1/1 1457/1/1
f 1464/1/1 1458/1/1 1463/1/1
f 1465/1/1 1460/1/1 1459/1/1
f 1466/1/1 1460/1/1 1465/1/1
f 1469/1/1 1468/1/1 1467/1/1
f 1470/1/1 1468/1/1 1469/1/1
f 1471/2/1 1470/2/1 1469/2/1
f 1472/2/1 1470/2/1 1471/2/1
f 1475/2/1 1474/2/1 1473/2/1
f 1476/2/1 1474/2/1 1475/2/1
f 1477/1/1 1476/1/1 1475/1/1
f 1478/1/1 1476/1/1 1477/1/1
f 1481/1/1 1480/1/1 1479/1/1
f 1482/1/1 1480/1/1 1481/1/1
f 1488/2/1 1484/2/1 1483/2/1
f 1489/2/1 1484/2/1 1488/2/1
f 1490/2/1 1486/2/1 1485/2/1
f 1491/2/1 1486/2/1 1490/2/1
f 1494/1/1 1488/1/1 1487/1/1
f 1495/1/1 1488/1/1 1494/1/1
f 1496/1/1 1492/1/1 1491/1/1
f 1497/1/1 1492/1/1 1496/1/1
f 1499/1/1 1494/1/1 1493/1/1
f 1500/1/1 1494/1/1 1499/1/1
f 1501/1/1 1498/1/1 1497/1/1
f 1502/1/1 1498/1/1 1501/1/1
f 1507/2/1 1506/2/1 1505/2/1
f 1508/2/1 1506/2/1 1507/2/1
f 1509/1/1 1504/1/1 1503/1/1
f 1510/1/1 1504/1/1 1509/1/1
f 1511/1/1 1508/1/1 1507/1/1
f 1512/1/1 1508/1/1 1511/1/1
f 1517/1/1 1514/1/1 1513/1/1
f 1518/1/1 1514/1/1 1517/1/1
f 1519/1/1 1516/1/1 1515/1/1
f 1520/1/1 1516/1/1 1519/1/1
f 1525/1/1 1524/1/1 1523/1/1
f 1526/1/1 1524/1/1 1525/1/1
f 1527/1/1 1522/1/1 1521/1/1
f 1528/1/1 1522/1/1 1527/1/1
f 1529/2/1 1526/2/1 1525/2/1
f 1530/2/1 1526/2/1 1529/2/1
f 1535/1/1 1532/1/1 1531/1/1
f 1536/1/1 1532/1/1 1535/1/1
f 1539/1/1 1534/1/1 1533/1/1
f 1540/1/1 1534/1/1 1539/1/1
f 1541/1/1 1537/1/1 1536/1/1
f 1542/1/1 1537/1/1 1541/1/1
f 1545/1/1 1539/1/1 1538/1/1
f 1546/1/1 1539/1/1 1545/1/1
f 1547/1/1 1543/1/1 1542/1/1
f 1548/1/1 1543/1/1 1547/1/1
f 1551/1/1 1545/1/1 1544/1/1
f 1552/1/1 1545/1/1 1551/1/1
f 1553/2/1 1549/2/1 1548/2/1
f 1554/2/1 1549/2/1 1553/2/1
f 1557/1/1 1551/1/1 1550/1/1
f 1558/1/1 1551/1/1 1557/1/1
f 1559/1/1 1555/1/1 1554/1/1
f 1560/1/1 1555/1/1 1559/1/1
f 1566/1/1 1557/1/1 1556/1/1
f 1567/1/1 1557/1/1 1566/1/1
f 1568/1/1 1562/1/1 1561/1/1
f 1569/2/1 1563/2/1 1562/2/1
f 1569/1/1 1562/1/1 1568/1/1
f 1570/2/1 1563/2/1 1569/2/1
f 1573/1/1 1565/1/1 1564/1/1
f 1574/1/1 1565/1/1 1573/1/1
f 1575/1/1 1572/1/1 1571/1/1
f 1576/1/1 1572/1/1 1575/1/1
f 1579/1/1 1578/1/1 1577/1/1
f 1580/1/1 1578/1/1 1579/1/1
f 1586/1/1 1582/1/1 1581/1/1
f 1587/1/1 1582/1/1 1586/1/1
f 1588/1/1 1584/1/1 1583/1/1
f 1589/1/1 1584/1/1 1588/1/1
f 1591/2/1 1590/2/1 1589/2/1
f 1592/1/1 1586/1/1 1585/1/1
f 1593/1/1 1586/1/1 1592/1/1
f 1594/2/1 1591/2/1 1589/2/1
f 1595/2/1 1591/2/1 1594/2/1
f 1600/1/1 1597/1/1 1596/1/1
f 1601/1/1 1597/1/1 1600/1/1
f 1602/1/1 1599/1/1 1598/1/1
f 1603/1/1 1599/1/1 1602/1/1
f 1608/1/1 1607/1/1 1606/1/1
f 1609/1/1 1607/1/1 1608/1/1
f 1610/2/1 1609/2/1 1608/2/1
f 1611/2/1 1609/2/1 1610/2/1
f 1612/1/1 1605/1/1 1604/1/1
f 1613/1/1 1605/1/1 1612/1/1
f 1614/1/1 1611/1/1 1610/1/1
f 1615/1/1 1611/1/1 1614/1/1
f 1620/2/1 1619/2/1 1618/2/1
f 1621/2/1 1619/2/1 1620/2/1
f 1622/1/1 1617/1/1 1616/1/1
f 1623/1/1 1617/1/1 1622/1/1
f 1626/1/1 1621/1/1 1620/1/1
f 1627/1/1 1621/1/1 1626/1/1
f 1628/1/1 1624/1/1 1623/1/1
f 1629/1/1 1624/1/1 1628/1/1
f 1630/1/1 1626/1/1 1625/1/1
f 1631/1/1 1626/1/1 1630/1/1
f 1636/1/1 1633/1/1 1632/1/1
f 1637/1/1 1633/1/1 1636/1/1
f 1641/1/1 1635/1/1 1634/1/1
f 1642/1/1 1635/1/1 1641/1/1
f 1643/2/1 1638/2/1 1637/2/1
f 1644/1/1 1639/1/1 1638/1/1
f 1644/2/1 1638/2/1 1643/2/1
f 1645/1/1 1639/1/1 1644/1/1
f 1650/1/1 1641/1/1 1640/1/1
f 1651/1/1 1641/1/1 1650/1/1
f 1652/2/1 1647/2/1 1646/2/1
f 1653/2/1 1647/2/1 1652/2/1
f 1654/2/1 1647/2/1 1653/2/1
f 1655/1/1 1649/1/1 1648/1/1
f 1656/1/1 1649/1/1 1655/1/1
f 1662/1/1 1658/1/1 1657/1/1
f 1663/1/1 1658/1/1 1662/1/1
f 1664/1/1 1660/1/1 1659/1/1
f 1665/1/1 1660/1/1 1664/1/1
f 1667/2/1 1662/2/1 1661/2/1
f 1668/2/1 1662/2/1 1667/2/1
f 1669/1/1 1666/1/1 1665/1/1
f 1670/1/1 1666/1/1 1669/1/1
f 1672/1/1 1668/1/1 1667/1/1
f 1673/1/1 1668/1/1 1672/1/1
f 1674/2/1 1670/2/1 1669/2/1
f 1675/2/1 1670/2/1 1674/2/1
f 1677/1/1 1672/1/1 1671/1/1
f 1678/1/1 1672/1/1 1677/1/1
f 1679/2/1 1676/2/1 1675/2/1
f 1680/2/1 1676/2/1 1679/2/1
f 1685/1/1 1682/1/1 1681/1/1
f 1686/1/1 1682/1/1 1685/1/1
f 1687/1/1 1684/1/1 1683/1/1
f 1688/1/1 1684/1/1 1687/1/1
f 1693/1/1 1690/1/1 1689/1/1
f 1694/1/1 1690/1/1 1693/1/1
f 1695/1/1 1692/1/1 1691/1/1
f 1696/1/1 1692/1/1 1695/1/1
f 1701/1/1 1698/1/1 1697/1/1
f 1702/1/1 1698/1/1 1701/1/1
f 1703/1/1 1700/1/1 1699/1/1
f 1704/1/1 1700/1/1 1703/1/1
f 1709/1/1 1706/1/1 1705/1/1
f 1710/1/1 1706/1/1 1709/1/1
f 1713/2/1 1708/2/1 1707/2/1
f 1714/2/1 1708/2/1 1713/2/1
f 1715/1/1 1711/1/1 1710/1/1
f 1716/1/1 1711/1/1 1715/1/1
f 1719/1/1 1713/1/1 1712/1/1
f 1720/1/1 1713/1/1 1719/1/1
f 1721/1/1 1717/1/1 1716/1/1
f 1722/1/1 1717/1/1 1721/1/1
f 1725/1/1 1719/1/1 1718/1/1
f 1726/1/1 1719/1/1 1725/1/1
f 1727/1/1 1723/1/1 1722/1/1
f 1728/1/1 1723/1/1 1727/1/1
f 1733/1/1 1725/1/1 1724/1/1
f 1734/1/1 1725/1/1 1733/1/1
f 1735/1/1 1730/1/1 1729/1/1
f 1736/1/1 1730/1/1 1735/1/1
f 1737/1/1 1730/1/1 1736/1/1
f 1741/1/1 1732/1/1 1731/1/1
f 1742/1/1 1732/1/1 1741/1/1
f 1743/2/1 1739/2/1 1738/2/1
f 1744/1/1 1740/1/1 1739/1/1
f 1744/2/1 1739/2/1 1743/2/1
f 1745/1/1 1740/1/1 1744/1/1
f 1752/1/1 1747/1/1 1746/1/1
f 1753/1/1 1747/1/1 1752/1/1
f 1754/1/1 1749/1/1 1748/1/1
f 1755/1/1 1749/1/1 1754/1/1
f 1757/2/1 1751/2/1 1750/2/1
f 1758/2/1 1751/2/1 1757/2/1
f 1759/1/1 1756/1/1 1755/1/1
f 1760/1/1 1756/1/1 1759/1/1
f 1761/1/1 1756/1/1 1760/1/1
f 1764/2/1 1761/2/1 1760/2/1
f 1765/2/1 1761/2/1 1764/2/1
f 1768/1/1 1763/1/1 1762/1/1
f 1769/1/1 1763/1/1 1768/1/1
f 1770/1/1 1766/1/1 1765/1/1
f 1771/1/1 1766/1/1 1770/1/1
f 1773/1/1 1768/1/1 1767/1/1
f 1774/1/1 1768/1/1 1773/1/1
f 1775/1/1 1772/1/1 1771/1/1
f 1776/1/1 1772/1/1 1775/1/1
f 1781/1/1 1780/1/1 1779/1/1
f 1782/1/1 1780/1/1 1781/1/1
f 1783/2/1 1782/2/1 1781/2/1
f 1784/2/1 1782/2/1 1783/2/1
f 1785/1/1 1778/1/1 1777/1/1
f 1786/1/1 1778/1/1 1785/1/1
f 1787/1/1 1784/1/1 1783/1/1
f 1788/1/1 1784/1/1 1787/1/1
f 1793/1/1 1792/1/1 1791/1/1
f 1794/1/1 1790/1/1 1789/1/1
f 1795/1/1 1790/1/1 1794/1/1
f 1798/1/1 1793/1/1 1791/1/1
f 1799/1/1 1793/1/1 1798/1/1
f 1800/1/1 1796/1/1 1795/1/1
f 1801/1/1 1796/1/1 1800/1/1
f 1804/2/1 1798/2/1 1797/2/1
f 1805/2/1 1798/2/1 1804/2/1
f 1806/1/1 1802/1/1 1801/1/1
f 1809/2/1 1804/2/1 1803/2/1
f 1810/2/1 1804/2/1 1809/2/1
f 1811/1/1 1807/1/1 1806/1/1
f 1811/1/1 1806/1/1 1801/1/1
f 1812/1/1 1807/1/1 1811/1/1
f 1815/1/1 1810/1/1 1809/1/1
f 1815/1/1 1809/1/1 1808/1/1
f 1816/1/1 1810/1/1 1815/1/1
f 1817/1/1 1813/1/1 1812/1/1
f 1818/1/1 1813/1/1 1817/1/1
f 1822/1/1 1815/1/1 1814/1/1
f 1823/1/1 1815/1/1 1822/1/1
f 1824/1/1 1819/1/1 1818/1/1
f 1825/1/1 1819/1/1 1824/1/1
f 1826/1/1 1819/1/1 1825/1/1
f 1830/2/1 1821/2/1 1820/2/1
f 1831/1/1 1822/1/1 1821/1/1
f 1831/2/1 1821/2/1 1830/2/1
f 1832/1/1 1822/1/1 1831/1/1
f 1833/1/1 1828/1/1 1827/1/1
f 1834/2/1 1829/2/1 1828/2/1
f 1834/1/1 1828/1/1 1833/1/1
f 1835/2/1 1829/2/1 1834/2/1
f 1836/2/1 1829/2/1 1835/2/1
f 1841/1/1 1838/1/1 1837/1/1
f 1842/1/1 1838/1/1 1841/1/1
f 1843/1/1 1840/1/1 1839/1/1
f 1844/1/1 1840/1/1 1843/1/1
f 1845/1/1 1840/1/1 1844/1/1
f 1847/1/1 1845/1/1 1844/1/1
f 1848/2/1 1846/2/1 1845/2/1
f 1848/1/1 1845/1/1 1847/1/1
f 1849/2/1 1846/2/1 1848/2/1
f 1851/2/1 1850/2/1 1849/2/1
f 1852/2/1 1850/2/1 1851/2/1
f 1857/1/1 1853/1/1 1852/1/1
f 1859/1/1 1856/1/1 1855/1/1
f 1859/1/1 1855/1/1 1854/1/1
f 1860/1/1 1856/1/1 1859/1/1
f 1861/1/1 1858/1/1 1857/1/1
f 1861/1/1 1857/1/1 1852/1/1
f 1862/1/1 1858/1/1 1861/1/1
f 1864/1/1 1859/1/1 1854/1/1
f 1865/1/1 1858/1/1 1862/1/1
f 1867/1/1 1864/1/1 1863/1/1
f 1867/1/1 1859/1/1 1864/1/1
f 1868/1/1 1859/1/1 1867/1/1
f 1869/1/1 1866/1/1 1865/1/1
f 1869/1/1 1865/1/1 1862/1/1
f 1870/1/1 1866/1/1 1869/1/1
f 1871/1/1 1866/1/1 1870/1/1
f 1872/1/1 1866/1/1 1871/1/1
f 1873/2/1 1872/2/1 1871/2/1
f 1874/2/1 1872/2/1 1873/2/1
f 1875/1/1 1874/1/1 1873/1/1
f 1876/1/1 1867/1/1 1863/1/1
f 1879/1/1 1875/1/1 1873/1/1
f 1880/1/1 1877/1/1 1876/1/1
f 1880/1/1 1876/1/1 1863/1/1
f 1881/1/1 1877/1/1 1880/1/1
f 1882/1/1 1879/1/1 1878/1/1
f 1882/1/1 1875/1/1 1879/1/1
f 1883/1/1 1875/1/1 1882/1/1
f 1884/1/1 1877/1/1 1881/1/1
f 1887/1/1 1882/1/1 1878/1/1
f 1888/1/1 1885/1/1 1884/1/1
f 1888/1/1 1884/1/1 1881/1/1
f 1889/1/1 1885/1/1 1888/1/1
f 1890/1/1 1887/1/1 1886/1/1
f 1891/1/1 1882/1/1 1887/1/1
f 1891/1/1 1887/1/1 1890/1/1
f 1892/1/1 1882/1/1 1891/1/1
f 1893/1/1 1885/1/1 1889/1/1
f 1894/1/1 1885/1/1 1893/1/1
f 1897/2/1 1891/2/1 1890/2/1
f 1898/2/1 1891/2/1 1897/2/1
f 1899/1/1 1895/1/1 1894/1/1
f 1900/1/1 1895/1/1 1899/1/1
f 1903/2/1 1897/2/1 1896/2/1
f 1904/2/1 1897/2/1 1903/2/1
f 1905/1/1 1901/1/1 1900/1/1
f 1906/1/1 1901/1/1 1905/1/1
f 1907/1/1 1901/1/1 1906/1/1
f 1911/2/1 1903/2/1 1902/2/1
f 1912/2/1 1903/2/1 1911/2/1
f 1913/1/1 1907/1/1 1906/1/1
f 1913/1/1 1908/1/1 1907/1/1
f 1914/1/1 1908/1/1 1913/1/1
f 1915/1/1 1908/1/1 1914/1/1
f 1917/1/1 1910/1/1 1909/1/1
f 1918/2/1 1911/2/1 1910/2/1
f 1918/1/1 1910/1/1 1917/1/1
f 1919/2/1 1911/2/1 1918/2/1
f 1920/2/1 1911/2/1 1919/2/1
f 1921/1/1 1916/1/1 1915/1/1
f 1921/1/1 1915/1/1 1914/1/1
f 1922/1/1 1916/1/1 1921/1/1
f 1923/2/1 1917/2/1 1916/2/1
f 1923/1/1 1916/1/1 1922/1/1
f 1923/2/1 1918/2/1 1917/2/1
f 1924/2/1 1918/2/1 1923/2/1
f 1925/2/1 1918/2/1 1924/2/1
f 1929/1/1 1927/1/1 1926/1/1
f 1930/1/1 1927/1/1 1929/1/1
f 1931/1/1 1927/1/1 1930/1/1
f 1932/1/1 1927/1/1 1931/1/1
f 1935/1/1 1929/1/1 1928/1/1
f 1935/1/1 1930/1/1 1929/1/1
f 1936/1/1 1930/1/1 1935/1/1
f 1937/1/1 1933/1/1 1932/1/1
f 1937/1/1 1932/1/1 1931/1/1
f 1938/2/1 1934/2/1 1933/2/1
f 1938/1/1 1933/1/1 1937/1/1
f 1939/2/1 1934/2/1 1938/2/1
f 1942/1/1 1941/1/1 1940/1/1
f 1942/1/1 1940/1/1 1939/1/1
f 1942/1/1 1939/1/1 1938/1/1
f 1943/1/1 1941/1/1 1942/1/1
f 1944/1/1 1941/1/1 1943/1/1
f 1946/1/1 1945/1/1 1944/1/1
f 1946/1/1 1944/1/1 1943/1/1
f 1947/1/1 1945/1/1 1946/1/1
f 1950/1/1 1945/1/1 1947/1/1
f 1952/1/1 1950/1/1 1947/1/1
f 1952/1/1 1951/1/1 1950/1/1
f 1953/1/1 1951/1/1 1952/1/1
f 1955/1/1 1949/1/1 1948/1/1
f 1956/1/1 1951/1/1 1953/1/1
f 1958/1/1 1955/1/1 1954/1/1
f 1958/1/1 1949/1/1 1955/1/1
f 1959/1/1 1949/1/1 1958/1/1
f 1960/1/1 1957/1/1 1956/1/1
f 1960/1/1 1956/1/1 1953/1/1
f 1961/1/1 1957/1/1 1960/1/1
f 1962/1/1 1957/1/1 1961/1/1
f 1963/1/1 1957/1/1 1962/1/1
f 1964/1/1 1958/1/1 1954/1/1
f 1967/2/1 1963/2/1 1962/2/1
f 1968/2/1 1963/2/1 1967/2/1
f 1969/1/1 1965/1/1 1964/1/1
f 1969/1/1 1964/1/1 1954/1/1
f 1970/1/1 1965/1/1 1969/1/1
f 1971/1/1 1968/1/1 1967/1/1
f 1971/1/1 1967/1/1 1966/1/1
f 1972/1/1 1968/1/1 1971/1/1
f 1973/1/1 1965/1/1 1970/1/1
f 1976/1/1 1971/1/1 1966/1/1
f 1977/1/1 1974/1/1 1973/1/1
f 1977/1/1 1973/1/1 1970/1/1
f 1978/1/1 1974/1/1 1977/1/1
f 1979/1/1 1976/1/1 1975/1/1
f 1979/1/1 1971/1/1 1976/1/1
f 1980/1/1 1971/1/1 1979/1/1
f 1981/1/1 1974/1/1 1978/1/1
f 1984/1/1 1979/1/1 1975/1/1
f 1985/1/1 1979/1/1 1984/1/1
f 1986/1/1 1982/1/1 1981/1/1
f 1986/1/1 1981/1/1 1978/1/1
f 1987/1/1 1982/1/1 1986/1/1
f 1988/1/1 1982/1/1 1987/1/1
f 1991/1/1 1985/1/1 1984/1/1
f 1991/1/1 1984/1/1 1983/1/1
f 1992/1/1 1985/1/1 1991/1/1
f 1993/1/1 1985/1/1 1992/1/1
f 1994/1/1 1989/1/1 1988/1/1
f 1994/1/1 1988/1/1 1987/1/1
f 1995/1/1 1989/1/1 1994/1/1
f 1996/1/1 1989/1/1 1995/1/1
f 1999/1/1 1992/1/1 1991/1/1
f 1999/1/1 1991/1/1 1990/1/1
f 2000/1/1 1992/1/1 1999/1/1
f 2001/1/1 1992/1/1 2000/1/1
f 2002/1/1 1992/1/1 2001/1/1
f 2003/1/1 1997/1/1 1996/1/1
f 2003/1/1 1996/1/1 1995/1/1
f 2004/1/1 1997/1/1 2003/1/1
f 2005/1/1 1997/1/1 2004/1/1
f 2006/1/1 2000/1/1 1999/1/1
f 2006/1/1 1999/1/1 1998/1/1
f 2007/1/1 2000/1/1 2006/1/1
f 2008/1/1 2000/1/1 2007/1/1
f 2009/1/1 2000/1/1 2008/1/1
f 2010/1/1 2005/1/1 2004/1/1
f 2010/1/1 2007/1/1 2006/1/1
f 2010/1/1 2006/1/1 2005/1/1
f 2011/1/1 2007/1/1 2010/1/1
f 2012/1/1 2007/1/1 2011/1/1
f 2015/1/1 2014/1/1 2013/1/1
f 2016/1/1 2014/1/1 2015/1/1
f 2017/2/1 2016/2/1 2015/2/1
f 2018/2/1 2016/2/1 2017/2/1
f 2019/1/1 2018/1/1 2017/1/1
f 2020/1/1 2018/1/1 2019/1/1
f 2023/1/1 2022/1/1 2021/1/1
f 2024/1/1 2022/1/1 2023/1/1
f 2028/2/1 2026/2/1 2025/2/1
f 2029/2/1 2026/2/1 2028/2/1
f 2032/1/1 2028/1/1 2027/1/1
f 2032/1/1 2030/1/1 2029/1/1
f 2032/1/1 2029/1/1 2028/1/1
f 2033/1/1 2030/1/1 2032/1/1
f 2034/1/1 2030/1/1 2033/1/1
f 2035/1/1 2030/1/1 2034/1/1
f 2037/2/1 2032/2/1 2031/2/1
f 2038/2/1 2032/2/1 2037/2/1
f 2039/1/1 2033/1/1 2032/1/1
f 2039/2/1 2032/2/1 2038/2/1
f 2040/1/1 2033/1/1 2039/1/1
f 2041/1/1 2036/1/1 2035/1/1
f 2041/1/1 2035/1/1 2034/1/1
f 2042/1/1 2036/1/1 2041/1/1
f 2043/1/1 2036/1/1 2042/1/1
f 2045/1/1 2038/1/1 2037/1/1
f 2045/2/1 2039/2/1 2038/2/1
f 2046/2/1 2039/2/1 2045/2/1
f 2047/1/1 2044/1/1 2043/1/1
f 2047/1/1 2043/1/1 2042/1/1
f 2048/1/1 2044/1/1 2047/1/1
f 2049/1/1 2045/1/1 2037/1/1
f 2050/1/1 2045/1/1 2049/1/1
f 2051/1/1 2044/1/1 2048/1/1
f 2052/1/1 2044/1/1 2051/1/1
f 2053/1/1 2044/1/1 2052/1/1
f 2055/1/1 2054/1/1 2053/1/1
f 2055/1/1 2053/1/1 2052/1/1
f 2056/1/1 2054/1/1 2055/1/1
f 2057/2/1 2056/2/1 2055/2/1
f 2058/2/1 2056/2/1 2057/2/1
f 2061/2/1 2056/2/1 2058/2/1
f 2063/1/1 2060/1/1 2059/1/1
f 2065/2/1 2061/2/1 2058/2/1
f 2065/2/1 2062/2/1 2061/2/1
f 2066/2/1 2062/2/1 2065/2/1
f 2067/2/1 2062/2/1 2066/2/1
f 2068/1/1 2064/1/1 2063/1/1
f 2068/1/1 2063/1/1 2059/1/1
f 2069/1/1 2064/1/1 2068/1/1
f 2070/2/1 2067/2/1 2066/2/1
f 2070/1/1 2066/1/1 2065/1/1
f 2071/2/1 2067/2/1 2070/2/1
f 2072/1/1 2064/1/1 2069/1/1
f 2075/1/1 2070/1/1 2065/1/1
f 2076/1/1 2073/1/1 2072/1/1
f 2076/1/1 2072/1/1 2069/1/1
f 2077/1/1 2073/1/1 2076/1/1
f 2078/1/1 2073/1/1 2077/1/1
f 2081/1/1 2075/1/1 2074/1/1
f 2082/1/1 2070/1/1 2075/1/1
f 2082/1/1 2075/1/1 2081/1/1
f 2083/1/1 2070/1/1 2082/1/1
f 2084/1/1 2079/1/1 2078/1/1
f 2084/1/1 2078/1/1 2077/1/1
f 2087/1/1 2081/1/1 2080/1/1
f 2087/1/1 2082/1/1 2081/1/1
f 2088/1/1 2085/1/1 2084/1/1
f 2088/1/1 2084/1/1 2077/1/1
f 2089/1/1 2085/1/1 2088/1/1
f 2090/1/1 2085/1/1 2089/1/1
f 2093/1/1 2087/1/1 2086/1/1
f 2094/1/1 2082/1/1 2087/1/1
f 2094/1/1 2087/1/1 2093/1/1
f 2095/1/1 2082/1/1 2094/1/1
f 2096/1/1 2091/1/1 2090/1/1
f 2096/1/1 2090/1/1 2089/1/1
f 2097/1/1 2091/1/1 2096/1/1
f 2098/1/1 2091/1/1 2097/1/1
f 2099/1/1 2093/1/1 2092/1/1
f 2099/1/1 2094/1/1 2093/1/1
f 2100/1/1 2094/1/1 2099/1/1
f 2101/1/1 2094/1/1 2100/1/1
f 2102/1/1 2098/1/1 2097/1/1
f 2102/1/1 2100/1/1 2099/1/1
f 2102/1/1 2099/1/1 2098/1/1
f 2103/1/1 2100/1/1 2102/1/1
f 2104/1/1 2100/1/1 2103/1/1
f 2105/1/1 2100/1/1 2104/1/1
f 2106/1/1 2104/1/1 2103/1/1
f 2107/1/1 2104/1/1 2106/1/1
f 2110/1/1 2109/1/1 2108/1/1
f 2111/1/1 2109/1/1 2110/1/1
f 2115/2/1 2113/2/1 2112/2/1
f 2116/2/1 2113/2/1 2115/2/1
f 2119/2/1 2115/2/1 2114/2/1
f 2119/2/1 2117/2/1 2116/2/1
f 2119/2/1 2116/2/1 2115/2/1
f 2120/2/1 2117/2/1 2119/2/1
f 2121/2/1 2117/2/1 2120/2/1
f 2124/1/1 2119/1/1 2118/1/1
f 2124/1/1 2120/1/1 2119/1/1
f 2125/1/1 2120/1/1 2124/1/1
f 2126/1/1 2120/1/1 2125/1/1
f 2127/2/1 2122/2/1 2121/2/1
f 2127/1/1 2120/1/1 2126/1/1
f 2127/2/1 2121/2/1 2120/2/1
f 2128/2/1 2122/2/1 2127/2/1
f 2130/1/1 2125/1/1 2124/1/1
f 2130/1/1 2124/1/1 2123/1/1
f 2131/1/1 2125/1/1 2130/1/1
f 2132/1/1 2128/1/1 2127/1/1
f 2132/1/1 2127/1/1 2126/1/1
f 2133/1/1 2128/1/1 2132/1/1
f 2134/2/1 2129/2/1 2128/2/1
f 2135/1/1 2130/1/1 2123/1/1
f 2136/1/1 2130/1/1 2135/1/1
f 2137/1/1 2128/1/1 2133/1/1
f 2138/1/1 2128/1/1 2137/1/1
f 2139/2/1 2134/2/1 2128/2/1
f 2139/1/1 2128/1/1 2138/1/1
f 2140/2/1 2134/2/1 2139/2/1
f 2142/1/1 2141/1/1 2140/1/1
f 2142/1/1 2139/1/1 2138/1/1
f 2142/1/1 2140/1/1 2139/1/1
f 2144/1/1 2135/1/1 2123/1/1
f 2145/1/1 2135/1/1 2144/1/1
f 2146/1/1 2144/1/1 2143/1/1
f 2147/1/1 2144/1/1 2146/1/1
f 2148/1/1 2135/1/1 2145/1/1
f 2149/1/1 2135/1/1 2148/1/1
f 2152/1/1 2142/1/1 2138/1/1
f 2153/1/1 2142/1/1 2152/1/1
f 2154/1/1 2142/1/1 2153/1/1
f 2155/1/1 2150/1/1 2149/1/1
f 2155/1/1 2148/1/1 2147/1/1
f 2155/1/1 2149/1/1 2148/1/1
f 2158/1/1 2153/1/1 2152/1/1
f 2158/1/1 2152/1/1 2151/1/1
f 2159/1/1 2156/1/1 2155/1/1
f 2159/1/1 2155/1/1 2147/1/1
f 2160/1/1 2156/1/1 2159/1/1
f 2161/1/1 2156/1/1 2160/1/1
f 2162/1/1 2158/1/1 2157/1/1
f 2163/1/1 2153/1/1 2158/1/1
f 2163/1/1 2158/1/1 2162/1/1
f 2164/1/1 2153/1/1 2163/1/1
f 2165/1/1 2161/1/1 2160/1/1
f 2165/1/1 2162/1/1 2161/1/1
f 2165/1/1 2163/1/1 2162/1/1
f 2166/1/1 2163/1/1 2165/1/1
f 2167/1/1 2163/1/1 2166/1/1
f 2168/1/1 2163/1/1 2167/1/1
f 2169/1/1 2167/1/1 2166/1/1
f 2170/1/1 2167/1/1 2169/1/1
f 2171/1/1 2167/1/1 2170/1/1
f 2172/1/1 2167/1/1 2171/1/1
f 2173/1/1 2171/1/1 2170/1/1
f 2174/1/1 2171/1/1 2173/1/1
f 2177/1/1 2176/1/1 2175/1/1
f 2178/1/1 2176/1/1 2177/1/1
f 2179/2/1 2178/2/1 2177/2/1
f 2180/2/1 2178/2/1 2179/2/1
f 2181/1/1 2180/1/1 2179/1/1
f 2182/1/1 2180/1/1 2181/1/1
f 2183/2/1 2182/2/1 2181/2/1
f 2184/2/1 2182/2/1 2183/2/1
f 2187/1/1 2184/1/1 2183/1/1
f 2188/1/1 2186/1/1 2185/1/1
f 2189/1/1 2186/1/1 2188/1/1
f 2190/1/1 2187/1/1 2183/1/1
f 2190/1/1 2188/1/1 2187/1/1
f 2191/2/1 2189/2/1 2188/2/1
f 2191/1/1 2188/1/1 2190/1/1
f 2192/2/1 2189/2/1 2191/2/1
f 2196/1/1 2194/1/1 2193/1/1
f 2197/1/1 2194/1/1 2196/1/1
f 2200/1/1 2196/1/1 2195/1/1
f 2200/1/1 2198/1/1 2197/1/1
f 2200/1/1 2197/1/1 2196/1/1
f 2201/1/1 2198/1/1 2200/1/1
f 2203/1/1 2200/1/1 2199/1/1
f 2203/1/1 2202/1/1 2201/1/1
f 2203/1/1 2201/1/1 2200/1/1
f 2204/1/1 2202/1/1 2203/1/1
f 2205/1/1 2202/1/1 2204/1/1
f 2206/1/1 2202/1/1 2205/1/1
f 2207/1/1 2205/1/1 2204/1/1
f 2208/1/1 2205/1/1 2207/1/1
f 2209/1/1 2205/1/1 2208/1/1
f 2210/1/1 2205/1/1 2209/1/1
f 2211/1/1 2209/1/1 2208/1/1
f 2212/1/1 2209/1/1 2211/1/1
f 2213/1/2 2214/1/2 2218/1/2
f 2218/1/2 2214/1/2 2219/1/2
f 2215/2/2 2216/2/2 2220/2/2
f 2219/1/2 2214/1/2 2220/1/2
f 2214/2/2 2215/2/2 2220/2/2
f 2220/2/2 2216/2/2 2221/2/2
f 2221/2/2 2216/2/2 2222/2/2
f 2218/1/2 2219/1/2 2225/1/2
f 2217/1/2 2218/1/2 2225/1/2
f 2219/2/2 2220/2/2 2226/2/2
f 2220/2/2 2221/2/2 2226/2/2
f 2225/1/2 2219/1/2 2226/1/2
f 2222/1/2 2223/1/2 2227/1/2
f 2226/2/2 2221/2/2 2227/2/2
f 2221/1/2 2222/1/2 2227/1/2
f 2227/1/2 2223/1/2 2228/1/2
f 2224/1/2 2225/1/2 2230/1/2
f 2225/2/2 2226/2/2 2231/2/2
f 2230/1/2 2225/1/2 2231/1/2
f 2231/2/2 2226/2/2 2232/2/2
f 2228/1/2 2229/1/2 2233/1/2
f 2232/2/2 2226/2/2 2233/2/2
f 2226/1/2 2227/1/2 2233/1/2
f 2227/1/2 2228/1/2 2233/1/2
f 2231/2/2 2232/2/2 2234/2/2
f 2230/2/2 2231/2/2 2234/2/2
f 2234/2/2 2232/2/2 2235/2/2
f 2232/1/2 2233/1/2 2236/1/2
f 2235/2/2 2232/2/2 2236/2/2
f 2233/1/2 2229/1/2 2237/1/2
f 2236/1/2 2233/1/2 2237/1/2
f 2234/2/2 2235/2/2 2238/2/2
f 2235/1/2 2236/1/2 2239/1/2
f 2238/2/2 2235/2/2 2239/2/2
f 2236/1/2 2237/1/2 2239/1/2
f 2239/1/2 2237/1/2 2240/1/2
f 2240/1/2 2237/1/2 2241/1/2
f 2238/1/2 2239/1/2 2242/1/2
f 2239/1/2 2240/1/2 2242/1/2
f 2242/1/2 2240/1/2 2243/1/2
f 2243/1/2 2240/1/2 2244/1/2
f 2240/2/2 2241/2/2 2245/2/2
f 2244/1/2 2240/1/2 2245/1/2
f 2245/2/2 2241/2/2 2246/2/2
f 2246/2/2 2241/2/2 2247/2/2
f 2243/1/2 2244/1/2 2248/1/2
f 2248/1/2 2244/1/2 2249/1/2
f 2249/1/2 2244/1/2 2250/1/2
f 2245/2/2 2246/2/2 2251/2/2
f 2250/1/2 2244/1/2 2251/1/2
f 2244/2/2 2245/2/2 2251/2/2
f 2251/2/2 2246/2/2 2252/2/2
f 2252/2/2 2246/2/2 2253/2/2
f 2249/1/2 2250/1/2 2254/1/2
f 2250/2/2 2251/2/2 2255/2/2
f 2254/1/2 2250/1/2 2255/1/2
f 2255/2/2 2251/2/2 2256/2/2
f 2251/1/2 2252/1/2 2257/1/2
f 2256/2/2 2251/2/2 2257/2/2
f 2257/1/2 2252/1/2 2258/1/2
f 2259/1/2 2260/1/2 2261/1/2
f 2261/1/2 2260/1/2 2262/1/2
f 2261/2/2 2262/2/2 2263/2/2
f 2262/1/2 2260/1/2 2264/1/2
f 2263/2/2 2262/2/2 2264/2/2
f 2264/1/2 2260/1/2 2265/1/2
f 2263/1/2 2264/1/2 2268/1/2
f 2264/2/2 2265/2/2 2269/2/2
f 2268/1/2 2264/1/2 2269/1/2
f 2269/2/2 2265/2/2 2270/2/2
f 2266/1/2 2267/1/2 2271/1/2
f 2271/1/2 2267/1/2 2272/1/2
f 2268/2/2 2269/2/2 2273/2/2
f 2269/1/2 2270/1/2 2274/1/2
f 2273/2/2 2269/2/2 2274/2/2
f 2274/1/2 2270/1/2 2275/1/2
f 2271/2/2 2272/2/2 2276/2/2
f 2272/1/2 2267/1/2 2277/1/2
f 2276/2/2 2272/2/2 2277/2/2
f 2277/1/2 2267/1/2 2278/1/2
f 2274/2/2 2275/2/2 2279/2/2
f 2273/1/2 2274/1/2 2279/1/2
f 2279/2/2 2275/2/2 2280/2/2
f 2276/1/2 2277/1/2 2281/1/2
f 2277/2/2 2278/2/2 2282/2/2
f 2281/1/2 2277/1/2 2282/1/2
f 2282/2/2 2278/2/2 2283/2/2
f 2279/1/2 2280/1/2 2284/1/2
f 2273/1/2 2279/1/2 2284/1/2
f 2284/1/2 2280/1/2 2285/1/2
f 2281/2/2 2282/2/2 2286/2/2
f 2282/1/2 2283/1/2 2287/1/2
f 2286/2/2 2282/2/2 2287/2/2
f 2287/1/2 2283/1/2 2288/1/2
f 2286/1/2 2287/1/2 2289/1/2
f 2287/2/2 2288/2/2 2289/2/2
f 2289/2/2 2288/2/2 2290/2/2
f 2286/1/2 2289/1/2 2291/1/2
f 2289/1/2 2290/1/2 2291/1/2
f 2291/1/2 2290/1/2 2292/1/2
f 2293/1/2 2294/1/2 2296/1/2
f 2296/1/2 2294/1/2 2297/1/2
f 2295/1/2 2296/1/2 2301/1/2
f 2296/1/2 2297/1/2 2301/1/2
f 2297/1/2 2298/1/2 2301/1/2
f 2301/1/2 2298/1/2 2302/1/2
f 2298/2/2 2299/2/2 2303/2/2
f 2302/1/2 2298/1/2 2303/1/2
f 2303/2/2 2299/2/2 2304/2/2
f 2301/1/2 2302/1/2 2307/1/2
f 2300/1/2 2301/1/2 2307/1/2
f 2307/1/2 2302/1/2 2308/1/2
f 2303/2/2 2304/2/2 2309/2/2
f 2308/1/2 2302/1/2 2309/1/2
f 2302/2/2 2303/2/2 2309/2/2
f 2309/2/2 2304/2/2 2310/2/2
f 2304/1/2 2305/1/2 2311/1/2
f 2310/2/2 2304/2/2 2311/2/2
f 2311/1/2 2305/1/2 2312/1/2
f 2307/1/2 2308/1/2 2314/1/2
f 2306/1/2 2307/1/2 2314/1/2
f 2314/1/2 2308/1/2 2315/1/2
f 2312/1/2 2313/1/2 2316/1/2
f 2311/1/2 2312/1/2 2316/1/2
f 2310/1/2 2311/1/2 2316/1/2
f 2316/1/2 2313/1/2 2317/1/2
f 2306/1/2 2314/1/2 2319/1/2
f 2319/1/2 2314/1/2 2320/1/2
f 2320/1/2 2314/1/2 2321/1/2
f 2317/1/2 2313/1/2 2322/1/2
f 2322/1/2 2313/1/2 2323/1/2
f 2323/1/2 2313/1/2 2324/1/2
f 2324/1/2 2325/1/2 2326/1/2
f 2323/1/2 2324/1/2 2326/1/2
f 2326/1/2 2325/1/2 2327/1/2
f 2318/1/2 2319/1/2 2328/1/2
f 2319/1/2 2320/1/2 2328/1/2
f 2328/1/2 2320/1/2 2329/1/2
f 2323/1/2 2326/1/2 2330/1/2
f 2326/2/2 2327/2/2 2331/2/2
f 2330/1/2 2326/1/2 2331/1/2
f 2331/2/2 2327/2/2 2332/2/2
f 2318/1/2 2328/1/2 2333/1/2
f 2328/2/2 2329/2/2 2334/2/2
f 2333/1/2 2328/1/2 2334/1/2
f 2334/2/2 2329/2/2 2335/2/2
f 2330/2/2 2331/2/2 2336/2/2
f 2331/2/2 2332/2/2 2336/2/2
f 2336/2/2 2332/2/2 2337/2/2
f 2333/2/2 2334/2/2 2338/2/2
f 2338/2/2 2334/2/2 2339/2/2
f 2334/1/2 2335/1/2 2340/1/2
f 2339/2/2 2334/2/2 2340/2/2
f 2340/1/2 2335/1/2 2341/1/2
f 2330/2/2 2336/2/2 2344/2/2
f 2336/1/2 2337/1/2 2345/1/2
f 2344/2/2 2336/2/2 2345/2/2
f 2345/1/2 2337/1/2 2346/1/2
f 2346/1/2 2337/1/2 2347/1/2
f 2341/1/2 2342/1/2 2348/1/2
f 2339/1/2 2340/1/2 2348/1/2
f 2340/1/2 2341/1/2 2348/1/2
f 2348/1/2 2342/1/2 2349/1/2
f 2345/1/2 2346/1/2 2352/1/2
f 2343/1/2 2344/1/2 2352/1/2
f 2344/1/2 2345/1/2 2352/1/2
f 2349/1/2 2350/1/2 2353/1/2
f 2348/1/2 2349/1/2 2353/1/2
f 2353/1/2 2350/1/2 2354/1/2
f 2354/1/2 2350/1/2 2355/1/2
f 2351/1/2 2352/1/2 2357/1/2
f 2352/1/2 2346/1/2 2358/1/2
f 2357/1/2 2352/1/2 2358/1/2
f 2358/1/2 2346/1/2 2359/1/2
f 2354/1/2 2355/1/2 2360/1/2
f 2360/1/2 2355/1/2 2361/1/2
f 2361/1/2 2355/1/2 2362/1/2
f 2355/2/2 2356/2/2 2363/2/2
f 2362/1/2 2355/1/2 2363/1/2
f 2363/2/2 2356/2/2 2364/2/2
f 2356/1/2 2357/1/2 2365/1/2
f 2364/2/2 2356/2/2 2365/2/2
f 2357/1/2 2358/1/2 2365/1/2
f 2365/1/2 2358/1/2 2366/1/2
f 2366/1/2 2358/1/2 2367/1/2
f 2361/1/2 2362/1/2 2368/1/2
f 2363/2/2 2364/2/2 2369/2/2
f 2368/1/2 2362/1/2 2369/1/2
f 2362/2/2 2363/2/2 2369/2/2
f 2369/2/2 2364/2/2 2370/2/2
f 2364/1/2 2365/1/2 2371/1/2
f 2370/2/2 2364/2/2 2371/2/2
f 2365/1/2 2366/1/2 2371/1/2
f 2371/1/2 2366/1/2 2372/1/2
f 2372/1/2 2366/1/2 2373/1/2
f 2371/1/2 2372/1/2 2374/1/2
f 2370/1/2 2371/1/2 2374/1/2
f 2374/1/2 2372/1/2 2375/1/2
f 2376/1/2 2377/1/2 2378/1/2
f 2378/1/2 2377/1/2 2379/1/2
f 2378/2/2 2379/2/2 2380/2/2
f 2380/2/2 2379/2/2 2381/2/2
f 2384/1/2 2385/1/2 2386/1/2
f 2386/1/2 2385/1/2 2387/1/2
f 2382/1/2 2383/1/2 2388/1/2
f 2388/1/2 2383/1/2 2389/1/2
f 2384/1/2 2386/1/2 2390/1/2
f 2386/2/2 2387/2/2 2391/2/2
f 2390/1/2 2386/1/2 2391/1/2
f 2391/2/2 2387/2/2 2392/2/2
f 2388/2/2 2389/2/2 2395/2/2
f 2395/2/2 2389/2/2 2396/2/2
f 2384/1/2 2390/1/2 2397/1/2
f 2390/2/2 2391/2/2 2398/2/2
f 2397/1/2 2390/1/2 2398/1/2
f 2391/1/2 2392/1/2 2399/1/2
f 2398/2/2 2391/2/2 2399/2/2
f 2393/1/2 2394/1/2 2400/1/2
f 2394/2/2 2395/2/2 2401/2/2
f 2400/1/2 2394/1/2 2401/1/2
f 2395/1/2 2396/1/2 2402/1/2
f 2401/2/2 2395/2/2 2402/2/2
f 2397/2/2 2398/2/2 2403/2/2
f 2398/1/2 2399/1/2 2404/1/2
f 2403/2/2 2398/2/2 2404/2/2
f 2400/2/2 2401/2/2 2405/2/2
f 2401/1/2 2402/1/2 2406/1/2
f 2405/2/2 2401/2/2 2406/2/2
f 2402/1/2 2396/1/2 2407/1/2
f 2406/1/2 2402/1/2 2407/1/2
f 2399/1/2 2392/1/2 2408/1/2
f 2403/1/2 2404/1/2 2408/1/2
f 2404/1/2 2399/1/2 2408/1/2
f 2408/1/2 2392/1/2 2409/1/2
f 2403/1/2 2408/1/2 2410/1/2
f 2408/2/2 2409/2/2 2411/2/2
f 2410/1/2 2408/1/2 2411/1/2
f 2411/2/2 2409/2/2 2412/2/2
f 2403/1/2 2410/1/2 2413/1/2
f 2410/2/2 2411/2/2 2414/2/2
f 2413/1/2 2410/1/2 2414/1/2
f 2411/1/2 2412/1/2 2415/1/2
f 2414/2/2 2411/2/2 2415/2/2
f 2413/2/2 2414/2/2 2416/2/2
f 2414/1/2 2415/1/2 2417/1/2
f 2416/2/2 2414/2/2 2417/2/2
f 2415/1/2 2412/1/2 2418/1/2
f 2417/1/2 2415/1/2 2418/1/2
f 2419/1/2 2420/1/2 2422/1/2
f 2422/1/2 2420/1/2 2423/1/2
f 2422/1/2 2423/1/2 2426/1/2
f 2423/1/2 2424/1/2 2426/1/2
f 2421/1/2 2422/1/2 2426/1/2
f 2426/1/2 2424/1/2 2427/1/2
f 2427/1/2 2424/1/2 2428/1/2
f 2428/1/2 2424/1/2 2429/1/2
f 2425/1/2 2426/1/2 2432/1/2
f 2426/1/2 2427/1/2 2432/1/2
f 2432/1/2 2427/1/2 2433/1/2
f 2433/1/2 2427/1/2 2434/1/2
f 2428/1/2 2429/1/2 2435/1/2
f 2429/2/2 2430/2/2 2436/2/2
f 2435/1/2 2429/1/2 2436/1/2
f 2436/2/2 2430/2/2 2437/2/2
f 2437/2/2 2430/2/2 2438/2/2
f 2431/1/2 2432/1/2 2440/1/2
f 2432/1/2 2433/1/2 2440/1/2
f 2440/1/2 2433/1/2 2441/1/2
f 2436/2/2 2437/2/2 2442/2/2
f 2438/1/2 2439/1/2 2443/1/2
f 2442/2/2 2437/2/2 2443/2/2
f 2437/1/2 2438/1/2 2443/1/2
f 2443/1/2 2439/1/2 2444/1/2
f 2431/1/2 2440/1/2 2446/1/2
f 2446/1/2 2440/1/2 2447/1/2
f 2447/1/2 2440/1/2 2448/1/2
f 2443/1/2 2444/1/2 2449/1/2
f 2449/1/2 2444/1/2 2450/1/2
f 2450/1/2 2444/1/2 2451/1/2
f 2445/1/2 2446/1/2 2453/1/2
f 2446/1/2 2447/1/2 2453/1/2
f 2453/1/2 2447/1/2 2454/1/2
f 2451/1/2 2452/1/2 2455/1/2
f 2450/1/2 2451/1/2 2455/1/2
f 2455/1/2 2452/1/2 2456/1/2
f 2456/1/2 2452/1/2 2457/1/2
f 2445/1/2 2453/1/2 2458/1/2
f 2456/1/2 2457/1/2 2459/1/2
f 2459/1/2 2457/1/2 2460/1/2
f 2459/2/2 2460/2/2 2462/2/2
f 2460/2/2 2461/2/2 2462/2/2
f 2462/2/2 2461/2/2 2463/2/2
f 2462/1/2 2463/1/2 2464/1/2
f 2464/1/2 2463/1/2 2465/1/2
f 2458/1/2 2453/1/2 2466/1/2
f 2466/1/2 2453/1/2 2467/1/2
f 2462/1/2 2464/1/2 2470/1/2
f 2467/2/2 2468/2/2 2471/2/2
f 2471/2/2 2468/2/2 2472/2/2
f 2471/1/2 2472/1/2 2473/1/2
f 2469/1/2 2470/1/2 2476/1/2
f 2470/1/2 2464/1/2 2477/1/2
f 2476/1/2 2470/1/2 2477/1/2
f 2477/1/2 2464/1/2 2478/1/2
f 2473/1/2 2474/1/2 2479/1/2
f 2475/1/2 2476/1/2 2482/1/2
f 2476/1/2 2477/1/2 2482/1/2
f 2479/1/2 2480/1/2 2483/1/2
f 2471/1/2 2473/1/2 2483/1/2
f 2473/1/2 2479/1/2 2483/1/2
f 2483/1/2 2480/1/2 2484/1/2
f 2484/1/2 2480/1/2 2485/1/2
f 2481/1/2 2482/1/2 2488/1/2
f 2482/1/2 2477/1/2 2489/1/2
f 2488/1/2 2482/1/2 2489/1/2
f 2489/1/2 2477/1/2 2490/1/2
f 2484/1/2 2485/1/2 2491/1/2
f 2491/1/2 2485/1/2 2492/1/2
f 2485/2/2 2486/2/2 2493/2/2
f 2492/1/2 2485/1/2 2493/1/2
f 2493/2/2 2486/2/2 2494/2/2
f 2494/2/2 2486/2/2 2495/2/2
f 2487/1/2 2488/1/2 2496/1/2
f 2488/1/2 2489/1/2 2496/1/2
f 2496/1/2 2489/1/2 2497/1/2
f 2497/1/2 2489/1/2 2498/1/2
f 2493/2/2 2494/2/2 2499/2/2
f 2494/1/2 2495/1/2 2500/1/2
f 2499/2/2 2494/2/2 2500/2/2
f 2496/1/2 2497/1/2 2500/1/2
f 2495/1/2 2496/1/2 2500/1/2
f 2500/1/2 2497/1/2 2501/1/2
f 2501/1/2 2497/1/2 2502/1/2
f 2502/1/2 2497/1/2 2503/1/2
f 2501/1/2 2502/1/2 2504/1/2
f 2504/1/2 2502/1/2 2505/1/2
f 2506/2/2 2507/2/2 2511/2/2
f 2507/1/2 2508/1/2 2512/1/2
f 2511/2/2 2507/2/2 2512/2/2
f 2512/1/2 2508/1/2 2513/1/2
f 2513/1/2 2508/1/2 2514/1/2
f 2514/1/2 2508/1/2 2515/1/2
f 2509/2/2 2510/2/2 2519/2/2
f 2510/1/2 2511/1/2 2520/1/2
f 2511/1/2 2512/1/2 2520/1/2
f 2519/2/2 2510/2/2 2520/2/2
f 2512/1/2 2513/1/2 2520/1/2
f 2520/1/2 2513/1/2 2521/1/2
f 2514/1/2 2515/1/2 2522/1/2
f 2515/1/2 2516/1/2 2522/1/2
f 2522/1/2 2516/1/2 2523/1/2
f 2523/1/2 2516/1/2 2524/1/2
f 2517/2/2 2518/2/2 2527/2/2
f 2518/1/2 2519/1/2 2528/1/2
f 2519/1/2 2520/1/2 2528/1/2
f 2527/2/2 2518/2/2 2528/2/2
f 2528/1/2 2520/1/2 2529/1/2
f 2523/1/2 2524/1/2 2530/1/2
f 2524/1/2 2525/1/2 2530/1/2
f 2530/1/2 2525/1/2 2531/1/2
f 2526/1/2 2527/1/2 2533/1/2
f 2527/1/2 2528/1/2 2533/1/2
f 2533/1/2 2528/1/2 2534/1/2
f 2534/1/2 2528/1/2 2535/1/2
f 2531/2/2 2532/2/2 2536/2/2
f 2536/2/2 2532/2/2 2537/2/2
f 2533/1/2 2534/1/2 2539/1/2
f 2538/1/2 2539/1/2 2542/1/2
f 2539/1/2 2534/1/2 2542/1/2
f 2542/1/2 2534/1/2 2543/1/2
f 2540/1/2 2541/1/2 2544/1/2
f 2544/1/2 2541/1/2 2545/1/2
f 2545/1/2 2546/1/2 2547/1/2
f 2545/1/2 2547/1/2 2549/1/2
f 2547/1/2 2548/1/2 2549/1/2
f 2549/1/2 2548/1/2 2550/1/2
f 2538/1/2 2542/1/2 2551/1/2
f 2551/1/2 2542/1/2 2552/1/2
f 2549/2/2 2550/2/2 2553/2/2
f 2553/2/2 2550/2/2 2554/2/2
f 2554/2/2 2550/2/2 2555/2/2
f 2554/1/2 2555/1/2 2556/1/2
f 2554/1/2 2556/1/2 2558/1/2
f 2558/1/2 2556/1/2 2559/1/2
f 2557/1/2 2558/1/2 2559/1/2
f 2559/1/2 2556/1/2 2560/1/2
f 2557/1/2 2559/1/2 2562/1/2
f 2562/1/2 2559/1/2 2563/1/2
f 2561/1/2 2562/1/2 2563/1/2
f 2563/1/2 2559/1/2 2564/1/2
f 2561/1/2 2563/1/2 2566/1/2
f 2566/1/2 2563/1/2 2567/1/2
f 2565/1/2 2566/1/2 2571/1/2
f 2566/1/2 2567/1/2 2571/1/2
f 2571/1/2 2567/1/2 2572/1/2
f 2572/1/2 2567/1/2 2573/1/2
f 2568/2/2 2569/2/2 2574/2/2
f 2574/2/2 2569/2/2 2575/2/2
f 2570/1/2 2571/1/2 2578/1/2
f 2571/1/2 2572/1/2 2578/1/2
f 2578/1/2 2572/1/2 2579/1/2
f 2579/1/2 2572/1/2 2580/1/2
f 2580/1/2 2572/1/2 2581/1/2
f 2575/1/2 2576/1/2 2582/1/2
f 2582/1/2 2576/1/2 2583/1/2
f 2583/1/2 2576/1/2 2584/1/2
f 2578/1/2 2579/1/2 2585/1/2
f 2577/1/2 2578/1/2 2585/1/2
f 2585/1/2 2579/1/2 2586/1/2
f 2586/1/2 2579/1/2 2587/1/2
f 2583/1/2 2584/1/2 2588/1/2
f 2585/1/2 2586/1/2 2588/1/2
f 2584/1/2 2585/1/2 2588/1/2
f 2588/1/2 2586/1/2 2589/1/2
f 2590/1/2 2591/1/2 2593/1/2
f 2591/2/2 2592/2/2 2594/2/2
f 2593/1/2 2591/1/2 2594/1/2
f 2594/2/2 2592/2/2 2595/2/2
f 2593/2/2 2594/2/2 2596/2/2
f 2594/1/2 2595/1/2 2597/1/2
f 2596/2/2 2594/2/2 2597/2/2
f 2597/1/2 2595/1/2 2598/1/2
f 2596/1/2 2597/1/2 2599/1/2
f 2597/2/2 2598/2/2 2600/2/2
f 2599/1/2 2597/1/2 2600/1/2
f 2600/2/2 2598/2/2 2601/2/2
f 2599/2/2 2600/2/2 2602/2/2
f 2600/1/2 2601/1/2 2603/1/2
f 2602/2/2 2600/2/2 2603/2/2
f 2602/1/2 2603/1/2 2604/1/2
f 2603/1/2 2601/1/2 2605/1/2
f 2604/1/2 2603/1/2 2605/1/2
f 2606/1/2 2607/1/2 2612/1/2
f 2607/2/2 2608/2/2 2613/2/2
f 2612/1/2 2607/1/2 2613/1/2
f 2613/2/2 2608/2/2 2614/2/2
f 2609/1/2 2610/1/2 2615/1/2
f 2615/1/2 2610/1/2 2616/1/2
f 2611/2/2 2612/2/2 2618/2/2
f 2612/2/2 2613/2/2 2618/2/2
f 2618/2/2 2613/2/2 2619/2/2
f 2617/2/2 2618/2/2 2621/2/2
f 2621/2/2 2618/2/2 2622/2/2
f 2620/2/2 2621/2/2 2624/2/2
f 2624/2/2 2621/2/2 2625/2/2
f 2623/2/2 2624/2/2 2626/2/2
f 2626/2/2 2624/2/2 2627/2/2
f 2628/1/2 2629/1/2 2631/1/2
f 2631/1/2 2629/1/2 2632/1/2
f 2630/1/2 2631/1/2 2633/1/2
f 2631/1/2 2632/1/2 2633/1/2
f 2633/1/2 2632/1/2 2634/1/2
f 2630/1/2 2633/1/2 2636/1/2
f 2636/1/2 2633/1/2 2637/1/2
f 2635/1/2 2636/1/2 2638/1/2
f 2636/2/2 2637/2/2 2639/2/2
f 2638/1/2 2636/1/2 2639/1/2
f 2639/2/2 2637/2/2 2640/2/2
f 2638/2/2 2639/2/2 2642/2/2
f 2642/2/2 2639/2/2 2643/2/2
f 2641/2/2 2642/2/2 2646/2/2
f 2646/2/2 2642/2/2 2647/2/2
f 2644/1/2 2645/1/2 2651/1/2
f 2645/2/2 2646/2/2 2652/2/2
f 2651/1/2 2645/1/2 2652/1/2
f 2652/2/2 2646/2/2 2653/2/2
f 2648/1/2 2649/1/2 2654/1/2
f 2654/1/2 2649/1/2 2655/1/2
f 2650/1/2 2651/1/2 2656/1/2
f 2656/1/2 2651/1/2 2657/1/2
f 2651/2/2 2652/2/2 2658/2/2
f 2657/1/2 2651/1/2 2658/1/2
f 2658/2/2 2652/2/2 2659/2/2
f 2656/1/2 2657/1/2 2660/1/2
f 2655/1/2 2656/1/2 2660/1/2
f 2660/1/2 2657/1/2 2661/1/2
f 2661/1/2 2657/1/2 2662/1/2
f 2663/2/2 2664/2/2 2665/2/2
f 2665/2/2 2664/2/2 2666/2/2
f 2665/1/2 2666/1/2 2668/1/2
f 2666/1/2 2667/1/2 2668/1/2
f 2668/1/2 2667/1/2 2669/1/2
f 2670/1/2 2671/1/2 2673/1/2
f 2673/1/2 2671/1/2 2674/1/2
f 2672/1/2 2673/1/2 2675/1/2
f 2675/1/2 2673/1/2 2676/1/2
f 2672/1/2 2675/1/2 2678/1/2
f 2678/1/2 2675/1/2 2679/1/2
f 2677/2/2 2678/2/2 2681/2/2
f 2681/2/2 2678/2/2 2682/2/2
f 2680/2/2 2681/2/2 2683/2/2
f 2683/2/2 2681/2/2 2684/2/2
f 2684/2/2 2681/2/2 2685/2/2
f 2686/1/2 2687/1/2 2690/1/2
f 2688/2/2 2689/2/2 2691/2/2
f 2691/2/2 2689/2/2 2692/2/2
f 2690/1/2 2687/1/2 2693/1/2
f 2693/1/2 2687/1/2 2694/1/2
f 2691/1/2 2692/1/2 2695/1/2
f 2691/1/2 2695/1/2 2696/1/2
f 2696/1/2 2695/1/2 2697/1/2
f 2698/2/2 2699/2/2 2700/2/2
f 2698/2/2 2700/2/2 2702/2/2
f 2702/2/2 2700/2/2 2703/2/2
f 2701/2/2 2702/2/2 2705/2/2
f 2705/2/2 2702/2/2 2706/2/2
f 2704/2/2 2705/2/2 2708/2/2
f 2708/2/2 2705/2/2 2709/2/2
f 2707/2/2 2708/2/2 2711/2/2
f 2708/1/2 2709/1/2 2712/1/2
f 2711/2/2 2708/2/2 2712/2/2
f 2712/1/2 2709/1/2 2713/1/2
f 2710/2/2 2711/2/2 2718/2/2
f 2718/2/2 2711/2/2 2719/2/2
f 2714/1/2 2715/1/2 2720/1/2
f 2720/1/2 2715/1/2 2721/1/2
f 2716/1/2 2717/1/2 2724/1/2
f 2717/2/2 2718/2/2 2725/2/2
f 2724/1/2 2717/1/2 2725/1/2
f 2725/2/2 2718/2/2 2726/2/2
f 2722/1/2 2723/1/2 2727/1/2
f 2727/1/2 2723/1/2 2728/1/2
f 2728/1/2 2723/1/2 2729/1/2
f 2729/1/2 2723/1/2 2730/1/2
f 2731/1/2 2732/1/2 2734/1/2
f 2734/1/2 2732/1/2 2735/1/2
f 2733/1/2 2734/1/2 2737/1/2
f 2737/1/2 2734/1/2 2738/1/2
f 2736/1/2 2737/1/2 2739/1/2
f 2739/1/2 2737/1/2 2740/1/2
f 2741/2/2 2742/2/2 2743/2/2
f 2743/2/2 2742/2/2 2744/2/2
f 2744/2/2 2742/2/2 2745/2/2
f 2746/1/2 2747/1/2 2750/1/2
f 2748/1/2 2749/1/2 2751/1/2
f 2751/1/2 2749/1/2 2752/1/2
f 2746/1/2 2750/1/2 2753/1/2
f 2753/1/2 2750/1/2 2754/1/2
f 2755/2/2 2756/2/2 2757/2/2
f 2755/2/2 2757/2/2 2758/2/2
f 2758/2/2 2757/2/2 2759/2/2
f 2758/1/2 2759/1/2 2761/1/2
f 2761/1/2 2759/1/2 2762/1/2
f 2760/1/2 2761/1/2 2764/1/2
f 2764/1/2 2761/1/2 2765/1/2
f 2763/1/2 2764/1/2 2767/1/2
f 2767/1/2 2764/1/2 2768/1/2
f 2766/1/2 2767/1/2 2770/1/2
f 2770/1/2 2767/1/2 2771/1/2
f 2769/1/2 2770/1/2 2777/1/2
f 2777/1/2 2770/1/2 2778/1/2
f 2772/1/2 2773/1/2 2779/1/2
f 2779/1/2 2773/1/2 2780/1/2
f 2774/1/2 2775/1/2 2783/1/2
f 2775/2/2 2776/2/2 2784/2/2
f 2783/1/2 2775/1/2 2784/1/2
f 2784/2/2 2776/2/2 2785/2/2
f 2781/1/2 2782/1/2 2786/1/2
f 2786/1/2 2782/1/2 2787/1/2
f 2788/2/2 2789/2/2 2790/2/2
f 2790/2/2 2789/2/2 2791/2/2
f 2790/1/2 2791/1/2 2792/1/2
f 2792/1/2 2791/1/2 2793/1/2
f 2792/2/2 2793/2/2 2794/2/2
f 2794/2/2 2793/2/2 2795/2/2
f 2794/1/2 2795/1/2 2796/1/2
f 2796/1/2 2795/1/2 2797/1/2
f 2798/1/2 2799/1/2 2801/1/2
f 2801/1/2 2799/1/2 2802/1/2
f 2800/1/2 2801/1/2 2803/1/2
f 2803/1/2 2801/1/2 2804/1/2
f 2805/2/2 2806/2/2 2807/2/2
f 2807/2/2 2806/2/2 2808/2/2
f 2808/2/2 2806/2/2 2809/2/2
f 2808/1/2 2809/1/2 2810/1/2
f 2810/1/2 2809/1/2 2811/1/2
f 2812/1/2 2813/1/2 2816/1/2
f 2816/1/2 2813/1/2 2817/1/2
f 2814/1/2 2815/1/2 2818/1/2
f 2818/1/2 2815/1/2 2819/1/2
f 2818/2/2 2819/2/2 2820/2/2
f 2818/2/2 2820/2/2 2821/2/2
f 2821/2/2 2820/2/2 2822/2/2
f 2823/1/2 2824/1/2 2826/1/2
f 2826/1/2 2824/1/2 2827/1/2
f 2825/1/2 2826/1/2 2828/1/2
f 2828/1/2 2826/1/2 2829/1/2
f 2830/1/2 2831/1/2 2835/1/2
f 2835/1/2 2831/1/2 2836/1/2
f 2832/1/2 2833/1/2 2837/1/2
f 2837/1/2 2833/1/2 2838/1/2
f 2834/1/2 2835/1/2 2846/1/2
f 2846/1/2 2835/1/2 2847/1/2
f 2839/1/2 2840/1/2 2848/1/2
f 2848/1/2 2840/1/2 2849/1/2
f 2841/1/2 2842/1/2 2850/1/2
f 2850/1/2 2842/1/2 2851/1/2
f 2843/1/2 2844/1/2 2852/1/2
f 2844/2/2 2845/2/2 2853/2/2
f 2852/1/2 2844/1/2 2853/1/2
f 2853/2/2 2845/2/2 2854/2/2
f 2855/1/2 2856/1/2 2857/1/2
f 2857/1/2 2856/1/2 2858/1/2
f 2857/2/2 2858/2/2 2859/2/2
f 2859/2/2 2858/2/2 2860/2/2
f 2859/1/2 2860/1/2 2861/1/2
f 2861/1/2 2860/1/2 2862/1/2
f 2863/1/2 2864/1/2 2866/1/2
f 2866/1/2 2864/1/2 2867/1/2
f 2865/1/2 2866/1/2 2869/1/2
f 2869/1/2 2866/1/2 2870/1/2
f 2868/1/2 2869/1/2 2871/1/2
f 2871/1/2 2869/1/2 2872/1/2
f 2873/1/2 2874/1/2 2875/1/2
f 2875/1/2 2874/1/2 2876/1/2
f 2877/2/2 2878/2/2 2879/2/2
f 2879/2/2 2878/2/2 2880/2/2
f 2881/1/2 2882/1/2 2883/1/2
f 2879/1/2 2880/1/2 2884/1/2
f 2881/1/2 2883/1/2 2885/1/2
f 2885/1/2 2883/1/2 2886/1/2
f 2884/1/2 2880/1/2 2887/1/2
f 2887/1/2 2880/1/2 2888/1/2
f 2885/2/2 2886/2/2 2889/2/2
f 2889/2/2 2886/2/2 2890/2/2
f 2891/1/2 2892/1/2 2893/1/2
f 2893/1/2 2892/1/2 2894/1/2
f 2895/1/2 2896/1/2 2898/1/2
f 2898/1/2 2896/1/2 2899/1/2
f 2897/1/2 2898/1/2 2901/1/2
f 2901/1/2 2898/1/2 2902/1/2
f 2900/1/2 2901/1/2 2904/1/2
f 2904/1/2 2901/1/2 2905/1/2
f 2903/1/2 2904/1/2 2907/1/2
f 2907/1/2 2904/1/2 2908/1/2
f 2906/1/2 2907/1/2 2913/1/2
f 2913/1/2 2907/1/2 2914/1/2
f 2909/1/2 2910/1/2 2915/1/2
f 2915/1/2 2910/1/2 2916/1/2
f 2916/1/2 2910/1/2 2917/1/2
f 2911/1/2 2912/1/2 2921/1/2
f 2921/1/2 2912/1/2 2922/1/2
f 2918/1/2 2919/1/2 2923/1/2
f 2923/1/2 2919/1/2 2924/1/2
f 2919/2/2 2920/2/2 2925/2/2
f 2924/1/2 2919/1/2 2925/1/2
f 2925/2/2 2920/2/2 2926/2/2
f 2927/1/2 2928/1/2 2929/1/2
f 2929/1/2 2928/1/2 2930/1/2
f 2931/1/2 2932/1/2 2933/1/2
f 2933/1/2 2932/1/2 2934/1/2
f 2935/1/2 2936/1/2 2937/1/2
f 2937/1/2 2936/1/2 2938/1/2
f 2939/1/2 2940/1/2 2941/1/2
f 2941/1/2 2940/1/2 2942/1/2
f 2943/1/2 2944/1/2 2947/1/2
f 2947/1/2 2944/1/2 2948/1/2
f 2945/1/2 2946/1/2 2949/1/2
f 2949/1/2 2946/1/2 2950/1/2
f 2951/1/2 2952/1/2 2953/1/2
f 2953/1/2 2952/1/2 2954/1/2
f 2955/1/2 2956/1/2 2958/1/2
f 2958/1/2 2956/1/2 2959/1/2
f 2957/1/2 2958/1/2 2961/1/2
f 2961/1/2 2958/1/2 2962/1/2
f 2960/1/2 2961/1/2 2963/1/2
f 2963/1/2 2961/1/2 2964/1/2
f 2965/1/2 2966/1/2 2971/1/2
f 2971/1/2 2966/1/2 2972/1/2
f 2967/1/2 2968/1/2 2973/1/2
f 2973/1/2 2968/1/2 2974/1/2
f 2969/1/2 2970/1/2 2975/1/2
f 2975/1/2 2970/1/2 2976/1/2
f 2979/2/2 2980/2/2 2981/2/2
f 2981/2/2 2980/2/2 2982/2/2
f 2977/1/2 2978/1/2 2983/1/2
f 2983/1/2 2978/1/2 2984/1/2
f 2981/1/2 2982/1/2 2985/1/2
f 2985/1/2 2982/1/2 2986/1/2
f 2983/2/2 2984/2/2 2987/2/2
f 2987/2/2 2984/2/2 2988/2/2
f 2985/2/2 2986/2/2 2989/2/2
f 2989/2/2 2986/2/2 2990/2/2
f 2991/1/2 2992/1/2 2993/1/2
f 2993/1/2 2992/1/2 2994/1/2
f 2989/1/2 2990/1/2 2995/1/2
f 2995/1/2 2990/1/2 2996/1/2
f 2993/2/2 2994/2/2 2997/2/2
f 2997/2/2 2994/2/2 2998/2/2
f 2999/1/2 3000/1/2 3001/1/2
f 3001/1/2 3000/1/2 3002/1/2
f 3003/1/2 3004/1/2 3005/1/2
f 3005/1/2 3004/1/2 3006/1/2
f 3007/1/2 3008/1/2 3011/1/2
f 3011/1/2 3008/1/2 3012/1/2
f 3009/1/2 3010/1/2 3013/1/2
f 3013/1/2 3010/1/2 3014/1/2
f 3015/1/2 3016/1/2 3017/1/2
f 3017/1/2 3016/1/2 3018/1/2
f 3019/1/2 3020/1/2 3023/1/2
f 3023/1/2 3020/1/2 3024/1/2
f 3021/1/2 3022/1/2 3025/1/2
f 3025/1/2 3022/1/2 3026/1/2
f 3027/1/2 3028/1/2 3029/1/2
f 3029/1/2 3028/1/2 3030/1/2
f 3031/1/2 3032/1/2 3033/1/2
f 3033/1/2 3032/1/2 3034/1/2
f 3037/1/2 3038/1/2 3039/1/2
f 3039/1/2 3038/1/2 3040/1/2
f 3035/1/2 3036/1/2 3041/1/2
f 3041/1/2 3036/1/2 3042/1/2
f 3039/2/2 3040/2/2 3043/2/2
f 3043/2/2 3040/2/2 3044/2/2
f 3041/2/2 3042/2/2 3045/2/2
f 3045/2/2 3042/2/2 3046/2/2
f 3046/2/2 3042/2/2 3047/2/2
f 3043/1/2 3044/1/2 3048/1/2
f 3048/1/2 3044/1/2 3049/1/2
f 3050/1/2 3051/1/2 3054/1/2
f 3054/1/2 3051/1/2 3055/1/2
f 3052/1/2 3053/1/2 3056/1/2
f 3056/1/2 3053/1/2 3057/1/2
f 3058/1/2 3059/1/2 3060/1/2
f 3060/1/2 3059/1/2 3061/1/2
f 3062/1/2 3063/1/2 3065/1/2
f 3065/1/2 3063/1/2 3066/1/2
f 3064/1/2 3065/1/2 3067/1/2
f 3067/1/2 3065/1/2 3068/1/2
f 3069/1/2 3070/1/2 3073/1/2
f 3073/1/2 3070/1/2 3074/1/2
f 3071/1/2 3072/1/2 3077/1/2
f 3077/1/2 3072/1/2 3078/1/2
f 3075/1/2 3076/1/2 3079/1/2
f 3079/1/2 3076/1/2 3080/1/2
f 3080/1/2 3076/1/2 3081/1/2
f 3081/1/2 3076/1/2 3082/1/2
f 3082/1/2 3076/1/2 3083/1/2
f 3084/1/2 3085/1/2 3086/1/2
f 3086/1/2 3085/1/2 3087/1/2
f 3088/1/2 3089/1/2 3092/1/2
f 3092/1/2 3089/1/2 3093/1/2
f 3090/1/2 3091/1/2 3094/1/2
f 3094/1/2 3091/1/2 3095/1/2
f 3096/2/2 3097/2/2 3100/2/2
f 3100/2/2 3097/2/2 3101/2/2
f 3098/1/2 3099/1/2 3102/1/2
f 3102/1/2 3099/1/2 3103/1/2
f 3104/1/2 3105/1/2 3106/1/2
f 3106/1/2 3105/1/2 3107/1/2
f 3108/1/2 3109/1/2 3112/1/2
f 3112/1/2 3109/1/2 3113/1/2
f 3110/1/2 3111/1/2 3114/1/2
f 3114/1/2 3111/1/2 3115/1/2
f 3116/1/2 3117/1/2 3120/1/2
f 3120/1/2 3117/1/2 3121/1/2
f 3118/1/2 3119/1/2 3122/1/2
f 3122/1/2 3119/1/2 3123/1/2
f 3124/1/2 3125/1/2 3128/1/2
f 3128/1/2 3125/1/2 3129/1/2
f 3126/1/2 3127/1/2 3130/1/2
f 3130/1/2 3127/1/2 3131/1/2
f 3132/2/2 3133/2/2 3136/2/2
f 3136/2/2 3133/2/2 3137/2/2
f 3134/1/2 3135/1/2 3138/1/2
f 3138/1/2 3135/1/2 3139/1/2
f 3140/1/2 3141/1/2 3144/1/2
f 3144/1/2 3141/1/2 3145/1/2
f 3142/1/2 3143/1/2 3146/1/2
f 3146/1/2 3143/1/2 3147/1/2
f 3148/1/2 3149/1/2 3152/1/2
f 3152/1/2 3149/1/2 3153/1/2
f 3150/1/2 3151/1/2 3158/1/2
f 3158/1/2 3151/1/2 3159/1/2
f 3154/1/2 3155/1/2 3160/1/2
f 3160/1/2 3155/1/2 3161/1/2
f 3156/1/2 3157/1/2 3162/1/2
f 3162/1/2 3157/1/2 3163/1/2
f 3164/1/2 3165/1/2 3166/1/2
f 3166/1/2 3165/1/2 3167/1/2
f 3168/1/2 3169/1/2 3172/1/2
f 3172/1/2 3169/1/2 3173/1/2
f 3170/1/2 3171/1/2 3174/1/2
f 3174/1/2 3171/1/2 3175/1/2
f 3176/2/2 3177/2/2 3180/2/2
f 3180/2/2 3177/2/2 3181/2/2
f 3178/1/2 3179/1/2 3182/1/2
f 3182/1/2 3179/1/2 3183/1/2
f 3184/1/2 3185/1/2 3186/1/2
f 3186/1/2 3185/1/2 3187/1/2
f 3188/1/2 3189/1/2 3190/1/2
f 3190/1/2 3189/1/2 3191/1/2
f 3190/2/2 3191/2/2 3192/2/2
f 3192/2/2 3191/2/2 3193/2/2
f 3194/1/2 3195/1/2 3196/1/2
f 3196/1/2 3195/1/2 3197/1/2
f 3198/2/2 3199/2/2 3200/2/2
f 3200/2/2 3199/2/2 3201/2/2
f 3202/2/2 3203/2/2 3204/2/2
f 3204/2/2 3203/2/2 3205/2/2
f 3206/1/2 3207/1/2 3210/1/2
f 3210/1/2 3207/1/2 3211/1/2
f 3208/1/2 3209/1/2 3212/1/2
f 3212/1/2 3209/1/2 3213/1/2
f 3214/1/2 3215/1/2 3217/1/2
f 3217/1/2 3215/1/2 3218/1/2
f 3216/1/2 3217/1/2 3219/1/2
f 3219/1/2 3217/1/2 3220/1/2
f 3221/1/2 3222/1/2 3225/1/2
f 3225/1/2 3222/1/2 3226/1/2
f 3223/2/2 3224/2/2 3227/2/2
f 3227/2/2 3224/2/2 3228/2/2
f 3229/1/2 3230/1/2 3231/1/2
f 3231/1/2 3230/1/2 3232/1/2
f 3233/1/2 3234/1/2 3235/1/2
f 3235/1/2 3234/1/2 3236/1/2
f 3235/2/2 3236/2/2 3237/2/2
f 3237/2/2 3236/2/2 3238/2/2
f 3239/1/2 3240/1/2 3241/1/2
f 3241/1/2 3240/1/2 3242/1/2
f 3241/2/2 3242/2/2 3243/2/2
f 3243/2/2 3242/2/2 3244/2/2
f 3245/2/2 3246/2/2 3247/2/2
f 3247/2/2 3246/2/2 3248/2/2
f 3249/1/2 3250/1/2 3253/1/2
f 3253/1/2 3250/1/2 3254/1/2
f 3251/2/2 3252/2/2 3255/2/2
f 3255/2/2 3252/2/2 3256/2/2
f 3257/1/2 3258/1/2 3259/1/2
f 3259/1/2 3258/1/2 3260/1/2
f 3261/1/2 3262/1/2 3265/1/2
f 3265/1/2 3262/1/2 3266/1/2
f 3263/1/2 3264/1/2 3268/1/2
f 3268/1/2 3264/1/2 3269/1/2
f 3266/1/2 3267/1/2 3270/1/2
f 3270/1/2 3267/1/2 3271/1/2
f 3270/2/2 3271/2/2 3274/2/2
f 3274/2/2 3271/2/2 3275/2/2
f 3272/2/2 3273/2/2 3277/2/2
f 3277/2/2 3273/2/2 3278/2/2
f 3275/1/2 3276/1/2 3279/1/2
f 3279/1/2 3276/1/2 3280/1/2
f 3281/2/2 3282/2/2 3285/2/2
f 3285/2/2 3282/2/2 3286/2/2
f 3283/1/2 3284/1/2 3291/1/2
f 3291/1/2 3284/1/2 3292/1/2
f 3287/1/2 3288/1/2 3293/1/2
f 3293/1/2 3288/1/2 3294/1/2
f 3289/1/2 3290/1/2 3295/1/2
f 3295/1/2 3290/1/2 3296/1/2
f 3297/2/2 3298/2/2 3299/2/2
f 3299/2/2 3298/2/2 3300/2/2
f 3299/1/2 3300/1/2 3301/1/2
f 3301/1/2 3300/1/2 3302/1/2
f 3303/1/2 3304/1/2 3307/1/2
f 3307/1/2 3304/1/2 3308/1/2
f 3305/2/2 3306/2/2 3309/2/2
f 3309/2/2 3306/2/2 3310/2/2
f 3311/2/2 3312/2/2 3313/2/2
f 3313/2/2 3312/2/2 3314/2/2
f 3315/1/2 3316/1/2 3317/1/2
f 3317/1/2 3316/1/2 3318/1/2
f 3319/1/2 3320/1/2 3321/1/2
f 3321/1/2 3320/1/2 3322/1/2
f 3323/1/2 3324/1/2 3327/1/2
f 3327/1/2 3324/1/2 3328/1/2
f 3325/1/2 3326/1/2 3329/1/2
f 3329/1/2 3326/1/2 3330/1/2
f 3331/1/2 3332/1/2 3335/1/2
f 3335/1/2 3332/1/2 3336/1/2
f 3333/1/2 3334/1/2 3337/1/2
f 3337/1/2 3334/1/2 3338/1/2
f 3339/1/2 3340/1/2 3343/1/2
f 3343/1/2 3340/1/2 3344/1/2
f 3341/2/2 3342/2/2 3345/2/2
f 3345/2/2 3342/2/2 3346/2/2
f 3347/1/2 3348/1/2 3351/1/2
f 3351/1/2 3348/1/2 3352/1/2
f 3349/1/2 3350/1/2 3353/1/2
f 3353/1/2 3350/1/2 3354/1/2
f 3355/1/2 3356/1/2 3357/1/2
f 3357/1/2 3356/1/2 3358/1/2
f 3359/2/2 3360/2/2 3361/2/2
f 3361/2/2 3360/2/2 3362/2/2
f 3363/1/2 3364/1/2 3365/1/2
f 3365/1/2 3364/1/2 3366/1/2
f 3367/2/2 3368/2/2 3371/2/2
f 3371/2/2 3368/2/2 3372/2/2
f 3369/1/2 3370/1/2 3375/1/2
f 3375/1/2 3370/1/2 3376/1/2
f 3372/1/2 3373/1/2 3377/1/2
f 3377/1/2 3373/1/2 3378/1/2
f 3374/1/2 3375/1/2 3379/1/2
f 3379/1/2 3375/1/2 3380/1/2
f 3381/1/2 3382/1/2 3385/1/2
f 3385/1/2 3382/1/2 3386/1/2
f 3383/1/2 3384/1/2 3391/1/2
f 3391/1/2 3384/1/2 3392/1/2
f 3387/2/2 3388/2/2 3393/2/2
f 3393/2/2 3388/2/2 3394/2/2
f 3389/1/2 3390/1/2 3397/1/2
f 3397/1/2 3390/1/2 3398/1/2
f 3395/1/2 3396/1/2 3399/1/2
f 3399/1/2 3396/1/2 3400/1/2
f 3401/1/2 3402/1/2 3405/1/2
f 3405/1/2 3402/1/2 3406/1/2
f 3403/2/2 3404/2/2 3407/2/2
f 3407/2/2 3404/2/2 3408/2/2
f 3409/1/2 3410/1/2 3413/1/2
f 3413/1/2 3410/1/2 3414/1/2
f 3411/2/2 3412/2/2 3415/2/2
f 3415/2/2 3412/2/2 3416/2/2
f 3417/2/2 3418/2/2 3419/2/2
f 3419/2/2 3418/2/2 3420/2/2
f 3421/2/2 3422/2/2 3425/2/2
f 3425/2/2 3422/2/2 3426/2/2
f 3423/1/2 3424/1/2 3427/1/2
f 3427/1/2 3424/1/2 3428/1/2
f 3429/1/2 3430/1/2 3433/1/2
f 3433/1/2 3430/1/2 3434/1/2
f 3431/1/2 3432/1/2 3435/1/2
f 3435/1/2 3432/1/2 3436/1/2
f 3437/1/2 3438/1/2 3441/1/2
f 3441/1/2 3438/1/2 3442/1/2
f 3439/1/2 3440/1/2 3443/1/2
f 3443/1/2 3440/1/2 3444/1/2
f 3445/1/2 3446/1/2 3447/1/2
f 3447/1/2 3446/1/2 3448/1/2
f 3447/2/2 3448/2/2 3449/2/2
f 3449/2/2 3448/2/2 3450/2/2
f 3449/1/2 3450/1/2 3451/1/2
f 3451/1/2 3450/1/2 3452/1/2
f 3453/2/2 3454/2/2 3457/2/2
f 3457/2/2 3454/2/2 3458/2/2
f 3455/2/2 3456/2/2 3459/2/2
f 3459/2/2 3456/2/2 3460/2/2
f 3461/1/2 3462/1/2 3465/1/2
f 3465/1/2 3462/1/2 3466/1/2
f 3463/1/2 3464/1/2 3467/1/2
f 3467/1/2 3464/1/2 3468/1/2
f 3469/1/2 3470/1/2 3473/1/2
f 3473/1/2 3470/1/2 3474/1/2
f 3471/1/2 3472/1/2 3475/1/2
f 3475/1/2 3472/1/2 3476/1/2
f 3479/1/2 3480/1/2 3481/1/2
f 3481/1/2 3480/1/2 3482/1/2
f 3477/1/2 3478/1/2 3483/1/2
f 3483/1/2 3478/1/2 3484/1/2
f 3481/2/2 3482/2/2 3485/2/2
f 3485/2/2 3482/2/2 3486/2/2
f 3487/1/2 3488/1/2 3491/1/2
f 3491/1/2 3488/1/2 3492/1/2
f 3489/1/2 3490/1/2 3493/1/2
f 3493/1/2 3490/1/2 3494/1/2
f 3495/2/2 3496/2/2 3499/2/2
f 3499/2/2 3496/2/2 3500/2/2
f 3497/1/2 3498/1/2 3503/1/2
f 3503/1/2 3498/1/2 3504/1/2
f 3500/1/2 3501/1/2 3505/1/2
f 3505/1/2 3501/1/2 3506/1/2
f 3502/1/2 3503/1/2 3509/1/2
f 3509/1/2 3503/1/2 3510/1/2
f 3506/2/2 3507/2/2 3511/2/2
f 3511/2/2 3507/2/2 3512/2/2
f 3508/1/2 3509/1/2 3513/1/2
f 3513/1/2 3509/1/2 3514/1/2
f 3515/1/2 3516/1/2 3519/1/2
f 3519/1/2 3516/1/2 3520/1/2
f 3517/1/2 3518/1/2 3525/1/2
f 3525/1/2 3518/1/2 3526/1/2
f 3521/1/2 3522/1/2 3527/1/2
f 3527/1/2 3522/1/2 3528/1/2
f 3523/1/2 3524/1/2 3529/1/2
f 3529/1/2 3524/1/2 3530/1/2
f 3531/1/2 3532/1/2 3533/1/2
f 3533/1/2 3532/1/2 3534/1/2
f 3535/2/2 3536/2/2 3540/2/2
f 3540/2/2 3536/2/2 3541/2/2
f 3537/2/2 3538/2/2 3542/2/2
f 3542/2/2 3538/2/2 3543/2/2
f 3539/1/2 3540/1/2 3546/1/2
f 3546/1/2 3540/1/2 3547/1/2
f 3543/1/2 3544/1/2 3548/1/2
f 3548/1/2 3544/1/2 3549/1/2
f 3545/1/2 3546/1/2 3551/1/2
f 3551/1/2 3546/1/2 3552/1/2
f 3549/1/2 3550/1/2 3553/1/2
f 3553/1/2 3550/1/2 3554/1/2
f 3557/2/2 3558/2/2 3559/2/2
f 3555/1/2 3556/1/2 3560/1/2
f 3560/1/2 3556/1/2 3561/1/2
f 3559/2/2 3558/2/2 3562/2/2
f 3562/2/2 3558/2/2 3563/2/2
f 3564/1/2 3565/1/2 3568/1/2
f 3568/1/2 3565/1/2 3569/1/2
f 3566/1/2 3567/1/2 3570/1/2
f 3570/1/2 3567/1/2 3571/1/2
f 3574/2/2 3575/2/2 3576/2/2
f 3572/1/2 3573/1/2 3577/1/2
f 3577/1/2 3573/1/2 3578/1/2
f 3576/2/2 3575/2/2 3579/2/2
f 3579/2/2 3575/2/2 3580/2/2
f 3581/1/2 3582/1/2 3585/1/2
f 3585/1/2 3582/1/2 3586/1/2
f 3583/1/2 3584/1/2 3589/1/2
f 3589/1/2 3584/1/2 3590/1/2
f 3586/1/2 3587/1/2 3591/1/2
f 3591/1/2 3587/1/2 3592/1/2
f 3588/1/2 3589/1/2 3595/1/2
f 3595/1/2 3589/1/2 3596/1/2
f 3592/2/2 3593/2/2 3597/2/2
f 3597/2/2 3593/2/2 3598/2/2
f 3594/1/2 3595/1/2 3601/1/2
f 3601/1/2 3595/1/2 3602/1/2
f 3598/2/2 3599/2/2 3603/2/2
f 3603/2/2 3599/2/2 3604/2/2
f 3600/1/2 3601/1/2 3607/1/2
f 3607/1/2 3601/1/2 3608/1/2
f 3604/1/2 3605/1/2 3609/1/2
f 3609/1/2 3605/1/2 3610/1/2
f 3606/1/2 3607/1/2 3613/1/2
f 3613/1/2 3607/1/2 3614/1/2
f 3610/2/2 3611/2/2 3615/2/2
f 3615/2/2 3611/2/2 3616/2/2
f 3612/1/2 3613/1/2 3622/1/2
f 3622/1/2 3613/1/2 3623/1/2
f 3617/1/2 3618/1/2 3624/1/2
f 3618/2/2 3619/2/2 3625/2/2
f 3624/1/2 3618/1/2 3625/1/2
f 3625/2/2 3619/2/2 3626/2/2
f 3620/1/2 3621/1/2 3629/1/2
f 3629/1/2 3621/1/2 3630/1/2
f 3627/1/2 3628/1/2 3631/1/2
f 3631/1/2 3628/1/2 3632/1/2
f 3633/1/2 3634/1/2 3635/1/2
f 3635/1/2 3634/1/2 3636/1/2
f 3635/2/2 3636/2/2 3637/2/2
f 3637/2/2 3636/2/2 3638/2/2
f 3639/1/2 3640/1/2 3641/1/2
f 3641/1/2 3640/1/2 3642/1/2
f 3641/2/2 3642/2/2 3643/2/2
f 3643/2/2 3642/2/2 3644/2/2
f 3645/1/2 3646/1/2 3647/1/2
f 3647/1/2 3646/1/2 3648/1/2
f 3649/1/2 3650/1/2 3654/1/2
f 3654/1/2 3650/1/2 3655/1/2
f 3651/1/2 3652/1/2 3656/1/2
f 3656/1/2 3652/1/2 3657/1/2
f 3657/1/2 3658/1/2 3659/1/2
f 3659/1/2 3658/1/2 3660/1/2
f 3653/1/2 3654/1/2 3661/1/2
f 3661/1/2 3654/1/2 3662/1/2
f 3659/2/2 3660/2/2 3663/2/2
f 3663/2/2 3660/2/2 3664/2/2
f 3665/1/2 3666/1/2 3669/1/2
f 3669/1/2 3666/1/2 3670/1/2
f 3667/1/2 3668/1/2 3671/1/2
f 3671/1/2 3668/1/2 3672/1/2
f 3675/1/2 3676/1/2 3677/1/2
f 3677/1/2 3676/1/2 3678/1/2
f 3677/2/2 3678/2/2 3679/2/2
f 3673/1/2 3674/1/2 3680/1/2
f 3680/1/2 3674/1/2 3681/1/2
f 3679/2/2 3678/2/2 3682/2/2
f 3682/2/2 3678/2/2 3683/2/2
f 3686/2/2 3687/2/2 3688/2/2
f 3688/2/2 3687/2/2 3689/2/2
f 3684/1/2 3685/1/2 3690/1/2
f 3690/1/2 3685/1/2 3691/1/2
f 3688/1/2 3689/1/2 3694/1/2
f 3694/1/2 3689/1/2 3695/1/2
f 3691/1/2 3692/1/2 3696/1/2
f 3696/1/2 3692/1/2 3697/1/2
f 3693/1/2 3694/1/2 3698/1/2
f 3698/1/2 3694/1/2 3699/1/2
f 3700/1/2 3701/1/2 3704/1/2
f 3704/1/2 3701/1/2 3705/1/2
f 3702/1/2 3703/1/2 3709/1/2
f 3709/1/2 3703/1/2 3710/1/2
f 3705/2/2 3706/2/2 3711/2/2
f 3706/1/2 3707/1/2 3712/1/2
f 3711/2/2 3706/2/2 3712/2/2
f 3712/1/2 3707/1/2 3713/1/2
f 3708/1/2 3709/1/2 3719/1/2
f 3719/1/2 3709/1/2 3720/1/2
f 3714/2/2 3715/2/2 3721/2/2
f 3715/1/2 3716/1/2 3722/1/2
f 3721/2/2 3715/2/2 3722/2/2
f 3722/1/2 3716/1/2 3723/1/2
f 3717/1/2 3718/1/2 3724/1/2
f 3724/1/2 3718/1/2 3725/1/2
f 3726/1/2 3727/1/2 3728/1/2
f 3728/1/2 3727/1/2 3729/1/2
f 3728/2/2 3729/2/2 3730/2/2
f 3730/2/2 3729/2/2 3731/2/2
f 3730/1/2 3731/1/2 3732/1/2
f 3732/1/2 3731/1/2 3733/1/2
f 3734/1/2 3735/1/2 3736/1/2
f 3736/1/2 3735/1/2 3737/1/2
f 3738/2/2 3739/2/2 3743/2/2
f 3743/2/2 3739/2/2 3744/2/2
f 3740/2/2 3741/2/2 3745/2/2
f 3745/2/2 3741/2/2 3746/2/2
f 3742/2/2 3743/2/2 3748/2/2
f 3748/2/2 3743/2/2 3749/2/2
f 3746/1/2 3747/1/2 3750/1/2
f 3748/1/2 3749/1/2 3752/1/2
f 3752/1/2 3749/1/2 3753/1/2
f 3750/1/2 3747/1/2 3754/1/2
f 3754/1/2 3747/1/2 3755/1/2
f 3751/1/2 3752/1/2 3757/1/2
f 3757/1/2 3752/1/2 3758/1/2
f 3755/2/2 3756/2/2 3759/2/2
f 3759/2/2 3756/2/2 3760/2/2
f 3761/1/2 3762/1/2 3765/1/2
f 3765/1/2 3762/1/2 3766/1/2
f 3763/1/2 3764/1/2 3767/1/2
f 3767/1/2 3764/1/2 3768/1/2
f 3769/1/2 3770/1/2 3773/1/2
f 3773/1/2 3770/1/2 3774/1/2
f 3771/1/2 3772/1/2 3775/1/2
f 3775/1/2 3772/1/2 3776/1/2
f 3777/1/2 3778/1/2 3781/1/2
f 3781/1/2 3778/1/2 3782/1/2
f 3779/1/2 3780/1/2 3783/1/2
f 3783/1/2 3780/1/2 3784/1/2
f 3785/1/2 3786/1/2 3789/1/2
f 3789/1/2 3786/1/2 3790/1/2
f 3787/1/2 3788/1/2 3793/1/2
f 3793/1/2 3788/1/2 3794/1/2
f 3790/1/2 3791/1/2 3795/1/2
f 3795/1/2 3791/1/2 3796/1/2
f 3792/1/2 3793/1/2 3799/1/2
f 3799/1/2 3793/1/2 3800/1/2
f 3796/1/2 3797/1/2 3801/1/2
f 3801/1/2 3797/1/2 3802/1/2
f 3798/1/2 3799/1/2 3805/1/2
f 3805/1/2 3799/1/2 3806/1/2
f 3802/1/2 3803/1/2 3807/1/2
f 3807/1/2 3803/1/2 3808/1/2
f 3804/1/2 3805/1/2 3811/1/2
f 3811/1/2 3805/1/2 3812/1/2
f 3808/2/2 3809/2/2 3813/2/2
f 3813/2/2 3809/2/2 3814/2/2
f 3810/1/2 3811/1/2 3820/1/2
f 3820/1/2 3811/1/2 3821/1/2
f 3815/1/2 3816/1/2 3822/1/2
f 3816/2/2 3817/2/2 3823/2/2
f 3822/1/2 3816/1/2 3823/1/2
f 3823/2/2 3817/2/2 3824/2/2
f 3818/1/2 3819/1/2 3828/1/2
f 3828/1/2 3819/1/2 3829/1/2
f 3826/1/2 3827/1/2 3830/1/2
f 3825/1/2 3826/1/2 3830/1/2
f 3830/1/2 3827/1/2 3831/1/2
f 3832/1/2 3833/1/2 3837/1/2
f 3837/1/2 3833/1/2 3838/1/2
f 3838/1/2 3833/1/2 3839/1/2
f 3834/1/2 3835/1/2 3840/1/2
f 3840/1/2 3835/1/2 3841/1/2
f 3836/2/2 3837/2/2 3843/2/2
f 3843/2/2 3837/2/2 3844/2/2
f 3841/1/2 3842/1/2 3845/1/2
f 3845/1/2 3842/1/2 3846/1/2
f 3843/1/2 3844/1/2 3848/1/2
f 3848/1/2 3844/1/2 3849/1/2
f 3845/2/2 3846/2/2 3850/2/2
f 3850/2/2 3846/2/2 3851/2/2
f 3847/1/2 3848/1/2 3854/1/2
f 3854/1/2 3848/1/2 3855/1/2
f 3851/2/2 3852/2/2 3856/2/2
f 3856/2/2 3852/2/2 3857/2/2
f 3853/1/2 3854/1/2 3859/1/2
f 3859/1/2 3854/1/2 3860/1/2
f 3857/1/2 3858/1/2 3861/1/2
f 3861/1/2 3858/1/2 3862/1/2
f 3865/1/2 3866/1/2 3867/1/2
f 3867/1/2 3866/1/2 3868/1/2
f 3867/2/2 3868/2/2 3869/2/2
f 3869/2/2 3868/2/2 3870/2/2
f 3863/1/2 3864/1/2 3871/1/2
f 3871/1/2 3864/1/2 3872/1/2
f 3869/1/2 3870/1/2 3873/1/2
f 3873/1/2 3870/1/2 3874/1/2
f 3877/1/2 3878/1/2 3879/1/2
f 3879/1/2 3878/1/2 3880/1/2
f 3875/1/2 3876/1/2 3881/1/2
f 3881/1/2 3876/1/2 3882/1/2
f 3879/2/2 3880/2/2 3885/2/2
f 3885/2/2 3880/2/2 3886/2/2
f 3882/1/2 3883/1/2 3887/1/2
f 3887/1/2 3883/1/2 3888/1/2
f 3884/2/2 3885/2/2 3891/2/2
f 3891/2/2 3885/2/2 3892/2/2
f 3890/1/2 3891/1/2 3893/1/2
f 3888/1/2 3889/1/2 3894/1/2
f 3894/1/2 3889/1/2 3895/1/2
f 3893/1/2 3891/1/2 3898/1/2
f 3898/1/2 3891/1/2 3899/1/2
f 3895/1/2 3896/1/2 3900/1/2
f 3900/1/2 3896/1/2 3901/1/2
f 3897/1/2 3898/1/2 3904/1/2
f 3904/1/2 3898/1/2 3905/1/2
f 3901/1/2 3902/1/2 3906/1/2
f 3906/1/2 3902/1/2 3907/1/2
f 3903/1/2 3904/1/2 3912/1/2
f 3912/1/2 3904/1/2 3913/1/2
f 3907/2/2 3908/2/2 3914/2/2
f 3908/1/2 3909/1/2 3915/1/2
f 3914/2/2 3908/2/2 3915/2/2
f 3915/1/2 3909/1/2 3916/1/2
f 3910/1/2 3911/1/2 3921/1/2
f 3911/1/2 3912/1/2 3921/1/2
f 3921/1/2 3912/1/2 3922/1/2
f 3918/2/2 3919/2/2 3923/2/2
f 3917/2/2 3918/2/2 3923/2/2
f 3919/1/2 3920/1/2 3924/1/2
f 3923/2/2 3919/2/2 3924/2/2
f 3924/1/2 3920/1/2 3925/1/2
f 3926/1/2 3927/1/2 3932/1/2
f 3932/1/2 3927/1/2 3933/1/2
f 3928/1/2 3929/1/2 3934/1/2
f 3934/1/2 3929/1/2 3935/1/2
f 3930/2/2 3931/2/2 3937/2/2
f 3937/2/2 3931/2/2 3938/2/2
f 3935/1/2 3936/1/2 3939/1/2
f 3939/1/2 3936/1/2 3940/1/2
f 3940/1/2 3936/1/2 3941/1/2
f 3940/2/2 3941/2/2 3944/2/2
f 3944/2/2 3941/2/2 3945/2/2
f 3942/1/2 3943/1/2 3948/1/2
f 3948/1/2 3943/1/2 3949/1/2
f 3945/1/2 3946/1/2 3950/1/2
f 3950/1/2 3946/1/2 3951/1/2
f 3947/1/2 3948/1/2 3954/1/2
f 3954/1/2 3948/1/2 3955/1/2
f 3951/1/2 3952/1/2 3956/1/2
f 3956/1/2 3952/1/2 3957/1/2
f 3957/1/2 3958/1/2 3959/1/2
f 3959/1/2 3958/1/2 3960/1/2
f 3960/1/2 3958/1/2 3961/1/2
f 3960/2/2 3961/2/2 3962/2/2
f 3962/2/2 3961/2/2 3963/2/2
f 3953/1/2 3954/1/2 3964/1/2
f 3964/1/2 3954/1/2 3965/1/2
f 3962/1/2 3963/1/2 3968/1/2
f 3968/1/2 3963/1/2 3969/1/2
f 3965/1/2 3966/1/2 3970/1/2
f 3970/1/2 3966/1/2 3971/1/2
f 3967/1/2 3968/1/2 3974/1/2
f 3974/1/2 3968/1/2 3975/1/2
f 3971/1/2 3972/1/2 3976/1/2
f 3976/1/2 3972/1/2 3977/1/2
f 3973/2/2 3974/2/2 3980/2/2
f 3980/2/2 3974/2/2 3981/2/2
f 3977/1/2 3978/1/2 3982/1/2
f 3979/2/2 3980/2/2 3985/2/2
f 3985/2/2 3980/2/2 3986/2/2
f 3982/1/2 3983/1/2 3987/1/2
f 3977/1/2 3982/1/2 3987/1/2
f 3987/1/2 3983/1/2 3988/1/2
f 3985/1/2 3986/1/2 3991/1/2
f 3984/1/2 3985/1/2 3991/1/2
f 3991/1/2 3986/1/2 3992/1/2
f 3988/1/2 3989/1/2 3993/1/2
f 3993/1/2 3989/1/2 3994/1/2
f 3990/1/2 3991/1/2 3998/1/2
f 3998/1/2 3991/1/2 3999/1/2
f 3994/1/2 3995/1/2 4000/1/2
f 4000/1/2 3995/1/2 4001/1/2
f 3996/2/2 3997/2/2 4005/2/2
f 3997/1/2 3998/1/2 4006/1/2
f 4005/2/2 3997/2/2 4006/2/2
f 4006/1/2 3998/1/2 4007/1/2
f 4001/1/2 4002/1/2 4008/1/2
f 4003/2/2 4004/2/2 4009/2/2
f 4008/1/2 4002/1/2 4009/1/2
f 4002/2/2 4003/2/2 4009/2/2
f 4004/1/2 4005/1/2 4010/1/2
f 4009/2/2 4004/2/2 4010/2/2
f 4010/1/2 4005/1/2 4011/1/2
f 4012/1/2 4013/1/2 4016/1/2
f 4016/1/2 4013/1/2 4017/1/2
f 4017/1/2 4013/1/2 4018/1/2
f 4014/1/2 4015/1/2 4019/1/2
f 4019/1/2 4015/1/2 4020/1/2
f 4020/1/2 4015/1/2 4021/1/2
f 4021/1/2 4015/1/2 4022/1/2
f 4021/1/2 4022/1/2 4024/1/2
f 4022/2/2 4023/2/2 4025/2/2
f 4024/1/2 4022/1/2 4025/1/2
f 4025/2/2 4023/2/2 4026/2/2
f 4026/2/2 4027/2/2 4028/2/2
f 4028/2/2 4027/2/2 4029/2/2
f 4029/1/2 4030/1/2 4033/1/2
f 4031/1/2 4032/1/2 4035/1/2
f 4035/1/2 4032/1/2 4036/1/2
f 4033/1/2 4034/1/2 4037/1/2
f 4029/1/2 4033/1/2 4037/1/2
f 4037/1/2 4034/1/2 4038/1/2
f 4031/1/2 4035/1/2 4040/1/2
f 4038/1/2 4034/1/2 4041/1/2
f 4039/1/2 4040/1/2 4043/1/2
f 4040/1/2 4035/1/2 4043/1/2
f 4043/1/2 4035/1/2 4044/1/2
f 4041/1/2 4042/1/2 4045/1/2
f 4038/1/2 4041/1/2 4045/1/2
f 4045/1/2 4042/1/2 4046/1/2
f 4046/1/2 4042/1/2 4047/1/2
f 4047/1/2 4042/1/2 4048/1/2
f 4047/2/2 4048/2/2 4049/2/2
f 4049/2/2 4048/2/2 4050/2/2
f 4039/1/2 4043/1/2 4051/1/2
f 4049/1/2 4050/1/2 4054/1/2
f 4051/1/2 4052/1/2 4055/1/2
f 4039/1/2 4051/1/2 4055/1/2
f 4055/1/2 4052/1/2 4056/1/2
f 4053/1/2 4054/1/2 4057/1/2
f 4054/1/2 4050/1/2 4057/1/2
f 4057/1/2 4050/1/2 4058/1/2
f 4056/1/2 4052/1/2 4059/1/2
f 4053/1/2 4057/1/2 4062/1/2
f 4059/1/2 4060/1/2 4063/1/2
f 4056/1/2 4059/1/2 4063/1/2
f 4063/1/2 4060/1/2 4064/1/2
f 4061/1/2 4062/1/2 4065/1/2
f 4062/1/2 4057/1/2 4066/1/2
f 4065/1/2 4062/1/2 4066/1/2
f 4066/1/2 4057/1/2 4067/1/2
f 4064/1/2 4060/1/2 4068/1/2
f 4068/1/2 4060/1/2 4069/1/2
f 4065/2/2 4066/2/2 4072/2/2
f 4072/2/2 4066/2/2 4073/2/2
f 4069/1/2 4070/1/2 4074/1/2
f 4074/1/2 4070/1/2 4075/1/2
f 4071/2/2 4072/2/2 4078/2/2
f 4078/2/2 4072/2/2 4079/2/2
f 4075/1/2 4076/1/2 4080/1/2
f 4080/1/2 4076/1/2 4081/1/2
f 4081/1/2 4076/1/2 4082/1/2
f 4077/2/2 4078/2/2 4087/2/2
f 4087/2/2 4078/2/2 4088/2/2
f 4081/1/2 4082/1/2 4089/1/2
f 4082/1/2 4083/1/2 4089/1/2
f 4089/1/2 4083/1/2 4090/1/2
f 4090/1/2 4083/1/2 4091/1/2
f 4084/1/2 4085/1/2 4093/1/2
f 4085/2/2 4086/2/2 4094/2/2
f 4086/2/2 4087/2/2 4094/2/2
f 4093/1/2 4085/1/2 4094/1/2
f 4094/2/2 4087/2/2 4095/2/2
f 4091/1/2 4092/1/2 4096/1/2
f 4090/1/2 4091/1/2 4096/1/2
f 4092/2/2 4093/2/2 4097/2/2
f 4096/1/2 4092/1/2 4097/1/2
f 4093/2/2 4094/2/2 4097/2/2
f 4097/2/2 4094/2/2 4098/2/2
f 4099/1/2 4100/1/2 4102/1/2
f 4102/1/2 4100/1/2 4103/1/2
f 4103/1/2 4100/1/2 4104/1/2
f 4104/1/2 4100/1/2 4105/1/2
f 4101/1/2 4102/1/2 4108/1/2
f 4102/1/2 4103/1/2 4108/1/2
f 4108/1/2 4103/1/2 4109/1/2
f 4105/1/2 4106/1/2 4110/1/2
f 4104/1/2 4105/1/2 4110/1/2
f 4106/2/2 4107/2/2 4111/2/2
f 4110/1/2 4106/1/2 4111/1/2
f 4111/2/2 4107/2/2 4112/2/2
f 4112/1/2 4113/1/2 4114/1/2
f 4111/1/2 4112/1/2 4114/1/2
f 4114/1/2 4113/1/2 4115/1/2
f 4115/1/2 4113/1/2 4116/1/2
f 4116/1/2 4117/1/2 4118/1/2
f 4115/1/2 4116/1/2 4118/1/2
f 4118/1/2 4117/1/2 4119/1/2
f 4119/1/2 4117/1/2 4122/1/2
f 4119/1/2 4122/1/2 4124/1/2
f 4122/1/2 4123/1/2 4124/1/2
f 4124/1/2 4123/1/2 4125/1/2
f 4120/1/2 4121/1/2 4127/1/2
f 4125/1/2 4123/1/2 4128/1/2
f 4128/1/2 4123/1/2 4129/1/2
f 4126/1/2 4127/1/2 4131/1/2
f 4127/1/2 4121/1/2 4131/1/2
f 4131/1/2 4121/1/2 4132/1/2
f 4129/1/2 4130/1/2 4133/1/2
f 4128/1/2 4129/1/2 4133/1/2
f 4133/1/2 4130/1/2 4134/1/2
f 4134/1/2 4130/1/2 4135/1/2
f 4135/1/2 4130/1/2 4136/1/2
f 4126/1/2 4131/1/2 4137/1/2
f 4135/2/2 4136/2/2 4140/2/2
f 4140/2/2 4136/2/2 4141/2/2
f 4137/1/2 4138/1/2 4142/1/2
f 4126/1/2 4137/1/2 4142/1/2
f 4142/1/2 4138/1/2 4143/1/2
f 4140/1/2 4141/1/2 4144/1/2
f 4139/1/2 4140/1/2 4144/1/2
f 4144/1/2 4141/1/2 4145/1/2
f 4143/1/2 4138/1/2 4146/1/2
f 4139/1/2 4144/1/2 4149/1/2
f 4146/1/2 4147/1/2 4150/1/2
f 4143/1/2 4146/1/2 4150/1/2
f 4150/1/2 4147/1/2 4151/1/2
f 4148/1/2 4149/1/2 4152/1/2
f 4149/1/2 4144/1/2 4152/1/2
f 4152/1/2 4144/1/2 4153/1/2
f 4151/1/2 4147/1/2 4154/1/2
f 4148/1/2 4152/1/2 4157/1/2
f 4154/1/2 4155/1/2 4158/1/2
f 4151/1/2 4154/1/2 4158/1/2
f 4158/1/2 4155/1/2 4159/1/2
f 4159/1/2 4155/1/2 4160/1/2
f 4156/1/2 4157/1/2 4163/1/2
f 4157/1/2 4152/1/2 4164/1/2
f 4163/1/2 4157/1/2 4164/1/2
f 4164/1/2 4152/1/2 4165/1/2
f 4160/1/2 4161/1/2 4166/1/2
f 4159/1/2 4160/1/2 4166/1/2
f 4166/1/2 4161/1/2 4167/1/2
f 4167/1/2 4161/1/2 4168/1/2
f 4162/1/2 4163/1/2 4171/1/2
f 4163/1/2 4164/1/2 4171/1/2
f 4171/1/2 4164/1/2 4172/1/2
f 4172/1/2 4164/1/2 4173/1/2
f 4168/1/2 4169/1/2 4174/1/2
f 4167/1/2 4168/1/2 4174/1/2
f 4174/1/2 4169/1/2 4175/1/2
f 4175/1/2 4169/1/2 4176/1/2
f 4171/1/2 4172/1/2 4177/1/2
f 4170/1/2 4171/1/2 4177/1/2
f 4177/1/2 4172/1/2 4178/1/2
f 4178/1/2 4172/1/2 4179/1/2
f 4175/1/2 4176/1/2 4180/1/2
f 4177/1/2 4178/1/2 4180/1/2
f 4176/1/2 4177/1/2 4180/1/2
f 4180/1/2 4178/1/2 4181/1/2
f 4182/1/2 4183/1/2 4184/1/2
f 4184/1/2 4183/1/2 4185/1/2
f 4186/2/2 4187/2/2 4189/2/2
f 4189/2/2 4187/2/2 4190/2/2
f 4188/1/2 4189/1/2 4193/1/2
f 4190/1/2 4191/1/2 4193/1/2
f 4189/1/2 4190/1/2 4193/1/2
f 4193/1/2 4191/1/2 4194/1/2
f 4194/1/2 4191/1/2 4195/1/2
f 4195/1/2 4191/1/2 4196/1/2
f 4192/2/2 4193/2/2 4198/2/2
f 4198/2/2 4193/2/2 4199/2/2
f 4193/1/2 4194/1/2 4200/1/2
f 4199/2/2 4193/2/2 4200/2/2
f 4200/1/2 4194/1/2 4201/1/2
f 4196/1/2 4197/1/2 4202/1/2
f 4195/1/2 4196/1/2 4202/1/2
f 4202/1/2 4197/1/2 4203/1/2
f 4203/1/2 4197/1/2 4204/1/2
f 4198/1/2 4199/1/2 4206/1/2
f 4199/2/2 4200/2/2 4206/2/2
f 4206/2/2 4200/2/2 4207/2/2
f 4204/1/2 4205/1/2 4208/1/2
f 4203/1/2 4204/1/2 4208/1/2
f 4208/1/2 4205/1/2 4209/1/2
f 4198/1/2 4206/1/2 4210/1/2
f 4210/1/2 4206/1/2 4211/1/2
f 4209/1/2 4205/1/2 4212/1/2
f 4212/1/2 4205/1/2 4213/1/2
f 4213/1/2 4205/1/2 4214/1/2
f 4214/1/2 4215/1/2 4216/1/2
f 4213/1/2 4214/1/2 4216/1/2
f 4216/1/2 4215/1/2 4217/1/2
f 4216/2/2 4217/2/2 4218/2/2
f 4218/2/2 4217/2/2 4219/2/2
f 4219/2/2 4217/2/2 4222/2/2
f 4220/1/2 4221/1/2 4224/1/2
f 4219/2/2 4222/2/2 4226/2/2
f 4222/2/2 4223/2/2 4226/2/2
f 4226/2/2 4223/2/2 4227/2/2
f 4224/1/2 4225/1/2 4228/1/2
f 4220/1/2 4224/1/2 4228/1/2
f 4228/1/2 4225/1/2 4229/1/2
f 4229/1/2 4225/1/2 4230/1/2
f 4227/2/2 4223/2/2 4231/2/2
f 4226/1/2 4227/1/2 4231/1/2
f 4231/2/2 4223/2/2 4232/2/2
f 4229/1/2 4230/1/2 4233/1/2
f 4226/1/2 4231/1/2 4236/1/2
f 4233/1/2 4234/1/2 4237/1/2
f 4229/1/2 4233/1/2 4237/1/2
f 4237/1/2 4234/1/2 4238/1/2
f 4238/1/2 4234/1/2 4239/1/2
f 4235/1/2 4236/1/2 4242/1/2
f 4236/1/2 4231/1/2 4243/1/2
f 4242/1/2 4236/1/2 4243/1/2
f 4243/1/2 4231/1/2 4244/1/2
f 4239/1/2 4240/1/2 4245/1/2
f 4238/1/2 4239/1/2 4245/1/2
f 4241/1/2 4242/1/2 4248/1/2
f 4242/1/2 4243/1/2 4248/1/2
f 4245/1/2 4246/1/2 4249/1/2
f 4238/1/2 4245/1/2 4249/1/2
f 4249/1/2 4246/1/2 4250/1/2
f 4250/1/2 4246/1/2 4251/1/2
f 4247/1/2 4248/1/2 4254/1/2
f 4248/1/2 4243/1/2 4255/1/2
f 4254/1/2 4248/1/2 4255/1/2
f 4255/1/2 4243/1/2 4256/1/2
f 4251/1/2 4252/1/2 4257/1/2
f 4250/1/2 4251/1/2 4257/1/2
f 4257/1/2 4252/1/2 4258/1/2
f 4258/1/2 4252/1/2 4259/1/2
f 4253/1/2 4254/1/2 4260/1/2
f 4254/1/2 4255/1/2 4260/1/2
f 4260/1/2 4255/1/2 4261/1/2
f 4261/1/2 4255/1/2 4262/1/2
f 4258/1/2 4259/1/2 4263/1/2
f 4260/1/2 4261/1/2 4263/1/2
f 4259/1/2 4260/1/2 4263/1/2
f 4263/1/2 4261/1/2 4264/1/2
f 4264/1/2 4261/1/2 4265/1/2
f 4265/1/2 4261/1/2 4266/1/2
f 4264/1/2 4265/1/2 4267/1/2
f 4267/1/2 4265/1/2 4268/1/2
f 4269/1/2 4270/1/2 4271/1/2
f 4271/1/2 4270/1/2 4272/1/2
f 4271/2/2 4272/2/2 4273/2/2
f 4273/2/2 4272/2/2 4274/2/2
f 4273/1/2 4274/1/2 4275/1/2
f 4275/1/2 4274/1/2 4276/1/2
f 4277/1/2 4278/1/2 4279/1/2
f 4279/1/2 4278/1/2 4280/1/2
f 4281/2/2 4282/2/2 4284/2/2
f 4284/2/2 4282/2/2 4285/2/2
f 4283/2/2 4284/2/2 4288/2/2
f 4285/2/2 4286/2/2 4288/2/2
f 4284/2/2 4285/2/2 4288/2/2
f 4288/2/2 4286/2/2 4289/2/2
f 4289/2/2 4286/2/2 4290/2/2
f 4287/1/2 4288/1/2 4293/1/2
f 4288/1/2 4289/1/2 4293/1/2
f 4293/1/2 4289/1/2 4294/1/2
f 4294/1/2 4289/1/2 4295/1/2
f 4290/2/2 4291/2/2 4296/2/2
f 4295/1/2 4289/1/2 4296/1/2
f 4289/2/2 4290/2/2 4296/2/2
f 4296/2/2 4291/2/2 4297/2/2
f 4293/1/2 4294/1/2 4299/1/2
f 4292/1/2 4293/1/2 4299/1/2
f 4299/1/2 4294/1/2 4300/1/2
f 4296/1/2 4297/1/2 4301/1/2
f 4295/1/2 4296/1/2 4301/1/2
f 4301/1/2 4297/1/2 4302/1/2
f 4292/1/2 4299/1/2 4303/1/2
f 4303/1/2 4299/1/2 4304/1/2
f 4302/1/2 4297/1/2 4305/1/2
f 4305/1/2 4297/1/2 4306/1/2
f 4297/2/2 4298/2/2 4307/2/2
f 4306/1/2 4297/1/2 4307/1/2
f 4307/2/2 4298/2/2 4308/2/2
f 4292/1/2 4303/1/2 4311/1/2
f 4311/1/2 4303/1/2 4312/1/2
f 4310/1/2 4311/1/2 4313/1/2
f 4313/1/2 4311/1/2 4314/1/2
f 4312/1/2 4303/1/2 4315/1/2
f 4315/1/2 4303/1/2 4316/1/2
f 4308/1/2 4309/1/2 4319/1/2
f 4307/1/2 4308/1/2 4319/1/2
f 4306/1/2 4307/1/2 4319/1/2
f 4319/1/2 4309/1/2 4320/1/2
f 4320/1/2 4309/1/2 4321/1/2
f 4316/1/2 4317/1/2 4322/1/2
f 4315/1/2 4316/1/2 4322/1/2
f 4314/1/2 4315/1/2 4322/1/2
f 4319/1/2 4320/1/2 4325/1/2
f 4318/1/2 4319/1/2 4325/1/2
f 4322/1/2 4323/1/2 4326/1/2
f 4314/1/2 4322/1/2 4326/1/2
f 4326/1/2 4323/1/2 4327/1/2
f 4327/1/2 4323/1/2 4328/1/2
f 4324/1/2 4325/1/2 4329/1/2
f 4325/1/2 4320/1/2 4330/1/2
f 4329/1/2 4325/1/2 4330/1/2
f 4330/1/2 4320/1/2 4331/1/2
f 4327/1/2 4328/1/2 4332/1/2
f 4328/1/2 4329/1/2 4332/1/2
f 4329/1/2 4330/1/2 4332/1/2
f 4332/1/2 4330/1/2 4333/1/2
f 4333/1/2 4330/1/2 4334/1/2
f 4334/1/2 4330/1/2 4335/1/2
f 4333/1/2 4334/1/2 4336/1/2
f 4336/1/2 4334/1/2 4337/1/2
f 4337/1/2 4334/1/2 4338/1/2
f 4338/1/2 4334/1/2 4339/1/2
f 4337/1/2 4338/1/2 4340/1/2
f 4340/1/2 4338/1/2 4341/1/2
f 4342/1/2 4343/1/2 4344/1/2
f 4344/1/2 4343/1/2 4345/1/2
f 4344/2/2 4345/2/2 4346/2/2
f 4346/2/2 4345/2/2 4347/2/2
f 4346/1/2 4347/1/2 4348/1/2
f 4348/1/2 4347/1/2 4349/1/2
f 4348/2/2 4349/2/2 4350/2/2
f 4350/2/2 4349/2/2 4351/2/2
f 4350/1/2 4351/1/2 4354/1/2
f 4352/1/2 4353/1/2 4355/1/2
f 4355/1/2 4353/1/2 4356/1/2
f 4350/1/2 4354/1/2 4357/1/2
f 4354/1/2 4355/1/2 4357/1/2
f 4355/2/2 4356/2/2 4358/2/2
f 4357/1/2 4355/1/2 4358/1/2
f 4358/2/2 4356/2/2 4359/2/2
f 4360/1/2 4361/1/2 4363/1/2
f 4363/1/2 4361/1/2 4364/1/2
f 4362/1/2 4363/1/2 4367/1/2
f 4364/1/2 4365/1/2 4367/1/2
f 4363/1/2 4364/1/2 4367/1/2
f 4367/1/2 4365/1/2 4368/1/2
f 4366/1/2 4367/1/2 4370/1/2
f 4368/1/2 4369/1/2 4370/1/2
f 4367/1/2 4368/1/2 4370/1/2
f 4370/1/2 4369/1/2 4371/1/2
f 4371/1/2 4369/1/2 4372/1/2
f 4372/1/2 4369/1/2 4373/1/2
f 4371/1/2 4372/1/2 4374/1/2
f 4374/1/2 4372/1/2 4375/1/2
f 4375/1/2 4372/1/2 4376/1/2
f 4376/1/2 4372/1/2 4377/1/2
f 4375/1/2 4376/1/2 4378/1/2
f 4378/1/2 4376/1/2 4379/1/2
f 4384/1/3 4381/1/3 4380/1/3
f 4385/2/3 4382/2/3 4381/2/3
f 4385/1/3 4381/1/3 4384/1/3
f 4386/2/3 4382/2/3 4385/2/3
f 4389/1/3 4384/1/3 4383/1/3
f 4389/1/3 4385/1/3 4384/1/3
f 4389/1/3 4386/1/3 4385/1/3
f 4390/2/3 4387/2/3 4386/2/3
f 4390/1/3 4386/1/3 4389/1/3
f 4391/2/3 4387/2/3 4390/2/3
f 4393/1/3 4389/1/3 4388/1/3
f 4393/2/3 4392/2/3 4391/2/3
f 4393/1/3 4391/1/3 4390/1/3
f 4393/1/3 4390/1/3 4389/1/3
f 4394/2/3 4392/2/3 4393/2/3
f 4395/1/3 4393/1/3 4388/1/3
f 4395/1/3 4394/1/3 4393/1/3
f 4396/1/3 4394/1/3 4395/1/3
f 4397/1/3 4394/1/3 4396/1/3
f 4398/1/3 4394/1/3 4397/1/3
f 4404/1/3 4400/1/3 4399/1/3
f 4405/2/3 4401/2/3 4400/2/3
f 4405/1/3 4400/1/3 4404/1/3
f 4406/2/3 4401/2/3 4405/2/3
f 4407/1/3 4402/1/3 4401/1/3
f 4410/1/3 4404/1/3 4403/1/3
f 4410/1/3 4405/1/3 4404/1/3
f 4410/1/3 4406/1/3 4405/1/3
f 4411/2/3 4401/2/3 4406/2/3
f 4411/1/3 4408/1/3 4407/1/3
f 4411/1/3 4407/1/3 4401/1/3
f 4412/1/3 4408/1/3 4411/1/3
f 4413/1/3 4408/1/3 4412/1/3
f 4416/1/3 4410/1/3 4409/1/3
f 4417/1/3 4406/1/3 4410/1/3
f 4417/1/3 4410/1/3 4416/1/3
f 4418/2/3 4411/2/3 4406/2/3
f 4418/1/3 4406/1/3 4417/1/3
f 4418/2/3 4412/2/3 4411/2/3
f 4419/2/3 4412/2/3 4418/2/3
f 4420/1/3 4414/1/3 4413/1/3
f 4420/2/3 4412/2/3 4419/2/3
f 4420/1/3 4413/1/3 4412/1/3
f 4421/1/3 4414/1/3 4420/1/3
f 4422/1/3 4414/1/3 4421/1/3
f 4424/1/3 4416/1/3 4415/1/3
f 4424/1/3 4417/1/3 4416/1/3
f 4425/1/3 4417/1/3 4424/1/3
f 4426/2/3 4421/2/3 4420/2/3
f 4427/1/3 4423/1/3 4422/1/3
f 4427/2/3 4421/2/3 4426/2/3
f 4427/1/3 4422/1/3 4421/1/3
f 4428/1/3 4423/1/3 4427/1/3
f 4430/1/3 4424/1/3 4415/1/3
f 4431/1/3 4424/1/3 4430/1/3
f 4432/1/3 4424/1/3 4431/1/3
f 4433/2/3 4428/2/3 4427/2/3
f 4434/1/3 4423/1/3 4428/1/3
f 4434/2/3 4428/2/3 4433/2/3
f 4435/1/3 4423/1/3 4434/1/3
f 4436/1/3 4423/1/3 4435/1/3
f 4438/2/3 4435/2/3 4434/2/3
f 4439/1/3 4437/1/3 4436/1/3
f 4439/2/3 4435/2/3 4438/2/3
f 4439/1/3 4436/1/3 4435/1/3
f 4440/1/3 4437/1/3 4439/1/3
f 4441/1/3 4430/1/3 4429/1/3
f 4441/1/3 4431/1/3 4430/1/3
f 4442/1/3 4431/1/3 4441/1/3
f 4443/2/3 4440/2/3 4439/2/3
f 4443/2/3 4439/2/3 4438/2/3
f 4444/2/3 4440/2/3 4443/2/3
f 4445/1/3 4441/1/3 4429/1/3
f 4446/1/3 4431/1/3 4442/1/3
f 4447/1/3 4431/1/3 4446/1/3
f 4448/1/3 4437/1/3 4440/1/3
f 4448/2/3 4440/2/3 4444/2/3
f 4449/1/3 4437/1/3 4448/1/3
f 4450/1/3 4445/1/3 4429/1/3
f 4450/1/3 4446/1/3 4445/1/3
f 4451/1/3 4446/1/3 4450/1/3
f 4452/1/3 4446/1/3 4451/1/3
f 4454/1/3 4444/1/3 4443/1/3
f 4455/2/3 4449/2/3 4448/2/3
f 4455/1/3 4444/1/3 4454/1/3
f 4455/2/3 4448/2/3 4444/2/3
f 4456/2/3 4449/2/3 4455/2/3
f 4457/1/3 4452/1/3 4451/1/3
f 4457/1/3 4453/1/3 4452/1/3
f 4459/1/3 4457/1/3 4451/1/3
f 4459/1/3 4458/1/3 4457/1/3
f 4460/1/3 4458/1/3 4459/1/3
f 4461/1/3 4458/1/3 4460/1/3
f 4463/1/3 4462/1/3 4461/1/3
f 4463/1/3 4461/1/3 4460/1/3
f 4464/1/3 4462/1/3 4463/1/3
f 4465/1/3 4462/1/3 4464/1/3
f 4467/1/3 4466/1/3 4465/1/3
f 4467/1/3 4465/1/3 4464/1/3
f 4468/1/3 4466/1/3 4467/1/3
f 4469/1/3 4466/1/3 4468/1/3
f 4470/1/3 4466/1/3 4469/1/3
f 4471/1/3 4469/1/3 4468/1/3
f 4472/1/3 4469/1/3 4471/1/3
f 4479/1/3 4474/1/3 4473/1/3
f 4480/2/3 4475/2/3 4474/2/3
f 4480/1/3 4474/1/3 4479/1/3
f 4481/1/3 4476/1/3 4475/1/3
f 4481/2/3 4475/2/3 4480/2/3
f 4482/1/3 4476/1/3 4481/1/3
f 4483/2/3 4477/2/3 4476/2/3
f 4483/1/3 4476/1/3 4482/1/3
f 4484/1/3 4478/1/3 4477/1/3
f 4484/2/3 4477/2/3 4483/2/3
f 4487/2/3 4480/2/3 4479/2/3
f 4488/1/3 4482/1/3 4481/1/3
f 4488/2/3 4480/2/3 4487/2/3
f 4488/1/3 4481/1/3 4480/1/3
f 4489/2/3 4483/2/3 4482/2/3
f 4489/1/3 4482/1/3 4488/1/3
f 4490/1/3 4484/1/3 4483/1/3
f 4490/2/3 4483/2/3 4489/2/3
f 4491/1/3 4478/1/3 4484/1/3
f 4491/1/3 4484/1/3 4490/1/3
f 4494/1/3 4486/1/3 4485/1/3
f 4495/1/3 4486/1/3 4494/1/3
f 4504/1/3 4493/1/3 4492/1/3
f 4505/2/3 4494/2/3 4493/2/3
f 4505/1/3 4493/1/3 4504/1/3
f 4506/2/3 4494/2/3 4505/2/3
f 4507/1/3 4496/1/3 4495/1/3
f 4507/2/3 4494/2/3 4506/2/3
f 4507/1/3 4495/1/3 4494/1/3
f 4508/1/3 4496/1/3 4507/1/3
f 4509/1/3 4496/1/3 4508/1/3
f 4511/1/3 4498/1/3 4497/1/3
f 4512/2/3 4499/2/3 4498/2/3
f 4512/1/3 4498/1/3 4511/1/3
f 4513/1/3 4500/1/3 4499/1/3
f 4513/2/3 4499/2/3 4512/2/3
f 4514/1/3 4500/1/3 4513/1/3
f 4515/2/3 4501/2/3 4500/2/3
f 4515/1/3 4500/1/3 4514/1/3
f 4516/1/3 4502/1/3 4501/1/3
f 4516/2/3 4501/2/3 4515/2/3
f 4518/1/3 4506/1/3 4505/1/3
f 4518/1/3 4505/1/3 4504/1/3
f 4518/1/3 4504/1/3 4503/1/3
f 4519/1/3 4506/1/3 4518/1/3
f 4520/1/3 4506/1/3 4519/1/3
f 4521/1/3 4510/1/3 4509/1/3
f 4522/1/3 4510/1/3 4521/1/3
f 4524/2/3 4512/2/3 4511/2/3
f 4525/1/3 4513/1/3 4512/1/3
f 4525/2/3 4512/2/3 4524/2/3
f 4525/1/3 4514/1/3 4513/1/3
f 4526/2/3 4515/2/3 4514/2/3
f 4526/1/3 4514/1/3 4525/1/3
f 4527/1/3 4516/1/3 4515/1/3
f 4527/2/3 4515/2/3 4526/2/3
f 4528/1/3 4502/1/3 4516/1/3
f 4528/1/3 4516/1/3 4527/1/3
f 4529/1/3 4519/1/3 4518/1/3
f 4529/1/3 4518/1/3 4517/1/3
f 4530/1/3 4519/1/3 4529/1/3
f 4531/1/3 4523/1/3 4522/1/3
f 4532/1/3 4523/1/3 4531/1/3
f 4534/1/3 4529/1/3 4517/1/3
f 4535/1/3 4529/1/3 4534/1/3
f 4536/1/3 4529/1/3 4535/1/3
f 4537/1/3 4523/1/3 4532/1/3
f 4538/1/3 4523/1/3 4537/1/3
f 4540/1/3 4539/1/3 4538/1/3
f 4542/1/3 4534/1/3 4533/1/3
f 4542/1/3 4535/1/3 4534/1/3
f 4543/1/3 4535/1/3 4542/1/3
f 4544/1/3 4540/1/3 4538/1/3
f 4545/2/3 4541/2/3 4540/2/3
f 4545/1/3 4540/1/3 4544/1/3
f 4546/2/3 4541/2/3 4545/2/3
f 4548/1/3 4542/1/3 4533/1/3
f 4549/1/3 4546/1/3 4545/1/3
f 4551/1/3 4549/1/3 4545/1/3
f 4551/2/3 4550/2/3 4549/2/3
f 4552/2/3 4550/2/3 4551/2/3
f 4553/1/3 4548/1/3 4547/1/3
f 4554/1/3 4542/1/3 4548/1/3
f 4554/1/3 4548/1/3 4553/1/3
f 4555/1/3 4551/1/3 4545/1/3
f 4555/1/3 4552/1/3 4551/1/3
f 4556/1/3 4552/1/3 4555/1/3
f 4557/1/3 4552/1/3 4556/1/3
f 4558/1/3 4542/1/3 4554/1/3
f 4560/1/3 4556/1/3 4555/1/3
f 4561/1/3 4556/1/3 4560/1/3
f 4562/1/3 4559/1/3 4558/1/3
f 4562/1/3 4558/1/3 4554/1/3
f 4563/1/3 4559/1/3 4562/1/3
f 4564/1/3 4559/1/3 4563/1/3
f 4568/1/3 4564/1/3 4563/1/3
f 4568/1/3 4565/1/3 4564/1/3
f 4571/1/3 4567/1/3 4566/1/3
f 4572/1/3 4569/1/3 4568/1/3
f 4572/1/3 4568/1/3 4563/1/3
f 4573/1/3 4569/1/3 4572/1/3
f 4574/1/3 4569/1/3 4573/1/3
f 4577/1/3 4571/1/3 4570/1/3
f 4578/1/3 4567/1/3 4571/1/3
f 4578/1/3 4571/1/3 4577/1/3
f 4579/1/3 4567/1/3 4578/1/3
f 4580/1/3 4575/1/3 4574/1/3
f 4580/1/3 4574/1/3 4573/1/3
f 4581/1/3 4575/1/3 4580/1/3
f 4582/1/3 4575/1/3 4581/1/3
f 4583/1/3 4577/1/3 4576/1/3
f 4583/1/3 4578/1/3 4577/1/3
f 4584/1/3 4578/1/3 4583/1/3
f 4585/1/3 4578/1/3 4584/1/3
f 4586/1/3 4582/1/3 4581/1/3
f 4586/1/3 4584/1/3 4583/1/3
f 4586/1/3 4583/1/3 4582/1/3
f 4587/1/3 4584/1/3 4586/1/3
f 4588/1/3 4584/1/3 4587/1/3
f 4589/1/3 4584/1/3 4588/1/3
f 4590/1/3 4588/1/3 4587/1/3
f 4591/1/3 4588/1/3 4590/1/3
f 4597/2/3 4593/2/3 4592/2/3
f 4598/1/3 4594/1/3 4593/1/3
f 4599/1/3 4594/1/3 4598/1/3
f 4603/1/3 4596/1/3 4595/1/3
f 4604/2/3 4597/2/3 4596/2/3
f 4604/1/3 4596/1/3 4603/1/3
f 4605/2/3 4593/2/3 4597/2/3
f 4605/2/3 4597/2/3 4604/2/3
f 4606/1/3 4598/1/3 4593/1/3
f 4606/2/3 4593/2/3 4605/2/3
f 4607/1/3 4598/1/3 4606/1/3
f 4608/1/3 4601/1/3 4600/1/3
f 4609/1/3 4601/1/3 4608/1/3
f 4611/1/3 4603/1/3 4602/1/3
f 4611/1/3 4604/1/3 4603/1/3
f 4612/1/3 4604/1/3 4611/1/3
f 4613/1/3 4604/1/3 4612/1/3
f 4614/1/3 4611/1/3 4610/1/3
f 4614/1/3 4612/1/3 4611/1/3
f 4615/1/3 4612/1/3 4614/1/3
f 4617/1/3 4614/1/3 4610/1/3
f 4618/1/3 4614/1/3 4617/1/3
f 4618/1/3 4617/1/3 4616/1/3
f 4619/1/3 4614/1/3 4618/1/3
f 4621/1/3 4618/1/3 4616/1/3
f 4624/2/3 4623/2/3 4622/2/3
f 4625/1/3 4621/1/3 4620/1/3
f 4625/1/3 4618/1/3 4621/1/3
f 4626/1/3 4618/1/3 4625/1/3
f 4627/2/3 4623/2/3 4624/2/3
f 4628/2/3 4623/2/3 4627/2/3
f 4630/2/3 4629/2/3 4628/2/3
f 4631/2/3 4629/2/3 4630/2/3
f 4632/1/3 4625/1/3 4620/1/3
f 4634/1/3 4632/1/3 4620/1/3
f 4634/1/3 4633/1/3 4632/1/3
f 4635/1/3 4633/1/3 4634/1/3
f 4636/1/3 4633/1/3 4635/1/3
f 4641/1/3 4636/1/3 4635/1/3
f 4641/1/3 4637/1/3 4636/1/3
f 4642/1/3 4637/1/3 4641/1/3
f 4643/2/3 4640/2/3 4639/2/3
f 4643/1/3 4639/1/3 4638/1/3
f 4644/2/3 4640/2/3 4643/2/3
f 4645/1/3 4637/1/3 4642/1/3
f 4648/1/3 4643/1/3 4638/1/3
f 4649/1/3 4646/1/3 4645/1/3
f 4649/1/3 4645/1/3 4642/1/3
f 4650/1/3 4646/1/3 4649/1/3
f 4651/1/3 4646/1/3 4650/1/3
f 4654/1/3 4648/1/3 4647/1/3
f 4655/1/3 4643/1/3 4648/1/3
f 4655/1/3 4648/1/3 4654/1/3
f 4656/1/3 4643/1/3 4655/1/3
f 4657/1/3 4652/1/3 4651/1/3
f 4657/1/3 4651/1/3 4650/1/3
f 4658/1/3 4652/1/3 4657/1/3
f 4659/1/3 4652/1/3 4658/1/3
f 4662/1/3 4654/1/3 4653/1/3
f 4662/1/3 4655/1/3 4654/1/3
f 4663/1/3 4655/1/3 4662/1/3
f 4664/1/3 4655/1/3 4663/1/3
f 4665/1/3 4660/1/3 4659/1/3
f 4665/1/3 4659/1/3 4658/1/3
f 4666/1/3 4660/1/3 4665/1/3
f 4667/1/3 4660/1/3 4666/1/3
f 4668/1/3 4663/1/3 4662/1/3
f 4668/1/3 4662/1/3 4661/1/3
f 4669/1/3 4663/1/3 4668/1/3
f 4670/1/3 4663/1/3 4669/1/3
f 4671/1/3 4667/1/3 4666/1/3
f 4671/1/3 4669/1/3 4668/1/3
f 4671/1/3 4668/1/3 4667/1/3
f 4672/1/3 4669/1/3 4671/1/3
f 4677/1/3 4674/1/3 4673/1/3
f 4678/1/3 4674/1/3 4677/1/3
f 4679/1/3 4674/1/3 4678/1/3
f 4680/1/3 4674/1/3 4679/1/3
f 4682/1/3 4676/1/3 4675/1/3
f 4683/2/3 4677/2/3 4676/2/3
f 4683/2/3 4678/2/3 4677/2/3
f 4683/1/3 4676/1/3 4682/1/3
f 4684/2/3 4678/2/3 4683/2/3
f 4685/2/3 4678/2/3 4684/2/3
f 4687/1/3 4682/1/3 4681/1/3
f 4687/1/3 4683/1/3 4682/1/3
f 4688/1/3 4683/1/3 4687/1/3
f 4690/1/3 4687/1/3 4686/1/3
f 4691/1/3 4687/1/3 4690/1/3
f 4693/1/3 4690/1/3 4689/1/3
f 4694/1/3 4690/1/3 4693/1/3
f 4694/1/3 4693/1/3 4692/1/3
f 4695/1/3 4690/1/3 4694/1/3
f 4696/1/3 4694/1/3 4692/1/3
f 4697/1/3 4694/1/3 4696/1/3
f 4701/2/3 4699/2/3 4698/2/3
f 4702/1/3 4700/1/3 4699/1/3
f 4702/2/3 4699/2/3 4701/2/3
f 4703/1/3 4700/1/3 4702/1/3
f 4704/2/3 4703/2/3 4702/2/3
f 4705/1/3 4700/1/3 4703/1/3
f 4705/2/3 4703/2/3 4704/2/3
f 4706/1/3 4700/1/3 4705/1/3
f 4712/1/3 4710/1/3 4709/1/3
f 4713/2/3 4711/2/3 4710/2/3
f 4713/1/3 4710/1/3 4712/1/3
f 4714/2/3 4711/2/3 4713/2/3
f 4715/1/3 4708/1/3 4707/1/3
f 4716/1/3 4708/1/3 4715/1/3
f 4719/1/3 4713/1/3 4712/1/3
f 4720/1/3 4713/1/3 4719/1/3
f 4721/2/3 4716/2/3 4715/2/3
f 4722/1/3 4717/1/3 4716/1/3
f 4722/2/3 4716/2/3 4721/2/3
f 4723/2/3 4719/2/3 4718/2/3
f 4723/2/3 4720/2/3 4719/2/3
f 4724/2/3 4720/2/3 4723/2/3
f 4725/2/3 4720/2/3 4724/2/3
f 4731/1/3 4717/1/3 4722/1/3
f 4732/1/3 4717/1/3 4731/1/3
f 4735/1/3 4724/1/3 4723/1/3
f 4736/1/3 4724/1/3 4735/1/3
f 4737/2/3 4727/2/3 4726/2/3
f 4738/1/3 4728/1/3 4727/1/3
f 4738/2/3 4727/2/3 4737/2/3
f 4739/1/3 4728/1/3 4738/1/3
f 4740/1/3 4728/1/3 4739/1/3
f 4741/1/3 4730/1/3 4729/1/3
f 4742/1/3 4730/1/3 4741/1/3
f 4743/1/3 4733/1/3 4732/1/3
f 4744/1/3 4733/1/3 4743/1/3
f 4747/1/3 4735/1/3 4734/1/3
f 4748/1/3 4735/1/3 4747/1/3
f 4749/1/3 4738/1/3 4737/1/3
f 4750/2/3 4739/2/3 4738/2/3
f 4750/1/3 4738/1/3 4749/1/3
f 4751/1/3 4740/1/3 4739/1/3
f 4751/2/3 4739/2/3 4750/2/3
f 4751/1/3 4741/1/3 4740/1/3
f 4752/1/3 4741/1/3 4751/1/3
f 4753/1/3 4730/1/3 4742/1/3
f 4754/1/3 4730/1/3 4753/1/3
f 4755/1/3 4745/1/3 4744/1/3
f 4756/1/3 4745/1/3 4755/1/3
f 4757/1/3 4745/1/3 4756/1/3
f 4760/1/3 4747/1/3 4746/1/3
f 4761/1/3 4747/1/3 4760/1/3
f 4762/1/3 4747/1/3 4761/1/3
f 4763/1/3 4758/1/3 4757/1/3
f 4763/1/3 4757/1/3 4756/1/3
f 4764/1/3 4758/1/3 4763/1/3
f 4765/1/3 4758/1/3 4764/1/3
f 4766/1/3 4761/1/3 4760/1/3
f 4766/1/3 4760/1/3 4759/1/3
f 4767/1/3 4761/1/3 4766/1/3
f 4768/1/3 4761/1/3 4767/1/3
f 4769/1/3 4765/1/3 4764/1/3
f 4769/1/3 4767/1/3 4766/1/3
f 4769/1/3 4766/1/3 4765/1/3
f 4770/1/3 4767/1/3 4769/1/3
f 4774/2/3 4772/2/3 4771/2/3
f 4775/2/3 4772/2/3 4774/2/3
f 4776/2/3 4772/2/3 4775/2/3
f 4778/1/3 4774/1/3 4773/1/3
f 4779/1/3 4774/1/3 4778/1/3
f 4780/1/3 4778/1/3 4777/1/3
f 4781/1/3 4778/1/3 4780/1/3
f 4783/1/3 4780/1/3 4777/1/3
f 4784/1/3 4780/1/3 4783/1/3
f 4785/1/3 4783/1/3 4782/1/3
f 4786/1/3 4783/1/3 4785/1/3
f 4789/1/3 4788/1/3 4787/1/3
f 4791/1/3 4788/1/3 4789/1/3
f 4792/1/3 4788/1/3 4791/1/3
f 4793/1/3 4791/1/3 4790/1/3
f 4797/1/3 4791/1/3 4793/1/3
f 4798/1/3 4791/1/3 4797/1/3
f 4799/2/3 4795/2/3 4794/2/3
f 4800/2/3 4795/2/3 4799/2/3
f 4803/2/3 4797/2/3 4796/2/3
f 4804/2/3 4797/2/3 4803/2/3
f 4805/1/3 4801/1/3 4800/1/3
f 4806/1/3 4801/1/3 4805/1/3
f 4809/1/3 4803/1/3 4802/1/3
f 4810/2/3 4806/2/3 4805/2/3
f 4811/1/3 4807/1/3 4806/1/3
f 4811/2/3 4806/2/3 4810/2/3
f 4812/1/3 4807/1/3 4811/1/3
f 4815/1/3 4809/1/3 4808/1/3
f 4816/1/3 4803/1/3 4809/1/3
f 4816/1/3 4809/1/3 4815/1/3
f 4817/1/3 4813/1/3 4812/1/3
f 4818/1/3 4813/1/3 4817/1/3
f 4821/1/3 4815/1/3 4814/1/3
f 4822/1/3 4815/1/3 4821/1/3
f 4823/1/3 4819/1/3 4818/1/3
f 4824/1/3 4819/1/3 4823/1/3
f 4825/1/3 4821/1/3 4820/1/3
f 4826/1/3 4821/1/3 4825/1/3
f 4827/1/3 4825/1/3 4824/1/3
f 4828/1/3 4825/1/3 4827/1/3
f 4835/1/3 4830/1/3 4829/1/3
f 4835/2/3 4831/2/3 4830/2/3
f 4836/1/3 4832/1/3 4831/1/3
f 4836/2/3 4831/2/3 4835/2/3
f 4837/1/3 4832/1/3 4836/1/3
f 4838/1/3 4832/1/3 4837/1/3
f 4839/1/3 4834/1/3 4833/1/3
f 4840/1/3 4834/1/3 4839/1/3
f 4841/1/3 4835/1/3 4829/1/3
f 4841/1/3 4836/1/3 4835/1/3
f 4842/2/3 4837/2/3 4836/2/3
f 4842/1/3 4836/1/3 4841/1/3
f 4843/1/3 4838/1/3 4837/1/3
f 4843/2/3 4837/2/3 4842/2/3
f 4843/1/3 4839/1/3 4838/1/3
f 4844/1/3 4839/1/3 4843/1/3
f 4845/1/3 4834/1/3 4840/1/3
f 4846/1/3 4834/1/3 4845/1/3
f 4853/1/3 4848/1/3 4847/1/3
f 4854/2/3 4849/2/3 4848/2/3
f 4854/1/3 4848/1/3 4853/1/3
f 4855/1/3 4850/1/3 4849/1/3
f 4855/2/3 4849/2/3 4854/2/3
f 4856/2/3 4851/2/3 4850/2/3
f 4856/1/3 4850/1/3 4855/1/3
f 4857/1/3 4852/1/3 4851/1/3
f 4857/2/3 4851/2/3 4856/2/3
f 4858/1/3 4852/1/3 4857/1/3
f 4862/2/3 4860/2/3 4859/2/3
f 4863/2/3 4860/2/3 4862/2/3
f 4865/2/3 4862/2/3 4861/2/3
f 4866/2/3 4862/2/3 4865/2/3
f 4868/1/3 4865/1/3 4864/1/3
f 4869/1/3 4865/1/3 4868/1/3
f 4870/1/3 4868/1/3 4867/1/3
f 4871/1/3 4868/1/3 4870/1/3
f 4874/1/3 4873/1/3 4872/1/3
f 4875/1/3 4873/1/3 4874/1/3
f 4876/1/3 4873/1/3 4875/1/3
f 4880/2/3 4878/2/3 4877/2/3
f 4881/2/3 4878/2/3 4880/2/3
f 4885/2/3 4880/2/3 4879/2/3
f 4886/2/3 4880/2/3 4885/2/3
f 4887/2/3 4883/2/3 4882/2/3
f 4888/2/3 4887/2/3 4882/2/3
f 4889/2/3 4887/2/3 4888/2/3
f 4893/1/3 4885/1/3 4884/1/3
f 4894/1/3 4885/1/3 4893/1/3
f 4895/2/3 4890/2/3 4889/2/3
f 4896/1/3 4891/1/3 4890/1/3
f 4896/2/3 4890/2/3 4895/2/3
f 4897/1/3 4891/1/3 4896/1/3
f 4900/1/3 4893/1/3 4892/1/3
f 4901/1/3 4893/1/3 4900/1/3
f 4902/1/3 4898/1/3 4897/1/3
f 4903/1/3 4898/1/3 4902/1/3
f 4906/1/3 4900/1/3 4899/1/3
f 4907/1/3 4900/1/3 4906/1/3
f 4908/1/3 4904/1/3 4903/1/3
f 4909/1/3 4904/1/3 4908/1/3
f 4912/1/3 4906/1/3 4905/1/3
f 4913/1/3 4906/1/3 4912/1/3
f 4914/1/3 4911/1/3 4910/1/3
f 4915/1/3 4911/1/3 4914/1/3
f 4922/1/3 4917/1/3 4916/1/3
f 4923/2/3 4918/2/3 4917/2/3
f 4923/1/3 4917/1/3 4922/1/3
f 4924/1/3 4919/1/3 4918/1/3
f 4924/2/3 4918/2/3 4923/2/3
f 4925/2/3 4920/2/3 4919/2/3
f 4925/1/3 4919/1/3 4924/1/3
f 4926/1/3 4921/1/3 4920/1/3
f 4926/2/3 4920/2/3 4925/2/3
f 4927/1/3 4921/1/3 4926/1/3
f 4932/1/3 4929/1/3 4928/1/3
f 4933/1/3 4929/1/3 4932/1/3
f 4935/2/3 4931/2/3 4930/2/3
f 4936/2/3 4931/2/3 4935/2/3
f 4938/1/3 4935/1/3 4934/1/3
f 4939/1/3 4935/1/3 4938/1/3
f 4940/1/3 4938/1/3 4937/1/3
f 4941/1/3 4938/1/3 4940/1/3
f 4944/1/3 4943/1/3 4942/1/3
f 4945/1/3 4943/1/3 4944/1/3
f 4946/1/3 4943/1/3 4945/1/3
f 4950/1/3 4948/1/3 4947/1/3
f 4951/1/3 4948/1/3 4950/1/3
f 4952/2/3 4950/2/3 4949/2/3
f 4953/2/3 4950/2/3 4952/2/3
f 4957/1/3 4953/1/3 4952/1/3
f 4958/1/3 4953/1/3 4957/1/3
f 4959/1/3 4955/1/3 4954/1/3
f 4960/1/3 4955/1/3 4959/1/3
f 4963/1/3 4957/1/3 4956/1/3
f 4964/1/3 4957/1/3 4963/1/3
f 4965/2/3 4961/2/3 4960/2/3
f 4966/2/3 4961/2/3 4965/2/3
f 4968/1/3 4963/1/3 4962/1/3
f 4969/1/3 4963/1/3 4968/1/3
f 4974/1/3 4968/1/3 4967/1/3
f 4975/1/3 4968/1/3 4974/1/3
f 4976/1/3 4971/1/3 4970/1/3
f 4977/1/3 4971/1/3 4976/1/3
f 4980/1/3 4973/1/3 4972/1/3
f 4981/1/3 4973/1/3 4980/1/3
f 4982/1/3 4979/1/3 4978/1/3
f 4983/1/3 4979/1/3 4982/1/3
f 4988/1/3 4985/1/3 4984/1/3
f 4989/1/3 4985/1/3 4988/1/3
f 4990/1/3 4985/1/3 4989/1/3
f 4992/1/3 4987/1/3 4986/1/3
f 4993/1/3 4987/1/3 4992/1/3
f 4994/1/3 4987/1/3 4993/1/3
f 4995/2/3 4992/2/3 4991/2/3
f 4996/2/3 4992/2/3 4995/2/3
f 4999/2/3 4998/2/3 4997/2/3
f 5000/2/3 4998/2/3 4999/2/3
f 5001/2/3 4998/2/3 5000/2/3
f 5002/1/3 5001/1/3 5000/1/3
f 5003/1/3 5001/1/3 5002/1/3
f 5006/1/3 5005/1/3 5004/1/3
f 5007/1/3 5005/1/3 5006/1/3
f 5009/2/3 5007/2/3 5006/2/3
f 5010/2/3 5007/2/3 5009/2/3
f 5011/1/3 5009/1/3 5008/1/3
f 5012/1/3 5009/1/3 5011/1/3
f 5016/1/3 5014/1/3 5013/1/3
f 5017/1/3 5014/1/3 5016/1/3
f 5020/1/3 5016/1/3 5015/1/3
f 5021/1/3 5016/1/3 5020/1/3
f 5022/1/3 5019/1/3 5018/1/3
f 5023/1/3 5019/1/3 5022/1/3
f 5026/1/3 5025/1/3 5024/1/3
f 5027/1/3 5025/1/3 5026/1/3
f 5037/1/3 5029/1/3 5028/1/3
f 5038/2/3 5030/2/3 5029/2/3
f 5038/1/3 5029/1/3 5037/1/3
f 5039/1/3 5031/1/3 5030/1/3
f 5039/2/3 5030/2/3 5038/2/3
f 5040/2/3 5032/2/3 5031/2/3
f 5040/1/3 5031/1/3 5039/1/3
f 5041/1/3 5033/1/3 5032/1/3
f 5041/2/3 5032/2/3 5040/2/3
f 5042/1/3 5033/1/3 5041/1/3
f 5045/1/3 5035/1/3 5034/1/3
f 5046/2/3 5036/2/3 5035/2/3
f 5046/1/3 5035/1/3 5045/1/3
f 5047/2/3 5036/2/3 5046/2/3
f 5052/1/3 5044/1/3 5043/1/3
f 5053/1/3 5044/1/3 5052/1/3
f 5054/2/3 5048/2/3 5047/2/3
f 5055/1/3 5049/1/3 5048/1/3
f 5055/2/3 5048/2/3 5054/2/3
f 5056/1/3 5049/1/3 5055/1/3
f 5058/2/3 5051/2/3 5050/2/3
f 5059/2/3 5051/2/3 5058/2/3
f 5061/2/3 5058/2/3 5057/2/3
f 5062/2/3 5058/2/3 5061/2/3
f 5063/1/3 5061/1/3 5060/1/3
f 5064/1/3 5061/1/3 5063/1/3
f 5067/1/3 5066/1/3 5065/1/3
f 5068/1/3 5066/1/3 5067/1/3
f 5070/1/3 5069/1/3 5068/1/3
f 5071/1/3 5069/1/3 5070/1/3
f 5072/1/3 5069/1/3 5071/1/3
f 5073/2/3 5072/2/3 5071/2/3
f 5074/2/3 5072/2/3 5073/2/3
f 5077/1/3 5076/1/3 5075/1/3
f 5078/1/3 5076/1/3 5077/1/3
f 5082/2/3 5080/2/3 5079/2/3
f 5083/2/3 5080/2/3 5082/2/3
f 5085/2/3 5082/2/3 5081/2/3
f 5086/2/3 5082/2/3 5085/2/3
f 5090/1/3 5085/1/3 5084/1/3
f 5091/1/3 5085/1/3 5090/1/3
f 5092/1/3 5088/1/3 5087/1/3
f 5093/1/3 5088/1/3 5092/1/3
f 5095/1/3 5090/1/3 5089/1/3
f 5096/1/3 5090/1/3 5095/1/3
f 5098/1/3 5095/1/3 5094/1/3
f 5099/1/3 5095/1/3 5098/1/3
f 5102/1/3 5098/1/3 5097/1/3
f 5103/1/3 5098/1/3 5102/1/3
f 5106/1/3 5101/1/3 5100/1/3
f 5107/1/3 5101/1/3 5106/1/3
f 5108/1/3 5105/1/3 5104/1/3
f 5109/1/3 5105/1/3 5108/1/3
f 5116/1/3 5111/1/3 5110/1/3
f 5117/1/3 5111/1/3 5116/1/3
f 5118/1/3 5113/1/3 5112/1/3
f 5119/1/3 5113/1/3 5118/1/3
f 5120/1/3 5113/1/3 5119/1/3
f 5123/1/3 5115/1/3 5114/1/3
f 5124/1/3 5115/1/3 5123/1/3
f 5125/1/3 5122/1/3 5121/1/3
f 5126/1/3 5122/1/3 5125/1/3
f 5132/1/3 5128/1/3 5127/1/3
f 5133/1/3 5128/1/3 5132/1/3
f 5136/2/3 5130/2/3 5129/2/3
f 5137/1/3 5131/1/3 5130/1/3
f 5137/2/3 5130/2/3 5136/2/3
f 5138/1/3 5131/1/3 5137/1/3
f 5139/1/3 5135/1/3 5134/1/3
f 5140/1/3 5135/1/3 5139/1/3
f 5142/1/3 5141/1/3 5140/1/3
f 5143/1/3 5141/1/3 5142/1/3
f 5145/1/3 5144/1/3 5143/1/3
f 5146/1/3 5144/1/3 5145/1/3
f 5149/1/3 5148/1/3 5147/1/3
f 5150/1/3 5148/1/3 5149/1/3
f 5153/1/3 5152/1/3 5151/1/3
f 5154/1/3 5152/1/3 5153/1/3
f 5155/2/3 5154/2/3 5153/2/3
f 5156/2/3 5154/2/3 5155/2/3
f 5159/1/3 5158/1/3 5157/1/3
f 5160/1/3 5158/1/3 5159/1/3
f 5164/2/3 5162/2/3 5161/2/3
f 5165/2/3 5162/2/3 5164/2/3
f 5169/1/3 5164/1/3 5163/1/3
f 5170/1/3 5164/1/3 5169/1/3
f 5171/1/3 5167/1/3 5166/1/3
f 5172/1/3 5167/1/3 5171/1/3
f 5173/1/3 5169/1/3 5168/1/3
f 5174/1/3 5169/1/3 5173/1/3
f 5180/2/3 5176/2/3 5175/2/3
f 5181/1/3 5177/1/3 5176/1/3
f 5181/2/3 5176/2/3 5180/2/3
f 5182/1/3 5177/1/3 5181/1/3
f 5186/1/3 5179/1/3 5178/1/3
f 5187/1/3 5179/1/3 5186/1/3
f 5188/1/3 5183/1/3 5182/1/3
f 5189/1/3 5183/1/3 5188/1/3
f 5190/1/3 5185/1/3 5184/1/3
f 5191/1/3 5185/1/3 5190/1/3
f 5196/1/3 5193/1/3 5192/1/3
f 5197/1/3 5193/1/3 5196/1/3
f 5198/1/3 5195/1/3 5194/1/3
f 5199/1/3 5195/1/3 5198/1/3
f 5204/2/3 5201/2/3 5200/2/3
f 5205/2/3 5201/2/3 5204/2/3
f 5206/2/3 5203/2/3 5202/2/3
f 5207/2/3 5203/2/3 5206/2/3
f 5210/1/3 5209/1/3 5208/1/3
f 5211/1/3 5209/1/3 5210/1/3
f 5214/1/3 5213/1/3 5212/1/3
f 5215/1/3 5213/1/3 5214/1/3
f 5218/1/3 5217/1/3 5216/1/3
f 5219/1/3 5217/1/3 5218/1/3
f 5222/1/3 5221/1/3 5220/1/3
f 5223/1/3 5221/1/3 5222/1/3
f 5226/1/3 5225/1/3 5224/1/3
f 5227/1/3 5225/1/3 5226/1/3
f 5230/1/3 5229/1/3 5228/1/3
f 5231/1/3 5229/1/3 5230/1/3
f 5238/1/3 5233/1/3 5232/1/3
f 5239/1/3 5233/1/3 5238/1/3
f 5240/1/3 5235/1/3 5234/1/3
f 5241/1/3 5235/1/3 5240/1/3
f 5242/1/3 5237/1/3 5236/1/3
f 5243/1/3 5237/1/3 5242/1/3
f 5250/1/3 5245/1/3 5244/1/3
f 5251/2/3 5246/2/3 5245/2/3
f 5251/1/3 5245/1/3 5250/1/3
f 5252/2/3 5246/2/3 5251/2/3
f 5253/1/3 5247/1/3 5246/1/3
f 5253/2/3 5246/2/3 5252/2/3
f 5254/1/3 5247/1/3 5253/1/3
f 5259/1/3 5249/1/3 5248/1/3
f 5260/1/3 5249/1/3 5259/1/3
f 5261/1/3 5256/1/3 5255/1/3
f 5262/1/3 5256/1/3 5261/1/3
f 5265/1/3 5258/1/3 5257/1/3
f 5266/1/3 5258/1/3 5265/1/3
f 5267/2/3 5264/2/3 5263/2/3
f 5268/2/3 5264/2/3 5267/2/3
f 5270/1/3 5269/1/3 5268/1/3
f 5271/1/3 5269/1/3 5270/1/3
f 5273/1/3 5272/1/3 5271/1/3
f 5274/1/3 5272/1/3 5273/1/3
f 5277/1/3 5276/1/3 5275/1/3
f 5278/1/3 5276/1/3 5277/1/3
f 5281/1/3 5280/1/3 5279/1/3
f 5282/1/3 5280/1/3 5281/1/3
f 5283/1/3 5280/1/3 5282/1/3
f 5286/1/3 5285/1/3 5284/1/3
f 5287/1/3 5285/1/3 5286/1/3
f 5290/1/3 5289/1/3 5288/1/3
f 5291/1/3 5289/1/3 5290/1/3
f 5294/2/3 5293/2/3 5292/2/3
f 5295/2/3 5293/2/3 5294/2/3
f 5299/1/3 5297/1/3 5296/1/3
f 5300/1/3 5297/1/3 5299/1/3
f 5303/1/3 5299/1/3 5298/1/3
f 5304/1/3 5299/1/3 5303/1/3
f 5305/1/3 5302/1/3 5301/1/3
f 5306/1/3 5302/1/3 5305/1/3
f 5310/1/3 5307/1/3 5306/1/3
f 5311/1/3 5307/1/3 5310/1/3
f 5316/1/3 5309/1/3 5308/1/3
f 5317/1/3 5309/1/3 5316/1/3
f 5318/2/3 5313/2/3 5312/2/3
f 5319/2/3 5313/2/3 5318/2/3
f 5322/1/3 5315/1/3 5314/1/3
f 5323/1/3 5315/1/3 5322/1/3
f 5324/1/3 5321/1/3 5320/1/3
f 5325/1/3 5321/1/3 5324/1/3
f 5330/1/3 5327/1/3 5326/1/3
f 5331/1/3 5327/1/3 5330/1/3
f 5332/1/3 5329/1/3 5328/1/3
f 5333/1/3 5329/1/3 5332/1/3
f 5338/2/3 5335/2/3 5334/2/3
f 5339/2/3 5335/2/3 5338/2/3
f 5340/1/3 5337/1/3 5336/1/3
f 5341/1/3 5337/1/3 5340/1/3
f 5343/1/3 5342/1/3 5341/1/3
f 5344/1/3 5342/1/3 5343/1/3
f 5346/1/3 5345/1/3 5344/1/3
f 5347/1/3 5345/1/3 5346/1/3
f 5350/1/3 5349/1/3 5348/1/3
f 5351/1/3 5349/1/3 5350/1/3
f 5354/1/3 5353/1/3 5352/1/3
f 5355/1/3 5353/1/3 5354/1/3
f 5358/2/3 5357/2/3 5356/2/3
f 5359/2/3 5357/2/3 5358/2/3
f 5364/1/3 5361/1/3 5360/1/3
f 5365/1/3 5361/1/3 5364/1/3
f 5366/1/3 5363/1/3 5362/1/3
f 5367/1/3 5363/1/3 5366/1/3
f 5372/1/3 5369/1/3 5368/1/3
f 5373/1/3 5369/1/3 5372/1/3
f 5374/1/3 5371/1/3 5370/1/3
f 5375/1/3 5371/1/3 5374/1/3
f 5382/1/3 5377/1/3 5376/1/3
f 5383/1/3 5377/1/3 5382/1/3
f 5384/1/3 5379/1/3 5378/1/3
f 5385/1/3 5379/1/3 5384/1/3
f 5388/1/3 5381/1/3 5380/1/3
f 5389/1/3 5381/1/3 5388/1/3
f 5390/1/3 5387/1/3 5386/1/3
f 5391/1/3 5387/1/3 5390/1/3
f 5398/1/3 5393/1/3 5392/1/3
f 5399/2/3 5394/2/3 5393/2/3
f 5399/1/3 5393/1/3 5398/1/3
f 5400/1/3 5395/1/3 5394/1/3
f 5400/2/3 5394/2/3 5399/2/3
f 5401/2/3 5396/2/3 5395/2/3
f 5401/1/3 5395/1/3 5400/1/3
f 5402/1/3 5397/1/3 5396/1/3
f 5402/2/3 5396/2/3 5401/2/3
f 5403/1/3 5397/1/3 5402/1/3
f 5406/1/3 5405/1/3 5404/1/3
f 5407/1/3 5405/1/3 5406/1/3
f 5409/1/3 5408/1/3 5407/1/3
f 5410/1/3 5408/1/3 5409/1/3
f 5412/1/3 5411/1/3 5410/1/3
f 5413/1/3 5411/1/3 5412/1/3
f 5416/1/3 5415/1/3 5414/1/3
f 5417/1/3 5415/1/3 5416/1/3
f 5420/1/3 5419/1/3 5418/1/3
f 5421/1/3 5419/1/3 5420/1/3
f 5424/1/3 5423/1/3 5422/1/3
f 5425/1/3 5423/1/3 5424/1/3
f 5430/2/3 5427/2/3 5426/2/3
f 5431/2/3 5427/2/3 5430/2/3
f 5436/1/3 5429/1/3 5428/1/3
f 5437/1/3 5429/1/3 5436/1/3
f 5438/1/3 5433/1/3 5432/1/3
f 5439/1/3 5433/1/3 5438/1/3
f 5440/1/3 5435/1/3 5434/1/3
f 5441/1/3 5435/1/3 5440/1/3
f 5451/1/3 5443/1/3 5442/1/3
f 5452/2/3 5444/2/3 5443/2/3
f 5452/1/3 5443/1/3 5451/1/3
f 5453/1/3 5445/1/3 5444/1/3
f 5453/2/3 5444/2/3 5452/2/3
f 5454/2/3 5446/2/3 5445/2/3
f 5454/1/3 5445/1/3 5453/1/3
f 5455/2/3 5446/2/3 5454/2/3
f 5456/1/3 5448/1/3 5447/1/3
f 5457/1/3 5448/1/3 5456/1/3
f 5458/1/3 5450/1/3 5449/1/3
f 5459/1/3 5450/1/3 5458/1/3
f 5462/1/3 5461/1/3 5460/1/3
f 5463/1/3 5461/1/3 5462/1/3
f 5466/1/3 5465/1/3 5464/1/3
f 5467/1/3 5465/1/3 5466/1/3
f 5472/2/3 5469/2/3 5468/2/3
f 5473/2/3 5469/2/3 5472/2/3
f 5474/1/3 5471/1/3 5470/1/3
f 5475/1/3 5471/1/3 5474/1/3
f 5480/1/3 5477/1/3 5476/1/3
f 5481/1/3 5477/1/3 5480/1/3
f 5482/1/3 5479/1/3 5478/1/3
f 5483/1/3 5479/1/3 5482/1/3
f 5486/1/3 5485/1/3 5484/1/3
f 5487/1/3 5485/1/3 5486/1/3
f 5490/1/3 5489/1/3 5488/1/3
f 5491/1/3 5489/1/3 5490/1/3
f 5496/1/3 5493/1/3 5492/1/3
f 5497/1/3 5493/1/3 5496/1/3
f 5498/1/3 5495/1/3 5494/1/3
f 5499/1/3 5495/1/3 5498/1/3
f 5506/1/3 5501/1/3 5500/1/3
f 5507/1/3 5501/1/3 5506/1/3
f 5508/1/3 5503/1/3 5502/1/3
f 5509/1/3 5503/1/3 5508/1/3
f 5512/1/3 5505/1/3 5504/1/3
f 5513/1/3 5505/1/3 5512/1/3
f 5514/1/3 5511/1/3 5510/1/3
f 5515/1/3 5511/1/3 5514/1/3
f 5518/1/3 5517/1/3 5516/1/3
f 5519/1/3 5517/1/3 5518/1/3
f 5522/1/3 5521/1/3 5520/1/3
f 5523/1/3 5521/1/3 5522/1/3
f 5526/1/3 5525/1/3 5524/1/3
f 5527/1/3 5525/1/3 5526/1/3
f 5530/1/3 5529/1/3 5528/1/3
f 5531/1/3 5529/1/3 5530/1/3
f 5536/1/3 5533/1/3 5532/1/3
f 5537/1/3 5533/1/3 5536/1/3
f 5542/1/3 5535/1/3 5534/1/3
f 5543/1/3 5535/1/3 5542/1/3
f 5544/1/3 5539/1/3 5538/1/3
f 5545/1/3 5539/1/3 5544/1/3
f 5546/1/3 5541/1/3 5540/1/3
f 5547/1/3 5541/1/3 5546/1/3
f 5552/1/3 5549/1/3 5548/1/3
f 5553/1/3 5549/1/3 5552/1/3
f 5554/1/3 5551/1/3 5550/1/3
f 5555/1/3 5551/1/3 5554/1/3
f 5560/1/3 5557/1/3 5556/1/3
f 5561/1/3 5557/1/3 5560/1/3
f 5562/1/3 5559/1/3 5558/1/3
f 5563/1/3 5559/1/3 5562/1/3
f 5566/1/3 5565/1/3 5564/1/3
f 5567/1/3 5565/1/3 5566/1/3
f 5570/1/3 5569/1/3 5568/1/3
f 5571/1/3 5569/1/3 5570/1/3
f 5574/1/3 5573/1/3 5572/1/3
f 5575/1/3 5573/1/3 5574/1/3
f 5578/1/3 5577/1/3 5576/1/3
f 5579/1/3 5577/1/3 5578/1/3
f 5584/1/3 5581/1/3 5580/1/3
f 5585/1/3 5581/1/3 5584/1/3
f 5586/1/3 5583/1/3 5582/1/3
f 5587/1/3 5583/1/3 5586/1/3
f 5592/1/3 5589/1/3 5588/1/3
f 5593/1/3 5589/1/3 5592/1/3
f 5594/1/3 5591/1/3 5590/1/3
f 5595/1/3 5591/1/3 5594/1/3
f 5602/1/3 5597/1/3 5596/1/3
f 5603/2/3 5598/2/3 5597/2/3
f 5603/1/3 5597/1/3 5602/1/3
f 5603/2/3 5599/2/3 5598/2/3
f 5604/2/3 5599/2/3 5603/2/3
f 5609/2/3 5601/2/3 5600/2/3
f 5610/2/3 5601/2/3 5609/2/3
f 5611/1/3 5606/1/3 5605/1/3
f 5612/1/3 5606/1/3 5611/1/3
f 5615/1/3 5608/1/3 5607/1/3
f 5616/1/3 5608/1/3 5615/1/3
f 5617/1/3 5614/1/3 5613/1/3
f 5618/1/3 5614/1/3 5617/1/3
f 5621/1/3 5620/1/3 5619/1/3
f 5622/1/3 5620/1/3 5621/1/3
f 5625/1/3 5624/1/3 5623/1/3
f 5626/1/3 5624/1/3 5625/1/3
f 5629/1/3 5628/1/3 5627/1/3
f 5630/1/3 5628/1/3 5629/1/3
f 5633/1/3 5632/1/3 5631/1/3
f 5634/1/3 5632/1/3 5633/1/3
f 5637/1/3 5636/1/3 5635/1/3
f 5638/1/3 5636/1/3 5637/1/3
f 5641/1/3 5640/1/3 5639/1/3
f 5642/1/3 5640/1/3 5641/1/3
f 5645/2/3 5644/2/3 5643/2/3
f 5646/2/3 5644/2/3 5645/2/3
f 5651/1/3 5648/1/3 5647/1/3
f 5652/1/3 5648/1/3 5651/1/3
f 5657/1/3 5650/1/3 5649/1/3
f 5658/1/3 5650/1/3 5657/1/3
f 5659/1/3 5654/1/3 5653/1/3
f 5660/1/3 5654/1/3 5659/1/3
f 5663/1/3 5656/1/3 5655/1/3
f 5664/1/3 5656/1/3 5663/1/3
f 5665/1/3 5662/1/3 5661/1/3
f 5666/1/3 5662/1/3 5665/1/3
f 5674/1/3 5668/1/3 5667/1/3
f 5675/2/3 5669/2/3 5668/2/3
f 5675/1/3 5668/1/3 5674/1/3
f 5676/2/3 5669/2/3 5675/2/3
f 5677/1/3 5671/1/3 5670/1/3
f 5678/1/3 5671/1/3 5677/1/3
f 5679/1/3 5673/1/3 5672/1/3
f 5680/1/3 5673/1/3 5679/1/3
f 5683/1/3 5682/1/3 5681/1/3
f 5684/1/3 5682/1/3 5683/1/3
f 5687/1/3 5686/1/3 5685/1/3
f 5688/1/3 5686/1/3 5687/1/3
f 5691/1/3 5690/1/3 5689/1/3
f 5692/1/3 5690/1/3 5691/1/3
f 5695/1/3 5694/1/3 5693/1/3
f 5696/1/3 5694/1/3 5695/1/3
f 5699/1/3 5698/1/3 5697/1/3
f 5700/1/3 5698/1/3 5699/1/3
f 5703/1/3 5702/1/3 5701/1/3
f 5704/1/3 5702/1/3 5703/1/3
f 5709/1/3 5706/1/3 5705/1/3
f 5710/1/3 5706/1/3 5709/1/3
f 5711/1/3 5708/1/3 5707/1/3
f 5712/1/3 5708/1/3 5711/1/3
f 5719/1/3 5714/1/3 5713/1/3
f 5720/1/3 5714/1/3 5719/1/3
f 5721/1/3 5716/1/3 5715/1/3
f 5722/1/3 5716/1/3 5721/1/3
f 5725/2/3 5718/2/3 5717/2/3
f 5726/2/3 5718/2/3 5725/2/3
f 5727/1/3 5724/1/3 5723/1/3
f 5728/1/3 5724/1/3 5727/1/3
f 5731/2/3 5730/2/3 5729/2/3
f 5732/2/3 5730/2/3 5731/2/3
f 5734/1/3 5733/1/3 5732/1/3
f 5735/1/3 5733/1/3 5734/1/3
f 5738/1/3 5737/1/3 5736/1/3
f 5739/1/3 5737/1/3 5738/1/3
f 5742/1/3 5741/1/3 5740/1/3
f 5743/1/3 5742/1/3 5740/1/3
f 5744/1/3 5742/1/3 5743/1/3
f 5747/1/3 5746/1/3 5745/1/3
f 5748/1/3 5746/1/3 5747/1/3
f 5751/1/3 5750/1/3 5749/1/3
f 5752/1/3 5750/1/3 5751/1/3
f 5758/1/3 5754/1/3 5753/1/3
f 5759/1/3 5754/1/3 5758/1/3
f 5760/1/3 5756/1/3 5755/1/3
f 5761/1/3 5756/1/3 5760/1/3
f 5763/1/3 5758/1/3 5757/1/3
f 5764/1/3 5758/1/3 5763/1/3
f 5769/2/3 5763/2/3 5762/2/3
f 5770/2/3 5763/2/3 5769/2/3
f 5771/1/3 5766/1/3 5765/1/3
f 5772/1/3 5766/1/3 5771/1/3
f 5778/1/3 5768/1/3 5767/1/3
f 5779/1/3 5768/1/3 5778/1/3
f 5780/1/3 5774/1/3 5773/1/3
f 5781/2/3 5775/2/3 5774/2/3
f 5781/1/3 5774/1/3 5780/1/3
f 5782/2/3 5775/2/3 5781/2/3
f 5783/1/3 5777/1/3 5776/1/3
f 5784/1/3 5777/1/3 5783/1/3
f 5796/1/3 5786/1/3 5785/1/3
f 5797/2/3 5787/2/3 5786/2/3
f 5797/1/3 5786/1/3 5796/1/3
f 5798/2/3 5787/2/3 5797/2/3
f 5799/1/3 5789/1/3 5788/1/3
f 5800/2/3 5790/2/3 5789/2/3
f 5800/1/3 5789/1/3 5799/1/3
f 5801/2/3 5790/2/3 5800/2/3
f 5804/1/3 5792/1/3 5791/1/3
f 5805/2/3 5793/2/3 5792/2/3
f 5805/1/3 5792/1/3 5804/1/3
f 5806/1/3 5795/1/3 5794/1/3
f 5806/2/3 5793/2/3 5805/2/3
f 5806/1/3 5794/1/3 5793/1/3
f 5807/1/3 5795/1/3 5806/1/3
f 5810/1/3 5803/1/3 5802/1/3
f 5811/1/3 5803/1/3 5810/1/3
f 5812/1/3 5809/1/3 5808/1/3
f 5813/1/3 5809/1/3 5812/1/3
f 5816/2/3 5815/2/3 5814/2/3
f 5817/2/3 5815/2/3 5816/2/3
f 5819/2/3 5818/2/3 5817/2/3
f 5820/2/3 5818/2/3 5819/2/3
f 5822/1/3 5821/1/3 5820/1/3
f 5823/1/3 5821/1/3 5822/1/3
f 5825/1/3 5824/1/3 5823/1/3
f 5826/1/3 5824/1/3 5825/1/3
f 5828/1/3 5827/1/3 5826/1/3
f 5829/1/3 5827/1/3 5828/1/3
f 5832/1/3 5831/1/3 5830/1/3
f 5833/1/3 5831/1/3 5832/1/3
f 5836/1/3 5835/1/3 5834/1/3
f 5837/1/3 5835/1/3 5836/1/3
f 5840/1/3 5839/1/3 5838/1/3
f 5841/1/3 5839/1/3 5840/1/3
f 5845/1/3 5843/1/3 5842/1/3
f 5846/1/3 5843/1/3 5845/1/3
f 5850/1/3 5845/1/3 5844/1/3
f 5851/1/3 5845/1/3 5850/1/3
f 5852/1/3 5848/1/3 5847/1/3
f 5853/1/3 5848/1/3 5852/1/3
f 5856/1/3 5850/1/3 5849/1/3
f 5857/1/3 5850/1/3 5856/1/3
f 5858/1/3 5854/1/3 5853/1/3
f 5859/1/3 5854/1/3 5858/1/3
f 5862/1/3 5856/1/3 5855/1/3
f 5863/1/3 5856/1/3 5862/1/3
f 5864/2/3 5860/2/3 5859/2/3
f 5865/2/3 5860/2/3 5864/2/3
f 5870/2/3 5862/2/3 5861/2/3
f 5871/2/3 5862/2/3 5870/2/3
f 5872/1/3 5867/1/3 5866/1/3
f 5873/1/3 5867/1/3 5872/1/3
f 5877/1/3 5869/1/3 5868/1/3
f 5878/1/3 5869/1/3 5877/1/3
f 5879/2/3 5875/2/3 5874/2/3
f 5880/1/3 5876/1/3 5875/1/3
f 5880/2/3 5875/2/3 5879/2/3
f 5881/1/3 5876/1/3 5880/1/3
f 5887/1/3 5883/1/3 5882/1/3
f 5888/2/3 5884/2/3 5883/2/3
f 5888/1/3 5883/1/3 5887/1/3
f 5889/2/3 5884/2/3 5888/2/3
f 5890/1/3 5886/1/3 5885/1/3
f 5891/1/3 5886/1/3 5890/1/3
f 5895/1/3 5893/1/3 5892/1/3
f 5896/2/3 5894/2/3 5893/2/3
f 5896/1/3 5893/1/3 5895/1/3
f 5897/2/3 5894/2/3 5896/2/3
f 5899/2/3 5898/2/3 5897/2/3
f 5900/2/3 5898/2/3 5899/2/3
f 5903/1/3 5902/1/3 5901/1/3
f 5904/1/3 5902/1/3 5903/1/3
f 5906/1/3 5905/1/3 5904/1/3
f 5907/1/3 5905/1/3 5906/1/3
f 5910/2/3 5909/2/3 5908/2/3
f 5911/2/3 5909/2/3 5910/2/3
f 5912/1/3 5911/1/3 5910/1/3
f 5913/1/3 5912/1/3 5910/1/3
f 5914/1/3 5912/1/3 5913/1/3
f 5917/1/3 5916/1/3 5915/1/3
f 5918/1/3 5916/1/3 5917/1/3
f 5922/1/3 5920/1/3 5919/1/3
f 5923/1/3 5920/1/3 5922/1/3
f 5924/1/3 5922/1/3 5921/1/3
f 5925/1/3 5922/1/3 5924/1/3
f 5930/2/3 5927/2/3 5926/2/3
f 5931/2/3 5927/2/3 5930/2/3
f 5935/2/3 5929/2/3 5928/2/3
f 5936/2/3 5929/2/3 5935/2/3
f 5937/1/3 5932/1/3 5931/1/3
f 5938/1/3 5932/1/3 5937/1/3
f 5943/1/3 5934/1/3 5933/1/3
f 5944/2/3 5935/2/3 5934/2/3
f 5944/1/3 5934/1/3 5943/1/3
f 5945/2/3 5935/2/3 5944/2/3
f 5946/1/3 5940/1/3 5939/1/3
f 5947/1/3 5940/1/3 5946/1/3
f 5948/1/3 5940/1/3 5947/1/3
f 5949/1/3 5942/1/3 5941/1/3
f 5950/1/3 5942/1/3 5949/1/3
f 5954/1/3 5952/1/3 5951/1/3
f 5954/1/3 5953/1/3 5952/1/3
f 5955/1/3 5953/1/3 5954/1/3
f 5958/1/3 5957/1/3 5956/1/3
f 5959/1/3 5957/1/3 5958/1/3
f 5962/2/3 5961/2/3 5960/2/3
f 5963/2/3 5961/2/3 5962/2/3
f 5966/1/3 5965/1/3 5964/1/3
f 5966/1/3 5964/1/3 5963/1/3
f 5967/1/3 5965/1/3 5966/1/3
f 5969/1/3 5968/1/3 5967/1/3
f 5970/1/3 5968/1/3 5969/1/3
f 5972/1/3 5971/1/3 5970/1/3
f 5973/1/3 5971/1/3 5972/1/3
f 5976/1/3 5975/1/3 5974/1/3
f 5977/1/3 5976/1/3 5974/1/3
f 5978/1/3 5976/1/3 5977/1/3
f 5981/1/3 5980/1/3 5979/1/3
f 5982/1/3 5980/1/3 5981/1/3
f 5985/1/3 5984/1/3 5983/1/3
f 5986/1/3 5984/1/3 5985/1/3
f 5992/1/3 5988/1/3 5987/1/3
f 5993/1/3 5988/1/3 5992/1/3
f 5994/2/3 5990/2/3 5989/2/3
f 5995/2/3 5990/2/3 5994/2/3
f 5999/1/3 5992/1/3 5991/1/3
f 6000/1/3 5992/1/3 5999/1/3
f 6001/1/3 5996/1/3 5995/1/3
f 6002/2/3 5997/2/3 5996/2/3
f 6002/1/3 5996/1/3 6001/1/3
f 6003/2/3 5997/2/3 6002/2/3
f 6006/1/3 5999/1/3 5998/1/3
f 6007/1/3 5999/1/3 6006/1/3
f 6008/1/3 5999/1/3 6007/1/3
f 6009/1/3 6004/1/3 6003/1/3
f 6010/1/3 6004/1/3 6009/1/3
f 6015/2/3 6006/2/3 6005/2/3
f 6016/2/3 6006/2/3 6015/2/3
f 6017/1/3 6012/1/3 6011/1/3
f 6018/1/3 6012/1/3 6017/1/3
f 6022/1/3 6014/1/3 6013/1/3
f 6023/1/3 6014/1/3 6022/1/3
f 6024/1/3 6020/1/3 6019/1/3
f 6025/2/3 6021/2/3 6020/2/3
f 6025/1/3 6020/1/3 6024/1/3
f 6026/2/3 6021/2/3 6025/2/3
f 6029/1/3 6028/1/3 6027/1/3
f 6030/1/3 6028/1/3 6029/1/3
f 6034/2/3 6033/2/3 6032/2/3
f 6034/2/3 6032/2/3 6031/2/3
f 6035/2/3 6033/2/3 6034/2/3
f 6037/1/3 6036/1/3 6035/1/3
f 6038/1/3 6036/1/3 6037/1/3
f 6040/1/3 6039/1/3 6038/1/3
f 6041/1/3 6039/1/3 6040/1/3
f 6042/1/3 6039/1/3 6041/1/3
f 6043/1/3 6039/1/3 6042/1/3
f 6045/1/3 6044/1/3 6043/1/3
f 6046/1/3 6044/1/3 6045/1/3
f 6048/1/3 6047/1/3 6046/1/3
f 6049/1/3 6047/1/3 6048/1/3
f 6052/2/3 6051/2/3 6050/2/3
f 6053/2/3 6052/2/3 6050/2/3
f 6054/2/3 6052/2/3 6053/2/3
f 6055/1/3 6054/1/3 6053/1/3
f 6056/1/3 6054/1/3 6055/1/3
f 6062/1/3 6058/1/3 6057/1/3
f 6063/1/3 6058/1/3 6062/1/3
f 6064/2/3 6060/2/3 6059/2/3
f 6065/2/3 6060/2/3 6064/2/3
f 6068/1/3 6062/1/3 6061/1/3
f 6069/1/3 6062/1/3 6068/1/3
f 6070/1/3 6066/1/3 6065/1/3
f 6073/1/3 6068/1/3 6067/1/3
f 6074/1/3 6071/1/3 6070/1/3
f 6074/1/3 6070/1/3 6065/1/3
f 6075/1/3 6071/1/3 6074/1/3
f 6076/1/3 6071/1/3 6075/1/3
f 6079/1/3 6073/1/3 6072/1/3
f 6080/1/3 6068/1/3 6073/1/3
f 6080/1/3 6073/1/3 6079/1/3
f 6081/2/3 6077/2/3 6076/2/3
f 6082/2/3 6077/2/3 6081/2/3
f 6085/2/3 6079/2/3 6078/2/3
f 6086/2/3 6079/2/3 6085/2/3
f 6087/1/3 6083/1/3 6082/1/3
f 6088/1/3 6083/1/3 6087/1/3
f 6093/1/3 6085/1/3 6084/1/3
f 6094/1/3 6085/1/3 6093/1/3
f 6095/1/3 6090/1/3 6089/1/3
f 6096/2/3 6091/2/3 6090/2/3
f 6096/1/3 6090/1/3 6095/1/3
f 6097/1/3 6092/1/3 6091/1/3
f 6097/2/3 6091/2/3 6096/2/3
f 6098/1/3 6092/1/3 6097/1/3
f 6104/2/3 6100/2/3 6099/2/3
f 6105/1/3 6101/1/3 6100/1/3
f 6105/2/3 6100/2/3 6104/2/3
f 6105/1/3 6102/1/3 6101/1/3
f 6106/2/3 6103/2/3 6102/2/3
f 6106/1/3 6102/1/3 6105/1/3
f 6107/2/3 6103/2/3 6106/2/3
f 6110/2/3 6108/2/3 6107/2/3
f 6110/2/3 6107/2/3 6106/2/3
f 6111/1/3 6109/1/3 6108/1/3
f 6111/2/3 6108/2/3 6110/2/3
f 6112/1/3 6109/1/3 6111/1/3
f 6114/1/3 6113/1/3 6112/1/3
f 6115/1/3 6113/1/3 6114/1/3
f 6117/1/3 6116/1/3 6115/1/3
f 6118/1/3 6116/1/3 6117/1/3
f 6120/1/3 6119/1/3 6118/1/3
f 6121/1/3 6119/1/3 6120/1/3
f 6123/1/3 6122/1/3 6121/1/3
f 6124/1/3 6122/1/3 6123/1/3
f 6126/1/3 6125/1/3 6124/1/3
f 6127/1/3 6125/1/3 6126/1/3
f 6128/2/3 6127/2/3 6126/2/3
f 6129/2/3 6128/2/3 6126/2/3
f 6130/2/3 6128/2/3 6129/2/3
f 6134/1/3 6130/1/3 6129/1/3
f 6135/1/3 6130/1/3 6134/1/3
f 6135/1/3 6134/1/3 6133/1/3
f 6136/1/3 6130/1/3 6135/1/3
f 6137/1/3 6132/1/3 6131/1/3
f 6138/1/3 6132/1/3 6137/1/3
f 6141/1/3 6135/1/3 6133/1/3
f 6142/2/3 6139/2/3 6138/2/3
f 6142/2/3 6138/2/3 6137/2/3
f 6143/2/3 6139/2/3 6142/2/3
f 6144/2/3 6139/2/3 6143/2/3
f 6145/1/3 6141/1/3 6140/1/3
f 6145/1/3 6135/1/3 6141/1/3
f 6146/1/3 6135/1/3 6145/1/3
f 6147/1/3 6144/1/3 6143/1/3
f 6148/1/3 6144/1/3 6147/1/3
f 6151/1/3 6145/1/3 6140/1/3
f 6152/1/3 6145/1/3 6151/1/3
f 6153/1/3 6149/1/3 6148/1/3
f 6154/1/3 6149/1/3 6153/1/3
f 6158/1/3 6151/1/3 6150/1/3
f 6159/1/3 6151/1/3 6158/1/3
f 6160/2/3 6155/2/3 6154/2/3
f 6161/2/3 6155/2/3 6160/2/3
f 6162/2/3 6155/2/3 6161/2/3
f 6165/2/3 6157/2/3 6156/2/3
f 6166/1/3 6158/1/3 6157/1/3
f 6166/2/3 6157/2/3 6165/2/3
f 6167/1/3 6158/1/3 6166/1/3
f 6168/1/3 6163/1/3 6162/1/3
f 6168/1/3 6162/1/3 6161/1/3
f 6169/1/3 6163/1/3 6168/1/3
f 6170/1/3 6163/1/3 6169/1/3
f 6173/1/3 6165/1/3 6164/1/3
f 6174/1/3 6165/1/3 6173/1/3
f 6175/2/3 6166/2/3 6165/2/3
f 6175/1/3 6165/1/3 6174/1/3
f 6176/2/3 6166/2/3 6175/2/3
f 6177/1/3 6170/1/3 6169/1/3
f 6177/1/3 6171/1/3 6170/1/3
f 6178/1/3 6171/1/3 6177/1/3
f 6179/2/3 6172/2/3 6171/2/3
f 6179/1/3 6171/1/3 6178/1/3
f 6180/1/3 6174/1/3 6173/1/3
f 6180/2/3 6172/2/3 6179/2/3
f 6180/1/3 6173/1/3 6172/1/3
f 6181/1/3 6174/1/3 6180/1/3
f 6185/1/3 6183/1/3 6182/1/3
f 6186/1/3 6183/1/3 6185/1/3
f 6187/2/3 6184/2/3 6183/2/3
f 6190/1/3 6183/1/3 6186/1/3
f 6191/2/3 6188/2/3 6187/2/3
f 6191/1/3 6183/1/3 6190/1/3
f 6191/2/3 6187/2/3 6183/2/3
f 6192/1/3 6189/1/3 6188/1/3
f 6192/2/3 6188/2/3 6191/2/3
f 6193/1/3 6189/1/3 6192/1/3
f 6196/1/3 6195/1/3 6194/1/3
f 6196/1/3 6194/1/3 6193/1/3
f 6196/1/3 6193/1/3 6192/1/3
f 6197/1/3 6195/1/3 6196/1/3
f 6198/1/3 6195/1/3 6197/1/3
f 6200/1/3 6199/1/3 6198/1/3
f 6200/1/3 6198/1/3 6197/1/3
f 6201/1/3 6199/1/3 6200/1/3
f 6202/1/3 6199/1/3 6201/1/3
f 6203/1/3 6202/1/3 6201/1/3
f 6205/1/3 6203/1/3 6201/1/3
f 6205/1/3 6204/1/3 6203/1/3
f 6206/1/3 6204/1/3 6205/1/3
f 6207/1/3 6204/1/3 6206/1/3
f 6211/1/3 6207/1/3 6206/1/3
f 6213/1/3 6211/1/3 6206/1/3
f 6213/1/3 6212/1/3 6211/1/3
f 6214/1/3 6212/1/3 6213/1/3
f 6215/2/3 6209/2/3 6208/2/3
f 6216/1/3 6210/1/3 6209/1/3
f 6216/2/3 6209/2/3 6215/2/3
f 6217/1/3 6210/1/3 6216/1/3
f 6218/1/3 6213/1/3 6206/1/3
f 6219/2/3 6214/2/3 6213/2/3
f 6219/1/3 6213/1/3 6218/1/3
f 6220/2/3 6214/2/3 6219/2/3
f 6221/2/3 6214/2/3 6220/2/3
f 6222/1/3 6216/1/3 6215/1/3
f 6223/1/3 6216/1/3 6222/1/3
f 6226/1/3 6221/1/3 6220/1/3
f 6227/2/3 6223/2/3 6222/2/3
f 6228/1/3 6224/1/3 6223/1/3
f 6228/2/3 6223/2/3 6227/2/3
f 6229/1/3 6224/1/3 6228/1/3
f 6230/1/3 6226/1/3 6225/1/3
f 6230/1/3 6221/1/3 6226/1/3
f 6231/1/3 6221/1/3 6230/1/3
f 6232/2/3 6229/2/3 6228/2/3
f 6235/1/3 6230/1/3 6225/1/3
f 6236/2/3 6232/2/3 6228/2/3
f 6237/1/3 6233/1/3 6232/1/3
f 6237/2/3 6232/2/3 6236/2/3
f 6238/1/3 6235/1/3 6234/1/3
f 6238/1/3 6230/1/3 6235/1/3
f 6239/1/3 6230/1/3 6238/1/3
f 6240/1/3 6233/1/3 6237/1/3
f 6241/1/3 6233/1/3 6240/1/3
f 6244/1/3 6238/1/3 6234/1/3
f 6245/1/3 6242/1/3 6241/1/3
f 6245/1/3 6241/1/3 6240/1/3
f 6246/1/3 6242/1/3 6245/1/3
f 6247/1/3 6242/1/3 6246/1/3
f 6252/1/3 6244/1/3 6243/1/3
f 6253/1/3 6238/1/3 6244/1/3
f 6253/1/3 6244/1/3 6252/1/3
f 6254/1/3 6238/1/3 6253/1/3
f 6255/1/3 6247/1/3 6246/1/3
f 6256/2/3 6248/2/3 6247/2/3
f 6256/1/3 6247/1/3 6255/1/3
f 6257/1/3 6249/1/3 6248/1/3
f 6257/2/3 6248/2/3 6256/2/3
f 6258/1/3 6249/1/3 6257/1/3
f 6263/1/3 6251/1/3 6250/1/3
f 6264/2/3 6252/2/3 6251/2/3
f 6264/1/3 6251/1/3 6263/1/3
f 6265/1/3 6253/1/3 6252/1/3
f 6265/2/3 6252/2/3 6264/2/3
f 6266/1/3 6253/1/3 6265/1/3
f 6267/1/3 6258/1/3 6257/1/3
f 6267/1/3 6259/1/3 6258/1/3
f 6268/1/3 6259/1/3 6267/1/3
f 6269/1/3 6259/1/3 6268/1/3
f 6270/1/3 6261/1/3 6260/1/3
f 6271/2/3 6262/2/3 6261/2/3
f 6271/1/3 6261/1/3 6270/1/3
f 6272/1/3 6263/1/3 6262/1/3
f 6272/2/3 6262/2/3 6271/2/3
f 6272/1/3 6264/1/3 6263/1/3
f 6273/1/3 6264/1/3 6272/1/3
f 6274/1/3 6270/1/3 6269/1/3
f 6274/1/3 6269/1/3 6268/1/3
f 6275/2/3 6271/2/3 6270/2/3
f 6275/1/3 6270/1/3 6274/1/3
f 6276/1/3 6272/1/3 6271/1/3
f 6276/2/3 6271/2/3 6275/2/3
f 6277/1/3 6272/1/3 6276/1/3
f 6280/1/3 6279/1/3 6278/1/3
f 6284/1/3 6280/1/3 6278/1/3
f 6285/2/3 6281/2/3 6280/2/3
f 6285/1/3 6280/1/3 6284/1/3
f 6285/2/3 6282/2/3 6281/2/3
f 6286/2/3 6282/2/3 6285/2/3
f 6287/1/3 6283/1/3 6282/1/3
f 6287/2/3 6282/2/3 6286/2/3
f 6288/1/3 6283/1/3 6287/1/3
f 6290/1/3 6289/1/3 6288/1/3
f 6290/1/3 6288/1/3 6287/1/3
f 6290/1/3 6287/1/3 6286/1/3
f 6291/1/3 6289/1/3 6290/1/3
f 6292/1/3 6289/1/3 6291/1/3
f 6294/1/3 6293/1/3 6292/1/3
f 6294/1/3 6292/1/3 6291/1/3
f 6295/1/3 6293/1/3 6294/1/3
f 6296/1/3 6293/1/3 6295/1/3
f 6297/1/3 6293/1/3 6296/1/3
f 6298/1/3 6293/1/3 6297/1/3
f 6302/1/3 6301/1/3 6300/1/3
f 6303/1/3 6301/1/3 6302/1/3
f 6304/1/3 6299/1/3 6298/1/3
f 6304/1/3 6298/1/3 6297/1/3
f 6305/1/3 6299/1/3 6304/1/3
f 6307/1/3 6302/1/3 6300/1/3
f 6308/1/3 6299/1/3 6305/1/3
f 6310/2/3 6309/2/3 6308/2/3
f 6311/1/3 6307/1/3 6306/1/3
f 6312/1/3 6302/1/3 6307/1/3
f 6312/1/3 6307/1/3 6311/1/3
f 6313/1/3 6302/1/3 6312/1/3
f 6314/1/3 6308/1/3 6305/1/3
f 6315/2/3 6310/2/3 6308/2/3
f 6315/1/3 6308/1/3 6314/1/3
f 6316/2/3 6310/2/3 6315/2/3
f 6317/2/3 6313/2/3 6312/2/3
f 6320/2/3 6315/2/3 6314/2/3
f 6321/2/3 6317/2/3 6312/2/3
f 6322/2/3 6320/2/3 6319/2/3
f 6322/2/3 6315/2/3 6320/2/3
f 6323/2/3 6315/2/3 6322/2/3
f 6324/2/3 6317/2/3 6321/2/3
f 6325/1/3 6318/1/3 6317/1/3
f 6325/2/3 6317/2/3 6324/2/3
f 6326/1/3 6318/1/3 6325/1/3
f 6329/2/3 6322/2/3 6319/2/3
f 6330/1/3 6323/1/3 6322/1/3
f 6330/2/3 6322/2/3 6329/2/3
f 6331/1/3 6323/1/3 6330/1/3
f 6332/1/3 6327/1/3 6326/1/3
f 6332/1/3 6326/1/3 6325/1/3
f 6335/2/3 6329/2/3 6328/2/3
f 6336/1/3 6332/1/3 6325/1/3
f 6337/1/3 6332/1/3 6336/1/3
f 6338/2/3 6333/2/3 6332/2/3
f 6338/1/3 6332/1/3 6337/1/3
f 6339/2/3 6333/2/3 6338/2/3
f 6343/2/3 6335/2/3 6334/2/3
f 6344/1/3 6330/1/3 6329/1/3
f 6344/2/3 6329/2/3 6335/2/3
f 6344/2/3 6335/2/3 6343/2/3
f 6345/1/3 6330/1/3 6344/1/3
f 6346/2/3 6338/2/3 6337/2/3
f 6346/2/3 6339/2/3 6338/2/3
f 6347/2/3 6339/2/3 6346/2/3
f 6348/1/3 6340/1/3 6339/1/3
f 6348/2/3 6339/2/3 6347/2/3
f 6349/1/3 6340/1/3 6348/1/3
f 6350/1/3 6342/1/3 6341/1/3
f 6351/2/3 6343/2/3 6342/2/3
f 6351/2/3 6344/2/3 6343/2/3
f 6351/1/3 6342/1/3 6350/1/3
f 6352/2/3 6344/2/3 6351/2/3
f 6353/2/3 6344/2/3 6352/2/3
f 6354/2/3 6344/2/3 6353/2/3
f 6355/1/3 6350/1/3 6349/1/3
f 6355/1/3 6349/1/3 6348/1/3
f 6356/1/3 6350/1/3 6355/1/3
f 6357/1/3 6350/1/3 6356/1/3
f 6358/2/3 6352/2/3 6351/2/3
f 6358/1/3 6350/1/3 6357/1/3
f 6358/2/3 6351/2/3 6350/2/3
f 6359/2/3 6352/2/3 6358/2/3
f 6360/2/3 6352/2/3 6359/2/3
f 6361/1/3 6357/1/3 6356/1/3
f 6362/1/3 6357/1/3 6361/1/3
f 6369/1/3 6364/1/3 6363/1/3
f 6370/2/3 6365/2/3 6364/2/3
f 6370/1/3 6364/1/3 6369/1/3
f 6371/1/3 6366/1/3 6365/1/3
f 6371/2/3 6365/2/3 6370/2/3
f 6372/1/3 6366/1/3 6371/1/3
f 6373/1/3 6368/1/3 6367/1/3
f 6374/1/3 6368/1/3 6373/1/3
f 6375/1/3 6368/1/3 6374/1/3
f 6384/2/3 6374/2/3 6373/2/3
f 6385/1/3 6375/1/3 6374/1/3
f 6385/2/3 6374/2/3 6384/2/3
f 6385/1/3 6376/1/3 6375/1/3
f 6386/1/3 6376/1/3 6385/1/3
f 6387/1/3 6376/1/3 6386/1/3
f 6389/1/3 6378/1/3 6377/1/3
f 6390/2/3 6380/2/3 6379/2/3
f 6390/2/3 6379/2/3 6378/2/3
f 6390/1/3 6378/1/3 6389/1/3
f 6391/2/3 6380/2/3 6390/2/3
f 6393/1/3 6382/1/3 6381/1/3
f 6394/2/3 6383/2/3 6382/2/3
f 6394/1/3 6382/1/3 6393/1/3
f 6395/2/3 6383/2/3 6394/2/3
f 6396/1/3 6385/1/3 6384/1/3
f 6397/2/3 6386/2/3 6385/2/3
f 6397/1/3 6385/1/3 6396/1/3
f 6398/2/3 6386/2/3 6397/2/3
f 6400/1/3 6389/1/3 6388/1/3
f 6401/1/3 6392/1/3 6391/1/3
f 6401/1/3 6391/1/3 6390/1/3
f 6404/1/3 6400/1/3 6399/1/3
f 6405/1/3 6389/1/3 6400/1/3
f 6405/1/3 6400/1/3 6404/1/3
f 6406/2/3 6390/2/3 6389/2/3
f 6406/1/3 6389/1/3 6405/1/3
f 6407/1/3 6402/1/3 6401/1/3
f 6407/2/3 6390/2/3 6406/2/3
f 6407/1/3 6401/1/3 6390/1/3
f 6408/1/3 6402/1/3 6407/1/3
f 6409/1/3 6402/1/3 6408/1/3
f 6412/2/3 6404/2/3 6403/2/3
f 6413/1/3 6405/1/3 6404/1/3
f 6413/2/3 6404/2/3 6412/2/3
f 6414/1/3 6405/1/3 6413/1/3
f 6415/1/3 6405/1/3 6414/1/3
f 6416/1/3 6410/1/3 6409/1/3
f 6416/1/3 6409/1/3 6408/1/3
f 6417/1/3 6410/1/3 6416/1/3
f 6426/2/3 6412/2/3 6411/2/3
f 6427/1/3 6414/1/3 6413/1/3
f 6427/1/3 6413/1/3 6412/1/3
f 6428/1/3 6414/1/3 6427/1/3
f 6429/1/3 6410/1/3 6417/1/3
f 6430/1/3 6410/1/3 6429/1/3
f 6431/1/3 6410/1/3 6430/1/3
f 6433/1/3 6419/1/3 6418/1/3
f 6433/2/3 6420/2/3 6419/2/3
f 6434/1/3 6421/1/3 6420/1/3
f 6434/2/3 6420/2/3 6433/2/3
f 6435/1/3 6421/1/3 6434/1/3
f 6436/1/3 6421/1/3 6435/1/3
f 6437/2/3 6423/2/3 6422/2/3
f 6438/1/3 6424/1/3 6423/1/3
f 6438/2/3 6423/2/3 6437/2/3
f 6439/1/3 6424/1/3 6438/1/3
f 6441/2/3 6426/2/3 6425/2/3
f 6441/2/3 6412/2/3 6426/2/3
f 6442/1/3 6427/1/3 6412/1/3
f 6442/2/3 6412/2/3 6441/2/3
f 6443/1/3 6433/1/3 6418/1/3
f 6443/1/3 6434/1/3 6433/1/3
f 6444/2/3 6435/2/3 6434/2/3
f 6444/1/3 6434/1/3 6443/1/3
f 6445/2/3 6435/2/3 6444/2/3
f 6448/1/3 6438/1/3 6437/1/3
f 6449/2/3 6439/2/3 6438/2/3
f 6449/1/3 6438/1/3 6448/1/3
f 6450/1/3 6440/1/3 6439/1/3
f 6450/2/3 6439/2/3 6449/2/3
f 6451/1/3 6440/1/3 6450/1/3
f 6453/1/3 6447/1/3 6446/1/3
f 6454/1/3 6447/1/3 6453/1/3
f 6455/2/3 6449/2/3 6448/2/3
f 6456/1/3 6450/1/3 6449/1/3
f 6456/2/3 6449/2/3 6455/2/3
f 6457/2/3 6451/2/3 6450/2/3
f 6457/1/3 6450/1/3 6456/1/3
f 6458/2/3 6451/2/3 6457/2/3
f 6459/2/3 6441/2/3 6425/2/3
f 6460/1/3 6432/1/3 6431/1/3
f 6460/1/3 6431/1/3 6430/1/3
f 6461/1/3 6432/1/3 6460/1/3
f 6462/1/3 6453/1/3 6452/1/3
f 6463/2/3 6454/2/3 6453/2/3
f 6463/1/3 6453/1/3 6462/1/3
f 6464/2/3 6454/2/3 6463/2/3
f 6465/1/3 6456/1/3 6455/1/3
f 6466/2/3 6457/2/3 6456/2/3
f 6466/1/3 6456/1/3 6465/1/3
f 6467/2/3 6457/2/3 6466/2/3
f 6468/2/3 6441/2/3 6459/2/3
f 6469/1/3 6442/1/3 6441/1/3
f 6469/2/3 6441/2/3 6468/2/3
f 6470/1/3 6427/1/3 6442/1/3
f 6470/1/3 6442/1/3 6469/1/3
f 6473/1/3 6460/1/3 6430/1/3
f 6474/1/3 6460/1/3 6473/1/3
f 6475/2/3 6461/2/3 6460/2/3
f 6475/1/3 6460/1/3 6474/1/3
f 6476/2/3 6461/2/3 6475/2/3
f 6477/2/3 6471/2/3 6470/2/3
f 6480/1/3 6473/1/3 6472/1/3
f 6480/1/3 6474/1/3 6473/1/3
f 6481/1/3 6470/1/3 6469/1/3
f 6482/1/3 6470/1/3 6481/1/3
f 6483/2/3 6477/2/3 6470/2/3
f 6483/1/3 6470/1/3 6482/1/3
f 6484/1/3 6478/1/3 6477/1/3
f 6485/1/3 6480/1/3 6479/1/3
f 6486/1/3 6474/1/3 6480/1/3
f 6486/1/3 6480/1/3 6485/1/3
f 6487/2/3 6475/2/3 6474/2/3
f 6487/1/3 6474/1/3 6486/1/3
f 6488/2/3 6475/2/3 6487/2/3
f 6495/2/3 6483/2/3 6482/2/3
f 6496/2/3 6477/2/3 6483/2/3
f 6496/2/3 6483/2/3 6495/2/3
f 6497/1/3 6486/1/3 6485/1/3
f 6497/2/3 6477/2/3 6496/2/3
f 6497/1/3 6484/1/3 6477/1/3
f 6497/1/3 6485/1/3 6484/1/3
f 6498/1/3 6486/1/3 6497/1/3
f 6499/2/3 6487/2/3 6486/2/3
f 6499/1/3 6486/1/3 6498/1/3
f 6500/2/3 6487/2/3 6499/2/3
f 6501/1/3 6490/1/3 6489/1/3
f 6502/2/3 6491/2/3 6490/2/3
f 6502/1/3 6490/1/3 6501/1/3
f 6503/1/3 6492/1/3 6491/1/3
f 6503/2/3 6491/2/3 6502/2/3
f 6504/1/3 6492/1/3 6503/1/3
f 6505/1/3 6494/1/3 6493/1/3
f 6506/1/3 6494/1/3 6505/1/3
f 6507/1/3 6494/1/3 6506/1/3
f 6509/1/3 6498/1/3 6497/1/3
f 6509/1/3 6497/1/3 6496/1/3
f 6510/1/3 6498/1/3 6509/1/3
f 6511/1/3 6498/1/3 6510/1/3
f 6512/2/3 6499/2/3 6498/2/3
f 6512/1/3 6498/1/3 6511/1/3
f 6513/2/3 6499/2/3 6512/2/3
f 6517/2/3 6506/2/3 6505/2/3
f 6518/1/3 6508/1/3 6507/1/3
f 6518/2/3 6506/2/3 6517/2/3
f 6518/1/3 6507/1/3 6506/1/3
f 6519/1/3 6508/1/3 6518/1/3
f 6520/1/3 6508/1/3 6519/1/3
f 6521/1/3 6511/1/3 6510/1/3
f 6522/1/3 6511/1/3 6521/1/3
f 6523/1/3 6515/1/3 6514/1/3
f 6524/2/3 6516/2/3 6515/2/3
f 6524/1/3 6515/1/3 6523/1/3
f 6525/2/3 6516/2/3 6524/2/3
f 6526/1/3 6518/1/3 6517/1/3
f 6527/2/3 6519/2/3 6518/2/3
f 6527/1/3 6518/1/3 6526/1/3
f 6528/2/3 6519/2/3 6527/2/3
f 6534/2/3 6530/2/3 6529/2/3
f 6534/2/3 6531/2/3 6530/2/3
f 6535/2/3 6531/2/3 6534/2/3
f 6536/1/3 6532/1/3 6531/1/3
f 6536/2/3 6531/2/3 6535/2/3
f 6537/1/3 6532/1/3 6536/1/3
f 6540/1/3 6534/1/3 6533/1/3
f 6541/1/3 6538/1/3 6537/1/3
f 6541/1/3 6536/1/3 6535/1/3
f 6541/1/3 6537/1/3 6536/1/3
f 6543/1/3 6540/1/3 6539/1/3
f 6543/1/3 6534/1/3 6540/1/3
f 6544/2/3 6535/2/3 6534/2/3
f 6544/1/3 6534/1/3 6543/1/3
f 6545/1/3 6542/1/3 6541/1/3
f 6545/2/3 6535/2/3 6544/2/3
f 6545/1/3 6541/1/3 6535/1/3
f 6546/1/3 6543/1/3 6539/1/3
f 6547/2/3 6544/2/3 6543/2/3
f 6547/1/3 6543/1/3 6546/1/3
f 6548/1/3 6542/1/3 6545/1/3
f 6548/1/3 6545/1/3 6544/1/3
f 6549/1/3 6542/1/3 6548/1/3
f 6550/2/3 6544/2/3 6547/2/3
f 6551/1/3 6548/1/3 6544/1/3
f 6551/2/3 6544/2/3 6550/2/3
f 6552/1/3 6548/1/3 6551/1/3
f 6553/1/3 6548/1/3 6552/1/3
f 6554/1/3 6552/1/3 6551/1/3
f 6555/1/3 6552/1/3 6554/1/3
f 6556/1/4 6557/1/4 6561/1/4
f 6557/1/4 6558/1/4 6561/1/4
f 6558/2/4 6559/2/4 6562/2/4
f 6561/1/4 6558/1/4 6562/1/4
f 6562/2/4 6559/2/4 6563/2/4
f 6560/1/4 6561/1/4 6566/1/4
f 6561/1/4 6562/1/4 6566/1/4
f 6562/1/4 6563/1/4 6566/1/4
f 6563/2/4 6564/2/4 6567/2/4
f 6566/1/4 6563/1/4 6567/1/4
f 6567/2/4 6564/2/4 6568/2/4
f 6565/1/4 6566/1/4 6570/1/4
f 6568/2/4 6569/2/4 6570/2/4
f 6567/1/4 6568/1/4 6570/1/4
f 6566/1/4 6567/1/4 6570/1/4
f 6570/2/4 6569/2/4 6571/2/4
f 6570/1/4 6571/1/4 6572/1/4
f 6565/1/4 6570/1/4 6573/1/4
f 6570/1/4 6572/1/4 6573/1/4
f 6573/1/4 6572/1/4 6574/1/4
f 6574/1/4 6572/1/4 6575/1/4
f 6575/1/4 6572/1/4 6576/1/4
f 6577/1/4 6578/1/4 6582/1/4
f 6578/2/4 6579/2/4 6583/2/4
f 6582/1/4 6578/1/4 6583/1/4
f 6583/2/4 6579/2/4 6584/2/4
f 6579/1/4 6580/1/4 6585/1/4
f 6581/1/4 6582/1/4 6588/1/4
f 6582/1/4 6583/1/4 6588/1/4
f 6583/1/4 6584/1/4 6588/1/4
f 6584/2/4 6579/2/4 6589/2/4
f 6585/1/4 6586/1/4 6589/1/4
f 6579/1/4 6585/1/4 6589/1/4
f 6589/1/4 6586/1/4 6590/1/4
f 6590/1/4 6586/1/4 6591/1/4
f 6587/1/4 6588/1/4 6594/1/4
f 6588/1/4 6584/1/4 6595/1/4
f 6594/1/4 6588/1/4 6595/1/4
f 6584/2/4 6589/2/4 6596/2/4
f 6595/1/4 6584/1/4 6596/1/4
f 6589/2/4 6590/2/4 6596/2/4
f 6591/1/4 6592/1/4 6597/1/4
f 6596/2/4 6590/2/4 6597/2/4
f 6590/1/4 6591/1/4 6597/1/4
f 6597/1/4 6592/1/4 6598/1/4
f 6598/1/4 6592/1/4 6599/1/4
f 6593/1/4 6594/1/4 6601/1/4
f 6594/1/4 6595/1/4 6601/1/4
f 6601/1/4 6595/1/4 6602/1/4
f 6597/2/4 6598/2/4 6603/2/4
f 6599/1/4 6600/1/4 6604/1/4
f 6603/2/4 6598/2/4 6604/2/4
f 6598/1/4 6599/1/4 6604/1/4
f 6604/1/4 6600/1/4 6605/1/4
f 6593/1/4 6601/1/4 6607/1/4
f 6607/1/4 6601/1/4 6608/1/4
f 6608/1/4 6601/1/4 6609/1/4
f 6604/2/4 6605/2/4 6610/2/4
f 6605/1/4 6600/1/4 6611/1/4
f 6610/2/4 6605/2/4 6611/2/4
f 6611/1/4 6600/1/4 6612/1/4
f 6612/1/4 6600/1/4 6613/1/4
f 6613/1/4 6614/1/4 6615/1/4
f 6612/1/4 6613/1/4 6615/1/4
f 6611/2/4 6612/2/4 6615/2/4
f 6615/1/4 6614/1/4 6616/1/4
f 6607/1/4 6608/1/4 6617/1/4
f 6606/1/4 6607/1/4 6617/1/4
f 6617/1/4 6608/1/4 6618/1/4
f 6615/2/4 6616/2/4 6619/2/4
f 6611/2/4 6615/2/4 6619/2/4
f 6619/2/4 6616/2/4 6620/2/4
f 6606/1/4 6617/1/4 6621/1/4
f 6618/1/4 6608/1/4 6622/1/4
f 6622/1/4 6608/1/4 6623/1/4
f 6616/1/4 6614/1/4 6624/1/4
f 6620/2/4 6616/2/4 6624/2/4
f 6624/1/4 6614/1/4 6625/1/4
f 6606/1/4 6621/1/4 6626/1/4
f 6621/1/4 6622/1/4 6626/1/4
f 6626/1/4 6622/1/4 6627/1/4
f 6627/1/4 6622/1/4 6628/1/4
f 6619/1/4 6620/1/4 6630/1/4
f 6624/2/4 6625/2/4 6631/2/4
f 6630/1/4 6620/1/4 6631/1/4
f 6620/2/4 6624/2/4 6631/2/4
f 6631/2/4 6625/2/4 6632/2/4
f 6627/1/4 6628/1/4 6633/1/4
f 6628/1/4 6629/1/4 6633/1/4
f 6627/1/4 6633/1/4 6635/1/4
f 6633/1/4 6634/1/4 6635/1/4
f 6635/1/4 6634/1/4 6636/1/4
f 6636/1/4 6634/1/4 6637/1/4
f 6637/1/4 6638/1/4 6639/1/4
f 6636/1/4 6637/1/4 6639/1/4
f 6639/1/4 6638/1/4 6640/1/4
f 6640/1/4 6638/1/4 6641/1/4
f 6641/1/4 6642/1/4 6643/1/4
f 6640/1/4 6641/1/4 6643/1/4
f 6643/1/4 6642/1/4 6644/1/4
f 6644/1/4 6642/1/4 6645/1/4
f 6645/1/4 6642/1/4 6646/1/4
f 6644/1/4 6645/1/4 6647/1/4
f 6647/1/4 6645/1/4 6648/1/4
f 6649/1/4 6650/1/4 6655/1/4
f 6650/2/4 6651/2/4 6656/2/4
f 6655/1/4 6650/1/4 6656/1/4
f 6651/1/4 6652/1/4 6657/1/4
f 6656/2/4 6651/2/4 6657/2/4
f 6657/1/4 6652/1/4 6658/1/4
f 6652/2/4 6653/2/4 6659/2/4
f 6658/1/4 6652/1/4 6659/1/4
f 6653/1/4 6654/1/4 6660/1/4
f 6659/2/4 6653/2/4 6660/2/4
f 6655/2/4 6656/2/4 6664/2/4
f 6657/1/4 6658/1/4 6665/1/4
f 6664/2/4 6656/2/4 6665/2/4
f 6656/1/4 6657/1/4 6665/1/4
f 6658/2/4 6659/2/4 6666/2/4
f 6665/1/4 6658/1/4 6666/1/4
f 6659/1/4 6660/1/4 6667/1/4
f 6666/2/4 6659/2/4 6667/2/4
f 6660/1/4 6654/1/4 6668/1/4
f 6667/1/4 6660/1/4 6668/1/4
f 6662/1/4 6663/1/4 6672/1/4
f 6661/1/4 6662/1/4 6672/1/4
f 6672/1/4 6663/1/4 6673/1/4
f 6669/1/4 6670/1/4 6682/1/4
f 6670/2/4 6671/2/4 6683/2/4
f 6671/2/4 6672/2/4 6683/2/4
f 6682/1/4 6670/1/4 6683/1/4
f 6683/2/4 6672/2/4 6684/2/4
f 6673/1/4 6674/1/4 6685/1/4
f 6684/2/4 6672/2/4 6685/2/4
f 6672/1/4 6673/1/4 6685/1/4
f 6685/1/4 6674/1/4 6686/1/4
f 6675/1/4 6676/1/4 6688/1/4
f 6676/2/4 6677/2/4 6689/2/4
f 6688/1/4 6676/1/4 6689/1/4
f 6677/1/4 6678/1/4 6690/1/4
f 6689/2/4 6677/2/4 6690/2/4
f 6690/1/4 6678/1/4 6691/1/4
f 6678/2/4 6679/2/4 6692/2/4
f 6691/1/4 6678/1/4 6692/1/4
f 6679/1/4 6680/1/4 6693/1/4
f 6692/2/4 6679/2/4 6693/2/4
f 6683/1/4 6684/1/4 6695/1/4
f 6681/1/4 6682/1/4 6695/1/4
f 6682/1/4 6683/1/4 6695/1/4
f 6695/1/4 6684/1/4 6696/1/4
f 6696/1/4 6684/1/4 6697/1/4
f 6686/1/4 6687/1/4 6698/1/4
f 6698/1/4 6687/1/4 6699/1/4
f 6688/2/4 6689/2/4 6701/2/4
f 6689/1/4 6690/1/4 6702/1/4
f 6701/2/4 6689/2/4 6702/2/4
f 6690/1/4 6691/1/4 6702/1/4
f 6691/2/4 6692/2/4 6703/2/4
f 6702/1/4 6691/1/4 6703/1/4
f 6692/1/4 6693/1/4 6704/1/4
f 6703/2/4 6692/2/4 6704/2/4
f 6693/1/4 6680/1/4 6705/1/4
f 6704/1/4 6693/1/4 6705/1/4
f 6695/1/4 6696/1/4 6706/1/4
f 6694/1/4 6695/1/4 6706/1/4
f 6706/1/4 6696/1/4 6707/1/4
f 6699/1/4 6700/1/4 6708/1/4
f 6708/1/4 6700/1/4 6709/1/4
f 6694/1/4 6706/1/4 6711/1/4
f 6711/1/4 6706/1/4 6712/1/4
f 6712/1/4 6706/1/4 6713/1/4
f 6709/1/4 6700/1/4 6714/1/4
f 6714/1/4 6700/1/4 6715/1/4
f 6715/1/4 6716/1/4 6717/1/4
f 6710/1/4 6711/1/4 6719/1/4
f 6711/1/4 6712/1/4 6719/1/4
f 6719/1/4 6712/1/4 6720/1/4
f 6715/1/4 6717/1/4 6721/1/4
f 6717/2/4 6718/2/4 6722/2/4
f 6721/1/4 6717/1/4 6722/1/4
f 6722/2/4 6718/2/4 6723/2/4
f 6710/1/4 6719/1/4 6725/1/4
f 6722/1/4 6723/1/4 6726/1/4
f 6722/1/4 6726/1/4 6728/1/4
f 6726/2/4 6727/2/4 6728/2/4
f 6728/2/4 6727/2/4 6729/2/4
f 6724/1/4 6725/1/4 6730/1/4
f 6725/1/4 6719/1/4 6731/1/4
f 6730/1/4 6725/1/4 6731/1/4
f 6722/1/4 6728/1/4 6732/1/4
f 6728/1/4 6729/1/4 6732/1/4
f 6732/1/4 6729/1/4 6733/1/4
f 6731/1/4 6719/1/4 6734/1/4
f 6722/1/4 6732/1/4 6736/1/4
f 6736/1/4 6732/1/4 6737/1/4
f 6734/1/4 6735/1/4 6738/1/4
f 6731/1/4 6734/1/4 6738/1/4
f 6738/1/4 6735/1/4 6739/1/4
f 6739/1/4 6735/1/4 6740/1/4
f 6739/1/4 6740/1/4 6744/1/4
f 6740/1/4 6741/1/4 6744/1/4
f 6742/1/4 6743/1/4 6747/1/4
f 6744/1/4 6745/1/4 6748/1/4
f 6739/1/4 6744/1/4 6748/1/4
f 6748/1/4 6745/1/4 6749/1/4
f 6749/1/4 6745/1/4 6750/1/4
f 6746/1/4 6747/1/4 6753/1/4
f 6747/1/4 6743/1/4 6754/1/4
f 6753/1/4 6747/1/4 6754/1/4
f 6754/1/4 6743/1/4 6755/1/4
f 6750/1/4 6751/1/4 6756/1/4
f 6749/1/4 6750/1/4 6756/1/4
f 6756/1/4 6751/1/4 6757/1/4
f 6757/1/4 6751/1/4 6758/1/4
f 6752/1/4 6753/1/4 6759/1/4
f 6753/1/4 6754/1/4 6759/1/4
f 6759/1/4 6754/1/4 6760/1/4
f 6760/1/4 6754/1/4 6761/1/4
f 6757/1/4 6758/1/4 6762/1/4
f 6759/1/4 6760/1/4 6762/1/4
f 6758/1/4 6759/1/4 6762/1/4
f 6762/1/4 6760/1/4 6763/1/4
f 6763/1/4 6760/1/4 6764/1/4
f 6764/1/4 6760/1/4 6765/1/4
f 6763/1/4 6764/1/4 6766/1/4
f 6766/1/4 6764/1/4 6767/1/4
f 6768/2/4 6769/2/4 6774/2/4
f 6769/1/4 6770/1/4 6775/1/4
f 6770/1/4 6771/1/4 6775/1/4
f 6775/1/4 6771/1/4 6776/1/4
f 6772/1/4 6773/1/4 6780/1/4
f 6773/2/4 6774/2/4 6781/2/4
f 6780/1/4 6773/1/4 6781/1/4
f 6774/2/4 6769/2/4 6782/2/4
f 6781/2/4 6774/2/4 6782/2/4
f 6769/1/4 6775/1/4 6782/1/4
f 6782/1/4 6775/1/4 6783/1/4
f 6777/1/4 6778/1/4 6784/1/4
f 6784/1/4 6778/1/4 6785/1/4
f 6779/1/4 6780/1/4 6787/1/4
f 6780/1/4 6781/1/4 6787/1/4
f 6787/1/4 6781/1/4 6788/1/4
f 6788/1/4 6781/1/4 6789/1/4
f 6786/1/4 6787/1/4 6790/1/4
f 6787/1/4 6788/1/4 6790/1/4
f 6790/1/4 6788/1/4 6791/1/4
f 6786/1/4 6790/1/4 6793/1/4
f 6793/1/4 6790/1/4 6794/1/4
f 6792/1/4 6793/1/4 6794/1/4
f 6794/1/4 6790/1/4 6795/1/4
f 6792/1/4 6794/1/4 6797/1/4
f 6796/1/4 6797/1/4 6800/1/4
f 6797/1/4 6794/1/4 6800/1/4
f 6800/1/4 6794/1/4 6801/1/4
f 6798/2/4 6799/2/4 6802/2/4
f 6802/2/4 6799/2/4 6803/2/4
f 6803/2/4 6804/2/4 6805/2/4
f 6805/2/4 6804/2/4 6806/2/4
f 6796/1/4 6800/1/4 6807/1/4
f 6796/1/4 6807/1/4 6809/1/4
f 6807/1/4 6808/1/4 6809/1/4
f 6809/1/4 6808/1/4 6810/1/4
f 6810/1/4 6808/1/4 6811/1/4
f 6810/1/4 6811/1/4 6816/1/4
f 6811/1/4 6812/1/4 6816/1/4
f 6816/1/4 6812/1/4 6817/1/4
f 6814/2/4 6815/2/4 6818/2/4
f 6813/1/4 6814/1/4 6818/1/4
f 6818/2/4 6815/2/4 6819/2/4
f 6817/1/4 6812/1/4 6820/1/4
f 6813/1/4 6818/1/4 6823/1/4
f 6823/1/4 6818/1/4 6824/1/4
f 6820/1/4 6821/1/4 6825/1/4
f 6817/1/4 6820/1/4 6825/1/4
f 6825/1/4 6821/1/4 6826/1/4
f 6826/1/4 6821/1/4 6827/1/4
f 6823/1/4 6824/1/4 6830/1/4
f 6822/1/4 6823/1/4 6830/1/4
f 6830/1/4 6824/1/4 6831/1/4
f 6831/1/4 6824/1/4 6832/1/4
f 6827/1/4 6828/1/4 6833/1/4
f 6826/1/4 6827/1/4 6833/1/4
f 6833/1/4 6828/1/4 6834/1/4
f 6834/1/4 6828/1/4 6835/1/4
f 6830/1/4 6831/1/4 6838/1/4
f 6829/1/4 6830/1/4 6838/1/4
f 6838/1/4 6831/1/4 6839/1/4
f 6839/1/4 6831/1/4 6840/1/4
f 6835/1/4 6836/1/4 6841/1/4
f 6834/1/4 6835/1/4 6841/1/4
f 6841/1/4 6836/1/4 6842/1/4
f 6842/1/4 6836/1/4 6843/1/4
f 6838/1/4 6839/1/4 6844/1/4
f 6837/1/4 6838/1/4 6844/1/4
f 6844/1/4 6839/1/4 6845/1/4
f 6845/1/4 6839/1/4 6846/1/4
f 6842/1/4 6843/1/4 6847/1/4
f 6844/1/4 6845/1/4 6847/1/4
f 6843/1/4 6844/1/4 6847/1/4
f 6847/1/4 6845/1/4 6848/1/4
f 6849/1/4 6850/1/4 6853/1/4
f 6853/1/4 6850/1/4 6854/1/4
f 6854/1/4 6850/1/4 6855/1/4
f 6851/1/4 6852/1/4 6857/1/4
f 6852/2/4 6853/2/4 6858/2/4
f 6853/2/4 6854/2/4 6858/2/4
f 6857/1/4 6852/1/4 6858/1/4
f 6858/2/4 6854/2/4 6859/2/4
f 6856/1/4 6857/1/4 6861/1/4
f 6857/1/4 6858/1/4 6861/1/4
f 6861/1/4 6858/1/4 6862/1/4
f 6860/1/4 6861/1/4 6864/1/4
f 6864/1/4 6861/1/4 6865/1/4
f 6863/1/4 6864/1/4 6867/1/4
f 6867/1/4 6864/1/4 6868/1/4
f 6866/1/4 6867/1/4 6868/1/4
f 6868/1/4 6864/1/4 6869/1/4
f 6866/1/4 6868/1/4 6870/1/4
f 6870/1/4 6868/1/4 6871/1/4
f 6872/2/4 6873/2/4 6875/2/4
f 6873/1/4 6874/1/4 6876/1/4
f 6875/2/4 6873/2/4 6876/2/4
f 6876/1/4 6874/1/4 6877/1/4
f 6876/2/4 6877/2/4 6878/2/4
f 6877/1/4 6874/1/4 6879/1/4
f 6878/2/4 6877/2/4 6879/2/4
f 6879/1/4 6874/1/4 6880/1/4
f 6884/2/4 6885/2/4 6886/2/4
f 6883/1/4 6884/1/4 6886/1/4
f 6886/2/4 6885/2/4 6887/2/4
f 6881/1/4 6882/1/4 6888/1/4
f 6888/1/4 6882/1/4 6889/1/4
f 6883/1/4 6886/1/4 6892/1/4
f 6892/1/4 6886/1/4 6893/1/4
f 6888/2/4 6889/2/4 6894/2/4
f 6889/1/4 6890/1/4 6895/1/4
f 6894/2/4 6889/2/4 6895/2/4
f 6891/2/4 6892/2/4 6896/2/4
f 6892/2/4 6893/2/4 6896/2/4
f 6896/2/4 6893/2/4 6897/2/4
f 6897/2/4 6893/2/4 6898/2/4
f 6895/1/4 6890/1/4 6904/1/4
f 6904/1/4 6890/1/4 6905/1/4
f 6896/1/4 6897/1/4 6908/1/4
f 6908/1/4 6897/1/4 6909/1/4
f 6899/2/4 6900/2/4 6910/2/4
f 6900/1/4 6901/1/4 6911/1/4
f 6910/2/4 6900/2/4 6911/2/4
f 6911/1/4 6901/1/4 6912/1/4
f 6912/1/4 6901/1/4 6913/1/4
f 6902/1/4 6903/1/4 6914/1/4
f 6914/1/4 6903/1/4 6915/1/4
f 6905/1/4 6906/1/4 6916/1/4
f 6916/1/4 6906/1/4 6917/1/4
f 6907/1/4 6908/1/4 6920/1/4
f 6920/1/4 6908/1/4 6921/1/4
f 6910/1/4 6911/1/4 6922/1/4
f 6911/2/4 6912/2/4 6923/2/4
f 6922/1/4 6911/1/4 6923/1/4
f 6912/1/4 6913/1/4 6924/1/4
f 6923/2/4 6912/2/4 6924/2/4
f 6913/1/4 6914/1/4 6924/1/4
f 6924/1/4 6914/1/4 6925/1/4
f 6915/1/4 6903/1/4 6926/1/4
f 6926/1/4 6903/1/4 6927/1/4
f 6917/1/4 6918/1/4 6928/1/4
f 6928/1/4 6918/1/4 6929/1/4
f 6929/1/4 6918/1/4 6930/1/4
f 6919/1/4 6920/1/4 6933/1/4
f 6933/1/4 6920/1/4 6934/1/4
f 6934/1/4 6920/1/4 6935/1/4
f 6930/1/4 6931/1/4 6936/1/4
f 6929/1/4 6930/1/4 6936/1/4
f 6936/1/4 6931/1/4 6937/1/4
f 6937/1/4 6931/1/4 6938/1/4
f 6933/1/4 6934/1/4 6939/1/4
f 6932/1/4 6933/1/4 6939/1/4
f 6939/1/4 6934/1/4 6940/1/4
f 6940/1/4 6934/1/4 6941/1/4
f 6937/1/4 6938/1/4 6942/1/4
f 6939/1/4 6940/1/4 6942/1/4
f 6938/1/4 6939/1/4 6942/1/4
f 6942/1/4 6940/1/4 6943/1/4
f 6944/2/4 6945/2/4 6948/2/4
f 6945/2/4 6946/2/4 6948/2/4
f 6948/2/4 6946/2/4 6949/2/4
f 6947/1/4 6948/1/4 6951/1/4
f 6951/1/4 6948/1/4 6952/1/4
f 6950/1/4 6951/1/4 6953/1/4
f 6953/1/4 6951/1/4 6954/1/4
f 6950/1/4 6953/1/4 6956/1/4
f 6956/1/4 6953/1/4 6957/1/4
f 6955/1/4 6956/1/4 6958/1/4
f 6958/1/4 6956/1/4 6959/1/4
f 6960/1/4 6961/1/4 6962/1/4
f 6962/1/4 6961/1/4 6963/1/4
f 6964/1/4 6965/1/4 6969/1/4
f 6969/1/4 6965/1/4 6970/1/4
f 6966/2/4 6967/2/4 6971/2/4
f 6971/2/4 6967/2/4 6972/2/4
f 6968/2/4 6969/2/4 6975/2/4
f 6975/2/4 6969/2/4 6976/2/4
f 6972/1/4 6973/1/4 6977/1/4
f 6977/1/4 6973/1/4 6978/1/4
f 6974/1/4 6975/1/4 6981/1/4
f 6977/2/4 6978/2/4 6982/2/4
f 6978/1/4 6979/1/4 6983/1/4
f 6982/2/4 6978/2/4 6983/2/4
f 6983/1/4 6979/1/4 6984/1/4
f 6980/1/4 6981/1/4 6987/1/4
f 6981/1/4 6975/1/4 6988/1/4
f 6987/1/4 6981/1/4 6988/1/4
f 6984/1/4 6985/1/4 6989/1/4
f 6989/1/4 6985/1/4 6990/1/4
f 6986/1/4 6987/1/4 6993/1/4
f 6993/1/4 6987/1/4 6994/1/4
f 6990/1/4 6991/1/4 6995/1/4
f 6995/1/4 6991/1/4 6996/1/4
f 6992/1/4 6993/1/4 6999/1/4
f 6999/1/4 6993/1/4 7000/1/4
f 6997/1/4 6998/1/4 7001/1/4
f 7001/1/4 6998/1/4 7002/1/4
f 7003/1/4 7004/1/4 7009/1/4
f 7004/2/4 7005/2/4 7009/2/4
f 7005/1/4 7006/1/4 7010/1/4
f 7009/2/4 7005/2/4 7010/2/4
f 7010/1/4 7006/1/4 7011/1/4
f 7011/1/4 7006/1/4 7012/1/4
f 7007/1/4 7008/1/4 7013/1/4
f 7013/1/4 7008/1/4 7014/1/4
f 7003/1/4 7009/1/4 7015/1/4
f 7009/1/4 7010/1/4 7015/1/4
f 7010/2/4 7011/2/4 7016/2/4
f 7015/1/4 7010/1/4 7016/1/4
f 7011/1/4 7012/1/4 7017/1/4
f 7016/2/4 7011/2/4 7017/2/4
f 7012/1/4 7013/1/4 7017/1/4
f 7017/1/4 7013/1/4 7018/1/4
f 7014/1/4 7008/1/4 7019/1/4
f 7019/1/4 7008/1/4 7020/1/4
f 7021/2/4 7022/2/4 7024/2/4
f 7024/2/4 7022/2/4 7025/2/4
f 7023/2/4 7024/2/4 7027/2/4
f 7027/2/4 7024/2/4 7028/2/4
f 7026/1/4 7027/1/4 7030/1/4
f 7030/1/4 7027/1/4 7031/1/4
f 7029/1/4 7030/1/4 7032/1/4
f 7032/1/4 7030/1/4 7033/1/4
f 7034/1/4 7035/1/4 7036/1/4
f 7036/1/4 7035/1/4 7037/1/4
f 7036/2/4 7037/2/4 7038/2/4
f 7038/2/4 7037/2/4 7039/2/4
f 7040/2/4 7041/2/4 7045/2/4
f 7045/2/4 7041/2/4 7046/2/4
f 7044/1/4 7045/1/4 7047/1/4
f 7042/2/4 7043/2/4 7048/2/4
f 7048/2/4 7043/2/4 7049/2/4
f 7044/1/4 7047/1/4 7053/1/4
f 7053/1/4 7047/1/4 7054/1/4
f 7049/2/4 7050/2/4 7055/2/4
f 7050/1/4 7051/1/4 7056/1/4
f 7055/2/4 7050/2/4 7056/2/4
f 7056/1/4 7051/1/4 7057/1/4
f 7052/1/4 7053/1/4 7060/1/4
f 7060/1/4 7053/1/4 7061/1/4
f 7057/1/4 7058/1/4 7062/1/4
f 7062/1/4 7058/1/4 7063/1/4
f 7059/1/4 7060/1/4 7068/1/4
f 7068/1/4 7060/1/4 7069/1/4
f 7064/1/4 7065/1/4 7070/1/4
f 7070/1/4 7065/1/4 7071/1/4
f 7066/1/4 7067/1/4 7074/1/4
f 7074/1/4 7067/1/4 7075/1/4
f 7072/1/4 7073/1/4 7076/1/4
f 7076/1/4 7073/1/4 7077/1/4
f 7078/1/4 7079/1/4 7084/1/4
f 7079/2/4 7080/2/4 7085/2/4
f 7084/1/4 7079/1/4 7085/1/4
f 7080/1/4 7081/1/4 7086/1/4
f 7085/2/4 7080/2/4 7086/2/4
f 7081/2/4 7082/2/4 7087/2/4
f 7086/1/4 7081/1/4 7087/1/4
f 7082/1/4 7083/1/4 7088/1/4
f 7087/2/4 7082/2/4 7088/2/4
f 7088/1/4 7083/1/4 7089/1/4
f 7090/1/4 7091/1/4 7096/1/4
f 7091/2/4 7092/2/4 7097/2/4
f 7096/1/4 7091/1/4 7097/1/4
f 7092/1/4 7093/1/4 7098/1/4
f 7097/2/4 7092/2/4 7098/2/4
f 7093/2/4 7094/2/4 7099/2/4
f 7098/1/4 7093/1/4 7099/1/4
f 7094/1/4 7095/1/4 7100/1/4
f 7099/2/4 7094/2/4 7100/2/4
f 7100/1/4 7095/1/4 7101/1/4
f 7102/1/4 7103/1/4 7106/1/4
f 7106/1/4 7103/1/4 7107/1/4
f 7104/2/4 7105/2/4 7109/2/4
f 7109/2/4 7105/2/4 7110/2/4
f 7108/1/4 7109/1/4 7111/1/4
f 7111/1/4 7109/1/4 7112/1/4
f 7113/1/4 7114/1/4 7115/1/4
f 7113/1/4 7115/1/4 7116/1/4
f 7116/1/4 7115/1/4 7117/1/4
f 7118/1/4 7119/1/4 7120/1/4
f 7118/1/4 7120/1/4 7122/1/4
f 7122/1/4 7120/1/4 7123/1/4
f 7121/2/4 7122/2/4 7124/2/4
f 7124/2/4 7122/2/4 7125/2/4
f 7126/2/4 7127/2/4 7130/2/4
f 7130/2/4 7127/2/4 7131/2/4
f 7128/1/4 7129/1/4 7135/1/4
f 7135/1/4 7129/1/4 7136/1/4
f 7132/1/4 7133/1/4 7137/1/4
f 7137/1/4 7133/1/4 7138/1/4
f 7134/1/4 7135/1/4 7142/1/4
f 7142/1/4 7135/1/4 7143/1/4
f 7138/1/4 7139/1/4 7144/1/4
f 7144/1/4 7139/1/4 7145/1/4
f 7140/1/4 7141/1/4 7147/1/4
f 7147/1/4 7141/1/4 7148/1/4
f 7145/1/4 7146/1/4 7149/1/4
f 7149/1/4 7146/1/4 7150/1/4
f 7151/1/4 7152/1/4 7156/1/4
f 7152/1/4 7153/1/4 7156/1/4
f 7156/1/4 7153/1/4 7157/1/4
f 7154/1/4 7155/1/4 7160/1/4
f 7160/1/4 7155/1/4 7161/1/4
f 7158/2/4 7159/2/4 7163/2/4
f 7163/2/4 7159/2/4 7164/2/4
f 7162/1/4 7163/1/4 7166/1/4
f 7166/1/4 7163/1/4 7167/1/4
f 7165/1/4 7166/1/4 7168/1/4
f 7168/1/4 7166/1/4 7169/1/4
f 7170/2/4 7171/2/4 7172/2/4
f 7170/2/4 7172/2/4 7173/2/4
f 7173/2/4 7172/2/4 7174/2/4
f 7175/1/4 7176/1/4 7177/1/4
f 7177/1/4 7176/1/4 7178/1/4
f 7179/1/4 7180/1/4 7182/1/4
f 7182/1/4 7180/1/4 7183/1/4
f 7181/1/4 7182/1/4 7187/1/4
f 7187/1/4 7182/1/4 7188/1/4
f 7184/1/4 7185/1/4 7189/1/4
f 7189/1/4 7185/1/4 7190/1/4
f 7186/1/4 7187/1/4 7192/1/4
f 7192/1/4 7187/1/4 7193/1/4
f 7191/1/4 7192/1/4 7195/1/4
f 7195/1/4 7192/1/4 7196/1/4
f 7194/1/4 7195/1/4 7199/1/4
f 7199/1/4 7195/1/4 7200/1/4
f 7197/1/4 7198/1/4 7203/1/4
f 7203/1/4 7198/1/4 7204/1/4
f 7201/1/4 7202/1/4 7205/1/4
f 7205/1/4 7202/1/4 7206/1/4
f 7206/1/4 7202/1/4 7207/1/4
f 7208/1/4 7209/1/4 7211/1/4
f 7209/2/4 7210/2/4 7212/2/4
f 7211/1/4 7209/1/4 7212/1/4
f 7212/2/4 7210/2/4 7213/2/4
f 7214/1/4 7215/1/4 7221/1/4
f 7221/1/4 7215/1/4 7222/1/4
f 7216/2/4 7217/2/4 7223/2/4
f 7217/1/4 7218/1/4 7224/1/4
f 7223/2/4 7217/2/4 7224/2/4
f 7224/1/4 7218/1/4 7225/1/4
f 7219/1/4 7220/1/4 7226/1/4
f 7226/1/4 7220/1/4 7227/1/4
f 7228/1/4 7229/1/4 7230/1/4
f 7230/1/4 7229/1/4 7231/1/4
f 7232/1/4 7233/1/4 7234/1/4
f 7232/1/4 7234/1/4 7235/1/4
f 7235/1/4 7234/1/4 7236/1/4
f 7237/2/4 7238/2/4 7239/2/4
f 7237/2/4 7239/2/4 7240/2/4
f 7240/2/4 7239/2/4 7241/2/4
f 7242/1/4 7243/1/4 7244/1/4
f 7244/1/4 7243/1/4 7245/1/4
f 7246/1/4 7247/1/4 7251/1/4
f 7251/1/4 7247/1/4 7252/1/4
f 7248/1/4 7249/1/4 7253/1/4
f 7253/1/4 7249/1/4 7254/1/4
f 7250/1/4 7251/1/4 7255/1/4
f 7255/1/4 7251/1/4 7256/1/4
f 7257/1/4 7258/1/4 7261/1/4
f 7261/1/4 7258/1/4 7262/1/4
f 7259/1/4 7260/1/4 7264/1/4
f 7264/1/4 7260/1/4 7265/1/4
f 7263/1/4 7264/1/4 7266/1/4
f 7266/1/4 7264/1/4 7267/1/4
f 7268/1/4 7269/1/4 7274/1/4
f 7269/2/4 7270/2/4 7275/2/4
f 7274/1/4 7269/1/4 7275/1/4
f 7270/1/4 7271/1/4 7276/1/4
f 7275/2/4 7270/2/4 7276/2/4
f 7271/2/4 7272/2/4 7277/2/4
f 7276/1/4 7271/1/4 7277/1/4
f 7272/1/4 7273/1/4 7278/1/4
f 7277/2/4 7272/2/4 7278/2/4
f 7278/1/4 7273/1/4 7279/1/4
f 7280/1/4 7281/1/4 7284/1/4
f 7284/1/4 7281/1/4 7285/1/4
f 7282/1/4 7283/1/4 7286/1/4
f 7286/1/4 7283/1/4 7287/1/4
f 7288/2/4 7289/2/4 7292/2/4
f 7292/2/4 7289/2/4 7293/2/4
f 7290/2/4 7291/2/4 7296/2/4
f 7296/2/4 7291/2/4 7297/2/4
f 7294/1/4 7295/1/4 7298/1/4
f 7298/1/4 7295/1/4 7299/1/4
f 7300/1/4 7301/1/4 7302/1/4
f 7302/1/4 7301/1/4 7303/1/4
f 7304/2/4 7305/2/4 7306/2/4
f 7306/2/4 7305/2/4 7307/2/4
f 7308/1/4 7309/1/4 7310/1/4
f 7310/1/4 7309/1/4 7311/1/4
f 7312/1/4 7313/1/4 7314/1/4
f 7314/1/4 7313/1/4 7315/1/4
f 7316/1/4 7317/1/4 7320/1/4
f 7320/1/4 7317/1/4 7321/1/4
f 7318/1/4 7319/1/4 7322/1/4
f 7322/1/4 7319/1/4 7323/1/4
f 7324/1/4 7325/1/4 7331/1/4
f 7325/1/4 7326/1/4 7331/1/4
f 7326/2/4 7327/2/4 7332/2/4
f 7331/1/4 7326/1/4 7332/1/4
f 7327/1/4 7328/1/4 7333/1/4
f 7332/2/4 7327/2/4 7333/2/4
f 7333/1/4 7328/1/4 7334/1/4
f 7329/1/4 7330/1/4 7339/1/4
f 7339/1/4 7330/1/4 7340/1/4
f 7335/1/4 7336/1/4 7341/1/4
f 7341/1/4 7336/1/4 7342/1/4
f 7337/1/4 7338/1/4 7345/1/4
f 7345/1/4 7338/1/4 7346/1/4
f 7343/2/4 7344/2/4 7347/2/4
f 7347/2/4 7344/2/4 7348/2/4
f 7349/1/4 7350/1/4 7351/1/4
f 7351/1/4 7350/1/4 7352/1/4
f 7353/1/4 7354/1/4 7355/1/4
f 7355/1/4 7354/1/4 7356/1/4
f 7357/1/4 7358/1/4 7359/1/4
f 7359/1/4 7358/1/4 7360/1/4
f 7361/1/4 7362/1/4 7363/1/4
f 7363/1/4 7362/1/4 7364/1/4
f 7365/1/4 7366/1/4 7367/1/4
f 7367/1/4 7366/1/4 7368/1/4
f 7369/2/4 7370/2/4 7371/2/4
f 7371/2/4 7370/2/4 7372/2/4
f 7373/2/4 7374/2/4 7375/2/4
f 7375/2/4 7374/2/4 7376/2/4
f 7377/1/4 7378/1/4 7379/1/4
f 7379/1/4 7378/1/4 7380/1/4
f 7381/1/4 7382/1/4 7387/1/4
f 7387/1/4 7382/1/4 7388/1/4
f 7383/2/4 7384/2/4 7389/2/4
f 7389/2/4 7384/2/4 7390/2/4
f 7385/1/4 7386/1/4 7393/1/4
f 7393/1/4 7386/1/4 7394/1/4
f 7391/1/4 7392/1/4 7395/1/4
f 7395/1/4 7392/1/4 7396/1/4
f 7397/1/4 7398/1/4 7401/1/4
f 7401/1/4 7398/1/4 7402/1/4
f 7399/1/4 7400/1/4 7403/1/4
f 7403/1/4 7400/1/4 7404/1/4
f 7405/2/4 7406/2/4 7409/2/4
f 7409/2/4 7406/2/4 7410/2/4
f 7407/1/4 7408/1/4 7411/1/4
f 7411/1/4 7408/1/4 7412/1/4
f 7413/1/4 7414/1/4 7415/1/4
f 7415/1/4 7414/1/4 7416/1/4
f 7416/1/4 7417/1/4 7418/1/4
f 7418/1/4 7417/1/4 7419/1/4
f 7420/1/4 7421/1/4 7422/1/4
f 7422/1/4 7421/1/4 7423/1/4
f 7424/1/4 7425/1/4 7426/1/4
f 7426/1/4 7425/1/4 7427/1/4
f 7428/1/4 7429/1/4 7430/1/4
f 7430/1/4 7429/1/4 7431/1/4
f 7432/1/4 7433/1/4 7436/1/4
f 7436/1/4 7433/1/4 7437/1/4
f 7434/1/4 7435/1/4 7438/1/4
f 7438/1/4 7435/1/4 7439/1/4
f 7440/1/4 7441/1/4 7444/1/4
f 7444/1/4 7441/1/4 7445/1/4
f 7442/1/4 7443/1/4 7446/1/4
f 7446/1/4 7443/1/4 7447/1/4
f 7448/1/4 7449/1/4 7454/1/4
f 7454/1/4 7449/1/4 7455/1/4
f 7450/1/4 7451/1/4 7456/1/4
f 7456/1/4 7451/1/4 7457/1/4
f 7452/1/4 7453/1/4 7460/1/4
f 7460/1/4 7453/1/4 7461/1/4
f 7458/2/4 7459/2/4 7462/2/4
f 7462/2/4 7459/2/4 7463/2/4
f 7464/1/4 7465/1/4 7466/1/4
f 7466/1/4 7465/1/4 7467/1/4
f 7468/1/4 7469/1/4 7470/1/4
f 7470/1/4 7469/1/4 7471/1/4
f 7472/1/4 7473/1/4 7474/1/4
f 7474/1/4 7473/1/4 7475/1/4
f 7476/1/4 7477/1/4 7478/1/4
f 7478/1/4 7477/1/4 7479/1/4
f 7480/1/4 7481/1/4 7484/1/4
f 7484/1/4 7481/1/4 7485/1/4
f 7482/1/4 7483/1/4 7490/1/4
f 7490/1/4 7483/1/4 7491/1/4
f 7486/1/4 7487/1/4 7492/1/4
f 7492/1/4 7487/1/4 7493/1/4
f 7488/1/4 7489/1/4 7494/1/4
f 7494/1/4 7489/1/4 7495/1/4
f 7496/1/4 7497/1/4 7500/1/4
f 7500/1/4 7497/1/4 7501/1/4
f 7498/1/4 7499/1/4 7502/1/4
f 7502/1/4 7499/1/4 7503/1/4
f 7504/1/4 7505/1/4 7506/1/4
f 7506/1/4 7505/1/4 7507/1/4
f 7508/2/4 7509/2/4 7510/2/4
f 7510/2/4 7509/2/4 7511/2/4
f 7512/1/4 7513/1/4 7516/1/4
f 7516/1/4 7513/1/4 7517/1/4
f 7514/1/4 7515/1/4 7518/1/4
f 7518/1/4 7515/1/4 7519/1/4
f 7520/2/4 7521/2/4 7525/2/4
f 7521/1/4 7522/1/4 7526/1/4
f 7525/2/4 7521/2/4 7526/2/4
f 7522/2/4 7523/2/4 7527/2/4
f 7526/1/4 7522/1/4 7527/1/4
f 7523/1/4 7524/1/4 7528/1/4
f 7527/2/4 7523/2/4 7528/2/4
f 7528/1/4 7524/1/4 7529/1/4
f 7530/1/4 7531/1/4 7534/1/4
f 7534/1/4 7531/1/4 7535/1/4
f 7532/1/4 7533/1/4 7536/1/4
f 7536/1/4 7533/1/4 7537/1/4
f 7538/1/4 7539/1/4 7540/1/4
f 7540/1/4 7539/1/4 7541/1/4
f 7542/1/4 7543/1/4 7544/1/4
f 7544/1/4 7543/1/4 7545/1/4
f 7546/2/4 7547/2/4 7550/2/4
f 7550/2/4 7547/2/4 7551/2/4
f 7548/1/4 7549/1/4 7552/1/4
f 7552/1/4 7549/1/4 7553/1/4
f 7554/2/4 7555/2/4 7560/2/4
f 7560/2/4 7555/2/4 7561/2/4
f 7556/1/4 7557/1/4 7562/1/4
f 7562/1/4 7557/1/4 7563/1/4
f 7558/1/4 7559/1/4 7572/1/4
f 7572/1/4 7559/1/4 7573/1/4
f 7564/1/4 7565/1/4 7574/1/4
f 7574/1/4 7565/1/4 7575/1/4
f 7566/1/4 7567/1/4 7576/1/4
f 7567/2/4 7568/2/4 7577/2/4
f 7576/1/4 7567/1/4 7577/1/4
f 7568/1/4 7569/1/4 7578/1/4
f 7577/2/4 7568/2/4 7578/2/4
f 7569/2/4 7570/2/4 7579/2/4
f 7578/1/4 7569/1/4 7579/1/4
f 7570/1/4 7571/1/4 7580/1/4
f 7579/2/4 7570/2/4 7580/2/4
f 7580/1/4 7571/1/4 7581/1/4
f 7582/2/4 7583/2/4 7584/2/4
f 7584/2/4 7583/2/4 7585/2/4
f 7586/2/4 7587/2/4 7588/2/4
f 7588/2/4 7587/2/4 7589/2/4
f 7590/1/4 7591/1/4 7592/1/4
f 7592/1/4 7591/1/4 7593/1/4
f 7594/1/4 7595/1/4 7596/1/4
f 7596/1/4 7595/1/4 7597/1/4
f 7598/2/4 7599/2/4 7602/2/4
f 7602/2/4 7599/2/4 7603/2/4
f 7600/1/4 7601/1/4 7608/1/4
f 7608/1/4 7601/1/4 7609/1/4
f 7604/1/4 7605/1/4 7610/1/4
f 7610/1/4 7605/1/4 7611/1/4
f 7606/1/4 7607/1/4 7612/1/4
f 7612/1/4 7607/1/4 7613/1/4
f 7614/1/4 7615/1/4 7618/1/4
f 7618/1/4 7615/1/4 7619/1/4
f 7616/2/4 7617/2/4 7620/2/4
f 7620/2/4 7617/2/4 7621/2/4
f 7622/1/4 7623/1/4 7626/1/4
f 7626/1/4 7623/1/4 7627/1/4
f 7624/1/4 7625/1/4 7628/1/4
f 7628/1/4 7625/1/4 7629/1/4
f 7630/2/4 7631/2/4 7632/2/4
f 7632/2/4 7631/2/4 7633/2/4
f 7634/2/4 7635/2/4 7636/2/4
f 7636/2/4 7635/2/4 7637/2/4
f 7638/1/4 7639/1/4 7640/1/4
f 7640/1/4 7639/1/4 7641/1/4
f 7642/1/4 7643/1/4 7644/1/4
f 7644/1/4 7643/1/4 7645/1/4
f 7646/1/4 7647/1/4 7650/1/4
f 7650/1/4 7647/1/4 7651/1/4
f 7648/1/4 7649/1/4 7652/1/4
f 7652/1/4 7649/1/4 7653/1/4
f 7654/1/4 7655/1/4 7658/1/4
f 7658/1/4 7655/1/4 7659/1/4
f 7656/1/4 7657/1/4 7660/1/4
f 7660/1/4 7657/1/4 7661/1/4
f 7662/1/4 7663/1/4 7667/1/4
f 7667/1/4 7663/1/4 7668/1/4
f 7663/2/4 7664/2/4 7669/2/4
f 7668/1/4 7663/1/4 7669/1/4
f 7669/2/4 7664/2/4 7670/2/4
f 7665/2/4 7666/2/4 7675/2/4
f 7675/2/4 7666/2/4 7676/2/4
f 7671/1/4 7672/1/4 7677/1/4
f 7677/1/4 7672/1/4 7678/1/4
f 7673/1/4 7674/1/4 7681/1/4
f 7681/1/4 7674/1/4 7682/1/4
f 7679/1/4 7680/1/4 7683/1/4
f 7683/1/4 7680/1/4 7684/1/4
f 7685/1/4 7686/1/4 7687/1/4
f 7687/1/4 7686/1/4 7688/1/4
f 7688/2/4 7689/2/4 7690/2/4
f 7690/2/4 7689/2/4 7691/2/4
f 7692/1/4 7693/1/4 7694/1/4
f 7694/1/4 7693/1/4 7695/1/4
f 7696/1/4 7697/1/4 7698/1/4
f 7698/1/4 7697/1/4 7699/1/4
f 7700/1/4 7701/1/4 7702/1/4
f 7702/1/4 7701/1/4 7703/1/4
f 7704/1/4 7705/1/4 7706/1/4
f 7706/1/4 7705/1/4 7707/1/4
f 7708/1/4 7709/1/4 7710/1/4
f 7710/1/4 7709/1/4 7711/1/4
f 7712/1/4 7713/1/4 7715/1/4
f 7715/1/4 7713/1/4 7716/1/4
f 7714/2/4 7715/2/4 7717/2/4
f 7717/2/4 7715/2/4 7718/2/4
f 7719/1/4 7720/1/4 7723/1/4
f 7723/1/4 7720/1/4 7724/1/4
f 7721/1/4 7722/1/4 7729/1/4
f 7729/1/4 7722/1/4 7730/1/4
f 7725/2/4 7726/2/4 7731/2/4
f 7731/2/4 7726/2/4 7732/2/4
f 7727/1/4 7728/1/4 7735/1/4
f 7735/1/4 7728/1/4 7736/1/4
f 7733/1/4 7734/1/4 7737/1/4
f 7737/1/4 7734/1/4 7738/1/4
f 7739/1/4 7740/1/4 7743/1/4
f 7743/1/4 7740/1/4 7744/1/4
f 7741/1/4 7742/1/4 7745/1/4
f 7745/1/4 7742/1/4 7746/1/4
f 7747/1/4 7748/1/4 7752/1/4
f 7752/1/4 7748/1/4 7753/1/4
f 7749/1/4 7750/1/4 7754/1/4
f 7754/1/4 7750/1/4 7755/1/4
f 7751/1/4 7752/1/4 7756/1/4
f 7756/1/4 7752/1/4 7757/1/4
f 7758/1/4 7759/1/4 7760/1/4
f 7760/1/4 7759/1/4 7761/1/4
f 7762/1/4 7763/1/4 7764/1/4
f 7764/1/4 7763/1/4 7765/1/4
f 7766/1/4 7767/1/4 7768/1/4
f 7768/1/4 7767/1/4 7769/1/4
f 7770/1/4 7771/1/4 7772/1/4
f 7772/1/4 7771/1/4 7773/1/4
f 7774/2/4 7775/2/4 7778/2/4
f 7778/2/4 7775/2/4 7779/2/4
f 7776/1/4 7777/1/4 7780/1/4
f 7780/1/4 7777/1/4 7781/1/4
f 7782/2/4 7783/2/4 7786/2/4
f 7786/2/4 7783/2/4 7787/2/4
f 7784/1/4 7785/1/4 7788/1/4
f 7788/1/4 7785/1/4 7789/1/4
f 7790/1/4 7791/1/4 7796/1/4
f 7796/1/4 7791/1/4 7797/1/4
f 7792/1/4 7793/1/4 7798/1/4
f 7798/1/4 7793/1/4 7799/1/4
f 7794/2/4 7795/2/4 7803/2/4
f 7803/2/4 7795/2/4 7804/2/4
f 7800/1/4 7801/1/4 7805/1/4
f 7805/1/4 7801/1/4 7806/1/4
f 7802/1/4 7803/1/4 7807/1/4
f 7807/1/4 7803/1/4 7808/1/4
f 7809/2/4 7810/2/4 7811/2/4
f 7811/2/4 7810/2/4 7812/2/4
f 7812/2/4 7813/2/4 7814/2/4
f 7814/2/4 7813/2/4 7815/2/4
f 7815/1/4 7816/1/4 7817/1/4
f 7817/1/4 7816/1/4 7818/1/4
f 7819/1/4 7820/1/4 7821/1/4
f 7821/1/4 7820/1/4 7822/1/4
f 7823/2/4 7824/2/4 7825/2/4
f 7825/2/4 7824/2/4 7826/2/4
f 7825/1/4 7826/1/4 7827/1/4
f 7827/1/4 7826/1/4 7828/1/4
f 7829/1/4 7830/1/4 7831/1/4
f 7831/1/4 7830/1/4 7832/1/4
f 7833/1/4 7834/1/4 7835/1/4
f 7835/1/4 7834/1/4 7836/1/4
f 7837/1/4 7838/1/4 7840/1/4
f 7840/1/4 7838/1/4 7841/1/4
f 7839/1/4 7840/1/4 7845/1/4
f 7845/1/4 7840/1/4 7846/1/4
f 7842/1/4 7843/1/4 7847/1/4
f 7847/1/4 7843/1/4 7848/1/4
f 7844/2/4 7845/2/4 7849/2/4
f 7849/2/4 7845/2/4 7850/2/4
f 7851/1/4 7852/1/4 7855/1/4
f 7855/1/4 7852/1/4 7856/1/4
f 7853/1/4 7854/1/4 7862/1/4
f 7862/1/4 7854/1/4 7863/1/4
f 7857/2/4 7858/2/4 7864/2/4
f 7858/2/4 7859/2/4 7864/2/4
f 7864/2/4 7859/2/4 7865/2/4
f 7860/1/4 7861/1/4 7866/1/4
f 7866/1/4 7861/1/4 7867/1/4
f 7868/1/4 7869/1/4 7874/1/4
f 7869/2/4 7870/2/4 7875/2/4
f 7874/1/4 7869/1/4 7875/1/4
f 7875/2/4 7870/2/4 7876/2/4
f 7870/1/4 7871/1/4 7877/1/4
f 7876/2/4 7870/2/4 7877/2/4
f 7877/1/4 7871/1/4 7878/1/4
f 7872/1/4 7873/1/4 7882/1/4
f 7882/1/4 7873/1/4 7883/1/4
f 7883/1/4 7873/1/4 7884/1/4
f 7879/1/4 7880/1/4 7885/1/4
f 7885/1/4 7880/1/4 7886/1/4
f 7881/2/4 7882/2/4 7889/2/4
f 7889/2/4 7882/2/4 7890/2/4
f 7887/1/4 7888/1/4 7891/1/4
f 7891/1/4 7888/1/4 7892/1/4
f 7892/2/4 7893/2/4 7894/2/4
f 7894/2/4 7893/2/4 7895/2/4
f 7895/2/4 7896/2/4 7897/2/4
f 7897/2/4 7896/2/4 7898/2/4
f 7898/1/4 7899/1/4 7900/1/4
f 7900/1/4 7899/1/4 7901/1/4
f 7901/1/4 7902/1/4 7903/1/4
f 7903/1/4 7902/1/4 7904/1/4
f 7904/1/4 7905/1/4 7906/1/4
f 7906/1/4 7905/1/4 7907/1/4
f 7908/1/4 7909/1/4 7910/1/4
f 7910/1/4 7909/1/4 7911/1/4
f 7912/1/4 7913/1/4 7914/1/4
f 7914/1/4 7913/1/4 7915/1/4
f 7916/1/4 7917/1/4 7918/1/4
f 7918/1/4 7917/1/4 7919/1/4
f 7920/1/4 7921/1/4 7923/1/4
f 7923/1/4 7921/1/4 7924/1/4
f 7922/1/4 7923/1/4 7926/1/4
f 7926/1/4 7923/1/4 7927/1/4
f 7925/1/4 7926/1/4 7931/1/4
f 7931/1/4 7926/1/4 7932/1/4
f 7928/1/4 7929/1/4 7933/1/4
f 7933/1/4 7929/1/4 7934/1/4
f 7930/1/4 7931/1/4 7937/1/4
f 7937/1/4 7931/1/4 7938/1/4
f 7934/2/4 7935/2/4 7939/2/4
f 7939/2/4 7935/2/4 7940/2/4
f 7936/2/4 7937/2/4 7943/2/4
f 7943/2/4 7937/2/4 7944/2/4
f 7940/1/4 7941/1/4 7945/1/4
f 7945/1/4 7941/1/4 7946/1/4
f 7942/1/4 7943/1/4 7951/1/4
f 7951/1/4 7943/1/4 7952/1/4
f 7947/1/4 7948/1/4 7953/1/4
f 7953/1/4 7948/1/4 7954/1/4
f 7949/1/4 7950/1/4 7958/1/4
f 7958/1/4 7950/1/4 7959/1/4
f 7956/1/4 7957/1/4 7960/1/4
f 7955/1/4 7956/1/4 7960/1/4
f 7960/1/4 7957/1/4 7961/1/4
f 7962/1/4 7963/1/4 7973/1/4
f 7963/2/4 7964/2/4 7974/2/4
f 7973/1/4 7963/1/4 7974/1/4
f 7974/2/4 7964/2/4 7975/2/4
f 7965/1/4 7966/1/4 7976/1/4
f 7966/2/4 7967/2/4 7977/2/4
f 7976/1/4 7966/1/4 7977/1/4
f 7967/1/4 7968/1/4 7978/1/4
f 7977/2/4 7967/2/4 7978/2/4
f 7978/1/4 7968/1/4 7979/1/4
f 7969/1/4 7970/1/4 7981/1/4
f 7981/1/4 7970/1/4 7982/1/4
f 7982/1/4 7970/1/4 7983/1/4
f 7971/1/4 7972/1/4 7984/1/4
f 7984/1/4 7972/1/4 7985/1/4
f 7980/1/4 7981/1/4 7988/1/4
f 7988/1/4 7981/1/4 7989/1/4
f 7986/1/4 7987/1/4 7990/1/4
f 7990/1/4 7987/1/4 7991/1/4
f 7991/1/4 7987/1/4 7992/1/4
f 7992/2/4 7993/2/4 7994/2/4
f 7994/2/4 7993/2/4 7995/2/4
f 7996/1/4 7997/1/4 7998/1/4
f 7998/1/4 7997/1/4 7999/1/4
f 7999/1/4 8000/1/4 8001/1/4
f 8001/1/4 8000/1/4 8002/1/4
f 8003/2/4 8004/2/4 8005/2/4
f 8005/2/4 8004/2/4 8006/2/4
f 8006/2/4 8004/2/4 8007/2/4
f 8006/1/4 8007/1/4 8008/1/4
f 8008/1/4 8007/1/4 8009/1/4
f 8010/1/4 8011/1/4 8012/1/4
f 8012/1/4 8011/1/4 8013/1/4
f 8014/1/4 8015/1/4 8017/1/4
f 8017/1/4 8015/1/4 8018/1/4
f 8016/1/4 8017/1/4 8019/1/4
f 8019/1/4 8017/1/4 8020/1/4
f 8021/2/4 8022/2/4 8025/2/4
f 8025/2/4 8022/2/4 8026/2/4
f 8023/2/4 8024/2/4 8030/2/4
f 8030/2/4 8024/2/4 8031/2/4
f 8026/1/4 8027/1/4 8032/1/4
f 8032/1/4 8027/1/4 8033/1/4
f 8028/1/4 8029/1/4 8039/1/4
f 8029/1/4 8030/1/4 8039/1/4
f 8039/1/4 8030/1/4 8040/1/4
f 8034/1/4 8035/1/4 8041/1/4
f 8035/2/4 8036/2/4 8042/2/4
f 8041/1/4 8035/1/4 8042/1/4
f 8042/2/4 8036/2/4 8043/2/4
f 8037/1/4 8038/1/4 8044/1/4
f 8044/1/4 8038/1/4 8045/1/4
f 8046/2/4 8047/2/4 8051/2/4
f 8047/1/4 8048/1/4 8052/1/4
f 8051/2/4 8047/2/4 8052/2/4
f 8052/1/4 8048/1/4 8053/1/4
f 8049/1/4 8050/1/4 8056/1/4
f 8056/1/4 8050/1/4 8057/1/4
f 8054/1/4 8055/1/4 8058/1/4
f 8058/1/4 8055/1/4 8059/1/4
f 8060/2/4 8061/2/4 8062/2/4
f 8062/2/4 8061/2/4 8063/2/4
f 8063/2/4 8064/2/4 8066/2/4
f 8064/1/4 8065/1/4 8067/1/4
f 8066/2/4 8064/2/4 8067/2/4
f 8067/1/4 8065/1/4 8068/1/4
f 8068/1/4 8069/1/4 8070/1/4
f 8070/1/4 8069/1/4 8071/1/4
f 8071/1/4 8072/1/4 8073/1/4
f 8073/1/4 8072/1/4 8074/1/4
f 8074/1/4 8075/1/4 8076/1/4
f 8076/1/4 8075/1/4 8077/1/4
f 8078/1/4 8079/1/4 8080/1/4
f 8080/1/4 8079/1/4 8081/1/4
f 8080/2/4 8081/2/4 8082/2/4
f 8082/2/4 8081/2/4 8083/2/4
f 8084/1/4 8085/1/4 8086/1/4
f 8086/1/4 8085/1/4 8087/1/4
f 8088/1/4 8089/1/4 8090/1/4
f 8090/1/4 8089/1/4 8091/1/4
f 8092/1/4 8093/1/4 8095/1/4
f 8095/1/4 8093/1/4 8096/1/4
f 8094/1/4 8095/1/4 8100/1/4
f 8100/1/4 8095/1/4 8101/1/4
f 8097/1/4 8098/1/4 8102/1/4
f 8102/1/4 8098/1/4 8103/1/4
f 8099/1/4 8100/1/4 8108/1/4
f 8108/1/4 8100/1/4 8109/1/4
f 8103/1/4 8104/1/4 8110/1/4
f 8104/2/4 8105/2/4 8111/2/4
f 8110/1/4 8104/1/4 8111/1/4
f 8111/2/4 8105/2/4 8112/2/4
f 8106/2/4 8107/2/4 8115/2/4
f 8107/1/4 8108/1/4 8116/1/4
f 8115/2/4 8107/2/4 8116/2/4
f 8116/1/4 8108/1/4 8117/1/4
f 8112/1/4 8113/1/4 8118/1/4
f 8118/1/4 8113/1/4 8119/1/4
f 8114/2/4 8115/2/4 8124/2/4
f 8124/2/4 8115/2/4 8125/2/4
f 8120/1/4 8121/1/4 8126/1/4
f 8126/1/4 8121/1/4 8127/1/4
f 8122/1/4 8123/1/4 8131/1/4
f 8131/1/4 8123/1/4 8132/1/4
f 8129/2/4 8130/2/4 8133/2/4
f 8128/2/4 8129/2/4 8133/2/4
f 8133/2/4 8130/2/4 8134/2/4
f 8135/1/4 8136/1/4 8139/1/4
f 8136/2/4 8137/2/4 8140/2/4
f 8139/1/4 8136/1/4 8140/1/4
f 8137/1/4 8138/1/4 8141/1/4
f 8140/2/4 8137/2/4 8141/2/4
f 8141/1/4 8138/1/4 8142/1/4
f 8142/1/4 8138/1/4 8143/1/4
f 8144/1/4 8145/1/4 8147/1/4
f 8145/2/4 8146/2/4 8148/2/4
f 8147/1/4 8145/1/4 8148/1/4
f 8148/2/4 8146/2/4 8149/2/4
f 8149/2/4 8150/2/4 8151/2/4
f 8151/2/4 8150/2/4 8152/2/4
f 8152/1/4 8153/1/4 8154/1/4
f 8154/1/4 8153/1/4 8155/1/4
f 8155/1/4 8156/1/4 8157/1/4
f 8157/1/4 8156/1/4 8158/1/4
f 8158/1/4 8159/1/4 8160/1/4
f 8160/1/4 8159/1/4 8161/1/4
f 8161/1/4 8162/1/4 8163/1/4
f 8163/1/4 8162/1/4 8164/1/4
f 8165/2/4 8166/2/4 8167/2/4
f 8167/2/4 8166/2/4 8168/2/4
f 8167/1/4 8168/1/4 8169/1/4
f 8169/1/4 8168/1/4 8170/1/4
f 8170/1/4 8168/1/4 8171/1/4
f 8172/1/4 8173/1/4 8175/1/4
f 8175/1/4 8173/1/4 8176/1/4
f 8174/1/4 8175/1/4 8180/1/4
f 8180/1/4 8175/1/4 8181/1/4
f 8177/2/4 8178/2/4 8182/2/4
f 8182/2/4 8178/2/4 8183/2/4
f 8179/1/4 8180/1/4 8187/1/4
f 8187/1/4 8180/1/4 8188/1/4
f 8183/1/4 8184/1/4 8189/1/4
f 8184/2/4 8185/2/4 8190/2/4
f 8189/1/4 8184/1/4 8190/1/4
f 8190/2/4 8185/2/4 8191/2/4
f 8186/1/4 8187/1/4 8194/1/4
f 8194/1/4 8187/1/4 8195/1/4
f 8191/1/4 8192/1/4 8196/1/4
f 8196/1/4 8192/1/4 8197/1/4
f 8193/2/4 8194/2/4 8200/2/4
f 8200/2/4 8194/2/4 8201/2/4
f 8197/1/4 8198/1/4 8202/1/4
f 8202/1/4 8198/1/4 8203/1/4
f 8199/1/4 8200/1/4 8208/1/4
f 8208/1/4 8200/1/4 8209/1/4
f 8204/1/4 8205/1/4 8210/1/4
f 8205/2/4 8206/2/4 8211/2/4
f 8210/1/4 8205/1/4 8211/1/4
f 8206/1/4 8207/1/4 8212/1/4
f 8211/2/4 8206/2/4 8212/2/4
f 8212/1/4 8207/1/4 8213/1/4
f 8214/1/4 8215/1/4 8216/1/4
f 8216/1/4 8215/1/4 8217/1/4
f 8217/1/4 8215/1/4 8218/1/4
f 8218/2/4 8219/2/4 8220/2/4
f 8220/2/4 8219/2/4 8221/2/4
f 8221/2/4 8219/2/4 8222/2/4
f 8222/1/4 8223/1/4 8224/1/4
f 8224/1/4 8223/1/4 8225/1/4
f 8225/1/4 8226/1/4 8227/1/4
f 8227/1/4 8226/1/4 8228/1/4
f 8228/1/4 8226/1/4 8229/1/4
f 8229/1/4 8226/1/4 8230/1/4
f 8230/1/4 8231/1/4 8232/1/4
f 8232/1/4 8231/1/4 8233/1/4
f 8233/1/4 8234/1/4 8235/1/4
f 8235/1/4 8234/1/4 8236/1/4
f 8236/1/4 8237/1/4 8238/1/4
f 8238/1/4 8237/1/4 8239/1/4
f 8238/2/4 8239/2/4 8240/2/4
f 8240/2/4 8239/2/4 8241/2/4
f 8240/1/4 8241/1/4 8242/1/4
f 8242/1/4 8241/1/4 8244/1/4
f 8244/1/4 8241/1/4 8245/1/4
f 8243/1/4 8244/1/4 8249/1/4
f 8249/1/4 8244/1/4 8250/1/4
f 8246/2/4 8247/2/4 8251/2/4
f 8251/2/4 8247/2/4 8252/2/4
f 8248/1/4 8249/1/4 8255/1/4
f 8255/1/4 8249/1/4 8256/1/4
f 8252/1/4 8253/1/4 8257/1/4
f 8254/1/4 8255/1/4 8260/1/4
f 8257/1/4 8258/1/4 8261/1/4
f 8252/1/4 8257/1/4 8261/1/4
f 8261/1/4 8258/1/4 8262/1/4
f 8259/1/4 8260/1/4 8265/1/4
f 8260/1/4 8255/1/4 8266/1/4
f 8265/1/4 8260/1/4 8266/1/4
f 8262/2/4 8263/2/4 8267/2/4
f 8267/2/4 8263/2/4 8268/2/4
f 8264/2/4 8265/2/4 8272/2/4
f 8272/2/4 8265/2/4 8273/2/4
f 8268/1/4 8269/1/4 8274/1/4
f 8274/1/4 8269/1/4 8275/1/4
f 8270/1/4 8271/1/4 8279/1/4
f 8271/1/4 8272/1/4 8279/1/4
f 8279/1/4 8272/1/4 8280/1/4
f 8275/1/4 8276/1/4 8281/1/4
f 8276/2/4 8277/2/4 8282/2/4
f 8281/1/4 8276/1/4 8282/1/4
f 8277/1/4 8278/1/4 8283/1/4
f 8282/2/4 8277/2/4 8283/2/4
f 8278/1/4 8279/1/4 8283/1/4
f 8283/1/4 8279/1/4 8284/1/4
f 8285/2/4 8286/2/4 8289/2/4
f 8286/1/4 8287/1/4 8290/1/4
f 8289/2/4 8286/2/4 8290/2/4
f 8290/1/4 8287/1/4 8291/1/4
f 8287/2/4 8288/2/4 8292/2/4
f 8291/1/4 8287/1/4 8292/1/4
f 8292/2/4 8288/2/4 8293/2/4
f 8293/2/4 8294/2/4 8296/2/4
f 8292/2/4 8293/2/4 8296/2/4
f 8296/2/4 8294/2/4 8297/2/4
f 8294/1/4 8295/1/4 8298/1/4
f 8297/2/4 8294/2/4 8298/2/4
f 8298/1/4 8295/1/4 8299/1/4
f 8299/1/4 8300/1/4 8301/1/4
f 8301/1/4 8300/1/4 8302/1/4
f 8302/1/4 8303/1/4 8304/1/4
f 8304/1/4 8303/1/4 8305/1/4
f 8305/1/4 8306/1/4 8307/1/4
f 8307/1/4 8306/1/4 8308/1/4
f 8308/1/4 8309/1/4 8310/1/4
f 8310/1/4 8309/1/4 8311/1/4
f 8311/1/4 8309/1/4 8312/1/4
f 8312/1/4 8313/1/4 8314/1/4
f 8314/1/4 8313/1/4 8315/1/4
f 8314/2/4 8315/2/4 8316/2/4
f 8316/2/4 8315/2/4 8317/2/4
f 8317/2/4 8315/2/4 8318/2/4
f 8317/1/4 8318/1/4 8322/1/4
f 8322/1/4 8318/1/4 8323/1/4
f 8321/1/4 8322/1/4 8323/1/4
f 8323/1/4 8318/1/4 8324/1/4
f 8319/1/4 8320/1/4 8325/1/4
f 8325/1/4 8320/1/4 8326/1/4
f 8321/1/4 8323/1/4 8329/1/4
f 8326/2/4 8327/2/4 8330/2/4
f 8325/2/4 8326/2/4 8330/2/4
f 8330/2/4 8327/2/4 8331/2/4
f 8331/2/4 8327/2/4 8332/2/4
f 8328/1/4 8329/1/4 8333/1/4
f 8329/1/4 8323/1/4 8333/1/4
f 8333/1/4 8323/1/4 8334/1/4
f 8331/1/4 8332/1/4 8335/1/4
f 8335/1/4 8332/1/4 8336/1/4
f 8328/1/4 8333/1/4 8339/1/4
f 8339/1/4 8333/1/4 8340/1/4
f 8336/1/4 8337/1/4 8341/1/4
f 8341/1/4 8337/1/4 8342/1/4
f 8338/1/4 8339/1/4 8347/1/4
f 8347/1/4 8339/1/4 8348/1/4
f 8342/2/4 8343/2/4 8349/2/4
f 8343/2/4 8344/2/4 8349/2/4
f 8349/2/4 8344/2/4 8350/2/4
f 8350/2/4 8344/2/4 8351/2/4
f 8345/2/4 8346/2/4 8354/2/4
f 8346/1/4 8347/1/4 8355/1/4
f 8354/2/4 8346/2/4 8355/2/4
f 8355/1/4 8347/1/4 8356/1/4
f 8351/1/4 8352/1/4 8357/1/4
f 8350/1/4 8351/1/4 8357/1/4
f 8357/1/4 8352/1/4 8358/1/4
f 8358/1/4 8352/1/4 8359/1/4
f 8353/1/4 8354/1/4 8362/1/4
f 8362/1/4 8354/1/4 8363/1/4
f 8354/2/4 8355/2/4 8364/2/4
f 8363/1/4 8354/1/4 8364/1/4
f 8364/2/4 8355/2/4 8365/2/4
f 8358/1/4 8359/1/4 8366/1/4
f 8359/1/4 8360/1/4 8366/1/4
f 8360/2/4 8361/2/4 8367/2/4
f 8366/1/4 8360/1/4 8367/1/4
f 8362/1/4 8363/1/4 8368/1/4
f 8367/2/4 8361/2/4 8368/2/4
f 8361/1/4 8362/1/4 8368/1/4
f 8368/1/4 8363/1/4 8369/1/4
f 8370/1/4 8371/1/4 8373/1/4
f 8373/1/4 8371/1/4 8374/1/4
f 8374/1/4 8371/1/4 8375/1/4
f 8371/2/4 8372/2/4 8376/2/4
f 8375/1/4 8371/1/4 8379/1/4
f 8376/2/4 8377/2/4 8380/2/4
f 8379/1/4 8371/1/4 8380/1/4
f 8371/2/4 8376/2/4 8380/2/4
f 8380/2/4 8377/2/4 8381/2/4
f 8377/1/4 8378/1/4 8382/1/4
f 8381/2/4 8377/2/4 8382/2/4
f 8382/1/4 8378/1/4 8383/1/4
f 8383/1/4 8384/1/4 8385/1/4
f 8382/1/4 8383/1/4 8385/1/4
f 8385/1/4 8384/1/4 8386/1/4
f 8386/1/4 8384/1/4 8387/1/4
f 8387/1/4 8388/1/4 8389/1/4
f 8386/1/4 8387/1/4 8389/1/4
f 8389/1/4 8388/1/4 8390/1/4
f 8390/1/4 8388/1/4 8391/1/4
f 8390/1/4 8391/1/4 8393/1/4
f 8391/1/4 8392/1/4 8393/1/4
f 8393/1/4 8392/1/4 8394/1/4
f 8394/1/4 8392/1/4 8398/1/4
f 8394/1/4 8398/1/4 8400/1/4
f 8398/1/4 8399/1/4 8400/1/4
f 8400/1/4 8399/1/4 8401/1/4
f 8395/2/4 8396/2/4 8402/2/4
f 8396/1/4 8397/1/4 8403/1/4
f 8402/2/4 8396/2/4 8403/2/4
f 8403/1/4 8397/1/4 8404/1/4
f 8394/1/4 8400/1/4 8405/1/4
f 8400/2/4 8401/2/4 8406/2/4
f 8405/1/4 8400/1/4 8406/1/4
f 8406/2/4 8401/2/4 8407/2/4
f 8407/2/4 8401/2/4 8408/2/4
f 8402/1/4 8403/1/4 8409/1/4
f 8409/1/4 8403/1/4 8410/1/4
f 8407/1/4 8408/1/4 8413/1/4
f 8409/2/4 8410/2/4 8414/2/4
f 8410/1/4 8411/1/4 8415/1/4
f 8414/2/4 8410/2/4 8415/2/4
f 8415/1/4 8411/1/4 8416/1/4
f 8412/1/4 8413/1/4 8417/1/4
f 8413/1/4 8408/1/4 8418/1/4
f 8417/1/4 8413/1/4 8418/1/4
f 8418/1/4 8408/1/4 8419/1/4
f 8415/2/4 8416/2/4 8420/2/4
f 8417/1/4 8418/1/4 8423/1/4
f 8415/2/4 8420/2/4 8424/2/4
f 8420/1/4 8421/1/4 8425/1/4
f 8424/2/4 8420/2/4 8425/2/4
f 8422/1/4 8423/1/4 8426/1/4
f 8423/1/4 8418/1/4 8426/1/4
f 8426/1/4 8418/1/4 8427/1/4
f 8425/1/4 8421/1/4 8428/1/4
f 8422/1/4 8426/1/4 8431/1/4
f 8428/1/4 8429/1/4 8432/1/4
f 8425/1/4 8428/1/4 8432/1/4
f 8432/1/4 8429/1/4 8433/1/4
f 8433/1/4 8429/1/4 8434/1/4
f 8430/1/4 8431/1/4 8439/1/4
f 8431/1/4 8426/1/4 8440/1/4
f 8439/1/4 8431/1/4 8440/1/4
f 8440/1/4 8426/1/4 8441/1/4
f 8433/1/4 8434/1/4 8442/1/4
f 8434/2/4 8435/2/4 8443/2/4
f 8442/1/4 8434/1/4 8443/1/4
f 8435/1/4 8436/1/4 8444/1/4
f 8443/2/4 8435/2/4 8444/2/4
f 8444/1/4 8436/1/4 8445/1/4
f 8437/1/4 8438/1/4 8450/1/4
f 8438/2/4 8439/2/4 8451/2/4
f 8450/1/4 8438/1/4 8451/1/4
f 8439/1/4 8440/1/4 8452/1/4
f 8451/2/4 8439/2/4 8452/2/4
f 8452/1/4 8440/1/4 8453/1/4
f 8444/1/4 8445/1/4 8454/1/4
f 8445/1/4 8446/1/4 8454/1/4
f 8454/1/4 8446/1/4 8455/1/4
f 8455/1/4 8446/1/4 8456/1/4
f 8447/1/4 8448/1/4 8457/1/4
f 8448/2/4 8449/2/4 8458/2/4
f 8457/1/4 8448/1/4 8458/1/4
f 8449/1/4 8450/1/4 8459/1/4
f 8458/2/4 8449/2/4 8459/2/4
f 8450/1/4 8451/1/4 8459/1/4
f 8459/1/4 8451/1/4 8460/1/4
f 8456/1/4 8457/1/4 8461/1/4
f 8455/1/4 8456/1/4 8461/1/4
f 8457/2/4 8458/2/4 8462/2/4
f 8461/1/4 8457/1/4 8462/1/4
f 8458/1/4 8459/1/4 8463/1/4
f 8462/2/4 8458/2/4 8463/2/4
f 8463/1/4 8459/1/4 8464/1/4
f 8465/1/4 8466/1/4 8467/1/4
f 8465/1/4 8467/1/4 8470/1/4
f 8470/1/4 8467/1/4 8471/1/4
f 8467/2/4 8468/2/4 8472/2/4
f 8471/1/4 8467/1/4 8472/1/4
f 8472/2/4 8468/2/4 8473/2/4
f 8468/1/4 8469/1/4 8474/1/4
f 8473/2/4 8468/2/4 8474/2/4
f 8474/1/4 8469/1/4 8475/1/4
f 8475/1/4 8476/1/4 8477/1/4
f 8474/1/4 8475/1/4 8477/1/4
f 8473/1/4 8474/1/4 8477/1/4
f 8477/1/4 8476/1/4 8478/1/4
f 8478/1/4 8476/1/4 8479/1/4
f 8479/1/4 8480/1/4 8481/1/4
f 8478/1/4 8479/1/4 8481/1/4
f 8481/1/4 8480/1/4 8482/1/4
f 8482/1/4 8480/1/4 8483/1/4
f 8483/1/4 8480/1/4 8484/1/4
f 8484/1/4 8480/1/4 8485/1/4
f 8487/1/4 8488/1/4 8489/1/4
f 8489/1/4 8488/1/4 8490/1/4
f 8485/1/4 8486/1/4 8491/1/4
f 8484/1/4 8485/1/4 8491/1/4
f 8491/1/4 8486/1/4 8492/1/4
f 8487/1/4 8489/1/4 8494/1/4
f 8492/1/4 8486/1/4 8495/1/4
f 8493/1/4 8494/1/4 8497/1/4
f 8494/1/4 8489/1/4 8498/1/4
f 8497/1/4 8494/1/4 8498/1/4
f 8498/1/4 8489/1/4 8499/1/4
f 8492/1/4 8495/1/4 8500/1/4
f 8495/2/4 8496/2/4 8501/2/4
f 8500/1/4 8495/1/4 8501/1/4
f 8501/2/4 8496/2/4 8502/2/4
f 8498/2/4 8499/2/4 8503/2/4
f 8500/2/4 8501/2/4 8506/2/4
f 8506/2/4 8501/2/4 8507/2/4
f 8505/2/4 8506/2/4 8507/2/4
f 8507/2/4 8501/2/4 8508/2/4
f 8498/2/4 8503/2/4 8509/2/4
f 8503/1/4 8504/1/4 8510/1/4
f 8509/2/4 8503/2/4 8510/2/4
f 8510/1/4 8504/1/4 8511/1/4
f 8505/2/4 8507/2/4 8514/2/4
f 8507/1/4 8508/1/4 8515/1/4
f 8514/2/4 8507/2/4 8515/2/4
f 8515/1/4 8508/1/4 8516/1/4
f 8511/1/4 8512/1/4 8517/1/4
f 8510/1/4 8511/1/4 8517/1/4
f 8513/2/4 8514/2/4 8520/2/4
f 8510/1/4 8517/1/4 8521/1/4
f 8521/1/4 8517/1/4 8522/1/4
f 8517/2/4 8518/2/4 8523/2/4
f 8522/1/4 8517/1/4 8523/1/4
f 8523/2/4 8518/2/4 8524/2/4
f 8519/2/4 8520/2/4 8528/2/4
f 8514/1/4 8515/1/4 8529/1/4
f 8520/2/4 8514/2/4 8529/2/4
f 8528/2/4 8520/2/4 8529/2/4
f 8529/1/4 8515/1/4 8530/1/4
f 8522/2/4 8523/2/4 8531/2/4
f 8523/2/4 8524/2/4 8531/2/4
f 8524/1/4 8525/1/4 8532/1/4
f 8531/2/4 8524/2/4 8532/2/4
f 8532/1/4 8525/1/4 8533/1/4
f 8526/1/4 8527/1/4 8534/1/4
f 8527/2/4 8528/2/4 8535/2/4
f 8528/2/4 8529/2/4 8535/2/4
f 8534/1/4 8527/1/4 8535/1/4
f 8535/2/4 8529/2/4 8536/2/4
f 8536/2/4 8529/2/4 8537/2/4
f 8533/1/4 8534/1/4 8538/1/4
f 8532/1/4 8533/1/4 8538/1/4
f 8538/1/4 8534/1/4 8539/1/4
f 8539/1/4 8534/1/4 8540/1/4
f 8535/2/4 8536/2/4 8541/2/4
f 8540/1/4 8534/1/4 8541/1/4
f 8534/2/4 8535/2/4 8541/2/4
f 8541/2/4 8536/2/4 8542/2/4
f 8539/1/4 8540/1/4 8543/1/4
f 8543/1/4 8540/1/4 8544/1/4
f 8545/1/4 8546/1/4 8551/1/4
f 8546/2/4 8547/2/4 8552/2/4
f 8551/1/4 8546/1/4 8552/1/4
f 8547/1/4 8548/1/4 8553/1/4
f 8552/2/4 8547/2/4 8553/2/4
f 8553/1/4 8548/1/4 8554/1/4
f 8549/1/4 8550/1/4 8555/1/4
f 8555/1/4 8550/1/4 8556/1/4
f 8556/1/4 8550/1/4 8557/1/4
f 8555/2/4 8556/2/4 8565/2/4
f 8557/1/4 8558/1/4 8566/1/4
f 8565/2/4 8556/2/4 8566/2/4
f 8556/1/4 8557/1/4 8566/1/4
f 8566/1/4 8558/1/4 8567/1/4
f 8567/1/4 8558/1/4 8568/1/4
f 8559/1/4 8560/1/4 8570/1/4
f 8560/2/4 8561/2/4 8571/2/4
f 8570/1/4 8560/1/4 8571/1/4
f 8571/2/4 8561/2/4 8572/2/4
f 8562/1/4 8563/1/4 8574/1/4
f 8563/2/4 8564/2/4 8575/2/4
f 8574/1/4 8563/1/4 8575/1/4
f 8575/2/4 8564/2/4 8576/2/4
f 8565/1/4 8566/1/4 8577/1/4
f 8566/2/4 8567/2/4 8578/2/4
f 8577/1/4 8566/1/4 8578/1/4
f 8578/2/4 8567/2/4 8579/2/4
f 8569/1/4 8570/1/4 8581/1/4
f 8572/1/4 8573/1/4 8582/1/4
f 8571/1/4 8572/1/4 8582/1/4
f 8580/1/4 8581/1/4 8585/1/4
f 8581/1/4 8570/1/4 8586/1/4
f 8585/1/4 8581/1/4 8586/1/4
f 8570/2/4 8571/2/4 8587/2/4
f 8586/1/4 8570/1/4 8587/1/4
f 8582/1/4 8583/1/4 8588/1/4
f 8587/2/4 8571/2/4 8588/2/4
f 8571/1/4 8582/1/4 8588/1/4
f 8588/1/4 8583/1/4 8589/1/4
f 8589/1/4 8583/1/4 8590/1/4
f 8584/2/4 8585/2/4 8593/2/4
f 8585/1/4 8586/1/4 8594/1/4
f 8593/2/4 8585/2/4 8594/2/4
f 8594/1/4 8586/1/4 8595/1/4
f 8595/1/4 8586/1/4 8596/1/4
f 8590/1/4 8591/1/4 8597/1/4
f 8589/1/4 8590/1/4 8597/1/4
f 8597/1/4 8591/1/4 8598/1/4
f 8592/2/4 8593/2/4 8607/2/4
f 8594/1/4 8595/1/4 8608/1/4
f 8593/1/4 8594/1/4 8608/1/4
f 8608/1/4 8595/1/4 8609/1/4
f 8598/1/4 8591/1/4 8610/1/4
f 8610/1/4 8591/1/4 8611/1/4
f 8611/1/4 8591/1/4 8612/1/4
f 8599/1/4 8600/1/4 8614/1/4
f 8600/2/4 8601/2/4 8614/2/4
f 8601/1/4 8602/1/4 8615/1/4
f 8614/2/4 8601/2/4 8615/2/4
f 8615/1/4 8602/1/4 8616/1/4
f 8616/1/4 8602/1/4 8617/1/4
f 8603/2/4 8604/2/4 8618/2/4
f 8604/1/4 8605/1/4 8619/1/4
f 8618/2/4 8604/2/4 8619/2/4
f 8619/1/4 8605/1/4 8620/1/4
f 8606/2/4 8607/2/4 8622/2/4
f 8607/2/4 8593/2/4 8622/2/4
f 8593/1/4 8608/1/4 8623/1/4
f 8622/2/4 8593/2/4 8623/2/4
f 8599/1/4 8614/1/4 8624/1/4
f 8614/1/4 8615/1/4 8624/1/4
f 8615/2/4 8616/2/4 8625/2/4
f 8624/1/4 8615/1/4 8625/1/4
f 8625/2/4 8616/2/4 8626/2/4
f 8618/1/4 8619/1/4 8629/1/4
f 8619/2/4 8620/2/4 8630/2/4
f 8629/1/4 8619/1/4 8630/1/4
f 8620/1/4 8621/1/4 8631/1/4
f 8630/2/4 8620/2/4 8631/2/4
f 8631/1/4 8621/1/4 8632/1/4
f 8627/1/4 8628/1/4 8634/1/4
f 8634/1/4 8628/1/4 8635/1/4
f 8629/2/4 8630/2/4 8636/2/4
f 8630/1/4 8631/1/4 8637/1/4
f 8636/2/4 8630/2/4 8637/2/4
f 8631/2/4 8632/2/4 8638/2/4
f 8637/1/4 8631/1/4 8638/1/4
f 8638/2/4 8632/2/4 8639/2/4
f 8612/1/4 8613/1/4 8640/1/4
f 8611/1/4 8612/1/4 8640/1/4
f 8640/1/4 8613/1/4 8641/1/4
f 8633/1/4 8634/1/4 8642/1/4
f 8634/2/4 8635/2/4 8643/2/4
f 8642/1/4 8634/1/4 8643/1/4
f 8643/2/4 8635/2/4 8644/2/4
f 8636/1/4 8637/1/4 8645/1/4
f 8637/2/4 8638/2/4 8646/2/4
f 8645/1/4 8637/1/4 8646/1/4
f 8646/2/4 8638/2/4 8647/2/4
f 8606/2/4 8622/2/4 8648/2/4
f 8622/1/4 8623/1/4 8649/1/4
f 8648/2/4 8622/2/4 8649/2/4
f 8623/1/4 8608/1/4 8650/1/4
f 8649/1/4 8623/1/4 8650/1/4
f 8611/1/4 8640/1/4 8653/1/4
f 8653/1/4 8640/1/4 8654/1/4
f 8640/2/4 8641/2/4 8655/2/4
f 8654/1/4 8640/1/4 8655/1/4
f 8655/2/4 8641/2/4 8656/2/4
f 8650/2/4 8651/2/4 8657/2/4
f 8653/1/4 8654/1/4 8660/1/4
f 8652/1/4 8653/1/4 8660/1/4
f 8649/1/4 8650/1/4 8661/1/4
f 8661/1/4 8650/1/4 8662/1/4
f 8650/2/4 8657/2/4 8663/2/4
f 8662/1/4 8650/1/4 8663/1/4
f 8657/1/4 8658/1/4 8664/1/4
f 8659/1/4 8660/1/4 8665/1/4
f 8660/1/4 8654/1/4 8666/1/4
f 8665/1/4 8660/1/4 8666/1/4
f 8654/2/4 8655/2/4 8667/2/4
f 8666/1/4 8654/1/4 8667/1/4
f 8667/2/4 8655/2/4 8668/2/4
f 8662/2/4 8663/2/4 8675/2/4
f 8663/2/4 8657/2/4 8676/2/4
f 8675/2/4 8663/2/4 8676/2/4
f 8665/1/4 8666/1/4 8677/1/4
f 8676/2/4 8657/2/4 8677/2/4
f 8657/1/4 8664/1/4 8677/1/4
f 8664/1/4 8665/1/4 8677/1/4
f 8677/1/4 8666/1/4 8678/1/4
f 8666/2/4 8667/2/4 8679/2/4
f 8678/1/4 8666/1/4 8679/1/4
f 8679/2/4 8667/2/4 8680/2/4
f 8669/1/4 8670/1/4 8681/1/4
f 8670/2/4 8671/2/4 8682/2/4
f 8681/1/4 8670/1/4 8682/1/4
f 8671/1/4 8672/1/4 8683/1/4
f 8682/2/4 8671/2/4 8683/2/4
f 8683/1/4 8672/1/4 8684/1/4
f 8673/1/4 8674/1/4 8685/1/4
f 8685/1/4 8674/1/4 8686/1/4
f 8686/1/4 8674/1/4 8687/1/4
f 8677/1/4 8678/1/4 8689/1/4
f 8676/1/4 8677/1/4 8689/1/4
f 8689/1/4 8678/1/4 8690/1/4
f 8690/1/4 8678/1/4 8691/1/4
f 8678/2/4 8679/2/4 8692/2/4
f 8691/1/4 8678/1/4 8692/1/4
f 8692/2/4 8679/2/4 8693/2/4
f 8685/2/4 8686/2/4 8697/2/4
f 8687/1/4 8688/1/4 8698/1/4
f 8697/2/4 8686/2/4 8698/2/4
f 8686/1/4 8687/1/4 8698/1/4
f 8698/1/4 8688/1/4 8699/1/4
f 8699/1/4 8688/1/4 8700/1/4
f 8690/1/4 8691/1/4 8701/1/4
f 8701/1/4 8691/1/4 8702/1/4
f 8694/1/4 8695/1/4 8703/1/4
f 8695/2/4 8696/2/4 8704/2/4
f 8703/1/4 8695/1/4 8704/1/4
f 8704/2/4 8696/2/4 8705/2/4
f 8697/1/4 8698/1/4 8706/1/4
f 8698/2/4 8699/2/4 8707/2/4
f 8706/1/4 8698/1/4 8707/1/4
f 8707/2/4 8699/2/4 8708/2/4
f 8709/2/4 8710/2/4 8713/2/4
f 8713/2/4 8710/2/4 8714/2/4
f 8710/1/4 8711/1/4 8715/1/4
f 8714/2/4 8710/2/4 8715/2/4
f 8715/1/4 8711/1/4 8716/1/4
f 8712/1/4 8713/1/4 8719/1/4
f 8716/1/4 8717/1/4 8720/1/4
f 8714/1/4 8715/1/4 8720/1/4
f 8715/1/4 8716/1/4 8720/1/4
f 8718/1/4 8719/1/4 8722/1/4
f 8719/1/4 8713/1/4 8722/1/4
f 8713/2/4 8714/2/4 8723/2/4
f 8722/1/4 8713/1/4 8723/1/4
f 8720/1/4 8721/1/4 8724/1/4
f 8723/2/4 8714/2/4 8724/2/4
f 8714/1/4 8720/1/4 8724/1/4
f 8718/1/4 8722/1/4 8725/1/4
f 8722/2/4 8723/2/4 8726/2/4
f 8725/1/4 8722/1/4 8726/1/4
f 8724/1/4 8721/1/4 8727/1/4
f 8723/1/4 8724/1/4 8727/1/4
f 8727/1/4 8721/1/4 8728/1/4
f 8726/2/4 8723/2/4 8729/2/4
f 8723/1/4 8727/1/4 8730/1/4
f 8729/2/4 8723/2/4 8730/2/4
f 8730/1/4 8727/1/4 8731/1/4
f 8731/1/4 8727/1/4 8732/1/4
f 8730/1/4 8731/1/4 8733/1/4
f 8733/1/4 8731/1/4 8734/1/4
f 8747/1/5 8736/1/5 8735/1/5
f 8748/1/5 8736/1/5 8747/1/5
f 8749/1/5 8738/1/5 8737/1/5
f 8750/1/5 8738/1/5 8749/1/5
f 8751/1/5 8740/1/5 8739/1/5
f 8752/1/5 8740/1/5 8751/1/5
f 8753/1/5 8742/1/5 8741/1/5
f 8754/1/5 8742/1/5 8753/1/5
f 8755/1/5 8744/1/5 8743/1/5
f 8756/1/5 8744/1/5 8755/1/5
f 8757/1/5 8746/1/5 8745/1/5
f 8758/1/5 8746/1/5 8757/1/5
f 8762/1/5 8760/1/5 8759/1/5
f 8763/2/5 8761/2/5 8760/2/5
f 8763/1/5 8760/1/5 8762/1/5
f 8764/2/5 8761/2/5 8763/2/5
f 8768/1/5 8766/1/5 8765/1/5
f 8769/2/5 8767/2/5 8766/2/5
f 8769/1/5 8766/1/5 8768/1/5
f 8770/2/5 8767/2/5 8769/2/5
f 8773/1/5 8772/1/5 8771/1/5
f 8774/1/5 8772/1/5 8773/1/5
f 8788/1/5 8776/1/5 8775/1/5
f 8789/2/5 8777/2/5 8776/2/5
f 8789/1/5 8776/1/5 8788/1/5
f 8790/1/5 8778/1/5 8777/1/5
f 8790/2/5 8777/2/5 8789/2/5
f 8791/1/5 8778/1/5 8790/1/5
f 8792/2/5 8780/2/5 8779/2/5
f 8793/1/5 8781/1/5 8780/1/5
f 8793/2/5 8780/2/5 8792/2/5
f 8794/2/5 8782/2/5 8781/2/5
f 8794/1/5 8781/1/5 8793/1/5
f 8795/1/5 8783/1/5 8782/1/5
f 8795/2/5 8782/2/5 8794/2/5
f 8796/1/5 8783/1/5 8795/1/5
f 8797/1/5 8785/1/5 8784/1/5
f 8798/2/5 8786/2/5 8785/2/5
f 8798/1/5 8785/1/5 8797/1/5
f 8799/1/5 8787/1/5 8786/1/5
f 8799/2/5 8786/2/5 8798/2/5
f 8800/1/5 8787/1/5 8799/1/5
f 8803/1/5 8802/1/5 8801/1/5
f 8804/1/5 8802/1/5 8803/1/5
f 8807/1/5 8806/1/5 8805/1/5
f 8808/1/5 8806/1/5 8807/1/5
f 8811/1/5 8810/1/5 8809/1/5
f 8812/1/5 8810/1/5 8811/1/5
f 8815/1/5 8814/1/5 8813/1/5
f 8816/1/5 8814/1/5 8815/1/5
f 8819/1/5 8818/1/5 8817/1/5
f 8820/1/5 8818/1/5 8819/1/5
f 8823/1/5 8822/1/5 8821/1/5
f 8824/1/5 8822/1/5 8823/1/5
f 8825/2/5 8824/2/5 8823/2/5
f 8826/2/5 8824/2/5 8825/2/5
f 8829/1/5 8828/1/5 8827/1/5
f 8830/1/5 8828/1/5 8829/1/5
f 8833/1/5 8832/1/5 8831/1/5
f 8834/1/5 8832/1/5 8833/1/5
f 8838/2/5 8836/2/5 8835/2/5
f 8839/1/5 8837/1/5 8836/1/5
f 8839/2/5 8836/2/5 8838/2/5
f 8840/1/5 8837/1/5 8839/1/5
f 8843/1/5 8842/1/5 8841/1/5
f 8844/1/5 8842/1/5 8843/1/5
f 8847/1/5 8846/1/5 8845/1/5
f 8848/1/5 8846/1/5 8847/1/5
f 8851/1/5 8850/1/5 8849/1/5
f 8852/1/5 8850/1/5 8851/1/5
f 8855/1/5 8854/1/5 8853/1/5
f 8856/1/5 8854/1/5 8855/1/5
f 8859/1/5 8858/1/5 8857/1/5
f 8860/1/5 8858/1/5 8859/1/5
f 8863/1/5 8862/1/5 8861/1/5
f 8864/1/5 8862/1/5 8863/1/5
f 8867/2/5 8866/2/5 8865/2/5
f 8868/2/5 8866/2/5 8867/2/5
f 8871/2/5 8870/2/5 8869/2/5
f 8872/2/5 8870/2/5 8871/2/5
f 8875/1/5 8874/1/5 8873/1/5
f 8876/1/5 8874/1/5 8875/1/5
f 8877/2/5 8876/2/5 8875/2/5
f 8878/2/5 8876/2/5 8877/2/5
f 8881/2/5 8880/2/5 8879/2/5
f 8882/2/5 8880/2/5 8881/2/5
f 8885/1/5 8884/1/5 8883/1/5
f 8886/1/5 8884/1/5 8885/1/5
f 8890/1/5 8888/1/5 8887/1/5
f 8891/1/5 8888/1/5 8890/1/5
f 8895/1/5 8890/1/5 8889/1/5
f 8896/1/5 8890/1/5 8895/1/5
f 8897/1/5 8892/1/5 8891/1/5
f 8898/2/5 8893/2/5 8892/2/5
f 8898/1/5 8892/1/5 8897/1/5
f 8899/2/5 8893/2/5 8898/2/5
f 8902/1/5 8895/1/5 8894/1/5
f 8903/1/5 8895/1/5 8902/1/5
f 8904/2/5 8900/2/5 8899/2/5
f 8905/2/5 8900/2/5 8904/2/5
f 8908/1/5 8902/1/5 8901/1/5
f 8909/1/5 8902/1/5 8908/1/5
f 8910/2/5 8906/2/5 8905/2/5
f 8911/2/5 8906/2/5 8910/2/5
f 8914/1/5 8908/1/5 8907/1/5
f 8915/1/5 8908/1/5 8914/1/5
f 8916/1/5 8912/1/5 8911/1/5
f 8917/1/5 8912/1/5 8916/1/5
f 8920/1/5 8914/1/5 8913/1/5
f 8921/1/5 8914/1/5 8920/1/5
f 8922/1/5 8918/1/5 8917/1/5
f 8923/1/5 8918/1/5 8922/1/5
f 8925/1/5 8920/1/5 8919/1/5
f 8926/1/5 8920/1/5 8925/1/5
f 8928/2/5 8926/2/5 8925/2/5
f 8929/2/5 8926/2/5 8928/2/5
f 8930/1/5 8924/1/5 8923/1/5
f 8931/1/5 8924/1/5 8930/1/5
f 8933/2/5 8928/2/5 8927/2/5
f 8934/2/5 8928/2/5 8933/2/5
f 8935/1/5 8934/1/5 8933/1/5
f 8936/1/5 8934/1/5 8935/1/5
f 8939/1/5 8932/1/5 8931/1/5
f 8940/1/5 8932/1/5 8939/1/5
f 8941/1/5 8937/1/5 8936/1/5
f 8942/1/5 8937/1/5 8941/1/5
f 8944/1/5 8939/1/5 8938/1/5
f 8945/1/5 8939/1/5 8944/1/5
f 8947/1/5 8944/1/5 8943/1/5
f 8948/1/5 8944/1/5 8947/1/5
f 8950/1/5 8947/1/5 8946/1/5
f 8951/1/5 8947/1/5 8950/1/5
f 8953/2/5 8950/2/5 8949/2/5
f 8954/2/5 8950/2/5 8953/2/5
f 8957/2/5 8953/2/5 8952/2/5
f 8958/2/5 8953/2/5 8957/2/5
f 8962/1/5 8956/1/5 8955/1/5
f 8963/2/5 8957/2/5 8956/2/5
f 8963/1/5 8956/1/5 8962/1/5
f 8964/2/5 8957/2/5 8963/2/5
f 8965/2/5 8960/2/5 8959/2/5
f 8966/1/5 8961/1/5 8960/1/5
f 8966/2/5 8960/2/5 8965/2/5
f 8967/2/5 8962/2/5 8961/2/5
f 8967/1/5 8961/1/5 8966/1/5
f 8968/2/5 8962/2/5 8967/2/5
f 8973/1/5 8970/1/5 8969/1/5
f 8974/1/5 8970/1/5 8973/1/5
f 8979/1/5 8972/1/5 8971/1/5
f 8980/1/5 8972/1/5 8979/1/5
f 8981/1/5 8976/1/5 8975/1/5
f 8982/1/5 8976/1/5 8981/1/5
f 8986/1/5 8978/1/5 8977/1/5
f 8987/1/5 8978/1/5 8986/1/5
f 8988/1/5 8984/1/5 8983/1/5
f 8989/1/5 8984/1/5 8988/1/5
f 8993/1/5 8986/1/5 8985/1/5
f 8994/1/5 8986/1/5 8993/1/5
f 8995/1/5 8990/1/5 8989/1/5
f 8996/2/5 8991/2/5 8990/2/5
f 8996/1/5 8990/1/5 8995/1/5
f 8997/2/5 8991/2/5 8996/2/5
f 9000/1/5 8993/1/5 8992/1/5
f 9001/1/5 8993/1/5 9000/1/5
f 9002/2/5 8998/2/5 8997/2/5
f 9003/2/5 8998/2/5 9002/2/5
f 9005/2/5 9004/2/5 9003/2/5
f 9006/2/5 9004/2/5 9005/2/5
f 9008/1/5 9000/1/5 8999/1/5
f 9009/1/5 9000/1/5 9008/1/5
f 9010/2/5 9008/2/5 9007/2/5
f 9011/2/5 9008/2/5 9010/2/5
f 9014/2/5 9013/2/5 9012/2/5
f 9015/2/5 9013/2/5 9014/2/5
f 9018/1/5 9015/1/5 9014/1/5
f 9019/1/5 9015/1/5 9018/1/5
f 9020/1/5 9017/1/5 9016/1/5
f 9021/1/5 9017/1/5 9020/1/5
f 9026/1/5 9023/1/5 9022/1/5
f 9027/1/5 9023/1/5 9026/1/5
f 9028/2/5 9025/2/5 9024/2/5
f 9029/2/5 9025/2/5 9028/2/5
f 9034/1/5 9033/1/5 9032/1/5
f 9035/1/5 9033/1/5 9034/1/5
f 9036/1/5 9031/1/5 9030/1/5
f 9037/1/5 9031/1/5 9036/1/5
f 9038/2/5 9035/2/5 9034/2/5
f 9039/2/5 9035/2/5 9038/2/5
f 9043/2/5 9041/2/5 9040/2/5
f 9044/2/5 9041/2/5 9043/2/5
f 9046/1/5 9043/1/5 9042/1/5
f 9047/1/5 9043/1/5 9046/1/5
f 9049/1/5 9046/1/5 9045/1/5
f 9050/1/5 9046/1/5 9049/1/5
f 9052/1/5 9049/1/5 9048/1/5
f 9053/1/5 9049/1/5 9052/1/5
f 9056/1/5 9052/1/5 9051/1/5
f 9057/1/5 9052/1/5 9056/1/5
f 9060/2/5 9055/2/5 9054/2/5
f 9061/2/5 9055/2/5 9060/2/5
f 9062/1/5 9059/1/5 9058/1/5
f 9063/1/5 9059/1/5 9062/1/5
f 9070/1/5 9065/1/5 9064/1/5
f 9071/1/5 9065/1/5 9070/1/5
f 9072/1/5 9067/1/5 9066/1/5
f 9073/1/5 9067/1/5 9072/1/5
f 9077/1/5 9069/1/5 9068/1/5
f 9078/1/5 9069/1/5 9077/1/5
f 9079/1/5 9075/1/5 9074/1/5
f 9080/1/5 9075/1/5 9079/1/5
f 9082/1/5 9077/1/5 9076/1/5
f 9083/1/5 9077/1/5 9082/1/5
f 9084/1/5 9081/1/5 9080/1/5
f 9085/1/5 9081/1/5 9084/1/5
f 9089/2/5 9087/2/5 9086/2/5
f 9090/2/5 9087/2/5 9089/2/5
f 9091/2/5 9089/2/5 9088/2/5
f 9092/2/5 9089/2/5 9091/2/5
f 9093/1/5 9092/1/5 9091/1/5
f 9094/1/5 9092/1/5 9093/1/5
f 9099/1/5 9096/1/5 9095/1/5
f 9100/1/5 9096/1/5 9099/1/5
f 9101/1/5 9098/1/5 9097/1/5
f 9102/1/5 9098/1/5 9101/1/5
f 9107/1/5 9104/1/5 9103/1/5
f 9108/1/5 9104/1/5 9107/1/5
f 9109/1/5 9106/1/5 9105/1/5
f 9110/1/5 9106/1/5 9109/1/5
f 9115/1/5 9112/1/5 9111/1/5
f 9116/1/5 9112/1/5 9115/1/5
f 9117/1/5 9114/1/5 9113/1/5
f 9119/1/5 9114/1/5 9117/1/5
f 9120/1/5 9114/1/5 9119/1/5
f 9121/2/5 9119/2/5 9118/2/5
f 9122/2/5 9119/2/5 9121/2/5
f 9127/1/5 9124/1/5 9123/1/5
f 9128/1/5 9124/1/5 9127/1/5
f 9134/1/5 9126/1/5 9125/1/5
f 9134/1/5 9127/1/5 9126/1/5
f 9135/1/5 9127/1/5 9134/1/5
f 9136/1/5 9130/1/5 9129/1/5
f 9137/1/5 9130/1/5 9136/1/5
f 9138/2/5 9133/2/5 9132/2/5
f 9138/2/5 9132/2/5 9131/2/5
f 9139/2/5 9133/2/5 9138/2/5
f 9144/1/5 9141/1/5 9140/1/5
f 9145/1/5 9141/1/5 9144/1/5
f 9150/1/5 9143/1/5 9142/1/5
f 9151/1/5 9143/1/5 9150/1/5
f 9152/1/5 9147/1/5 9146/1/5
f 9153/1/5 9147/1/5 9152/1/5
f 9157/1/5 9149/1/5 9148/1/5
f 9158/1/5 9149/1/5 9157/1/5
f 9159/1/5 9155/1/5 9154/1/5
f 9160/1/5 9155/1/5 9159/1/5
f 9163/1/5 9157/1/5 9156/1/5
f 9164/1/5 9157/1/5 9163/1/5
f 9165/1/5 9161/1/5 9160/1/5
f 9166/1/5 9161/1/5 9165/1/5
f 9169/1/5 9163/1/5 9162/1/5
f 9170/1/5 9163/1/5 9169/1/5
f 9171/1/5 9167/1/5 9166/1/5
f 9172/1/5 9167/1/5 9171/1/5
f 9175/2/5 9169/2/5 9168/2/5
f 9176/2/5 9169/2/5 9175/2/5
f 9177/1/5 9173/1/5 9172/1/5
f 9178/1/5 9173/1/5 9177/1/5
f 9180/2/5 9175/2/5 9174/2/5
f 9181/2/5 9175/2/5 9180/2/5
f 9182/1/5 9180/1/5 9179/1/5
f 9183/1/5 9180/1/5 9182/1/5
f 9188/1/5 9185/1/5 9184/1/5
f 9189/1/5 9185/1/5 9188/1/5
f 9190/2/5 9187/2/5 9186/2/5
f 9191/2/5 9187/2/5 9190/2/5
f 9196/1/5 9193/1/5 9192/1/5
f 9197/1/5 9193/1/5 9196/1/5
f 9198/2/5 9195/2/5 9194/2/5
f 9199/2/5 9195/2/5 9198/2/5
f 9204/2/5 9201/2/5 9200/2/5
f 9205/2/5 9201/2/5 9204/2/5
f 9207/1/5 9203/1/5 9202/1/5
f 9208/1/5 9203/1/5 9207/1/5
f 9209/2/5 9206/2/5 9205/2/5
f 9210/2/5 9206/2/5 9209/2/5
f 9214/1/5 9212/1/5 9211/1/5
f 9215/1/5 9212/1/5 9214/1/5
f 9217/1/5 9214/1/5 9213/1/5
f 9218/1/5 9214/1/5 9217/1/5
f 9220/1/5 9217/1/5 9216/1/5
f 9221/1/5 9217/1/5 9220/1/5
f 9223/2/5 9220/2/5 9219/2/5
f 9224/2/5 9220/2/5 9223/2/5
f 9226/2/5 9223/2/5 9222/2/5
f 9227/2/5 9223/2/5 9226/2/5
f 9230/1/5 9226/1/5 9225/1/5
f 9231/1/5 9226/1/5 9230/1/5
f 9235/1/5 9229/1/5 9228/1/5
f 9236/1/5 9229/1/5 9235/1/5
f 9237/2/5 9234/2/5 9233/2/5
f 9237/2/5 9233/2/5 9232/2/5
f 9238/2/5 9234/2/5 9237/2/5
f 9245/1/5 9240/1/5 9239/1/5
f 9246/1/5 9240/1/5 9245/1/5
f 9247/1/5 9242/1/5 9241/1/5
f 9248/1/5 9242/1/5 9247/1/5
f 9251/1/5 9244/1/5 9243/1/5
f 9252/1/5 9244/1/5 9251/1/5
f 9253/1/5 9250/1/5 9249/1/5
f 9254/1/5 9250/1/5 9253/1/5
f 9260/1/5 9256/1/5 9255/1/5
f 9261/1/5 9256/1/5 9260/1/5
f 9262/1/5 9258/1/5 9257/1/5
f 9263/1/5 9258/1/5 9262/1/5
f 9266/2/5 9260/2/5 9259/2/5
f 9267/2/5 9260/2/5 9266/2/5
f 9268/1/5 9264/1/5 9263/1/5
f 9269/1/5 9264/1/5 9268/1/5
f 9271/2/5 9266/2/5 9265/2/5
f 9272/2/5 9266/2/5 9271/2/5
f 9273/1/5 9270/1/5 9269/1/5
f 9274/1/5 9270/1/5 9273/1/5
f 9275/1/5 9270/1/5 9274/1/5
f 9278/1/5 9277/1/5 9276/1/5
f 9279/1/5 9277/1/5 9278/1/5
f 9284/1/5 9281/1/5 9280/1/5
f 9285/1/5 9281/1/5 9284/1/5
f 9286/2/5 9283/2/5 9282/2/5
f 9287/2/5 9283/2/5 9286/2/5
f 9292/1/5 9289/1/5 9288/1/5
f 9293/1/5 9289/1/5 9292/1/5
f 9294/2/5 9293/2/5 9292/2/5
f 9295/2/5 9293/2/5 9294/2/5
f 9296/2/5 9291/2/5 9290/2/5
f 9297/2/5 9291/2/5 9296/2/5
f 9302/1/5 9299/1/5 9298/1/5
f 9303/1/5 9299/1/5 9302/1/5
f 9304/1/5 9301/1/5 9300/1/5
f 9305/1/5 9301/1/5 9304/1/5
f 9309/1/5 9307/1/5 9306/1/5
f 9310/1/5 9307/1/5 9309/1/5
f 9312/1/5 9309/1/5 9308/1/5
f 9313/1/5 9309/1/5 9312/1/5
f 9314/1/5 9312/1/5 9311/1/5
f 9315/1/5 9312/1/5 9314/1/5
f 9322/2/5 9317/2/5 9316/2/5
f 9323/2/5 9317/2/5 9322/2/5
f 9324/2/5 9319/2/5 9318/2/5
f 9325/2/5 9319/2/5 9324/2/5
f 9326/1/5 9321/1/5 9320/1/5
f 9327/1/5 9321/1/5 9326/1/5
f 9334/1/5 9329/1/5 9328/1/5
f 9335/1/5 9329/1/5 9334/1/5
f 9336/1/5 9331/1/5 9330/1/5
f 9337/1/5 9331/1/5 9336/1/5
f 9338/1/5 9333/1/5 9332/1/5
f 9339/1/5 9333/1/5 9338/1/5
f 9344/1/5 9341/1/5 9340/1/5
f 9345/1/5 9341/1/5 9344/1/5
f 9346/1/5 9343/1/5 9342/1/5
f 9347/1/5 9343/1/5 9346/1/5
f 9352/1/5 9349/1/5 9348/1/5
f 9353/1/5 9349/1/5 9352/1/5
f 9354/1/5 9351/1/5 9350/1/5
f 9355/1/5 9351/1/5 9354/1/5
f 9360/1/5 9357/1/5 9356/1/5
f 9361/1/5 9357/1/5 9360/1/5
f 9362/1/5 9359/1/5 9358/1/5
f 9363/1/5 9359/1/5 9362/1/5
f 9368/1/5 9365/1/5 9364/1/5
f 9369/1/5 9365/1/5 9368/1/5
f 9370/2/5 9367/2/5 9366/2/5
f 9371/2/5 9367/2/5 9370/2/5
f 9374/1/5 9373/1/5 9372/1/5
f 9375/1/5 9373/1/5 9374/1/5
f 9378/1/5 9377/1/5 9376/1/5
f 9379/1/5 9377/1/5 9378/1/5
f 9382/1/5 9381/1/5 9380/1/5
f 9383/1/5 9381/1/5 9382/1/5
f 9388/2/5 9385/2/5 9384/2/5
f 9389/2/5 9385/2/5 9388/2/5
f 9390/2/5 9387/2/5 9386/2/5
f 9391/2/5 9387/2/5 9390/2/5
f 9396/1/5 9393/1/5 9392/1/5
f 9397/1/5 9393/1/5 9396/1/5
f 9402/1/5 9395/1/5 9394/1/5
f 9403/1/5 9395/1/5 9402/1/5
f 9404/1/5 9399/1/5 9398/1/5
f 9405/1/5 9399/1/5 9404/1/5
f 9408/1/5 9401/1/5 9400/1/5
f 9409/1/5 9401/1/5 9408/1/5
f 9410/1/5 9407/1/5 9406/1/5
f 9411/1/5 9407/1/5 9410/1/5
f 9416/1/5 9413/1/5 9412/1/5
f 9417/1/5 9413/1/5 9416/1/5
f 9418/1/5 9415/1/5 9414/1/5
f 9419/1/5 9415/1/5 9418/1/5
f 9421/1/5 9420/1/5 9419/1/5
f 9422/1/5 9420/1/5 9421/1/5
f 9425/1/5 9424/1/5 9423/1/5
f 9426/1/5 9424/1/5 9425/1/5
f 9431/1/5 9428/1/5 9427/1/5
f 9432/1/5 9428/1/5 9431/1/5
f 9433/1/5 9430/1/5 9429/1/5
f 9434/1/5 9430/1/5 9433/1/5
f 9439/1/5 9436/1/5 9435/1/5
f 9440/1/5 9436/1/5 9439/1/5
f 9441/2/5 9440/2/5 9439/2/5
f 9442/2/5 9441/2/5 9439/2/5
f 9443/2/5 9441/2/5 9442/2/5
f 9444/1/5 9438/1/5 9437/1/5
f 9445/1/5 9438/1/5 9444/1/5
f 9450/1/5 9447/1/5 9446/1/5
f 9451/1/5 9447/1/5 9450/1/5
f 9452/2/5 9449/2/5 9448/2/5
f 9453/2/5 9449/2/5 9452/2/5
f 9458/1/5 9455/1/5 9454/1/5
f 9459/1/5 9455/1/5 9458/1/5
f 9461/1/5 9457/1/5 9456/1/5
f 9462/1/5 9457/1/5 9461/1/5
f 9463/1/5 9460/1/5 9459/1/5
f 9464/1/5 9460/1/5 9463/1/5
f 9468/1/5 9466/1/5 9465/1/5
f 9469/1/5 9466/1/5 9468/1/5
f 9470/1/5 9468/1/5 9467/1/5
f 9471/1/5 9468/1/5 9470/1/5
f 9478/1/5 9473/1/5 9472/1/5
f 9479/1/5 9473/1/5 9478/1/5
f 9480/1/5 9475/1/5 9474/1/5
f 9481/1/5 9475/1/5 9480/1/5
f 9484/1/5 9477/1/5 9476/1/5
f 9485/1/5 9477/1/5 9484/1/5
f 9486/1/5 9483/1/5 9482/1/5
f 9487/1/5 9483/1/5 9486/1/5
f 9490/1/5 9489/1/5 9488/1/5
f 9491/1/5 9489/1/5 9490/1/5
f 9496/2/5 9493/2/5 9492/2/5
f 9497/2/5 9493/2/5 9496/2/5
f 9498/1/5 9495/1/5 9494/1/5
f 9499/1/5 9495/1/5 9498/1/5
f 9502/1/5 9501/1/5 9500/1/5
f 9503/1/5 9501/1/5 9502/1/5
f 9508/1/5 9505/1/5 9504/1/5
f 9509/1/5 9505/1/5 9508/1/5
f 9510/1/5 9507/1/5 9506/1/5
f 9511/1/5 9507/1/5 9510/1/5
f 9516/1/5 9513/1/5 9512/1/5
f 9517/1/5 9513/1/5 9516/1/5
f 9518/1/5 9515/1/5 9514/1/5
f 9519/1/5 9515/1/5 9518/1/5
f 9524/1/5 9521/1/5 9520/1/5
f 9525/1/5 9521/1/5 9524/1/5
f 9526/1/5 9523/1/5 9522/1/5
f 9527/1/5 9523/1/5 9526/1/5
f 9530/2/5 9529/2/5 9528/2/5
f 9531/2/5 9529/2/5 9530/2/5
f 9534/1/5 9533/1/5 9532/1/5
f 9535/1/5 9533/1/5 9534/1/5
f 9540/1/5 9537/1/5 9536/1/5
f 9541/1/5 9537/1/5 9540/1/5
f 9542/2/5 9539/2/5 9538/2/5
f 9543/2/5 9539/2/5 9542/2/5
f 9548/1/5 9545/1/5 9544/1/5
f 9549/1/5 9545/1/5 9548/1/5
f 9552/1/5 9547/1/5 9546/1/5
f 9553/1/5 9547/1/5 9552/1/5
f 9554/1/5 9551/1/5 9550/1/5
f 9555/1/5 9551/1/5 9554/1/5
f 9558/1/5 9557/1/5 9556/1/5
f 9559/1/5 9557/1/5 9558/1/5
f 9564/1/5 9561/1/5 9560/1/5
f 9565/1/5 9561/1/5 9564/1/5
f 9566/1/5 9563/1/5 9562/1/5
f 9567/1/5 9563/1/5 9566/1/5
f 9572/1/5 9569/1/5 9568/1/5
f 9573/1/5 9569/1/5 9572/1/5
f 9574/1/5 9571/1/5 9570/1/5
f 9575/1/5 9571/1/5 9574/1/5
f 9580/1/5 9577/1/5 9576/1/5
f 9581/1/5 9577/1/5 9580/1/5
f 9582/1/5 9579/1/5 9578/1/5
f 9583/1/5 9579/1/5 9582/1/5
f 9586/1/5 9585/1/5 9584/1/5
f 9587/1/5 9585/1/5 9586/1/5
f 9592/1/5 9589/1/5 9588/1/5
f 9593/1/5 9589/1/5 9592/1/5
f 9598/1/5 9591/1/5 9590/1/5
f 9599/1/5 9591/1/5 9598/1/5
f 9600/2/5 9595/2/5 9594/2/5
f 9601/2/5 9595/2/5 9600/2/5
f 9602/1/5 9597/1/5 9596/1/5
f 9603/1/5 9597/1/5 9602/1/5
f 9608/1/5 9605/1/5 9604/1/5
f 9609/1/5 9605/1/5 9608/1/5
f 9610/1/5 9607/1/5 9606/1/5
f 9611/1/5 9607/1/5 9610/1/5
f 9614/1/5 9613/1/5 9612/1/5
f 9615/1/5 9613/1/5 9614/1/5
f 9620/2/5 9617/2/5 9616/2/5
f 9621/2/5 9617/2/5 9620/2/5
f 9622/2/5 9619/2/5 9618/2/5
f 9623/2/5 9619/2/5 9622/2/5
f 9628/1/5 9625/1/5 9624/1/5
f 9629/1/5 9625/1/5 9628/1/5
f 9631/1/5 9627/1/5 9626/1/5
f 9632/1/5 9627/1/5 9631/1/5
f 9633/1/5 9630/1/5 9629/1/5
f 9634/1/5 9630/1/5 9633/1/5
f 9637/1/5 9636/1/5 9635/1/5
f 9638/1/5 9636/1/5 9637/1/5
f 9641/1/5 9640/1/5 9639/1/5
f 9642/1/5 9640/1/5 9641/1/5
f 9645/1/5 9644/1/5 9643/1/5
f 9646/1/5 9644/1/5 9645/1/5
f 9651/1/5 9648/1/5 9647/1/5
f 9652/1/5 9648/1/5 9651/1/5
f 9653/1/5 9650/1/5 9649/1/5
f 9654/1/5 9650/1/5 9653/1/5
f 9657/1/5 9656/1/5 9655/1/5
f 9658/1/5 9656/1/5 9657/1/5
f 9661/1/5 9660/1/5 9659/1/5
f 9662/1/5 9660/1/5 9661/1/5
f 9667/1/5 9664/1/5 9663/1/5
f 9668/1/5 9664/1/5 9667/1/5
f 9669/1/5 9666/1/5 9665/1/5
f 9670/1/5 9666/1/5 9669/1/5
f 9675/1/5 9672/1/5 9671/1/5
f 9676/1/5 9672/1/5 9675/1/5
f 9677/1/5 9674/1/5 9673/1/5
f 9678/1/5 9674/1/5 9677/1/5
f 9683/2/5 9680/2/5 9679/2/5
f 9684/2/5 9680/2/5 9683/2/5
f 9687/1/5 9682/1/5 9681/1/5
f 9688/1/5 9682/1/5 9687/1/5
f 9689/1/5 9686/1/5 9685/1/5
f 9690/1/5 9686/1/5 9689/1/5
f 9695/2/5 9692/2/5 9691/2/5
f 9696/2/5 9692/2/5 9695/2/5
f 9697/1/5 9694/1/5 9693/1/5
f 9698/1/5 9694/1/5 9697/1/5
f 9700/1/5 9699/1/5 9698/1/5
f 9701/1/5 9699/1/5 9700/1/5
f 9706/1/5 9703/1/5 9702/1/5
f 9707/1/5 9703/1/5 9706/1/5
f 9708/1/5 9705/1/5 9704/1/5
f 9709/1/5 9705/1/5 9708/1/5
f 9714/1/5 9711/1/5 9710/1/5
f 9715/1/5 9711/1/5 9714/1/5
f 9716/1/5 9713/1/5 9712/1/5
f 9717/1/5 9713/1/5 9716/1/5
f 9722/1/5 9719/1/5 9718/1/5
f 9723/1/5 9719/1/5 9722/1/5
f 9724/1/5 9721/1/5 9720/1/5
f 9725/1/5 9721/1/5 9724/1/5
f 9730/1/5 9727/1/5 9726/1/5
f 9731/1/5 9727/1/5 9730/1/5
f 9736/1/5 9729/1/5 9728/1/5
f 9737/1/5 9729/1/5 9736/1/5
f 9738/1/5 9733/1/5 9732/1/5
f 9739/1/5 9733/1/5 9738/1/5
f 9740/1/5 9735/1/5 9734/1/5
f 9741/1/5 9735/1/5 9740/1/5
f 9744/2/5 9743/2/5 9742/2/5
f 9745/2/5 9743/2/5 9744/2/5
f 9748/1/5 9747/1/5 9746/1/5
f 9749/1/5 9747/1/5 9748/1/5
f 9752/1/5 9751/1/5 9750/1/5
f 9753/1/5 9751/1/5 9752/1/5
f 9758/1/5 9755/1/5 9754/1/5
f 9759/1/5 9755/1/5 9758/1/5
f 9760/1/5 9757/1/5 9756/1/5
f 9761/1/5 9757/1/5 9760/1/5
f 9766/1/5 9763/1/5 9762/1/5
f 9767/1/5 9763/1/5 9766/1/5
f 9768/1/5 9765/1/5 9764/1/5
f 9769/1/5 9765/1/5 9768/1/5
f 9774/1/5 9771/1/5 9770/1/5
f 9775/1/5 9771/1/5 9774/1/5
f 9776/1/5 9773/1/5 9772/1/5
f 9777/1/5 9773/1/5 9776/1/5
f 9782/2/5 9779/2/5 9778/2/5
f 9783/2/5 9779/2/5 9782/2/5
f 9784/1/5 9781/1/5 9780/1/5
f 9785/1/5 9781/1/5 9784/1/5
f 9790/1/5 9787/1/5 9786/1/5
f 9791/1/5 9787/1/5 9790/1/5
f 9792/1/5 9789/1/5 9788/1/5
f 9793/1/5 9789/1/5 9792/1/5
f 9800/2/5 9795/2/5 9794/2/5
f 9800/2/5 9796/2/5 9795/2/5
f 9801/1/5 9797/1/5 9796/1/5
f 9801/2/5 9796/2/5 9800/2/5
f 9802/1/5 9797/1/5 9801/1/5
f 9805/1/5 9799/1/5 9798/1/5
f 9806/1/5 9799/1/5 9805/1/5
f 9807/1/5 9804/1/5 9803/1/5
f 9808/1/5 9804/1/5 9807/1/5
f 9811/1/5 9810/1/5 9809/1/5
f 9812/1/5 9810/1/5 9811/1/5
f 9815/1/5 9814/1/5 9813/1/5
f 9816/1/5 9814/1/5 9815/1/5
f 9819/1/5 9818/1/5 9817/1/5
f 9820/1/5 9818/1/5 9819/1/5
f 9825/1/5 9822/1/5 9821/1/5
f 9826/1/5 9822/1/5 9825/1/5
f 9827/1/5 9824/1/5 9823/1/5
f 9828/1/5 9824/1/5 9827/1/5
f 9833/2/5 9830/2/5 9829/2/5
f 9834/2/5 9830/2/5 9833/2/5
f 9835/2/5 9830/2/5 9834/2/5
f 9836/1/5 9835/1/5 9834/1/5
f 9837/1/5 9835/1/5 9836/1/5
f 9838/1/5 9835/1/5 9837/1/5
f 9839/1/5 9832/1/5 9831/1/5
f 9840/1/5 9832/1/5 9839/1/5
f 9845/1/5 9842/1/5 9841/1/5
f 9846/1/5 9842/1/5 9845/1/5
f 9847/1/5 9844/1/5 9843/1/5
f 9848/1/5 9844/1/5 9847/1/5
f 9853/1/5 9850/1/5 9849/1/5
f 9854/1/5 9850/1/5 9853/1/5
f 9855/1/5 9852/1/5 9851/1/5
f 9856/1/5 9852/1/5 9855/1/5
f 9861/2/5 9858/2/5 9857/2/5
f 9862/2/5 9858/2/5 9861/2/5
f 9863/1/5 9860/1/5 9859/1/5
f 9864/1/5 9860/1/5 9863/1/5
f 9869/1/5 9866/1/5 9865/1/5
f 9870/1/5 9866/1/5 9869/1/5
f 9875/1/5 9868/1/5 9867/1/5
f 9876/1/5 9868/1/5 9875/1/5
f 9877/1/5 9872/1/5 9871/1/5
f 9878/1/5 9872/1/5 9877/1/5
f 9881/2/5 9874/2/5 9873/2/5
f 9882/2/5 9874/2/5 9881/2/5
f 9883/1/5 9880/1/5 9879/1/5
f 9884/1/5 9880/1/5 9883/1/5
f 9887/1/5 9886/1/5 9885/1/5
f 9888/1/5 9886/1/5 9887/1/5
f 9891/1/5 9890/1/5 9889/1/5
f 9892/1/5 9890/1/5 9891/1/5
f 9895/1/5 9894/1/5 9893/1/5
f 9896/1/5 9894/1/5 9895/1/5
f 9901/1/5 9898/1/5 9897/1/5
f 9902/1/5 9898/1/5 9901/1/5
f 9903/1/5 9900/1/5 9899/1/5
f 9904/1/5 9900/1/5 9903/1/5
f 9909/1/5 9906/1/5 9905/1/5
f 9910/1/5 9906/1/5 9909/1/5
f 9911/1/5 9908/1/5 9907/1/5
f 9912/1/5 9908/1/5 9911/1/5
f 9917/1/5 9914/1/5 9913/1/5
f 9918/1/5 9914/1/5 9917/1/5
f 9919/1/5 9916/1/5 9915/1/5
f 9920/1/5 9916/1/5 9919/1/5
f 9923/2/5 9922/2/5 9921/2/5
f 9924/2/5 9922/2/5 9923/2/5
f 9929/1/5 9926/1/5 9925/1/5
f 9930/1/5 9926/1/5 9929/1/5
f 9931/2/5 9928/2/5 9927/2/5
f 9932/2/5 9928/2/5 9931/2/5
f 9937/1/5 9934/1/5 9933/1/5
f 9938/1/5 9934/1/5 9937/1/5
f 9939/1/5 9936/1/5 9935/1/5
f 9940/1/5 9936/1/5 9939/1/5
f 9943/1/5 9942/1/5 9941/1/5
f 9944/1/5 9942/1/5 9943/1/5
f 9947/1/5 9946/1/5 9945/1/5
f 9948/1/5 9946/1/5 9947/1/5
f 9950/1/5 9949/1/5 9948/1/5
f 9951/1/5 9949/1/5 9950/1/5
f 9954/1/5 9953/1/5 9952/1/5
f 9955/1/5 9953/1/5 9954/1/5
f 9960/2/5 9957/2/5 9956/2/5
f 9961/2/5 9957/2/5 9960/2/5
f 9962/2/5 9957/2/5 9961/2/5
f 9963/1/5 9959/1/5 9958/1/5
f 9964/1/5 9959/1/5 9963/1/5
f 9969/1/5 9966/1/5 9965/1/5
f 9970/1/5 9966/1/5 9969/1/5
f 9971/1/5 9968/1/5 9967/1/5
f 9972/1/5 9968/1/5 9971/1/5
f 9977/1/5 9974/1/5 9973/1/5
f 9978/1/5 9974/1/5 9977/1/5
f 9979/1/5 9976/1/5 9975/1/5
f 9980/1/5 9976/1/5 9979/1/5
f 9985/2/5 9982/2/5 9981/2/5
f 9986/2/5 9982/2/5 9985/2/5
f 9989/2/5 9984/2/5 9983/2/5
f 9990/2/5 9984/2/5 9989/2/5
f 9991/1/5 9987/1/5 9986/1/5
f 9992/1/5 9987/1/5 9991/1/5
f 9994/2/5 9989/2/5 9988/2/5
f 9995/2/5 9989/2/5 9994/2/5
f 9996/1/5 9993/1/5 9992/1/5
f 9997/1/5 9993/1/5 9996/1/5
f 10002/1/5 9999/1/5 9998/1/5
f 10003/1/5 9999/1/5 10002/1/5
f 10008/1/5 10001/1/5 10000/1/5
f 10009/1/5 10001/1/5 10008/1/5
f 10010/1/5 10005/1/5 10004/1/5
f 10011/1/5 10005/1/5 10010/1/5
f 10012/2/5 10007/2/5 10006/2/5
f 10013/2/5 10007/2/5 10012/2/5
f 10017/1/5 10015/1/5 10014/1/5
f 10017/1/5 10016/1/5 10015/1/5
f 10018/1/5 10016/1/5 10017/1/5
f 10021/1/5 10020/1/5 10019/1/5
f 10022/1/5 10020/1/5 10021/1/5
f 10025/1/5 10024/1/5 10023/1/5
f 10026/1/5 10024/1/5 10025/1/5
f 10028/1/5 10027/1/5 10026/1/5
f 10029/1/5 10027/1/5 10028/1/5
f 10031/1/5 10030/1/5 10029/1/5
f 10032/1/5 10030/1/5 10031/1/5
f 10034/1/5 10033/1/5 10032/1/5
f 10035/1/5 10033/1/5 10034/1/5
f 10037/1/5 10036/1/5 10035/1/5
f 10038/1/5 10036/1/5 10037/1/5
f 10043/2/5 10042/2/5 10041/2/5
f 10044/2/5 10042/2/5 10043/2/5
f 10045/1/5 10040/1/5 10039/1/5
f 10046/1/5 10040/1/5 10045/1/5
f 10051/1/5 10048/1/5 10047/1/5
f 10052/1/5 10048/1/5 10051/1/5
f 10053/1/5 10050/1/5 10049/1/5
f 10054/1/5 10050/1/5 10053/1/5
f 10059/1/5 10056/1/5 10055/1/5
f 10060/1/5 10056/1/5 10059/1/5
f 10061/1/5 10058/1/5 10057/1/5
f 10062/1/5 10058/1/5 10061/1/5
f 10067/2/5 10064/2/5 10063/2/5
f 10068/2/5 10064/2/5 10067/2/5
f 10071/2/5 10066/2/5 10065/2/5
f 10072/2/5 10066/2/5 10071/2/5
f 10073/2/5 10069/2/5 10068/2/5
f 10074/2/5 10069/2/5 10073/2/5
f 10077/2/5 10071/2/5 10070/2/5
f 10078/2/5 10071/2/5 10077/2/5
f 10079/1/5 10075/1/5 10074/1/5
f 10080/1/5 10075/1/5 10079/1/5
f 10083/1/5 10077/1/5 10076/1/5
f 10084/1/5 10077/1/5 10083/1/5
f 10085/1/5 10081/1/5 10080/1/5
f 10086/1/5 10081/1/5 10085/1/5
f 10089/1/5 10083/1/5 10082/1/5
f 10090/1/5 10083/1/5 10089/1/5
f 10091/1/5 10087/1/5 10086/1/5
f 10092/1/5 10087/1/5 10091/1/5
f 10097/1/5 10089/1/5 10088/1/5
f 10098/1/5 10089/1/5 10097/1/5
f 10099/1/5 10094/1/5 10093/1/5
f 10100/1/5 10094/1/5 10099/1/5
f 10104/1/5 10096/1/5 10095/1/5
f 10105/1/5 10096/1/5 10104/1/5
f 10106/1/5 10102/1/5 10101/1/5
f 10107/2/5 10103/2/5 10102/2/5
f 10107/1/5 10102/1/5 10106/1/5
f 10108/2/5 10103/2/5 10107/2/5
f 10112/2/5 10110/2/5 10109/2/5
f 10112/2/5 10111/2/5 10110/2/5
f 10113/2/5 10111/2/5 10112/2/5
f 10117/2/5 10115/2/5 10114/2/5
f 10118/1/5 10116/1/5 10115/1/5
f 10118/2/5 10115/2/5 10117/2/5
f 10119/1/5 10116/1/5 10118/1/5
f 10121/1/5 10120/1/5 10119/1/5
f 10122/1/5 10120/1/5 10121/1/5
f 10125/1/5 10124/1/5 10123/1/5
f 10126/1/5 10124/1/5 10125/1/5
f 10128/1/5 10127/1/5 10126/1/5
f 10129/1/5 10127/1/5 10128/1/5
f 10134/1/5 10131/1/5 10130/1/5
f 10135/1/5 10131/1/5 10134/1/5
f 10136/1/5 10131/1/5 10135/1/5
f 10137/1/5 10133/1/5 10132/1/5
f 10138/1/5 10133/1/5 10137/1/5
f 10143/1/5 10140/1/5 10139/1/5
f 10144/1/5 10140/1/5 10143/1/5
f 10145/1/5 10142/1/5 10141/1/5
f 10146/1/5 10142/1/5 10145/1/5
f 10149/1/5 10148/1/5 10147/1/5
f 10150/1/5 10148/1/5 10149/1/5
f 10153/2/5 10150/2/5 10149/2/5
f 10154/2/5 10150/2/5 10153/2/5
f 10157/2/5 10152/2/5 10151/2/5
f 10158/2/5 10152/2/5 10157/2/5
f 10159/2/5 10155/2/5 10154/2/5
f 10160/2/5 10155/2/5 10159/2/5
f 10161/1/5 10157/1/5 10156/1/5
f 10162/1/5 10157/1/5 10161/1/5
f 10167/1/5 10164/1/5 10163/1/5
f 10168/1/5 10164/1/5 10167/1/5
f 10171/1/5 10166/1/5 10165/1/5
f 10172/1/5 10166/1/5 10171/1/5
f 10173/1/5 10169/1/5 10168/1/5
f 10174/1/5 10169/1/5 10173/1/5
f 10179/1/5 10171/1/5 10170/1/5
f 10180/1/5 10171/1/5 10179/1/5
f 10181/1/5 10176/1/5 10175/1/5
f 10182/1/5 10176/1/5 10181/1/5
f 10183/1/5 10178/1/5 10177/1/5
f 10184/1/5 10178/1/5 10183/1/5
f 10185/1/5 10178/1/5 10184/1/5
f 10188/2/5 10187/2/5 10186/2/5
f 10189/2/5 10187/2/5 10188/2/5
f 10193/1/5 10192/1/5 10191/1/5
f 10193/1/5 10191/1/5 10190/1/5
f 10194/1/5 10192/1/5 10193/1/5
f 10197/2/5 10196/2/5 10195/2/5
f 10198/2/5 10196/2/5 10197/2/5
f 10200/1/5 10199/1/5 10198/1/5
f 10201/1/5 10199/1/5 10200/1/5
f 10203/1/5 10202/1/5 10201/1/5
f 10204/1/5 10202/1/5 10203/1/5
f 10206/1/5 10205/1/5 10204/1/5
f 10207/1/5 10205/1/5 10206/1/5
f 10212/1/5 10211/1/5 10210/1/5
f 10213/1/5 10211/1/5 10212/1/5
f 10214/1/5 10209/1/5 10208/1/5
f 10215/1/5 10209/1/5 10214/1/5
f 10220/1/5 10217/1/5 10216/1/5
f 10221/1/5 10217/1/5 10220/1/5
f 10222/1/5 10219/1/5 10218/1/5
f 10223/1/5 10219/1/5 10222/1/5
f 10228/1/5 10227/1/5 10226/1/5
f 10229/1/5 10227/1/5 10228/1/5
f 10230/1/5 10225/1/5 10224/1/5
f 10231/1/5 10225/1/5 10230/1/5
f 10232/2/5 10229/2/5 10228/2/5
f 10236/2/5 10232/2/5 10228/2/5
f 10237/2/5 10232/2/5 10236/2/5
f 10238/2/5 10234/2/5 10233/2/5
f 10239/2/5 10234/2/5 10238/2/5
f 10242/1/5 10236/1/5 10235/1/5
f 10243/1/5 10236/1/5 10242/1/5
f 10244/1/5 10240/1/5 10239/1/5
f 10245/1/5 10240/1/5 10244/1/5
f 10246/1/5 10240/1/5 10245/1/5
f 10249/1/5 10242/1/5 10241/1/5
f 10250/1/5 10242/1/5 10249/1/5
f 10251/1/5 10247/1/5 10246/1/5
f 10252/1/5 10247/1/5 10251/1/5
f 10255/1/5 10249/1/5 10248/1/5
f 10256/1/5 10249/1/5 10255/1/5
f 10257/1/5 10253/1/5 10252/1/5
f 10258/1/5 10253/1/5 10257/1/5
f 10262/1/5 10255/1/5 10254/1/5
f 10263/1/5 10255/1/5 10262/1/5
f 10264/1/5 10259/1/5 10258/1/5
f 10265/1/5 10259/1/5 10264/1/5
f 10266/1/5 10259/1/5 10265/1/5
f 10270/1/5 10261/1/5 10260/1/5
f 10271/1/5 10261/1/5 10270/1/5
f 10272/2/5 10268/2/5 10267/2/5
f 10273/1/5 10269/1/5 10268/1/5
f 10273/2/5 10268/2/5 10272/2/5
f 10274/1/5 10269/1/5 10273/1/5
f 10278/1/5 10276/1/5 10275/1/5
f 10278/1/5 10277/1/5 10276/1/5
f 10279/1/5 10277/1/5 10278/1/5
f 10281/2/5 10280/2/5 10279/2/5
f 10282/2/5 10280/2/5 10281/2/5
f 10285/2/5 10283/2/5 10282/2/5
f 10286/1/5 10284/1/5 10283/1/5
f 10286/2/5 10283/2/5 10285/2/5
f 10287/1/5 10284/1/5 10286/1/5
f 10288/1/5 10284/1/5 10287/1/5
f 10292/1/5 10289/1/5 10288/1/5
f 10293/1/5 10289/1/5 10292/1/5
f 10295/1/5 10291/1/5 10290/1/5
f 10296/1/5 10291/1/5 10295/1/5
f 10297/1/5 10294/1/5 10293/1/5
f 10298/1/5 10294/1/5 10297/1/5
f 10303/1/5 10302/1/5 10301/1/5
f 10304/1/5 10302/1/5 10303/1/5
f 10305/1/5 10300/1/5 10299/1/5
f 10306/1/5 10300/1/5 10305/1/5
f 10307/2/5 10304/2/5 10303/2/5
f 10308/2/5 10304/2/5 10307/2/5
f 10313/1/5 10310/1/5 10309/1/5
f 10314/1/5 10310/1/5 10313/1/5
f 10315/2/5 10312/2/5 10311/2/5
f 10316/2/5 10312/2/5 10315/2/5
f 10317/2/5 10314/2/5 10313/2/5
f 10318/2/5 10314/2/5 10317/2/5
f 10321/1/5 10316/1/5 10315/1/5
f 10322/1/5 10316/1/5 10321/1/5
f 10323/1/5 10319/1/5 10318/1/5
f 10324/1/5 10319/1/5 10323/1/5
f 10327/1/5 10321/1/5 10320/1/5
f 10328/1/5 10321/1/5 10327/1/5
f 10329/1/5 10325/1/5 10324/1/5
f 10332/1/5 10327/1/5 10326/1/5
f 10333/1/5 10330/1/5 10329/1/5
f 10333/1/5 10329/1/5 10324/1/5
f 10334/1/5 10330/1/5 10333/1/5
f 10337/1/5 10332/1/5 10331/1/5
f 10338/1/5 10327/1/5 10332/1/5
f 10338/1/5 10332/1/5 10337/1/5
f 10339/1/5 10335/1/5 10334/1/5
f 10340/1/5 10335/1/5 10339/1/5
f 10343/1/5 10337/1/5 10336/1/5
f 10344/1/5 10337/1/5 10343/1/5
f 10345/1/5 10341/1/5 10340/1/5
f 10346/1/5 10341/1/5 10345/1/5
f 10350/1/5 10343/1/5 10342/1/5
f 10351/1/5 10343/1/5 10350/1/5
f 10352/1/5 10347/1/5 10346/1/5
f 10353/2/5 10348/2/5 10347/2/5
f 10353/1/5 10347/1/5 10352/1/5
f 10354/2/5 10348/2/5 10353/2/5
f 10355/1/5 10349/1/5 10348/1/5
f 10355/2/5 10348/2/5 10354/2/5
f 10356/1/5 10349/1/5 10355/1/5
f 10360/1/5 10358/1/5 10357/1/5
f 10360/1/5 10359/1/5 10358/1/5
f 10361/1/5 10359/1/5 10360/1/5
f 10362/1/5 10359/1/5 10361/1/5
f 10364/1/5 10362/1/5 10361/1/5
f 10365/2/5 10363/2/5 10362/2/5
f 10365/1/5 10362/1/5 10364/1/5
f 10366/2/5 10363/2/5 10365/2/5
f 10367/2/5 10363/2/5 10366/2/5
f 10369/1/5 10368/1/5 10367/1/5
f 10369/1/5 10367/1/5 10366/1/5
f 10370/1/5 10368/1/5 10369/1/5
f 10372/1/5 10371/1/5 10370/1/5
f 10373/1/5 10371/1/5 10372/1/5
f 10377/2/5 10374/2/5 10373/2/5
f 10378/2/5 10374/2/5 10377/2/5
f 10380/1/5 10376/1/5 10375/1/5
f 10381/1/5 10376/1/5 10380/1/5
f 10382/1/5 10376/1/5 10381/1/5
f 10383/1/5 10378/1/5 10377/1/5
f 10384/2/5 10379/2/5 10378/2/5
f 10384/1/5 10378/1/5 10383/1/5
f 10385/2/5 10379/2/5 10384/2/5
f 10386/1/5 10381/1/5 10380/1/5
f 10387/1/5 10381/1/5 10386/1/5
f 10388/1/5 10385/1/5 10384/1/5
f 10392/1/5 10388/1/5 10384/1/5
f 10392/1/5 10389/1/5 10388/1/5
f 10393/1/5 10389/1/5 10392/1/5
f 10394/1/5 10389/1/5 10393/1/5
f 10395/1/5 10389/1/5 10394/1/5
f 10396/2/5 10395/2/5 10394/2/5
f 10397/1/5 10391/1/5 10390/1/5
f 10398/1/5 10391/1/5 10397/1/5
f 10401/2/5 10396/2/5 10394/2/5
f 10402/2/5 10396/2/5 10401/2/5
f 10403/2/5 10398/2/5 10397/2/5
f 10404/1/5 10399/1/5 10398/1/5
f 10404/2/5 10398/2/5 10403/2/5
f 10405/1/5 10399/1/5 10404/1/5
f 10406/1/5 10401/1/5 10400/1/5
f 10406/1/5 10402/1/5 10401/1/5
f 10407/1/5 10402/1/5 10406/1/5
f 10408/2/5 10405/2/5 10404/2/5
f 10409/2/5 10405/2/5 10408/2/5
f 10412/1/5 10406/1/5 10400/1/5
f 10413/1/5 10406/1/5 10412/1/5
f 10414/1/5 10410/1/5 10409/1/5
f 10414/1/5 10409/1/5 10408/1/5
f 10415/1/5 10410/1/5 10414/1/5
f 10416/1/5 10413/1/5 10412/1/5
f 10416/1/5 10412/1/5 10411/1/5
f 10417/1/5 10413/1/5 10416/1/5
f 10418/1/5 10410/1/5 10415/1/5
f 10419/1/5 10410/1/5 10418/1/5
f 10422/1/5 10416/1/5 10411/1/5
f 10423/1/5 10416/1/5 10422/1/5
f 10424/1/5 10420/1/5 10419/1/5
f 10425/1/5 10420/1/5 10424/1/5
f 10428/1/5 10422/1/5 10421/1/5
f 10429/1/5 10422/1/5 10428/1/5
f 10430/1/5 10426/1/5 10425/1/5
f 10431/1/5 10426/1/5 10430/1/5
f 10432/1/5 10426/1/5 10431/1/5
f 10435/1/5 10428/1/5 10427/1/5
f 10436/1/5 10428/1/5 10435/1/5
f 10437/1/5 10428/1/5 10436/1/5
f 10438/1/5 10433/1/5 10432/1/5
f 10438/1/5 10432/1/5 10431/1/5
f 10439/1/5 10433/1/5 10438/1/5
f 10440/1/5 10433/1/5 10439/1/5
f 10442/1/5 10436/1/5 10435/1/5
f 10442/1/5 10435/1/5 10434/1/5
f 10443/1/5 10436/1/5 10442/1/5
f 10444/1/5 10436/1/5 10443/1/5
f 10445/1/5 10440/1/5 10439/1/5
f 10446/2/5 10441/2/5 10440/2/5
f 10446/1/5 10440/1/5 10445/1/5
f 10447/1/5 10443/1/5 10442/1/5
f 10447/2/5 10441/2/5 10446/2/5
f 10447/1/5 10442/1/5 10441/1/5
f 10448/1/5 10443/1/5 10447/1/5
f 10449/1/5 10443/1/5 10448/1/5
f 10453/1/5 10451/1/5 10450/1/5
f 10453/1/5 10452/1/5 10451/1/5
f 10456/1/5 10453/1/5 10450/1/5
f 10456/1/5 10455/1/5 10454/1/5
f 10456/1/5 10454/1/5 10453/1/5
f 10457/1/5 10455/1/5 10456/1/5
f 10458/1/5 10455/1/5 10457/1/5
f 10461/1/5 10458/1/5 10457/1/5
f 10461/1/5 10459/1/5 10458/1/5
f 10462/2/5 10460/2/5 10459/2/5
f 10462/1/5 10459/1/5 10461/1/5
f 10463/2/5 10460/2/5 10462/2/5
f 10467/1/5 10463/1/5 10462/1/5
f 10468/2/5 10464/2/5 10463/2/5
f 10468/1/5 10463/1/5 10467/1/5
f 10469/2/5 10464/2/5 10468/2/5
f 10471/1/5 10466/1/5 10465/1/5
f 10472/1/5 10469/1/5 10468/1/5
f 10473/1/5 10469/1/5 10472/1/5
f 10475/1/5 10471/1/5 10470/1/5
f 10476/1/5 10466/1/5 10471/1/5
f 10476/1/5 10471/1/5 10475/1/5
f 10477/1/5 10466/1/5 10476/1/5
f 10478/2/5 10473/2/5 10472/2/5
f 10479/1/5 10474/1/5 10473/1/5
f 10479/2/5 10473/2/5 10478/2/5
f 10480/1/5 10474/1/5 10479/1/5
f 10481/1/5 10476/1/5 10475/1/5
f 10482/1/5 10476/1/5 10481/1/5
f 10483/2/5 10480/2/5 10479/2/5
f 10487/1/5 10486/1/5 10485/1/5
f 10488/1/5 10486/1/5 10487/1/5
f 10489/2/5 10483/2/5 10479/2/5
f 10489/2/5 10484/2/5 10483/2/5
f 10490/2/5 10484/2/5 10489/2/5
f 10491/2/5 10484/2/5 10490/2/5
f 10492/2/5 10491/2/5 10490/2/5
f 10493/2/5 10491/2/5 10492/2/5
f 10494/1/5 10487/1/5 10485/1/5
f 10497/1/5 10493/1/5 10492/1/5
f 10498/1/5 10495/1/5 10494/1/5
f 10498/1/5 10494/1/5 10485/1/5
f 10499/1/5 10495/1/5 10498/1/5
f 10500/2/5 10499/2/5 10498/2/5
f 10501/1/5 10495/1/5 10499/1/5
f 10501/2/5 10499/2/5 10500/2/5
f 10502/1/5 10495/1/5 10501/1/5
f 10503/1/5 10497/1/5 10496/1/5
f 10503/1/5 10493/1/5 10497/1/5
f 10504/1/5 10493/1/5 10503/1/5
f 10505/2/5 10502/2/5 10501/2/5
f 10506/2/5 10502/2/5 10505/2/5
f 10509/1/5 10503/1/5 10496/1/5
f 10510/1/5 10507/1/5 10506/1/5
f 10510/1/5 10506/1/5 10505/1/5
f 10511/1/5 10507/1/5 10510/1/5
f 10512/1/5 10509/1/5 10508/1/5
f 10512/1/5 10503/1/5 10509/1/5
f 10513/1/5 10503/1/5 10512/1/5
f 10514/1/5 10507/1/5 10511/1/5
f 10517/1/5 10512/1/5 10508/1/5
f 10518/1/5 10515/1/5 10514/1/5
f 10518/1/5 10514/1/5 10511/1/5
f 10519/1/5 10515/1/5 10518/1/5
f 10520/1/5 10515/1/5 10519/1/5
f 10523/1/5 10517/1/5 10516/1/5
f 10524/1/5 10512/1/5 10517/1/5
f 10524/1/5 10517/1/5 10523/1/5
f 10525/1/5 10512/1/5 10524/1/5
f 10526/1/5 10521/1/5 10520/1/5
f 10526/1/5 10520/1/5 10519/1/5
f 10527/1/5 10521/1/5 10526/1/5
f 10528/1/5 10521/1/5 10527/1/5
f 10532/1/5 10523/1/5 10522/1/5
f 10532/1/5 10524/1/5 10523/1/5
f 10533/1/5 10524/1/5 10532/1/5
f 10534/1/5 10524/1/5 10533/1/5
f 10535/1/5 10528/1/5 10527/1/5
f 10536/2/5 10529/2/5 10528/2/5
f 10536/1/5 10528/1/5 10535/1/5
f 10537/1/5 10530/1/5 10529/1/5
f 10537/2/5 10529/2/5 10536/2/5
f 10538/1/5 10530/1/5 10537/1/5
f 10539/1/5 10530/1/5 10538/1/5
f 10540/1/5 10533/1/5 10532/1/5
f 10540/1/5 10532/1/5 10531/1/5
f 10541/1/5 10533/1/5 10540/1/5
f 10542/1/5 10533/1/5 10541/1/5
f 10543/2/5 10538/2/5 10537/2/5
f 10544/1/5 10539/1/5 10538/1/5
f 10544/2/5 10538/2/5 10543/2/5
f 10544/1/5 10541/1/5 10540/1/5
f 10544/1/5 10540/1/5 10539/1/5
f 10545/1/5 10541/1/5 10544/1/5
f 10546/1/5 10541/1/5 10545/1/5
f 10553/2/5 10548/2/5 10547/2/5
f 10553/2/5 10549/2/5 10548/2/5
f 10554/1/5 10550/1/5 10549/1/5
f 10554/2/5 10549/2/5 10553/2/5
f 10555/1/5 10550/1/5 10554/1/5
f 10557/1/5 10552/1/5 10551/1/5
f 10558/1/5 10552/1/5 10557/1/5
f 10559/2/5 10555/2/5 10554/2/5
f 10560/1/5 10556/1/5 10555/1/5
f 10560/2/5 10555/2/5 10559/2/5
f 10561/1/5 10556/1/5 10560/1/5
f 10565/2/5 10561/2/5 10560/2/5
f 10566/2/5 10561/2/5 10565/2/5
f 10567/1/5 10562/1/5 10561/1/5
f 10567/2/5 10561/2/5 10566/2/5
f 10568/1/5 10562/1/5 10567/1/5
f 10570/1/5 10564/1/5 10563/1/5
f 10571/1/5 10564/1/5 10570/1/5
f 10572/1/5 10564/1/5 10571/1/5
f 10573/2/5 10568/2/5 10567/2/5
f 10573/2/5 10567/2/5 10566/2/5
f 10574/2/5 10568/2/5 10573/2/5
f 10575/2/5 10568/2/5 10574/2/5
f 10577/1/5 10571/1/5 10570/1/5
f 10577/1/5 10570/1/5 10569/1/5
f 10578/1/5 10571/1/5 10577/1/5
f 10579/1/5 10575/1/5 10574/1/5
f 10579/2/5 10576/2/5 10575/2/5
f 10580/2/5 10576/2/5 10579/2/5
f 10582/1/5 10571/1/5 10578/1/5
f 10583/1/5 10571/1/5 10582/1/5
f 10584/1/5 10580/1/5 10579/1/5
f 10584/1/5 10579/1/5 10574/1/5
f 10585/1/5 10580/1/5 10584/1/5
f 10587/1/5 10582/1/5 10581/1/5
f 10588/1/5 10580/1/5 10585/1/5
f 10590/1/5 10589/1/5 10588/1/5
f 10591/1/5 10587/1/5 10586/1/5
f 10592/1/5 10582/1/5 10587/1/5
f 10592/1/5 10587/1/5 10591/1/5
f 10593/1/5 10582/1/5 10592/1/5
f 10594/1/5 10588/1/5 10585/1/5
f 10594/1/5 10590/1/5 10588/1/5
f 10595/1/5 10590/1/5 10594/1/5
f 10596/2/5 10593/2/5 10592/2/5
f 10599/1/5 10594/1/5 10585/1/5
f 10600/2/5 10596/2/5 10592/2/5
f 10601/1/5 10597/1/5 10596/1/5
f 10601/2/5 10596/2/5 10600/2/5
f 10602/1/5 10601/1/5 10600/1/5
f 10603/1/5 10597/1/5 10601/1/5
f 10603/1/5 10601/1/5 10602/1/5
f 10604/1/5 10597/1/5 10603/1/5
f 10607/1/5 10599/1/5 10598/1/5
f 10608/1/5 10594/1/5 10599/1/5
f 10608/1/5 10599/1/5 10607/1/5
f 10609/1/5 10594/1/5 10608/1/5
f 10610/1/5 10605/1/5 10604/1/5
f 10610/1/5 10604/1/5 10603/1/5
f 10613/1/5 10607/1/5 10606/1/5
f 10613/1/5 10608/1/5 10607/1/5
f 10614/1/5 10611/1/5 10610/1/5
f 10614/1/5 10610/1/5 10603/1/5
f 10615/1/5 10611/1/5 10614/1/5
f 10616/1/5 10611/1/5 10615/1/5
f 10619/1/5 10613/1/5 10612/1/5
f 10620/1/5 10608/1/5 10613/1/5
f 10620/1/5 10613/1/5 10619/1/5
f 10621/1/5 10608/1/5 10620/1/5
f 10622/1/5 10617/1/5 10616/1/5
f 10622/1/5 10616/1/5 10615/1/5
f 10623/1/5 10617/1/5 10622/1/5
f 10624/1/5 10617/1/5 10623/1/5
f 10625/1/5 10619/1/5 10618/1/5
f 10625/1/5 10620/1/5 10619/1/5
f 10626/1/5 10620/1/5 10625/1/5
f 10627/1/5 10620/1/5 10626/1/5
f 10628/2/5 10624/2/5 10623/2/5
f 10629/2/5 10624/2/5 10628/2/5
f 10630/1/5 10626/1/5 10625/1/5
f 10630/2/5 10624/2/5 10629/2/5
f 10630/1/5 10625/1/5 10624/1/5
f 10631/1/5 10626/1/5 10630/1/5
f 10632/1/5 10626/1/5 10631/1/5
f 10633/1/5 10626/1/5 10632/1/5
f 10634/1/5 10632/1/5 10631/1/5
f 10635/1/5 10632/1/5 10634/1/5
f 10641/1/5 10637/1/5 10636/1/5
f 10641/1/5 10638/1/5 10637/1/5
f 10642/2/5 10639/2/5 10638/2/5
f 10642/1/5 10638/1/5 10641/1/5
f 10643/2/5 10639/2/5 10642/2/5
f 10647/1/5 10641/1/5 10640/1/5
f 10647/1/5 10642/1/5 10641/1/5
f 10647/1/5 10644/1/5 10643/1/5
f 10647/1/5 10643/1/5 10642/1/5
f 10648/2/5 10645/2/5 10644/2/5
f 10648/1/5 10644/1/5 10647/1/5
f 10649/2/5 10645/2/5 10648/2/5
f 10653/1/5 10647/1/5 10646/1/5
f 10653/1/5 10648/1/5 10647/1/5
f 10653/1/5 10650/1/5 10649/1/5
f 10653/1/5 10649/1/5 10648/1/5
f 10654/1/5 10650/1/5 10653/1/5
f 10655/1/5 10650/1/5 10654/1/5
f 10656/1/5 10650/1/5 10655/1/5
f 10658/1/5 10652/1/5 10651/1/5
f 10658/1/5 10653/1/5 10652/1/5
f 10658/1/5 10654/1/5 10653/1/5
f 10659/1/5 10654/1/5 10658/1/5
f 10660/1/5 10657/1/5 10656/1/5
f 10660/1/5 10656/1/5 10655/1/5
f 10661/1/5 10657/1/5 10660/1/5
f 10663/1/5 10658/1/5 10651/1/5
f 10664/1/5 10658/1/5 10663/1/5
f 10665/1/5 10658/1/5 10664/1/5
f 10666/1/5 10657/1/5 10661/1/5
f 10667/1/5 10657/1/5 10666/1/5
f 10668/1/5 10657/1/5 10667/1/5
f 10670/1/5 10663/1/5 10662/1/5
f 10670/1/5 10664/1/5 10663/1/5
f 10671/1/5 10664/1/5 10670/1/5
f 10672/2/5 10671/2/5 10670/2/5
f 10673/2/5 10671/2/5 10672/2/5
f 10674/1/5 10664/1/5 10671/1/5
f 10674/2/5 10671/2/5 10673/2/5
f 10675/1/5 10664/1/5 10674/1/5
f 10678/1/5 10669/1/5 10668/1/5
f 10678/1/5 10668/1/5 10667/1/5
f 10679/1/5 10669/1/5 10678/1/5
f 10680/1/5 10669/1/5 10679/1/5
f 10681/1/5 10676/1/5 10675/1/5
f 10681/1/5 10675/1/5 10674/1/5
f 10684/1/5 10679/1/5 10678/1/5
f 10684/1/5 10678/1/5 10677/1/5
f 10685/1/5 10682/1/5 10681/1/5
f 10685/1/5 10681/1/5 10674/1/5
f 10686/1/5 10682/1/5 10685/1/5
f 10687/1/5 10682/1/5 10686/1/5
f 10688/1/5 10684/1/5 10683/1/5
f 10689/1/5 10679/1/5 10684/1/5
f 10689/1/5 10684/1/5 10688/1/5
f 10690/1/5 10679/1/5 10689/1/5
f 10691/1/5 10687/1/5 10686/1/5
f 10691/1/5 10688/1/5 10687/1/5
f 10691/1/5 10689/1/5 10688/1/5
f 10692/1/5 10689/1/5 10691/1/5
f 10693/1/5 10689/1/5 10692/1/5
f 10694/1/5 10689/1/5 10693/1/5
f 10695/1/5 10689/1/5 10694/1/5
f 10696/2/5 10693/2/5 10692/2/5
f 10697/1/5 10694/1/5 10693/1/5
f 10697/2/5 10693/2/5 10696/2/5
f 10698/1/5 10694/1/5 10697/1/5
f 10699/1/5 10694/1/5 10698/1/5
f 10700/1/5 10694/1/5 10699/1/5
f 10701/1/5 10699/1/5 10698/1/5
f 10702/1/5 10699/1/5 10701/1/5
f 10706/1/5 10704/1/5 10703/1/5
f 10707/1/5 10704/1/5 10706/1/5
f 10710/1/5 10706/1/5 10705/1/5
f 10710/1/5 10708/1/5 10707/1/5
f 10710/1/5 10707/1/5 10706/1/5
f 10711/1/5 10708/1/5 10710/1/5
f 10713/1/5 10710/1/5 10709/1/5
f 10713/1/5 10712/1/5 10711/1/5
f 10713/1/5 10711/1/5 10710/1/5
f 10714/1/5 10712/1/5 10713/1/5
f 10715/2/5 10714/2/5 10713/2/5
f 10716/1/5 10712/1/5 10714/1/5
f 10716/2/5 10714/2/5 10715/2/5
f 10717/1/5 10716/1/5 10715/1/5
f 10718/1/5 10712/1/5 10716/1/5
f 10718/1/5 10716/1/5 10717/1/5
f 10719/2/5 10718/2/5 10717/2/5
f 10720/1/5 10712/1/5 10718/1/5
f 10720/2/5 10718/2/5 10719/2/5
f 10721/1/5 10712/1/5 10720/1/5
f 10722/1/5 10712/1/5 10721/1/5
f 10723/1/5 10712/1/5 10722/1/5
f 10724/2/5 10721/2/5 10720/2/5
f 10725/1/5 10722/1/5 10721/1/5
f 10725/2/5 10721/2/5 10724/2/5
f 10726/1/5 10722/1/5 10725/1/5
f 10727/1/5 10722/1/5 10726/1/5
f 10728/1/5 10726/1/5 10725/1/5
f 10729/1/5 10726/1/5 10728/1/5
f 10730/2/6 10731/2/6 10732/2/6
f 10732/2/6 10731/2/6 10733/2/6
f 10734/2/6 10735/2/6 10736/2/6
f 10736/2/6 10735/2/6 10737/2/6
f 10738/1/6 10739/1/6 10749/1/6
f 10749/1/6 10739/1/6 10750/1/6
f 10740/2/6 10741/2/6 10751/2/6
f 10751/2/6 10741/2/6 10752/2/6
f 10742/1/6 10743/1/6 10753/1/6
f 10753/1/6 10743/1/6 10754/1/6
f 10744/1/6 10745/1/6 10755/1/6
f 10745/2/6 10746/2/6 10756/2/6
f 10755/1/6 10745/1/6 10756/1/6
f 10756/2/6 10746/2/6 10757/2/6
f 10747/1/6 10748/1/6 10758/1/6
f 10758/1/6 10748/1/6 10759/1/6
f 10760/1/6 10761/1/6 10762/1/6
f 10762/1/6 10761/1/6 10763/1/6
f 10764/1/6 10765/1/6 10776/1/6
f 10776/1/6 10765/1/6 10777/1/6
f 10766/2/6 10767/2/6 10778/2/6
f 10778/2/6 10767/2/6 10779/2/6
f 10768/1/6 10769/1/6 10780/1/6
f 10780/1/6 10769/1/6 10781/1/6
f 10770/2/6 10771/2/6 10782/2/6
f 10782/2/6 10771/2/6 10783/2/6
f 10772/1/6 10773/1/6 10784/1/6
f 10784/1/6 10773/1/6 10785/1/6
f 10774/2/6 10775/2/6 10786/2/6
f 10786/2/6 10775/2/6 10787/2/6
f 10788/1/6 10789/1/6 10795/1/6
f 10795/1/6 10789/1/6 10796/1/6
f 10790/1/6 10791/1/6 10797/1/6
f 10791/2/6 10792/2/6 10798/2/6
f 10797/1/6 10791/1/6 10798/1/6
f 10798/2/6 10792/2/6 10799/2/6
f 10793/1/6 10794/1/6 10800/1/6
f 10800/1/6 10794/1/6 10801/1/6
f 10802/1/6 10803/1/6 10804/1/6
f 10804/1/6 10803/1/6 10805/1/6
f 10806/1/6 10807/1/6 10808/1/6
f 10808/1/6 10807/1/6 10809/1/6
f 10810/1/6 10811/1/6 10812/1/6
f 10812/1/6 10811/1/6 10813/1/6
f 10814/2/6 10815/2/6 10816/2/6
f 10816/2/6 10815/2/6 10817/2/6
f 10818/2/6 10819/2/6 10820/2/6
f 10820/2/6 10819/2/6 10821/2/6
f 10820/1/6 10821/1/6 10822/1/6
f 10822/1/6 10821/1/6 10823/1/6
f 10824/2/6 10825/2/6 10826/2/6
f 10826/2/6 10825/2/6 10827/2/6
f 10826/1/6 10827/1/6 10828/1/6
f 10828/1/6 10827/1/6 10829/1/6
f 10830/1/6 10831/1/6 10832/1/6
f 10832/1/6 10831/1/6 10833/1/6
f 10834/1/6 10835/1/6 10836/1/6
f 10836/1/6 10835/1/6 10837/1/6
f 10837/1/6 10838/1/6 10839/1/6
f 10839/1/6 10838/1/6 10840/1/6
f 10839/2/6 10840/2/6 10841/2/6
f 10841/2/6 10840/2/6 10842/2/6
f 10843/1/6 10844/1/6 10845/1/6
f 10845/1/6 10844/1/6 10846/1/6
f 10847/1/6 10848/1/6 10849/1/6
f 10849/1/6 10848/1/6 10850/1/6
f 10851/1/6 10852/1/6 10853/1/6
f 10853/1/6 10852/1/6 10854/1/6
f 10855/1/6 10856/1/6 10857/1/6
f 10857/1/6 10856/1/6 10858/1/6
f 10859/1/6 10860/1/6 10861/1/6
f 10861/1/6 10860/1/6 10862/1/6
f 10863/1/6 10864/1/6 10865/1/6
f 10865/1/6 10864/1/6 10866/1/6
f 10867/1/6 10868/1/6 10869/1/6
f 10869/1/6 10868/1/6 10870/1/6
f 10871/1/6 10872/1/6 10875/1/6
f 10875/1/6 10872/1/6 10876/1/6
f 10873/1/6 10874/1/6 10881/1/6
f 10881/1/6 10874/1/6 10882/1/6
f 10877/1/6 10878/1/6 10883/1/6
f 10883/1/6 10878/1/6 10884/1/6
f 10879/1/6 10880/1/6 10888/1/6
f 10888/1/6 10880/1/6 10889/1/6
f 10885/2/6 10886/2/6 10890/2/6
f 10890/2/6 10886/2/6 10891/2/6
f 10887/1/6 10888/1/6 10895/1/6
f 10895/1/6 10888/1/6 10896/1/6
f 10892/2/6 10893/2/6 10897/2/6
f 10891/2/6 10892/2/6 10897/2/6
f 10897/2/6 10893/2/6 10898/2/6
f 10898/1/6 10899/1/6 10900/1/6
f 10894/1/6 10895/1/6 10902/1/6
f 10902/1/6 10895/1/6 10903/1/6
f 10898/1/6 10900/1/6 10904/1/6
f 10904/1/6 10900/1/6 10905/1/6
f 10901/1/6 10902/1/6 10907/1/6
f 10907/1/6 10902/1/6 10908/1/6
f 10905/1/6 10906/1/6 10909/1/6
f 10909/1/6 10906/1/6 10910/1/6
f 10912/2/6 10913/2/6 10914/2/6
f 10910/1/6 10911/1/6 10915/1/6
f 10914/2/6 10913/2/6 10916/2/6
f 10916/2/6 10913/2/6 10917/2/6
f 10910/1/6 10915/1/6 10918/1/6
f 10918/1/6 10915/1/6 10919/1/6
f 10920/1/6 10921/1/6 10924/1/6
f 10924/1/6 10921/1/6 10925/1/6
f 10922/1/6 10923/1/6 10926/1/6
f 10926/1/6 10923/1/6 10927/1/6
f 10930/1/6 10931/1/6 10932/1/6
f 10928/1/6 10929/1/6 10933/1/6
f 10933/1/6 10929/1/6 10934/1/6
f 10930/1/6 10932/1/6 10935/1/6
f 10935/1/6 10932/1/6 10936/1/6
f 10937/1/6 10938/1/6 10940/1/6
f 10940/1/6 10938/1/6 10941/1/6
f 10939/1/6 10940/1/6 10943/1/6
f 10943/1/6 10940/1/6 10944/1/6
f 10942/2/6 10943/2/6 10946/2/6
f 10946/2/6 10943/2/6 10947/2/6
f 10945/2/6 10946/2/6 10950/2/6
f 10950/2/6 10946/2/6 10951/2/6
f 10948/1/6 10949/1/6 10954/1/6
f 10954/1/6 10949/1/6 10955/1/6
f 10952/1/6 10953/1/6 10956/1/6
f 10956/1/6 10953/1/6 10957/1/6
f 10958/1/6 10959/1/6 10964/1/6
f 10964/1/6 10959/1/6 10965/1/6
f 10960/1/6 10961/1/6 10966/1/6
f 10966/1/6 10961/1/6 10967/1/6
f 10962/1/6 10963/1/6 10971/1/6
f 10971/1/6 10963/1/6 10972/1/6
f 10968/1/6 10969/1/6 10973/1/6
f 10973/1/6 10969/1/6 10974/1/6
f 10970/1/6 10971/1/6 10976/1/6
f 10976/1/6 10971/1/6 10977/1/6
f 10974/1/6 10975/1/6 10978/1/6
f 10978/1/6 10975/1/6 10979/1/6
f 10980/2/6 10981/2/6 10984/2/6
f 10984/2/6 10981/2/6 10985/2/6
f 10982/1/6 10983/1/6 10987/1/6
f 10987/1/6 10983/1/6 10988/1/6
f 10986/2/6 10987/2/6 10989/2/6
f 10989/2/6 10987/2/6 10990/2/6
f 10990/2/6 10987/2/6 10991/2/6
f 10992/1/6 10993/1/6 10996/1/6
f 10996/1/6 10993/1/6 10997/1/6
f 10994/1/6 10995/1/6 10998/1/6
f 10998/1/6 10995/1/6 10999/1/6
f 11000/1/6 11001/1/6 11004/1/6
f 11004/1/6 11001/1/6 11005/1/6
f 11002/1/6 11003/1/6 11006/1/6
f 11006/1/6 11003/1/6 11007/1/6
f 11008/1/6 11009/1/6 11010/1/6
f 11010/1/6 11009/1/6 11011/1/6
f 11010/2/6 11011/2/6 11013/2/6
f 11013/2/6 11011/2/6 11014/2/6
f 11012/1/6 11013/1/6 11015/1/6
f 11015/1/6 11013/1/6 11016/1/6
f 11017/1/6 11018/1/6 11021/1/6
f 11021/1/6 11018/1/6 11022/1/6
f 11019/2/6 11020/2/6 11028/2/6
f 11020/1/6 11021/1/6 11029/1/6
f 11028/2/6 11020/2/6 11029/2/6
f 11029/1/6 11021/1/6 11030/1/6
f 11023/1/6 11024/1/6 11031/1/6
f 11031/1/6 11024/1/6 11032/1/6
f 11025/1/6 11026/1/6 11033/1/6
f 11026/2/6 11027/2/6 11034/2/6
f 11033/1/6 11026/1/6 11034/1/6
f 11034/2/6 11027/2/6 11035/2/6
f 11036/1/6 11037/1/6 11040/1/6
f 11040/1/6 11037/1/6 11041/1/6
f 11038/1/6 11039/1/6 11046/1/6
f 11046/1/6 11039/1/6 11047/1/6
f 11042/1/6 11043/1/6 11048/1/6
f 11048/1/6 11043/1/6 11049/1/6
f 11044/1/6 11045/1/6 11053/1/6
f 11053/1/6 11045/1/6 11054/1/6
f 11050/1/6 11051/1/6 11055/1/6
f 11055/1/6 11051/1/6 11056/1/6
f 11052/1/6 11053/1/6 11059/1/6
f 11059/1/6 11053/1/6 11060/1/6
f 11056/1/6 11057/1/6 11061/1/6
f 11061/1/6 11057/1/6 11062/1/6
f 11058/1/6 11059/1/6 11065/1/6
f 11065/1/6 11059/1/6 11066/1/6
f 11062/1/6 11063/1/6 11067/1/6
f 11067/1/6 11063/1/6 11068/1/6
f 11064/1/6 11065/1/6 11070/1/6
f 11070/1/6 11065/1/6 11071/1/6
f 11069/2/6 11070/2/6 11072/2/6
f 11072/2/6 11070/2/6 11073/2/6
f 11074/1/6 11075/1/6 11076/1/6
f 11076/1/6 11075/1/6 11077/1/6
f 11078/1/6 11079/1/6 11082/1/6
f 11082/1/6 11079/1/6 11083/1/6
f 11080/1/6 11081/1/6 11084/1/6
f 11084/1/6 11081/1/6 11085/1/6
f 11086/1/6 11087/1/6 11090/1/6
f 11090/1/6 11087/1/6 11091/1/6
f 11088/1/6 11089/1/6 11092/1/6
f 11092/1/6 11089/1/6 11093/1/6
f 11094/2/6 11095/2/6 11097/2/6
f 11097/2/6 11095/2/6 11098/2/6
f 11096/2/6 11097/2/6 11100/2/6
f 11100/2/6 11097/2/6 11101/2/6
f 11099/2/6 11100/2/6 11103/2/6
f 11103/2/6 11100/2/6 11104/2/6
f 11102/1/6 11103/1/6 11106/1/6
f 11106/1/6 11103/1/6 11107/1/6
f 11105/1/6 11106/1/6 11110/1/6
f 11110/1/6 11106/1/6 11111/1/6
f 11108/1/6 11109/1/6 11115/1/6
f 11115/1/6 11109/1/6 11116/1/6
f 11112/1/6 11113/1/6 11117/1/6
f 11113/2/6 11114/2/6 11118/2/6
f 11117/1/6 11113/1/6 11118/1/6
f 11118/2/6 11114/2/6 11119/2/6
f 11120/1/6 11121/1/6 11124/1/6
f 11124/1/6 11121/1/6 11125/1/6
f 11122/1/6 11123/1/6 11130/1/6
f 11130/1/6 11123/1/6 11131/1/6
f 11126/1/6 11127/1/6 11132/1/6
f 11132/1/6 11127/1/6 11133/1/6
f 11128/1/6 11129/1/6 11136/1/6
f 11136/1/6 11129/1/6 11137/1/6
f 11134/1/6 11135/1/6 11138/1/6
f 11138/1/6 11135/1/6 11139/1/6
f 11140/1/6 11141/1/6 11145/1/6
f 11145/1/6 11141/1/6 11146/1/6
f 11142/1/6 11143/1/6 11147/1/6
f 11147/1/6 11143/1/6 11148/1/6
f 11144/2/6 11145/2/6 11151/2/6
f 11151/2/6 11145/2/6 11152/2/6
f 11148/1/6 11149/1/6 11153/1/6
f 11153/1/6 11149/1/6 11154/1/6
f 11150/2/6 11151/2/6 11155/2/6
f 11155/2/6 11151/2/6 11156/2/6
f 11157/1/6 11158/1/6 11159/1/6
f 11159/1/6 11158/1/6 11160/1/6
f 11161/1/6 11162/1/6 11165/1/6
f 11165/1/6 11162/1/6 11166/1/6
f 11163/1/6 11164/1/6 11167/1/6
f 11167/1/6 11164/1/6 11168/1/6
f 11169/1/6 11170/1/6 11173/1/6
f 11173/1/6 11170/1/6 11174/1/6
f 11174/1/6 11170/1/6 11175/1/6
f 11171/1/6 11172/1/6 11176/1/6
f 11176/1/6 11172/1/6 11177/1/6
f 11178/2/6 11179/2/6 11182/2/6
f 11182/2/6 11179/2/6 11183/2/6
f 11180/1/6 11181/1/6 11184/1/6
f 11184/1/6 11181/1/6 11185/1/6
f 11186/1/6 11187/1/6 11189/1/6
f 11189/1/6 11187/1/6 11190/1/6
f 11188/2/6 11189/2/6 11191/2/6
f 11191/2/6 11189/2/6 11192/2/6
f 11193/1/6 11194/1/6 11199/1/6
f 11199/1/6 11194/1/6 11200/1/6
f 11195/1/6 11196/1/6 11201/1/6
f 11201/1/6 11196/1/6 11202/1/6
f 11197/1/6 11198/1/6 11203/1/6
f 11203/1/6 11198/1/6 11204/1/6
f 11205/1/6 11206/1/6 11209/1/6
f 11209/1/6 11206/1/6 11210/1/6
f 11207/1/6 11208/1/6 11213/1/6
f 11213/1/6 11208/1/6 11214/1/6
f 11211/1/6 11212/1/6 11215/1/6
f 11215/1/6 11212/1/6 11216/1/6
f 11217/1/6 11218/1/6 11221/1/6
f 11221/1/6 11218/1/6 11222/1/6
f 11219/1/6 11220/1/6 11223/1/6
f 11223/1/6 11220/1/6 11224/1/6
f 11225/2/6 11226/2/6 11227/2/6
f 11227/2/6 11226/2/6 11228/2/6
f 11229/1/6 11230/1/6 11231/1/6
f 11231/1/6 11230/1/6 11232/1/6
f 11233/1/6 11234/1/6 11237/1/6
f 11237/1/6 11234/1/6 11238/1/6
f 11235/2/6 11236/2/6 11239/2/6
f 11239/2/6 11236/2/6 11240/2/6
f 11241/2/6 11242/2/6 11245/2/6
f 11245/2/6 11242/2/6 11246/2/6
f 11243/1/6 11244/1/6 11247/1/6
f 11247/1/6 11244/1/6 11248/1/6
f 11249/1/6 11250/1/6 11251/1/6
f 11251/1/6 11250/1/6 11252/1/6
f 11253/2/6 11254/2/6 11255/2/6
f 11255/2/6 11254/2/6 11256/2/6
f 11257/1/6 11258/1/6 11259/1/6
f 11259/1/6 11258/1/6 11260/1/6
f 11261/1/6 11262/1/6 11267/1/6
f 11267/1/6 11262/1/6 11268/1/6
f 11263/1/6 11264/1/6 11269/1/6
f 11269/1/6 11264/1/6 11270/1/6
f 11265/1/6 11266/1/6 11275/1/6
f 11275/1/6 11266/1/6 11276/1/6
f 11271/1/6 11272/1/6 11277/1/6
f 11277/1/6 11272/1/6 11278/1/6
f 11273/1/6 11274/1/6 11281/1/6
f 11281/1/6 11274/1/6 11282/1/6
f 11279/1/6 11280/1/6 11283/1/6
f 11283/1/6 11280/1/6 11284/1/6
f 11285/2/6 11286/2/6 11289/2/6
f 11289/2/6 11286/2/6 11290/2/6
f 11287/1/6 11288/1/6 11291/1/6
f 11291/1/6 11288/1/6 11292/1/6
f 11293/1/6 11294/1/6 11295/1/6
f 11295/1/6 11294/1/6 11296/1/6
f 11297/1/6 11298/1/6 11301/1/6
f 11301/1/6 11298/1/6 11302/1/6
f 11299/1/6 11300/1/6 11303/1/6
f 11303/1/6 11300/1/6 11304/1/6
f 11305/1/6 11306/1/6 11309/1/6
f 11309/1/6 11306/1/6 11310/1/6
f 11310/1/6 11306/1/6 11311/1/6
f 11310/2/6 11311/2/6 11312/2/6
f 11312/2/6 11311/2/6 11313/2/6
f 11307/1/6 11308/1/6 11314/1/6
f 11314/1/6 11308/1/6 11315/1/6
f 11316/1/6 11317/1/6 11320/1/6
f 11320/1/6 11317/1/6 11321/1/6
f 11318/1/6 11319/1/6 11322/1/6
f 11322/1/6 11319/1/6 11323/1/6
f 11324/1/6 11325/1/6 11328/1/6
f 11328/1/6 11325/1/6 11329/1/6
f 11326/1/6 11327/1/6 11330/1/6
f 11330/1/6 11327/1/6 11331/1/6
f 11332/1/6 11333/1/6 11334/1/6
f 11334/1/6 11333/1/6 11335/1/6
f 11336/1/6 11337/1/6 11340/1/6
f 11340/1/6 11337/1/6 11341/1/6
f 11338/2/6 11339/2/6 11344/2/6
f 11344/2/6 11339/2/6 11345/2/6
f 11342/1/6 11343/1/6 11346/1/6
f 11346/1/6 11343/1/6 11347/1/6
f 11348/1/6 11349/1/6 11350/1/6
f 11350/1/6 11349/1/6 11351/1/6
f 11352/2/6 11353/2/6 11356/2/6
f 11356/2/6 11353/2/6 11357/2/6
f 11354/1/6 11355/1/6 11358/1/6
f 11358/1/6 11355/1/6 11359/1/6
f 11360/1/6 11361/1/6 11362/1/6
f 11362/1/6 11361/1/6 11363/1/6
f 11364/1/6 11365/1/6 11368/1/6
f 11368/1/6 11365/1/6 11369/1/6
f 11366/1/6 11367/1/6 11370/1/6
f 11370/1/6 11367/1/6 11371/1/6
f 11372/1/6 11373/1/6 11376/1/6
f 11376/1/6 11373/1/6 11377/1/6
f 11374/1/6 11375/1/6 11378/1/6
f 11378/1/6 11375/1/6 11379/1/6
f 11380/1/6 11381/1/6 11382/1/6
f 11382/1/6 11381/1/6 11383/1/6
f 11384/1/6 11385/1/6 11386/1/6
f 11386/1/6 11385/1/6 11387/1/6
f 11388/1/6 11389/1/6 11392/1/6
f 11392/1/6 11389/1/6 11393/1/6
f 11390/2/6 11391/2/6 11394/2/6
f 11394/2/6 11391/2/6 11395/2/6
f 11396/1/6 11397/1/6 11402/1/6
f 11402/1/6 11397/1/6 11403/1/6
f 11398/1/6 11399/1/6 11404/1/6
f 11404/1/6 11399/1/6 11405/1/6
f 11400/1/6 11401/1/6 11408/1/6
f 11408/1/6 11401/1/6 11409/1/6
f 11406/1/6 11407/1/6 11410/1/6
f 11410/1/6 11407/1/6 11411/1/6
f 11412/1/6 11413/1/6 11414/1/6
f 11414/1/6 11413/1/6 11415/1/6
f 11416/1/6 11417/1/6 11420/1/6
f 11420/1/6 11417/1/6 11421/1/6
f 11418/1/6 11419/1/6 11422/1/6
f 11422/1/6 11419/1/6 11423/1/6
f 11424/1/6 11425/1/6 11428/1/6
f 11428/1/6 11425/1/6 11429/1/6
f 11426/1/6 11427/1/6 11430/1/6
f 11430/1/6 11427/1/6 11431/1/6
f 11432/1/6 11433/1/6 11436/1/6
f 11436/1/6 11433/1/6 11437/1/6
f 11434/2/6 11435/2/6 11438/2/6
f 11438/2/6 11435/2/6 11439/2/6
f 11440/1/6 11441/1/6 11446/1/6
f 11446/1/6 11441/1/6 11447/1/6
f 11442/1/6 11443/1/6 11448/1/6
f 11448/1/6 11443/1/6 11449/1/6
f 11444/1/6 11445/1/6 11450/1/6
f 11450/1/6 11445/1/6 11451/1/6
f 11452/1/6 11453/1/6 11458/1/6
f 11458/1/6 11453/1/6 11459/1/6
f 11454/1/6 11455/1/6 11460/1/6
f 11460/1/6 11455/1/6 11461/1/6
f 11456/1/6 11457/1/6 11462/1/6
f 11462/1/6 11457/1/6 11463/1/6
f 11464/1/6 11465/1/6 11468/1/6
f 11468/1/6 11465/1/6 11469/1/6
f 11466/1/6 11467/1/6 11470/1/6
f 11470/1/6 11467/1/6 11471/1/6
f 11472/2/6 11473/2/6 11476/2/6
f 11476/2/6 11473/2/6 11477/2/6
f 11474/1/6 11475/1/6 11478/1/6
f 11478/1/6 11475/1/6 11479/1/6
f 11480/1/6 11481/1/6 11482/1/6
f 11482/1/6 11481/1/6 11483/1/6
f 11484/1/6 11485/1/6 11486/1/6
f 11486/1/6 11485/1/6 11487/1/6
f 11488/1/6 11489/1/6 11492/1/6
f 11492/1/6 11489/1/6 11493/1/6
f 11490/1/6 11491/1/6 11494/1/6
f 11494/1/6 11491/1/6 11495/1/6
f 11496/1/6 11497/1/6 11498/1/6
f 11498/1/6 11497/1/6 11499/1/6
f 11500/1/6 11501/1/6 11502/1/6
f 11502/1/6 11501/1/6 11503/1/6
f 11504/1/6 11505/1/6 11508/1/6
f 11508/1/6 11505/1/6 11509/1/6
f 11506/2/6 11507/2/6 11510/2/6
f 11510/2/6 11507/2/6 11511/2/6
f 11512/1/6 11513/1/6 11516/1/6
f 11516/1/6 11513/1/6 11517/1/6
f 11514/1/6 11515/1/6 11518/1/6
f 11518/1/6 11515/1/6 11519/1/6
f 11520/2/6 11521/2/6 11524/2/6
f 11524/2/6 11521/2/6 11525/2/6
f 11522/1/6 11523/1/6 11529/1/6
f 11529/1/6 11523/1/6 11530/1/6
f 11526/1/6 11527/1/6 11531/1/6
f 11531/1/6 11527/1/6 11532/1/6
f 11528/1/6 11529/1/6 11534/1/6
f 11534/1/6 11529/1/6 11535/1/6
f 11533/1/6 11534/1/6 11536/1/6
f 11536/1/6 11534/1/6 11537/1/6
f 11538/1/6 11539/1/6 11541/1/6
f 11541/1/6 11539/1/6 11542/1/6
f 11540/2/6 11541/2/6 11545/2/6
f 11545/2/6 11541/2/6 11546/2/6
f 11543/1/6 11544/1/6 11547/1/6
f 11547/1/6 11544/1/6 11548/1/6
f 11549/1/6 11550/1/6 11553/1/6
f 11553/1/6 11550/1/6 11554/1/6
f 11551/1/6 11552/1/6 11555/1/6
f 11555/1/6 11552/1/6 11556/1/6
f 11557/2/6 11558/2/6 11561/2/6
f 11561/2/6 11558/2/6 11562/2/6
f 11559/1/6 11560/1/6 11563/1/6
f 11563/1/6 11560/1/6 11564/1/6
f 11565/1/6 11566/1/6 11569/1/6
f 11569/1/6 11566/1/6 11570/1/6
f 11567/1/6 11568/1/6 11571/1/6
f 11571/1/6 11568/1/6 11572/1/6
f 11573/2/6 11574/2/6 11577/2/6
f 11577/2/6 11574/2/6 11578/2/6
f 11575/1/6 11576/1/6 11583/1/6
f 11583/1/6 11576/1/6 11584/1/6
f 11579/1/6 11580/1/6 11585/1/6
f 11585/1/6 11580/1/6 11586/1/6
f 11581/1/6 11582/1/6 11587/1/6
f 11587/1/6 11582/1/6 11588/1/6
f 11589/2/6 11590/2/6 11591/2/6
f 11591/2/6 11590/2/6 11592/2/6
f 11593/1/6 11594/1/6 11595/1/6
f 11595/1/6 11594/1/6 11596/1/6
f 11597/1/6 11598/1/6 11599/1/6
f 11599/1/6 11598/1/6 11600/1/6
f 11601/1/6 11602/1/6 11603/1/6
f 11603/1/6 11602/1/6 11604/1/6
f 11605/1/6 11606/1/6 11609/1/6
f 11609/1/6 11606/1/6 11610/1/6
f 11607/1/6 11608/1/6 11611/1/6
f 11611/1/6 11608/1/6 11612/1/6
f 11613/2/6 11614/2/6 11617/2/6
f 11617/2/6 11614/2/6 11618/2/6
f 11615/1/6 11616/1/6 11619/1/6
f 11619/1/6 11616/1/6 11620/1/6
f 11621/1/6 11622/1/6 11625/1/6
f 11625/1/6 11622/1/6 11626/1/6
f 11623/1/6 11624/1/6 11627/1/6
f 11627/1/6 11624/1/6 11628/1/6
f 11629/2/6 11630/2/6 11633/2/6
f 11633/2/6 11630/2/6 11634/2/6
f 11631/1/6 11632/1/6 11635/1/6
f 11635/1/6 11632/1/6 11636/1/6
f 11637/1/6 11638/1/6 11641/1/6
f 11641/1/6 11638/1/6 11642/1/6
f 11639/1/6 11640/1/6 11643/1/6
f 11643/1/6 11640/1/6 11644/1/6
f 11645/2/6 11646/2/6 11650/2/6
f 11646/1/6 11647/1/6 11651/1/6
f 11650/2/6 11646/2/6 11651/2/6
f 11651/1/6 11647/1/6 11652/1/6
f 11652/1/6 11647/1/6 11653/1/6
f 11648/1/6 11649/1/6 11657/1/6
f 11657/1/6 11649/1/6 11658/1/6
f 11654/1/6 11655/1/6 11659/1/6
f 11659/1/6 11655/1/6 11660/1/6
f 11656/1/6 11657/1/6 11663/1/6
f 11663/1/6 11657/1/6 11664/1/6
f 11661/1/6 11662/1/6 11665/1/6
f 11665/1/6 11662/1/6 11666/1/6
f 11667/1/6 11668/1/6 11669/1/6
f 11669/1/6 11668/1/6 11670/1/6
f 11670/1/6 11671/1/6 11672/1/6
f 11672/1/6 11671/1/6 11673/1/6
f 11674/1/6 11675/1/6 11676/1/6
f 11676/1/6 11675/1/6 11677/1/6
f 11678/1/6 11679/1/6 11682/1/6
f 11682/1/6 11679/1/6 11683/1/6
f 11680/1/6 11681/1/6 11684/1/6
f 11684/1/6 11681/1/6 11685/1/6
f 11686/1/6 11687/1/6 11690/1/6
f 11690/1/6 11687/1/6 11691/1/6
f 11690/2/6 11691/2/6 11692/2/6
f 11690/2/6 11692/2/6 11693/2/6
f 11693/2/6 11692/2/6 11694/2/6
f 11693/1/6 11694/1/6 11695/1/6
f 11695/1/6 11694/1/6 11696/1/6
f 11688/1/6 11689/1/6 11697/1/6
f 11697/1/6 11689/1/6 11698/1/6
f 11699/1/6 11700/1/6 11703/1/6
f 11703/1/6 11700/1/6 11704/1/6
f 11701/1/6 11702/1/6 11705/1/6
f 11705/1/6 11702/1/6 11706/1/6
f 11707/1/6 11708/1/6 11711/1/6
f 11711/1/6 11708/1/6 11712/1/6
f 11709/1/6 11710/1/6 11713/1/6
f 11713/1/6 11710/1/6 11714/1/6
f 11715/1/6 11716/1/6 11719/1/6
f 11719/1/6 11716/1/6 11720/1/6
f 11717/1/6 11718/1/6 11723/1/6
f 11723/1/6 11718/1/6 11724/1/6
f 11720/2/6 11721/2/6 11725/2/6
f 11725/2/6 11721/2/6 11726/2/6
f 11722/1/6 11723/1/6 11727/1/6
f 11727/1/6 11723/1/6 11728/1/6
f 11729/1/6 11730/1/6 11733/1/6
f 11733/1/6 11730/1/6 11734/1/6
f 11731/2/6 11732/2/6 11739/2/6
f 11739/2/6 11732/2/6 11740/2/6
f 11735/1/6 11736/1/6 11741/1/6
f 11741/1/6 11736/1/6 11742/1/6
f 11737/2/6 11738/2/6 11745/2/6
f 11745/2/6 11738/2/6 11746/2/6
f 11743/1/6 11744/1/6 11747/1/6
f 11747/1/6 11744/1/6 11748/1/6
f 11749/1/6 11750/1/6 11751/1/6
f 11751/1/6 11750/1/6 11752/1/6
f 11753/1/6 11754/1/6 11755/1/6
f 11755/1/6 11754/1/6 11756/1/6
f 11757/1/6 11758/1/6 11759/1/6
f 11759/1/6 11758/1/6 11760/1/6
f 11761/1/6 11762/1/6 11765/1/6
f 11765/1/6 11762/1/6 11766/1/6
f 11763/1/6 11764/1/6 11767/1/6
f 11767/1/6 11764/1/6 11768/1/6
f 11769/1/6 11770/1/6 11773/1/6
f 11773/1/6 11770/1/6 11774/1/6
f 11771/1/6 11772/1/6 11775/1/6
f 11775/1/6 11772/1/6 11776/1/6
f 11777/1/6 11778/1/6 11781/1/6
f 11781/1/6 11778/1/6 11782/1/6
f 11779/1/6 11780/1/6 11783/1/6
f 11783/1/6 11780/1/6 11784/1/6
f 11785/1/6 11786/1/6 11789/1/6
f 11789/1/6 11786/1/6 11790/1/6
f 11787/1/6 11788/1/6 11791/1/6
f 11791/1/6 11788/1/6 11792/1/6
f 11793/1/6 11794/1/6 11797/1/6
f 11797/1/6 11794/1/6 11798/1/6
f 11795/2/6 11796/2/6 11799/2/6
f 11799/2/6 11796/2/6 11800/2/6
f 11801/1/6 11802/1/6 11804/1/6
f 11804/1/6 11802/1/6 11805/1/6
f 11803/1/6 11804/1/6 11808/1/6
f 11808/1/6 11804/1/6 11809/1/6
f 11806/1/6 11807/1/6 11810/1/6
f 11810/1/6 11807/1/6 11811/1/6
f 11812/1/6 11813/1/6 11814/1/6
f 11814/1/6 11813/1/6 11815/1/6
f 11815/1/6 11816/1/6 11817/1/6
f 11817/1/6 11816/1/6 11818/1/6
f 11818/1/6 11819/1/6 11820/1/6
f 11820/1/6 11819/1/6 11821/1/6
f 11822/1/6 11823/1/6 11826/1/6
f 11826/1/6 11823/1/6 11827/1/6
f 11824/1/6 11825/1/6 11828/1/6
f 11828/1/6 11825/1/6 11829/1/6
f 11830/1/6 11831/1/6 11834/1/6
f 11834/1/6 11831/1/6 11835/1/6
f 11834/2/6 11835/2/6 11836/2/6
f 11836/2/6 11835/2/6 11837/2/6
f 11832/1/6 11833/1/6 11838/1/6
f 11838/1/6 11833/1/6 11839/1/6
f 11840/1/6 11841/1/6 11844/1/6
f 11844/1/6 11841/1/6 11845/1/6
f 11842/1/6 11843/1/6 11846/1/6
f 11846/1/6 11843/1/6 11847/1/6
f 11848/1/6 11849/1/6 11852/1/6
f 11852/1/6 11849/1/6 11853/1/6
f 11850/1/6 11851/1/6 11854/1/6
f 11854/1/6 11851/1/6 11855/1/6
f 11856/2/6 11857/2/6 11860/2/6
f 11860/2/6 11857/2/6 11861/2/6
f 11858/1/6 11859/1/6 11864/1/6
f 11864/1/6 11859/1/6 11865/1/6
f 11861/2/6 11862/2/6 11866/2/6
f 11866/2/6 11862/2/6 11867/2/6
f 11863/1/6 11864/1/6 11870/1/6
f 11870/1/6 11864/1/6 11871/1/6
f 11867/1/6 11868/1/6 11872/1/6
f 11872/1/6 11868/1/6 11873/1/6
f 11869/2/6 11870/2/6 11874/2/6
f 11874/2/6 11870/2/6 11875/2/6
f 11876/1/6 11877/1/6 11880/1/6
f 11880/1/6 11877/1/6 11881/1/6
f 11878/2/6 11879/2/6 11886/2/6
f 11886/2/6 11879/2/6 11887/2/6
f 11882/1/6 11883/1/6 11888/1/6
f 11888/1/6 11883/1/6 11889/1/6
f 11884/2/6 11885/2/6 11890/2/6
f 11890/2/6 11885/2/6 11891/2/6
f 11892/1/6 11893/1/6 11897/1/6
f 11893/2/6 11894/2/6 11898/2/6
f 11897/1/6 11893/1/6 11898/1/6
f 11898/2/6 11894/2/6 11899/2/6
f 11895/1/6 11896/1/6 11902/1/6
f 11902/1/6 11896/1/6 11903/1/6
f 11900/1/6 11901/1/6 11904/1/6
f 11904/1/6 11901/1/6 11905/1/6
f 11906/1/6 11907/1/6 11908/1/6
f 11908/1/6 11907/1/6 11909/1/6
f 11909/1/6 11910/1/6 11911/1/6
f 11911/1/6 11910/1/6 11912/1/6
f 11912/1/6 11913/1/6 11914/1/6
f 11914/1/6 11913/1/6 11915/1/6
f 11915/1/6 11916/1/6 11917/1/6
f 11917/1/6 11916/1/6 11918/1/6
f 11918/1/6 11919/1/6 11920/1/6
f 11920/1/6 11919/1/6 11921/1/6
f 11921/1/6 11922/1/6 11923/1/6
f 11923/1/6 11922/1/6 11924/1/6
f 11925/1/6 11926/1/6 11929/1/6
f 11925/1/6 11929/1/6 11930/1/6
f 11930/1/6 11929/1/6 11931/1/6
f 11927/1/6 11928/1/6 11932/1/6
f 11932/1/6 11928/1/6 11933/1/6
f 11934/1/6 11935/1/6 11938/1/6
f 11938/1/6 11935/1/6 11939/1/6
f 11936/1/6 11937/1/6 11940/1/6
f 11940/1/6 11937/1/6 11941/1/6
f 11942/1/6 11943/1/6 11946/1/6
f 11946/1/6 11943/1/6 11947/1/6
f 11944/1/6 11945/1/6 11948/1/6
f 11948/1/6 11945/1/6 11949/1/6
f 11950/1/6 11951/1/6 11954/1/6
f 11954/1/6 11951/1/6 11955/1/6
f 11952/1/6 11953/1/6 11958/1/6
f 11958/1/6 11953/1/6 11959/1/6
f 11955/2/6 11956/2/6 11960/2/6
f 11960/2/6 11956/2/6 11961/2/6
f 11957/2/6 11958/2/6 11964/2/6
f 11964/2/6 11958/2/6 11965/2/6
f 11961/2/6 11962/2/6 11966/2/6
f 11966/2/6 11962/2/6 11967/2/6
f 11963/2/6 11964/2/6 11970/2/6
f 11970/2/6 11964/2/6 11971/2/6
f 11967/1/6 11968/1/6 11972/1/6
f 11972/1/6 11968/1/6 11973/1/6
f 11969/2/6 11970/2/6 11976/2/6
f 11976/2/6 11970/2/6 11977/2/6
f 11973/1/6 11974/1/6 11978/1/6
f 11978/1/6 11974/1/6 11979/1/6
f 11975/1/6 11976/1/6 11982/1/6
f 11982/1/6 11976/1/6 11983/1/6
f 11979/1/6 11980/1/6 11984/1/6
f 11984/1/6 11980/1/6 11985/1/6
f 11981/1/6 11982/1/6 11990/1/6
f 11990/1/6 11982/1/6 11991/1/6
f 11986/1/6 11987/1/6 11992/1/6
f 11992/1/6 11987/1/6 11993/1/6
f 11988/1/6 11989/1/6 11997/1/6
f 11997/1/6 11989/1/6 11998/1/6
f 11994/1/6 11995/1/6 11999/1/6
f 11995/2/6 11996/2/6 12000/2/6
f 11999/1/6 11995/1/6 12000/1/6
f 12000/2/6 11996/2/6 12001/2/6
f 12002/2/6 12003/2/6 12007/2/6
f 12003/1/6 12004/1/6 12008/1/6
f 12007/2/6 12003/2/6 12008/2/6
f 12008/1/6 12004/1/6 12009/1/6
f 12005/1/6 12006/1/6 12010/1/6
f 12010/1/6 12006/1/6 12011/1/6
f 12012/1/6 12013/1/6 12014/1/6
f 12014/1/6 12013/1/6 12015/1/6
f 12015/1/6 12013/1/6 12016/1/6
f 12016/1/6 12017/1/6 12018/1/6
f 12018/1/6 12017/1/6 12019/1/6
f 12020/1/6 12021/1/6 12022/1/6
f 12022/1/6 12021/1/6 12023/1/6
f 12023/1/6 12024/1/6 12027/1/6
f 12027/1/6 12024/1/6 12028/1/6
f 12025/2/6 12026/2/6 12030/2/6
f 12030/2/6 12026/2/6 12031/2/6
f 12029/2/6 12030/2/6 12034/2/6
f 12034/2/6 12030/2/6 12035/2/6
f 12034/1/6 12035/1/6 12036/1/6
f 12036/1/6 12035/1/6 12037/1/6
f 12032/1/6 12033/1/6 12038/1/6
f 12038/1/6 12033/1/6 12039/1/6
f 12040/1/6 12041/1/6 12044/1/6
f 12044/1/6 12041/1/6 12045/1/6
f 12042/1/6 12043/1/6 12046/1/6
f 12046/1/6 12043/1/6 12047/1/6
f 12048/1/6 12049/1/6 12052/1/6
f 12050/1/6 12051/1/6 12053/1/6
f 12048/1/6 12052/1/6 12054/1/6
f 12054/1/6 12052/1/6 12055/1/6
f 12053/1/6 12051/1/6 12058/1/6
f 12058/1/6 12051/1/6 12059/1/6
f 12055/2/6 12056/2/6 12060/2/6
f 12060/2/6 12056/2/6 12061/2/6
f 12057/2/6 12058/2/6 12062/2/6
f 12062/2/6 12058/2/6 12063/2/6
f 12064/1/6 12065/1/6 12068/1/6
f 12068/1/6 12065/1/6 12069/1/6
f 12066/1/6 12067/1/6 12073/1/6
f 12073/1/6 12067/1/6 12074/1/6
f 12070/1/6 12071/1/6 12075/1/6
f 12069/1/6 12070/1/6 12075/1/6
f 12075/1/6 12071/1/6 12076/1/6
f 12072/1/6 12073/1/6 12082/1/6
f 12082/1/6 12073/1/6 12083/1/6
f 12077/1/6 12078/1/6 12084/1/6
f 12084/1/6 12078/1/6 12085/1/6
f 12079/2/6 12080/2/6 12086/2/6
f 12080/1/6 12081/1/6 12087/1/6
f 12086/2/6 12080/2/6 12087/2/6
f 12087/1/6 12081/1/6 12088/1/6
f 12089/2/6 12090/2/6 12093/2/6
f 12090/1/6 12091/1/6 12094/1/6
f 12093/2/6 12090/2/6 12094/2/6
f 12094/1/6 12091/1/6 12095/1/6
f 12092/2/6 12093/2/6 12098/2/6
f 12098/2/6 12093/2/6 12099/2/6
f 12096/2/6 12097/2/6 12100/2/6
f 12100/2/6 12097/2/6 12101/2/6
f 12102/1/6 12103/1/6 12104/1/6
f 12104/1/6 12103/1/6 12105/1/6
f 12105/1/6 12106/1/6 12107/1/6
f 12107/1/6 12106/1/6 12108/1/6
f 12108/1/6 12109/1/6 12110/1/6
f 12110/1/6 12109/1/6 12111/1/6
f 12111/1/6 12112/1/6 12113/1/6
f 12113/1/6 12112/1/6 12114/1/6
f 12114/1/6 12115/1/6 12116/1/6
f 12116/1/6 12115/1/6 12117/1/6
f 12120/1/6 12121/1/6 12122/1/6
f 12122/1/6 12121/1/6 12123/1/6
f 12118/1/6 12119/1/6 12124/1/6
f 12124/1/6 12119/1/6 12125/1/6
f 12126/1/6 12127/1/6 12130/1/6
f 12130/1/6 12127/1/6 12131/1/6
f 12128/1/6 12129/1/6 12132/1/6
f 12132/1/6 12129/1/6 12133/1/6
f 12136/1/6 12137/1/6 12138/1/6
f 12134/1/6 12135/1/6 12139/1/6
f 12139/1/6 12135/1/6 12140/1/6
f 12138/1/6 12137/1/6 12141/1/6
f 12141/1/6 12137/1/6 12142/1/6
f 12143/2/6 12144/2/6 12147/2/6
f 12147/2/6 12144/2/6 12148/2/6
f 12145/2/6 12146/2/6 12151/2/6
f 12151/2/6 12146/2/6 12152/2/6
f 12148/2/6 12149/2/6 12153/2/6
f 12153/2/6 12149/2/6 12154/2/6
f 12153/1/6 12154/1/6 12155/1/6
f 12155/1/6 12154/1/6 12156/1/6
f 12150/1/6 12151/1/6 12159/1/6
f 12159/1/6 12151/1/6 12160/1/6
f 12156/1/6 12157/1/6 12161/1/6
f 12161/1/6 12157/1/6 12162/1/6
f 12158/1/6 12159/1/6 12165/1/6
f 12165/1/6 12159/1/6 12166/1/6
f 12162/1/6 12163/1/6 12167/1/6
f 12167/1/6 12163/1/6 12168/1/6
f 12164/1/6 12165/1/6 12171/1/6
f 12171/1/6 12165/1/6 12172/1/6
f 12168/1/6 12169/1/6 12173/1/6
f 12173/1/6 12169/1/6 12174/1/6
f 12170/1/6 12171/1/6 12180/1/6
f 12180/1/6 12171/1/6 12181/1/6
f 12175/1/6 12176/1/6 12182/1/6
f 12176/1/6 12177/1/6 12182/1/6
f 12182/1/6 12177/1/6 12183/1/6
f 12178/1/6 12179/1/6 12187/1/6
f 12187/1/6 12179/1/6 12188/1/6
f 12185/2/6 12186/2/6 12189/2/6
f 12184/2/6 12185/2/6 12189/2/6
f 12189/2/6 12186/2/6 12190/2/6
f 12191/2/6 12192/2/6 12193/2/6
f 12193/2/6 12192/2/6 12194/2/6
f 12195/1/6 12196/1/6 12198/1/6
f 12196/2/6 12197/2/6 12199/2/6
f 12198/1/6 12196/1/6 12199/1/6
f 12199/2/6 12197/2/6 12200/2/6
f 12200/2/6 12201/2/6 12202/2/6
f 12202/2/6 12201/2/6 12203/2/6
f 12203/1/6 12204/1/6 12205/1/6
f 12205/1/6 12204/1/6 12206/1/6
f 12206/1/6 12204/1/6 12207/1/6
f 12207/1/6 12208/1/6 12209/1/6
f 12209/1/6 12208/1/6 12210/1/6
f 12210/1/6 12211/1/6 12212/1/6
f 12212/1/6 12211/1/6 12213/1/6
f 12213/1/6 12214/1/6 12217/1/6
f 12217/1/6 12214/1/6 12218/1/6
f 12215/1/6 12216/1/6 12220/1/6
f 12220/1/6 12216/1/6 12221/1/6
f 12222/1/6 12223/1/6 12224/1/6
f 12219/1/6 12220/1/6 12225/1/6
f 12225/1/6 12220/1/6 12226/1/6
f 12224/1/6 12223/1/6 12227/1/6
f 12227/1/6 12223/1/6 12228/1/6
f 12229/1/6 12230/1/6 12233/1/6
f 12233/1/6 12230/1/6 12234/1/6
f 12231/2/6 12232/2/6 12235/2/6
f 12233/2/6 12234/2/6 12236/2/6
f 12236/2/6 12234/2/6 12237/2/6
f 12235/2/6 12232/2/6 12240/2/6
f 12240/2/6 12232/2/6 12241/2/6
f 12237/2/6 12238/2/6 12242/2/6
f 12242/2/6 12238/2/6 12243/2/6
f 12239/1/6 12240/1/6 12246/1/6
f 12246/1/6 12240/1/6 12247/1/6
f 12243/1/6 12244/1/6 12248/1/6
f 12248/1/6 12244/1/6 12249/1/6
f 12245/1/6 12246/1/6 12252/1/6
f 12252/1/6 12246/1/6 12253/1/6
f 12249/1/6 12250/1/6 12254/1/6
f 12254/1/6 12250/1/6 12255/1/6
f 12251/1/6 12252/1/6 12258/1/6
f 12258/1/6 12252/1/6 12259/1/6
f 12255/1/6 12256/1/6 12260/1/6
f 12260/1/6 12256/1/6 12261/1/6
f 12257/1/6 12258/1/6 12264/1/6
f 12264/1/6 12258/1/6 12265/1/6
f 12261/1/6 12262/1/6 12266/1/6
f 12266/1/6 12262/1/6 12267/1/6
f 12263/1/6 12264/1/6 12272/1/6
f 12272/1/6 12264/1/6 12273/1/6
f 12268/1/6 12269/1/6 12274/1/6
f 12269/2/6 12270/2/6 12275/2/6
f 12274/1/6 12269/1/6 12275/1/6
f 12270/1/6 12271/1/6 12276/1/6
f 12275/2/6 12270/2/6 12276/2/6
f 12276/1/6 12271/1/6 12277/1/6
f 12278/2/6 12279/2/6 12280/2/6
f 12280/2/6 12279/2/6 12281/2/6
f 12281/1/6 12282/1/6 12283/1/6
f 12283/1/6 12282/1/6 12284/1/6
f 12284/2/6 12285/2/6 12286/2/6
f 12286/2/6 12285/2/6 12287/2/6
f 12287/2/6 12288/2/6 12290/2/6
f 12288/1/6 12289/1/6 12291/1/6
f 12290/2/6 12288/2/6 12291/2/6
f 12291/1/6 12289/1/6 12292/1/6
f 12292/1/6 12289/1/6 12293/1/6
f 12293/1/6 12294/1/6 12297/1/6
f 12297/1/6 12294/1/6 12298/1/6
f 12295/1/6 12296/1/6 12300/1/6
f 12300/1/6 12296/1/6 12301/1/6
f 12298/1/6 12299/1/6 12302/1/6
f 12302/1/6 12299/1/6 12303/1/6
f 12303/1/6 12299/1/6 12304/1/6
f 12304/1/6 12305/1/6 12308/1/6
f 12308/1/6 12305/1/6 12309/1/6
f 12309/1/6 12305/1/6 12310/1/6
f 12306/1/6 12307/1/6 12311/1/6
f 12309/2/6 12310/2/6 12312/2/6
f 12306/1/6 12311/1/6 12313/1/6
f 12313/1/6 12311/1/6 12314/1/6
f 12312/2/6 12310/2/6 12317/2/6
f 12317/2/6 12310/2/6 12318/2/6
f 12314/1/6 12315/1/6 12319/1/6
f 12319/1/6 12315/1/6 12320/1/6
f 12316/2/6 12317/2/6 12321/2/6
f 12321/2/6 12317/2/6 12322/2/6
f 12319/2/6 12320/2/6 12323/2/6
f 12323/2/6 12320/2/6 12324/2/6
f 12321/1/6 12322/1/6 12327/1/6
f 12327/1/6 12322/1/6 12328/1/6
f 12324/1/6 12325/1/6 12329/1/6
f 12329/1/6 12325/1/6 12330/1/6
f 12326/1/6 12327/1/6 12333/1/6
f 12333/1/6 12327/1/6 12334/1/6
f 12330/1/6 12331/1/6 12335/1/6
f 12332/1/6 12333/1/6 12338/1/6
f 12335/1/6 12336/1/6 12339/1/6
f 12330/1/6 12335/1/6 12339/1/6
f 12339/1/6 12336/1/6 12340/1/6
f 12337/1/6 12338/1/6 12343/1/6
f 12338/1/6 12333/1/6 12344/1/6
f 12343/1/6 12338/1/6 12344/1/6
f 12340/1/6 12341/1/6 12345/1/6
f 12345/1/6 12341/1/6 12346/1/6
f 12342/1/6 12343/1/6 12349/1/6
f 12349/1/6 12343/1/6 12350/1/6
f 12346/1/6 12347/1/6 12351/1/6
f 12351/1/6 12347/1/6 12352/1/6
f 12348/1/6 12349/1/6 12356/1/6
f 12356/1/6 12349/1/6 12357/1/6
f 12352/1/6 12353/1/6 12358/1/6
f 12354/2/6 12355/2/6 12359/2/6
f 12358/1/6 12353/1/6 12359/1/6
f 12353/2/6 12354/2/6 12359/2/6
f 12355/1/6 12356/1/6 12360/1/6
f 12359/2/6 12355/2/6 12360/2/6
f 12360/1/6 12356/1/6 12361/1/6
f 12362/1/6 12363/1/6 12364/1/6
f 12364/1/6 12363/1/6 12365/1/6
f 12365/1/6 12363/1/6 12366/1/6
f 12365/1/6 12366/1/6 12368/1/6
f 12366/2/6 12367/2/6 12369/2/6
f 12368/1/6 12366/1/6 12369/1/6
f 12369/2/6 12367/2/6 12370/2/6
f 12370/2/6 12367/2/6 12371/2/6
f 12371/1/6 12372/1/6 12373/1/6
f 12370/1/6 12371/1/6 12373/1/6
f 12373/1/6 12372/1/6 12374/1/6
f 12374/1/6 12372/1/6 12375/1/6
f 12375/1/6 12376/1/6 12377/1/6
f 12377/1/6 12376/1/6 12378/1/6
f 12378/2/6 12379/2/6 12382/2/6
f 12382/2/6 12379/2/6 12383/2/6
f 12380/1/6 12381/1/6 12385/1/6
f 12385/1/6 12381/1/6 12386/1/6
f 12382/1/6 12383/1/6 12387/1/6
f 12383/2/6 12384/2/6 12388/2/6
f 12387/1/6 12383/1/6 12388/1/6
f 12388/2/6 12384/2/6 12389/2/6
f 12380/1/6 12385/1/6 12390/1/6
f 12390/1/6 12385/1/6 12391/1/6
f 12388/1/6 12389/1/6 12392/1/6
f 12392/1/6 12389/1/6 12393/1/6
f 12392/1/6 12393/1/6 12397/1/6
f 12393/1/6 12394/1/6 12397/1/6
f 12397/1/6 12394/1/6 12398/1/6
f 12395/1/6 12396/1/6 12399/1/6
f 12398/1/6 12394/1/6 12400/1/6
f 12400/1/6 12394/1/6 12401/1/6
f 12400/2/6 12401/2/6 12402/2/6
f 12395/1/6 12399/1/6 12403/1/6
f 12395/1/6 12403/1/6 12404/1/6
f 12404/1/6 12403/1/6 12405/1/6
f 12402/2/6 12401/2/6 12408/2/6
f 12408/2/6 12401/2/6 12409/2/6
f 12404/2/6 12405/2/6 12410/2/6
f 12405/1/6 12406/1/6 12411/1/6
f 12410/2/6 12405/2/6 12411/2/6
f 12411/1/6 12406/1/6 12412/1/6
f 12407/1/6 12408/1/6 12413/1/6
f 12408/1/6 12409/1/6 12413/1/6
f 12413/1/6 12409/1/6 12414/1/6
f 12411/2/6 12412/2/6 12415/2/6
f 12415/2/6 12412/2/6 12416/2/6
f 12407/1/6 12413/1/6 12419/1/6
f 12416/1/6 12417/1/6 12420/1/6
f 12415/1/6 12416/1/6 12420/1/6
f 12420/1/6 12417/1/6 12421/1/6
f 12418/1/6 12419/1/6 12422/1/6
f 12419/1/6 12413/1/6 12422/1/6
f 12422/1/6 12413/1/6 12423/1/6
f 12421/1/6 12417/1/6 12424/1/6
f 12424/1/6 12417/1/6 12425/1/6
f 12418/1/6 12422/1/6 12428/1/6
f 12428/1/6 12422/1/6 12429/1/6
f 12425/1/6 12426/1/6 12430/1/6
f 12430/1/6 12426/1/6 12431/1/6
f 12427/1/6 12428/1/6 12434/1/6
f 12434/1/6 12428/1/6 12435/1/6
f 12431/1/6 12432/1/6 12436/1/6
f 12436/1/6 12432/1/6 12437/1/6
f 12437/1/6 12432/1/6 12438/1/6
f 12433/1/6 12434/1/6 12442/1/6
f 12442/1/6 12434/1/6 12443/1/6
f 12443/1/6 12434/1/6 12444/1/6
f 12439/1/6 12440/1/6 12445/1/6
f 12437/1/6 12438/1/6 12445/1/6
f 12438/1/6 12439/1/6 12445/1/6
f 12445/1/6 12440/1/6 12446/1/6
f 12446/1/6 12440/1/6 12447/1/6
f 12442/1/6 12443/1/6 12450/1/6
f 12441/1/6 12442/1/6 12450/1/6
f 12450/1/6 12443/1/6 12451/1/6
f 12451/1/6 12443/1/6 12452/1/6
f 12446/1/6 12447/1/6 12453/1/6
f 12448/2/6 12449/2/6 12454/2/6
f 12453/1/6 12447/1/6 12454/1/6
f 12447/2/6 12448/2/6 12454/2/6
f 12449/1/6 12450/1/6 12455/1/6
f 12454/2/6 12449/2/6 12455/2/6
f 12450/1/6 12451/1/6 12455/1/6
f 12455/1/6 12451/1/6 12456/1/6
f 12457/1/6 12458/1/6 12459/1/6
f 12457/1/6 12459/1/6 12461/1/6
f 12459/1/6 12460/1/6 12461/1/6
f 12461/1/6 12460/1/6 12462/1/6
f 12462/1/6 12460/1/6 12463/1/6
f 12463/1/6 12460/1/6 12464/1/6
f 12464/1/6 12465/1/6 12467/1/6
f 12463/1/6 12464/1/6 12467/1/6
f 12465/2/6 12466/2/6 12468/2/6
f 12467/1/6 12465/1/6 12468/1/6
f 12468/2/6 12466/2/6 12469/2/6
f 12468/1/6 12469/1/6 12473/1/6
f 12469/2/6 12470/2/6 12474/2/6
f 12473/1/6 12469/1/6 12474/1/6
f 12474/2/6 12470/2/6 12475/2/6
f 12471/1/6 12472/1/6 12477/1/6
f 12477/1/6 12472/1/6 12478/1/6
f 12474/1/6 12475/1/6 12479/1/6
f 12479/1/6 12475/1/6 12480/1/6
f 12477/1/6 12478/1/6 12482/1/6
f 12476/1/6 12477/1/6 12482/1/6
f 12482/1/6 12478/1/6 12483/1/6
f 12479/2/6 12480/2/6 12484/2/6
f 12480/1/6 12481/1/6 12485/1/6
f 12484/2/6 12480/2/6 12485/2/6
f 12485/1/6 12481/1/6 12486/1/6
f 12476/1/6 12482/1/6 12487/1/6
f 12487/1/6 12482/1/6 12488/1/6
f 12485/2/6 12486/2/6 12489/2/6
f 12489/2/6 12486/2/6 12490/2/6
f 12492/1/6 12493/1/6 12494/1/6
f 12494/1/6 12493/1/6 12495/1/6
f 12489/2/6 12490/2/6 12496/2/6
f 12490/2/6 12491/2/6 12496/2/6
f 12496/2/6 12491/2/6 12497/2/6
f 12497/2/6 12491/2/6 12498/2/6
f 12498/2/6 12491/2/6 12499/2/6
f 12492/1/6 12494/1/6 12500/1/6
f 12498/1/6 12499/1/6 12503/1/6
f 12500/1/6 12501/1/6 12504/1/6
f 12492/1/6 12500/1/6 12504/1/6
f 12504/1/6 12501/1/6 12505/1/6
f 12504/2/6 12505/2/6 12506/2/6
f 12505/1/6 12501/1/6 12507/1/6
f 12506/2/6 12505/2/6 12507/2/6
f 12507/1/6 12501/1/6 12508/1/6
f 12502/1/6 12503/1/6 12509/1/6
f 12503/1/6 12499/1/6 12509/1/6
f 12509/1/6 12499/1/6 12510/1/6
f 12507/2/6 12508/2/6 12511/2/6
f 12511/2/6 12508/2/6 12512/2/6
f 12502/1/6 12509/1/6 12515/1/6
f 12512/1/6 12513/1/6 12516/1/6
f 12511/1/6 12512/1/6 12516/1/6
f 12516/1/6 12513/1/6 12517/1/6
f 12514/1/6 12515/1/6 12518/1/6
f 12515/1/6 12509/1/6 12518/1/6
f 12518/1/6 12509/1/6 12519/1/6
f 12517/1/6 12513/1/6 12520/1/6
f 12514/1/6 12518/1/6 12523/1/6
f 12520/1/6 12521/1/6 12524/1/6
f 12517/1/6 12520/1/6 12524/1/6
f 12524/1/6 12521/1/6 12525/1/6
f 12525/1/6 12521/1/6 12526/1/6
f 12522/1/6 12523/1/6 12529/1/6
f 12523/1/6 12518/1/6 12530/1/6
f 12529/1/6 12523/1/6 12530/1/6
f 12530/1/6 12518/1/6 12531/1/6
f 12526/1/6 12527/1/6 12532/1/6
f 12525/1/6 12526/1/6 12532/1/6
f 12532/1/6 12527/1/6 12533/1/6
f 12533/1/6 12527/1/6 12534/1/6
f 12528/1/6 12529/1/6 12539/1/6
f 12529/1/6 12530/1/6 12539/1/6
f 12539/1/6 12530/1/6 12540/1/6
f 12540/1/6 12530/1/6 12541/1/6
f 12533/1/6 12534/1/6 12542/1/6
f 12534/2/6 12535/2/6 12543/2/6
f 12542/1/6 12534/1/6 12543/1/6
f 12536/1/6 12537/1/6 12544/1/6
f 12543/2/6 12535/2/6 12544/2/6
f 12535/1/6 12536/1/6 12544/1/6
f 12544/1/6 12537/1/6 12545/1/6
f 12545/1/6 12537/1/6 12546/1/6
f 12538/1/6 12539/1/6 12547/1/6
f 12539/1/6 12540/1/6 12547/1/6
f 12547/1/6 12540/1/6 12548/1/6
f 12548/1/6 12540/1/6 12549/1/6
f 12544/2/6 12545/2/6 12550/2/6
f 12545/1/6 12546/1/6 12551/1/6
f 12550/2/6 12545/2/6 12551/2/6
f 12547/1/6 12548/1/6 12551/1/6
f 12546/1/6 12547/1/6 12551/1/6
f 12551/1/6 12548/1/6 12552/1/6
f 12553/2/6 12554/2/6 12558/2/6
f 12558/2/6 12554/2/6 12559/2/6
f 12554/1/6 12555/1/6 12560/1/6
f 12559/2/6 12554/2/6 12560/2/6
f 12560/1/6 12555/1/6 12561/1/6
f 12556/1/6 12557/1/6 12563/1/6
f 12563/1/6 12557/1/6 12564/1/6
f 12564/1/6 12557/1/6 12565/1/6
f 12560/2/6 12561/2/6 12566/2/6
f 12566/2/6 12561/2/6 12567/2/6
f 12561/1/6 12562/1/6 12568/1/6
f 12567/2/6 12561/2/6 12568/2/6
f 12568/1/6 12562/1/6 12569/1/6
f 12568/2/6 12569/2/6 12573/2/6
f 12573/2/6 12569/2/6 12574/2/6
f 12569/1/6 12570/1/6 12575/1/6
f 12574/2/6 12569/2/6 12575/2/6
f 12575/1/6 12570/1/6 12576/1/6
f 12571/1/6 12572/1/6 12578/1/6
f 12578/1/6 12572/1/6 12579/1/6
f 12579/1/6 12572/1/6 12580/1/6
f 12575/2/6 12576/2/6 12581/2/6
f 12574/2/6 12575/2/6 12581/2/6
f 12581/2/6 12576/2/6 12582/2/6
f 12582/2/6 12576/2/6 12583/2/6
f 12578/1/6 12579/1/6 12585/1/6
f 12577/1/6 12578/1/6 12585/1/6
f 12585/1/6 12579/1/6 12586/1/6
f 12582/1/6 12583/1/6 12587/1/6
f 12583/2/6 12584/2/6 12587/2/6
f 12587/2/6 12584/2/6 12588/2/6
f 12586/1/6 12579/1/6 12590/1/6
f 12590/1/6 12579/1/6 12591/1/6
f 12587/1/6 12588/1/6 12592/1/6
f 12582/1/6 12587/1/6 12592/1/6
f 12592/1/6 12588/1/6 12593/1/6
f 12589/1/6 12590/1/6 12595/1/6
f 12593/1/6 12588/1/6 12596/1/6
f 12594/1/6 12595/1/6 12598/1/6
f 12595/1/6 12590/1/6 12598/1/6
f 12594/1/6 12598/1/6 12599/1/6
f 12599/1/6 12598/1/6 12600/1/6
f 12600/1/6 12598/1/6 12601/1/6
f 12596/1/6 12597/1/6 12602/1/6
f 12593/1/6 12596/1/6 12602/1/6
f 12602/1/6 12597/1/6 12603/1/6
f 12600/2/6 12601/2/6 12604/2/6
f 12593/1/6 12602/1/6 12607/1/6
f 12600/2/6 12604/2/6 12608/2/6
f 12604/1/6 12605/1/6 12609/1/6
f 12608/2/6 12604/2/6 12609/2/6
f 12608/1/6 12609/1/6 12610/1/6
f 12609/1/6 12605/1/6 12611/1/6
f 12610/1/6 12609/1/6 12611/1/6
f 12611/1/6 12605/1/6 12612/1/6
f 12606/1/6 12607/1/6 12615/1/6
f 12607/1/6 12602/1/6 12616/1/6
f 12615/1/6 12607/1/6 12616/1/6
f 12616/1/6 12602/1/6 12617/1/6
f 12612/1/6 12613/1/6 12618/1/6
f 12611/1/6 12612/1/6 12618/1/6
f 12614/1/6 12615/1/6 12621/1/6
f 12615/1/6 12616/1/6 12621/1/6
f 12618/1/6 12619/1/6 12622/1/6
f 12611/1/6 12618/1/6 12622/1/6
f 12622/1/6 12619/1/6 12623/1/6
f 12623/1/6 12619/1/6 12624/1/6
f 12620/1/6 12621/1/6 12628/1/6
f 12621/1/6 12616/1/6 12629/1/6
f 12628/1/6 12621/1/6 12629/1/6
f 12629/1/6 12616/1/6 12630/1/6
f 12625/1/6 12626/1/6 12631/1/6
f 12623/1/6 12624/1/6 12631/1/6
f 12624/1/6 12625/1/6 12631/1/6
f 12631/1/6 12626/1/6 12632/1/6
f 12632/1/6 12626/1/6 12633/1/6
f 12627/1/6 12628/1/6 12634/1/6
f 12628/1/6 12629/1/6 12634/1/6
f 12634/1/6 12629/1/6 12635/1/6
f 12635/1/6 12629/1/6 12636/1/6
f 12632/2/6 12633/2/6 12637/2/6
f 12634/1/6 12635/1/6 12638/1/6
f 12637/2/6 12633/2/6 12638/2/6
f 12633/1/6 12634/1/6 12638/1/6
f 12638/1/6 12635/1/6 12639/1/6
f 12639/1/6 12635/1/6 12640/1/6
f 12640/1/6 12635/1/6 12641/1/6
f 12639/1/6 12640/1/6 12642/1/6
f 12642/1/6 12640/1/6 12643/1/6
f 12644/1/6 12645/1/6 12648/1/6
f 12645/2/6 12646/2/6 12649/2/6
f 12648/1/6 12645/1/6 12649/1/6
f 12649/2/6 12646/2/6 12650/2/6
f 12647/1/6 12648/1/6 12654/1/6
f 12648/1/6 12649/1/6 12654/1/6
f 12650/1/6 12651/1/6 12654/1/6
f 12649/1/6 12650/1/6 12654/1/6
f 12651/2/6 12652/2/6 12655/2/6
f 12654/1/6 12651/1/6 12655/1/6
f 12655/2/6 12652/2/6 12656/2/6
f 12653/1/6 12654/1/6 12659/1/6
f 12656/1/6 12657/1/6 12659/1/6
f 12655/1/6 12656/1/6 12659/1/6
f 12654/1/6 12655/1/6 12659/1/6
f 12659/1/6 12657/1/6 12660/1/6
f 12660/1/6 12657/1/6 12661/1/6
f 12661/1/6 12657/1/6 12662/1/6
f 12658/1/6 12659/1/6 12664/1/6
f 12659/1/6 12660/1/6 12664/1/6
f 12664/1/6 12660/1/6 12665/1/6
f 12662/1/6 12663/1/6 12666/1/6
f 12661/1/6 12662/1/6 12666/1/6
f 12666/1/6 12663/1/6 12667/1/6
f 12658/1/6 12664/1/6 12669/1/6
f 12669/1/6 12664/1/6 12670/1/6
f 12670/1/6 12664/1/6 12671/1/6
f 12667/1/6 12663/1/6 12672/1/6
f 12672/1/6 12663/1/6 12673/1/6
f 12673/1/6 12663/1/6 12674/1/6
f 12668/1/6 12669/1/6 12676/1/6
f 12669/1/6 12670/1/6 12676/1/6
f 12668/1/6 12676/1/6 12677/1/6
f 12677/1/6 12676/1/6 12678/1/6
f 12678/1/6 12676/1/6 12679/1/6
f 12678/1/6 12679/1/6 12680/1/6
f 12677/2/6 12678/2/6 12681/2/6
f 12678/1/6 12680/1/6 12682/1/6
f 12681/2/6 12678/2/6 12682/2/6
f 12682/1/6 12680/1/6 12683/1/6
f 12674/1/6 12675/1/6 12686/1/6
f 12673/1/6 12674/1/6 12686/1/6
f 12686/1/6 12675/1/6 12687/1/6
f 12687/1/6 12675/1/6 12688/1/6
f 12683/1/6 12684/1/6 12689/1/6
f 12682/1/6 12683/1/6 12689/1/6
f 12686/1/6 12687/1/6 12692/1/6
f 12685/1/6 12686/1/6 12692/1/6
f 12689/1/6 12690/1/6 12693/1/6
f 12682/1/6 12689/1/6 12693/1/6
f 12693/1/6 12690/1/6 12694/1/6
f 12694/1/6 12690/1/6 12695/1/6
f 12691/1/6 12692/1/6 12696/1/6
f 12692/1/6 12687/1/6 12697/1/6
f 12696/1/6 12692/1/6 12697/1/6
f 12697/1/6 12687/1/6 12698/1/6
f 12694/1/6 12695/1/6 12699/1/6
f 12695/1/6 12696/1/6 12699/1/6
f 12696/1/6 12697/1/6 12699/1/6
f 12699/1/6 12697/1/6 12700/1/6
f 12700/1/6 12697/1/6 12701/1/6
f 12701/1/6 12697/1/6 12702/1/6
f 12702/1/6 12697/1/6 12703/1/6
f 12700/2/6 12701/2/6 12704/2/6
f 12701/1/6 12702/1/6 12705/1/6
f 12704/2/6 12701/2/6 12705/2/6
f 12705/1/6 12702/1/6 12706/1/6
f 12706/1/6 12702/1/6 12707/1/6
f 12707/1/6 12702/1/6 12708/1/6
f 12706/1/6 12707/1/6 12709/1/6
f 12709/1/6 12707/1/6 12710/1/6
f 12711/1/6 12712/1/6 12714/1/6
f 12714/1/6 12712/1/6 12715/1/6
f 12713/1/6 12714/1/6 12718/1/6
f 12715/1/6 12716/1/6 12718/1/6
f 12714/1/6 12715/1/6 12718/1/6
f 12718/1/6 12716/1/6 12719/1/6
f 12717/1/6 12718/1/6 12721/1/6
f 12719/1/6 12720/1/6 12721/1/6
f 12718/1/6 12719/1/6 12721/1/6
f 12721/1/6 12720/1/6 12722/1/6
f 12721/2/6 12722/2/6 12723/2/6
f 12722/1/6 12720/1/6 12724/1/6
f 12723/2/6 12722/2/6 12724/2/6
f 12723/1/6 12724/1/6 12725/1/6
f 12724/1/6 12720/1/6 12726/1/6
f 12725/1/6 12724/1/6 12726/1/6
f 12725/2/6 12726/2/6 12727/2/6
f 12726/1/6 12720/1/6 12728/1/6
f 12727/2/6 12726/2/6 12728/2/6
f 12728/1/6 12720/1/6 12729/1/6
f 12729/1/6 12720/1/6 12730/1/6
f 12730/1/6 12720/1/6 12731/1/6
f 12728/2/6 12729/2/6 12732/2/6
f 12729/1/6 12730/1/6 12733/1/6
f 12732/2/6 12729/2/6 12733/2/6
f 12733/1/6 12730/1/6 12734/1/6
f 12734/1/6 12730/1/6 12735/1/6
f 12733/1/6 12734/1/6 12736/1/6
f 12736/1/6 12734/1/6 12737/1/6
